{
  "minx_zoom": 121.38082451509345,
  "maxx_zoom": 155.53953439106002,
  "miny_zoom": 10.786874289692289,
  "maxy_zoom": 55.1931971284488,
  "width_px": 3000,
  "height_px": 3000
}