{
  "minx_zoom": 127.63509276352033,
  "maxx_zoom": 145.80061111461134,
  "miny_zoom": 23.991355085553813,
  "maxy_zoom": 47.60652894197212,
  "width_px": 3000,
  "height_px": 3000
}