{
  "minx_zoom": 123.74223927584501,
  "maxx_zoom": 142.26583202333597,
  "miny_zoom": 21.771532232507916,
  "maxy_zoom": 45.852202804246154,
  "width_px": 3000,
  "height_px": 3000
}