{
  "京都府": {
    "xlim": [
      134.85420227050798,
      136.05520629882798
    ],
    "ylim": [
      34.70593261718752,
      35.779197692871115
    ]
  },
  "佐賀県": {
    "xlim": [
      129.73939514160193,
      130.541000366211
    ],
    "ylim": [
      32.950534820556605,
      33.61826705932619
    ]
  },
  "熊本県": {
    "xlim": [
      129.963195800781,
      131.32859802246097
    ],
    "ylim": [
      32.094867706298764,
      33.19473266601564
    ]
  },
  "香川県": {
    "xlim": [
      133.45159912109398,
      134.43969726562497
    ],
    "ylim": [
      34.01240158081046,
      34.56426620483396
    ]
  },
  "愛知県": {
    "xlim": [
      136.67109680175804,
      137.837997436523
    ],
    "ylim": [
      34.57826614379879,
      35.424667358398416
    ]
  },
  "栃木県": {
    "xlim": [
      139.32730102539097,
      140.292602539063
    ],
    "ylim": [
      36.199798583984425,
      37.154998779296925
    ]
  },
  "山梨県": {
    "xlim": [
      138.18029785156298,
      139.13429260253898
    ],
    "ylim": [
      35.16846466064447,
      35.97166442871089
    ]
  },
  "滋賀県": {
    "xlim": [
      135.763702392578,
      136.454299926758
    ],
    "ylim": [
      34.790733337402294,
      35.70373153686523
    ]
  },
  "群馬県": {
    "xlim": [
      138.39720153808602,
      139.66929626464798
    ],
    "ylim": [
      35.98526763916016,
      37.05879974365233
    ]
  },
  "宮城県": {
    "xlim": [
      140.27520751953102,
      141.67460632324202
    ],
    "ylim": [
      37.773399353027344,
      39.002933502197315
    ]
  },
  "静岡県": {
    "xlim": [
      137.47480773925798,
      139.175598144531
    ],
    "ylim": [
      34.59460067749022,
      35.645999908447315
    ]
  },
  "茨城県": {
    "xlim": [
      139.68789672851597,
      140.85189819335895
    ],
    "ylim": [
      35.73959732055664,
      36.945465087890575
    ]
  },
  "沖縄県": {
    "xlim": [
      122.93349314581921,
      131.3322640122942
    ],
    "ylim": [
      24.04473304748544,
      27.88473320007318
    ]
  },
  "山形県": {
    "xlim": [
      139.53930664062497,
      140.64630126953102
    ],
    "ylim": [
      37.73433303833011,
      39.2085342407227
    ]
  },
  "和歌山県": {
    "xlim": [
      134.99870300292997,
      136.01289367675804
    ],
    "ylim": [
      33.43326568603519,
      34.38439941406248
    ]
  },
  "長崎県": {
    "xlim": [
      128.10450410960615,
      130.377304077148
    ],
    "ylim": [
      31.9864216057849,
      34.724545500660504
    ]
  },
  "秋田県": {
    "xlim": [
      139.5202731265367,
      140.995803833008
    ],
    "ylim": [
      38.8741340637207,
      40.51146697998053
    ]
  },
  "岡山県": {
    "xlim": [
      133.26670837402298,
      134.41200256347702
    ],
    "ylim": [
      34.298400878906335,
      35.35279846191408
    ]
  },
  "福岡県": {
    "xlim": [
      130.032501220703,
      131.18910217285196
    ],
    "ylim": [
      33.00046539306642,
      34.249332427978466
    ]
  },
  "岐阜県": {
    "xlim": [
      136.275894165039,
      137.652801513672
    ],
    "ylim": [
      35.13359832763669,
      36.46513366699217
    ]
  },
  "青森県": {
    "xlim": [
      139.49725927695795,
      141.68310546875003
    ],
    "ylim": [
      40.21846771240229,
      41.55619812011723
    ]
  },
  "大阪府": {
    "xlim": [
      135.09310913085903,
      135.745407104492
    ],
    "ylim": [
      34.271999359130874,
      35.050865173339766
    ]
  },
  "長野県": {
    "xlim": [
      137.32550048828102,
      138.738708496094
    ],
    "ylim": [
      35.198398590087905,
      37.030532836914105
    ]
  },
  "大分県": {
    "xlim": [
      130.82400512695298,
      132.08459472656298
    ],
    "ylim": [
      32.71493530273439,
      33.73979949951168
    ]
  },
  "三重県": {
    "xlim": [
      135.85310363769497,
      136.98640441894503
    ],
    "ylim": [
      33.72333526611328,
      35.25753402709963
    ]
  },
  "広島県": {
    "xlim": [
      132.03590393066398,
      133.469696044922
    ],
    "ylim": [
      34.03526687622069,
      35.105735778808636
    ]
  },
  "北海道": {
    "xlim": [
      139.33479309082,
      148.89540100097696
    ],
    "ylim": [
      41.35346603393552,
      45.557331085205114
    ]
  },
  "兵庫県": {
    "xlim": [
      134.25309753418003,
      135.46710205078097
    ],
    "ylim": [
      34.15646743774411,
      35.674667358398366
    ]
  },
  "千葉県": {
    "xlim": [
      139.739395141602,
      140.87089538574196
    ],
    "ylim": [
      34.89953231811517,
      36.10413360595698
    ]
  },
  "富山県": {
    "xlim": [
      136.768798828125,
      137.762496948242
    ],
    "ylim": [
      36.274467468261676,
      36.980331420898445
    ]
  },
  "東京都": {
    "xlim": [
      136.06952692854304,
      153.98686576033427
    ],
    "ylim": [
      20.422740332935973,
      35.898132324218786
    ]
  },
  "埼玉県": {
    "xlim": [
      138.71229553222702,
      139.899993896484
    ],
    "ylim": [
      35.753665924072315,
      36.283401489257834
    ]
  },
  "山口県": {
    "xlim": [
      130.77420043945304,
      132.49099731445304
    ],
    "ylim": [
      33.713134765625,
      34.79833221435548
    ]
  },
  "福島県": {
    "xlim": [
      139.16479492187497,
      141.04330444335898
    ],
    "ylim": [
      36.79180145263673,
      37.97686767578129
    ]
  },
  "石川県": {
    "xlim": [
      136.243698120117,
      137.36050415039102
    ],
    "ylim": [
      36.067600250244084,
      37.855400085449205
    ]
  },
  "福井県": {
    "xlim": [
      135.44900512695304,
      136.83200073242202
    ],
    "ylim": [
      35.343734741210945,
      36.295600891113295
    ]
  },
  "愛媛県": {
    "xlim": [
      132.01190185546903,
      133.69200134277304
    ],
    "ylim": [
      32.898067474365185,
      34.29926681518546
    ]
  },
  "奈良県": {
    "xlim": [
      135.539596557617,
      136.22900390624997
    ],
    "ylim": [
      33.858798980712926,
      34.78126525878908
    ]
  },
  "島根県": {
    "xlim": [
      131.66720581054696,
      133.38529968261696
    ],
    "ylim": [
      34.302536010742216,
      37.24779175120798
    ]
  },
  "岩手県": {
    "xlim": [
      140.65409851074193,
      142.07260131835895
    ],
    "ylim": [
      38.74840164184567,
      40.45086669921877
    ]
  },
  "鳥取県": {
    "xlim": [
      133.135696411133,
      134.51460266113298
    ],
    "ylim": [
      35.05780029296883,
      35.61459732055658
    ]
  },
  "徳島県": {
    "xlim": [
      133.66020202636702,
      134.82119750976597
    ],
    "ylim": [
      33.53973388671882,
      34.251468658447344
    ]
  },
  "鹿児島県": {
    "xlim": [
      128.39439392089798,
      131.20379638671898
    ],
    "ylim": [
      27.018600463867166,
      32.306735992431626
    ]
  },
  "新潟県": {
    "xlim": [
      137.634902954102,
      139.90010070800798
    ],
    "ylim": [
      36.73686599731447,
      38.553398132324205
    ]
  },
  "高知県": {
    "xlim": [
      132.47940063476602,
      134.3125
    ],
    "ylim": [
      32.70226669311517,
      33.88299942016603
    ]
  },
  "宮崎県": {
    "xlim": [
      130.702499389648,
      131.88510131835898
    ],
    "ylim": [
      31.360733032226587,
      32.83846664428706
    ]
  },
  "神奈川県": {
    "xlim": [
      138.91619873046903,
      139.79629516601602
    ],
    "ylim": [
      35.12866592407226,
      35.67213439941412
    ]
  }
}