10%果汁入り飲料,1285,1285,5000,名詞,一般,*,*,*,*,10%果汁入り飲料,10%果汁入り飲料,10%果汁入り飲料
1等,1285,1285,5000,名詞,一般,*,*,*,*,1等,1等,1等
20%果汁入り飲料,1285,1285,5000,名詞,一般,*,*,*,*,20%果汁入り飲料,20%果汁入り飲料,20%果汁入り飲料
2等,1285,1285,5000,名詞,一般,*,*,*,*,2等,2等,2等
30%果汁入り飲料,1285,1285,5000,名詞,一般,*,*,*,*,30%果汁入り飲料,30%果汁入り飲料,30%果汁入り飲料
50%果汁入り飲料,1285,1285,5000,名詞,一般,*,*,*,*,50%果汁入り飲料,50%果汁入り飲料,50%果汁入り飲料
70%果汁入り飲料,1285,1285,5000,名詞,一般,*,*,*,*,70%果汁入り飲料,70%果汁入り飲料,70%果汁入り飲料
あいがも,1285,1285,5000,名詞,一般,*,*,*,*,あいがも,あいがも,あいがも
あいなめ,1285,1285,5000,名詞,一般,*,*,*,*,あいなめ,あいなめ,あいなめ
あおさ,1285,1285,5000,名詞,一般,*,*,*,*,あおさ,あおさ,あおさ
あおのり,1285,1285,5000,名詞,一般,*,*,*,*,あおのり,あおのり,あおのり
あかいか,1285,1285,5000,名詞,一般,*,*,*,*,あかいか,あかいか,あかいか
あかがい,1285,1285,5000,名詞,一般,*,*,*,*,あかがい,あかがい,あかがい
あかしか,1285,1285,5000,名詞,一般,*,*,*,*,あかしか,あかしか,あかしか
あくまき,1285,1285,5000,名詞,一般,*,*,*,*,あくまき,あくまき,あくまき
あけび,1285,1285,5000,名詞,一般,*,*,*,*,あけび,あけび,あけび
あげまき,1285,1285,5000,名詞,一般,*,*,*,*,あげまき,あげまき,あげまき
あこうだい,1285,1285,5000,名詞,一般,*,*,*,*,あこうだい,あこうだい,あこうだい
あごだし,1285,1285,5000,名詞,一般,*,*,*,*,あごだし,あごだし,あごだし
あさ,1285,1285,5000,名詞,一般,*,*,*,*,あさ,あさ,あさ
あさつき,1285,1285,5000,名詞,一般,*,*,*,*,あさつき,あさつき,あさつき
あさり,1285,1285,5000,名詞,一般,*,*,*,*,あさり,あさり,あさり
あしたば,1285,1285,5000,名詞,一般,*,*,*,*,あしたば,あしたば,あしたば
あじ類,1285,1285,5000,名詞,一般,*,*,*,*,あじ類,あじ類,あじ類
あずき,1285,1285,5000,名詞,一般,*,*,*,*,あずき,あずき,あずき
あなご,1285,1285,5000,名詞,一般,*,*,*,*,あなご,あなご,あなご
あひる,1285,1285,5000,名詞,一般,*,*,*,*,あひる,あひる,あひる
あひる卵,1285,1285,5000,名詞,一般,*,*,*,*,あひる卵,あひる卵,あひる卵
あぶらつのざめ,1285,1285,5000,名詞,一般,*,*,*,*,あぶらつのざめ,あぶらつのざめ,あぶらつのざめ
あまえび,1285,1285,5000,名詞,一般,*,*,*,*,あまえび,あまえび,あまえび
あまご,1285,1285,5000,名詞,一般,*,*,*,*,あまご,あまご,あまご
あまだい,1285,1285,5000,名詞,一般,*,*,*,*,あまだい,あまだい,あまだい
あまに,1285,1285,5000,名詞,一般,*,*,*,*,あまに,あまに,あまに
あまに油,1285,1285,5000,名詞,一般,*,*,*,*,あまに油,あまに油,あまに油
あまのり,1285,1285,5000,名詞,一般,*,*,*,*,あまのり,あまのり,あまのり
あみ,1285,1285,5000,名詞,一般,*,*,*,*,あみ,あみ,あみ
あめ煮,1285,1285,5000,名詞,一般,*,*,*,*,あめ煮,あめ煮,あめ煮
あめ玉,1285,1285,5000,名詞,一般,*,*,*,*,あめ玉,あめ玉,あめ玉
あめ色たまねぎ,1285,1285,5000,名詞,一般,*,*,*,*,あめ色たまねぎ,あめ色たまねぎ,あめ色たまねぎ
あゆ,1285,1285,5000,名詞,一般,*,*,*,*,あゆ,あゆ,あゆ
あらげきくらげ,1285,1285,5000,名詞,一般,*,*,*,*,あらげきくらげ,あらげきくらげ,あらげきくらげ
あらめ,1285,1285,5000,名詞,一般,*,*,*,*,あらめ,あらめ,あらめ
あられ,1285,1285,5000,名詞,一般,*,*,*,*,あられ,あられ,あられ
あわ,1285,1285,5000,名詞,一般,*,*,*,*,あわ,あわ,あわ
あわび,1285,1285,5000,名詞,一般,*,*,*,*,あわび,あわび,あわび
あわもち,1285,1285,5000,名詞,一般,*,*,*,*,あわもち,あわもち,あわもち
あん,1285,1285,5000,名詞,一般,*,*,*,*,あん,あん,あん
あんこう,1285,1285,5000,名詞,一般,*,*,*,*,あんこう,あんこう,あんこう
あんず,1285,1285,5000,名詞,一般,*,*,*,*,あんず,あんず,あんず
あんなし,1285,1285,5000,名詞,一般,*,*,*,*,あんなし,あんなし,あんなし
あんまん,1285,1285,5000,名詞,一般,*,*,*,*,あんまん,あんまん,あんまん
あんパン,1285,1285,5000,名詞,一般,*,*,*,*,あんパン,あんパン,あんパン
あん入り,1285,1285,5000,名詞,一般,*,*,*,*,あん入り,あん入り,あん入り
いいだこ,1285,1285,5000,名詞,一般,*,*,*,*,いいだこ,いいだこ,いいだこ
いかあられ,1285,1285,5000,名詞,一般,*,*,*,*,いかあられ,いかあられ,いかあられ
いかなご,1285,1285,5000,名詞,一般,*,*,*,*,いかなご,いかなご,いかなご
いかなごしょうゆ,1285,1285,5000,名詞,一般,*,*,*,*,いかなごしょうゆ,いかなごしょうゆ,いかなごしょうゆ
いかフライ,1285,1285,5000,名詞,一般,*,*,*,*,いかフライ,いかフライ,いかフライ
いか類,1285,1285,5000,名詞,一般,*,*,*,*,いか類,いか類,いか類
いがい,1285,1285,5000,名詞,一般,*,*,*,*,いがい,いがい,いがい
いさき,1285,1285,5000,名詞,一般,*,*,*,*,いさき,いさき,いさき
いしだい,1285,1285,5000,名詞,一般,*,*,*,*,いしだい,いしだい,いしだい
いしり,1285,1285,5000,名詞,一般,*,*,*,*,いしり,いしり,いしり
いしる,1285,1285,5000,名詞,一般,*,*,*,*,いしる,いしる,いしる
いせえび,1285,1285,5000,名詞,一般,*,*,*,*,いせえび,いせえび,いせえび
いたやがい,1285,1285,5000,名詞,一般,*,*,*,*,いたやがい,いたやがい,いたやがい
いちご,1285,1285,5000,名詞,一般,*,*,*,*,いちご,いちご,いちご
いちじく,1285,1285,5000,名詞,一般,*,*,*,*,いちじく,いちじく,いちじく
いちょういも,1285,1285,5000,名詞,一般,*,*,*,*,いちょういも,いちょういも,いちょういも
いとよりだい,1285,1285,5000,名詞,一般,*,*,*,*,いとよりだい,いとよりだい,いとよりだい
いなご,1285,1285,5000,名詞,一般,*,*,*,*,いなご,いなご,いなご
いのしし,1285,1285,5000,名詞,一般,*,*,*,*,いのしし,いのしし,いのしし
いのぶた,1285,1285,5000,名詞,一般,*,*,*,*,いのぶた,いのぶた,いのぶた
いぶりがっこ,1285,1285,5000,名詞,一般,*,*,*,*,いぶりがっこ,いぶりがっこ,いぶりがっこ
いぼだい,1285,1285,5000,名詞,一般,*,*,*,*,いぼだい,いぼだい,いぼだい
いよかん,1285,1285,5000,名詞,一般,*,*,*,*,いよかん,いよかん,いよかん
いり,1285,1285,5000,名詞,一般,*,*,*,*,いり,いり,いり
いり大豆,1285,1285,5000,名詞,一般,*,*,*,*,いり大豆,いり大豆,いり大豆
いわし類,1285,1285,5000,名詞,一般,*,*,*,*,いわし類,いわし類,いわし類
いわな,1285,1285,5000,名詞,一般,*,*,*,*,いわな,いわな,いわな
いわのり,1285,1285,5000,名詞,一般,*,*,*,*,いわのり,いわのり,いわのり
いんげんのごま和え,1285,1285,5000,名詞,一般,*,*,*,*,いんげんのごま和え,いんげんのごま和え,いんげんのごま和え
いんげんまめ,1285,1285,5000,名詞,一般,*,*,*,*,いんげんまめ,いんげんまめ,いんげんまめ
ういろう,1285,1285,5000,名詞,一般,*,*,*,*,ういろう,ういろう,ういろう
うぐい,1285,1285,5000,名詞,一般,*,*,*,*,うぐい,うぐい,うぐい
うぐいすもち,1285,1285,5000,名詞,一般,*,*,*,*,うぐいすもち,うぐいすもち,うぐいすもち
うぐいす豆,1285,1285,5000,名詞,一般,*,*,*,*,うぐいす豆,うぐいす豆,うぐいす豆
うこっけい卵,1285,1285,5000,名詞,一般,*,*,*,*,うこっけい卵,うこっけい卵,うこっけい卵
うさぎ,1285,1285,5000,名詞,一般,*,*,*,*,うさぎ,うさぎ,うさぎ
うし,1285,1285,5000,名詞,一般,*,*,*,*,うし,うし,うし
うすくちしょうゆ,1285,1285,5000,名詞,一般,*,*,*,*,うすくちしょうゆ,うすくちしょうゆ,うすくちしょうゆ
うすひらたけ,1285,1285,5000,名詞,一般,*,*,*,*,うすひらたけ,うすひらたけ,うすひらたけ
うずら,1285,1285,5000,名詞,一般,*,*,*,*,うずら,うずら,うずら
うずら卵,1285,1285,5000,名詞,一般,*,*,*,*,うずら卵,うずら卵,うずら卵
うずら豆,1285,1285,5000,名詞,一般,*,*,*,*,うずら豆,うずら豆,うずら豆
うどん,1285,1285,5000,名詞,一般,*,*,*,*,うどん,うどん,うどん
うど類,1285,1285,5000,名詞,一般,*,*,*,*,うど類,うど類,うど類
うなぎ,1285,1285,5000,名詞,一般,*,*,*,*,うなぎ,うなぎ,うなぎ
うに,1285,1285,5000,名詞,一般,*,*,*,*,うに,うに,うに
うねす,1285,1285,5000,名詞,一般,*,*,*,*,うねす,うねす,うねす
うまづらはぎ,1285,1285,5000,名詞,一般,*,*,*,*,うまづらはぎ,うまづらはぎ,うまづらはぎ
うみぶどう,1285,1285,5000,名詞,一般,*,*,*,*,うみぶどう,うみぶどう,うみぶどう
うめ,1285,1285,5000,名詞,一般,*,*,*,*,うめ,うめ,うめ
うるい,1285,1285,5000,名詞,一般,*,*,*,*,うるい,うるい,うるい
うるか,1285,1285,5000,名詞,一般,*,*,*,*,うるか,うるか,うるか
うるち米,1285,1285,5000,名詞,一般,*,*,*,*,うるち米,うるち米,うるち米
うるめいわし,1285,1285,5000,名詞,一般,*,*,*,*,うるめいわし,うるめいわし,うるめいわし
うんしゅうみかん,1285,1285,5000,名詞,一般,*,*,*,*,うんしゅうみかん,うんしゅうみかん,うんしゅうみかん
えい,1285,1285,5000,名詞,一般,*,*,*,*,えい,えい,えい
えごのり,1285,1285,5000,名詞,一般,*,*,*,*,えごのり,えごのり,えごのり
えごま,1285,1285,5000,名詞,一般,*,*,*,*,えごま,えごま,えごま
えごま油,1285,1285,5000,名詞,一般,*,*,*,*,えごま油,えごま油,えごま油
えそ,1285,1285,5000,名詞,一般,*,*,*,*,えそ,えそ,えそ
えぞしか,1285,1285,5000,名詞,一般,*,*,*,*,えぞしか,えぞしか,えぞしか
えだまめ,1285,1285,5000,名詞,一般,*,*,*,*,えだまめ,えだまめ,えだまめ
えながおにこんぶ,1285,1285,5000,名詞,一般,*,*,*,*,えながおにこんぶ,えながおにこんぶ,えながおにこんぶ
えのきたけ,1285,1285,5000,名詞,一般,*,*,*,*,えのきたけ,えのきたけ,えのきたけ
えびグラタン,1285,1285,5000,名詞,一般,*,*,*,*,えびグラタン,えびグラタン,えびグラタン
えびピラフ,1285,1285,5000,名詞,一般,*,*,*,*,えびピラフ,えびピラフ,えびピラフ
えびフライ,1285,1285,5000,名詞,一般,*,*,*,*,えびフライ,えびフライ,えびフライ
えび類,1285,1285,5000,名詞,一般,*,*,*,*,えび類,えび類,えび類
えんどう,1285,1285,5000,名詞,一般,*,*,*,*,えんどう,えんどう,えんどう
えんどう類,1285,1285,5000,名詞,一般,*,*,*,*,えんどう類,えんどう類,えんどう類
えんばく,1285,1285,5000,名詞,一般,*,*,*,*,えんばく,えんばく,えんばく
おいかわ,1285,1285,5000,名詞,一般,*,*,*,*,おいかわ,おいかわ,おいかわ
おおうばゆりでん粉,1285,1285,5000,名詞,一般,*,*,*,*,おおうばゆりでん粉,おおうばゆりでん粉,おおうばゆりでん粉
おおさかしろな,1285,1285,5000,名詞,一般,*,*,*,*,おおさかしろな,おおさかしろな,おおさかしろな
おおさが,1285,1285,5000,名詞,一般,*,*,*,*,おおさが,おおさが,おおさが
おおむぎ,1285,1285,5000,名詞,一般,*,*,*,*,おおむぎ,おおむぎ,おおむぎ
おかひじき,1285,1285,5000,名詞,一般,*,*,*,*,おかひじき,おかひじき,おかひじき
おから,1285,1285,5000,名詞,一般,*,*,*,*,おから,おから,おから
おきあみ,1285,1285,5000,名詞,一般,*,*,*,*,おきあみ,おきあみ,おきあみ
おきうと,1285,1285,5000,名詞,一般,*,*,*,*,おきうと,おきうと,おきうと
おきなわもずく,1285,1285,5000,名詞,一般,*,*,*,*,おきなわもずく,おきなわもずく,おきなわもずく
おこし,1285,1285,5000,名詞,一般,*,*,*,*,おこし,おこし,おこし
おこぜ,1285,1285,5000,名詞,一般,*,*,*,*,おこぜ,おこぜ,おこぜ
おごのり,1285,1285,5000,名詞,一般,*,*,*,*,おごのり,おごのり,おごのり
おたふく豆,1285,1285,5000,名詞,一般,*,*,*,*,おたふく豆,おたふく豆,おたふく豆
おにぎり,1285,1285,5000,名詞,一般,*,*,*,*,おにぎり,おにぎり,おにぎり
おのろけ豆,1285,1285,5000,名詞,一般,*,*,*,*,おのろけ豆,おのろけ豆,おのろけ豆
おひょう,1285,1285,5000,名詞,一般,*,*,*,*,おひょう,おひょう,おひょう
おろし,1285,1285,5000,名詞,一般,*,*,*,*,おろし,おろし,おろし
おろし水洗い,1285,1285,5000,名詞,一般,*,*,*,*,おろし水洗い,おろし水洗い,おろし水洗い
おろし汁,1285,1285,5000,名詞,一般,*,*,*,*,おろし汁,おろし汁,おろし汁
お好み焼きソース,1285,1285,5000,名詞,一般,*,*,*,*,お好み焼きソース,お好み焼きソース,お好み焼きソース
お好み焼き用,1285,1285,5000,名詞,一般,*,*,*,*,お好み焼き用,お好み焼き用,お好み焼き用
お茶漬けの素,1285,1285,5000,名詞,一般,*,*,*,*,お茶漬けの素,お茶漬けの素,お茶漬けの素
かいわれだいこん,1285,1285,5000,名詞,一般,*,*,*,*,かいわれだいこん,かいわれだいこん,かいわれだいこん
かえる,1285,1285,5000,名詞,一般,*,*,*,*,かえる,かえる,かえる
かき,1285,1285,5000,名詞,一般,*,*,*,*,かき,かき,かき
かさご,1285,1285,5000,名詞,一般,*,*,*,*,かさご,かさご,かさご
かしわもち,1285,1285,5000,名詞,一般,*,*,*,*,かしわもち,かしわもち,かしわもち
かじか,1285,1285,5000,名詞,一般,*,*,*,*,かじか,かじか,かじか
かじき類,1285,1285,5000,名詞,一般,*,*,*,*,かじき類,かじき類,かじき類
かずのこ,1285,1285,5000,名詞,一般,*,*,*,*,かずのこ,かずのこ,かずのこ
かた,1285,1285,5000,名詞,一般,*,*,*,*,かた,かた,かた
かたくちいわし,1285,1285,5000,名詞,一般,*,*,*,*,かたくちいわし,かたくちいわし,かたくちいわし
かたロース,1285,1285,5000,名詞,一般,*,*,*,*,かたロース,かたロース,かたロース
かつお,1285,1285,5000,名詞,一般,*,*,*,*,かつお,かつお,かつお
かつおだし,1285,1285,5000,名詞,一般,*,*,*,*,かつおだし,かつおだし,かつおだし
かつお・昆布だし,1285,1285,5000,名詞,一般,*,*,*,*,かつお・昆布だし,かつお・昆布だし,かつお・昆布だし
かつお節,1285,1285,5000,名詞,一般,*,*,*,*,かつお節,かつお節,かつお節
かつお類,1285,1285,5000,名詞,一般,*,*,*,*,かつお類,かつお類,かつお類
かに類,1285,1285,5000,名詞,一般,*,*,*,*,かに類,かに類,かに類
かに風味かまぼこ,1285,1285,5000,名詞,一般,*,*,*,*,かに風味かまぼこ,かに風味かまぼこ,かに風味かまぼこ
かのこ,1285,1285,5000,名詞,一般,*,*,*,*,かのこ,かのこ,かのこ
かば焼,1285,1285,5000,名詞,一般,*,*,*,*,かば焼,かば焼,かば焼
かぶ,1285,1285,5000,名詞,一般,*,*,*,*,かぶ,かぶ,かぶ
かぼす,1285,1285,5000,名詞,一般,*,*,*,*,かぼす,かぼす,かぼす
かぼちゃ,1285,1285,5000,名詞,一般,*,*,*,*,かぼちゃ,かぼちゃ,かぼちゃ
かぼちゃのクリームスープ,1285,1285,5000,名詞,一般,*,*,*,*,かぼちゃのクリームスープ,かぼちゃのクリームスープ,かぼちゃのクリームスープ
かぼちゃ類,1285,1285,5000,名詞,一般,*,*,*,*,かぼちゃ類,かぼちゃ類,かぼちゃ類
かまいり茶,1285,1285,5000,名詞,一般,*,*,*,*,かまいり茶,かまいり茶,かまいり茶
かます,1285,1285,5000,名詞,一般,*,*,*,*,かます,かます,かます
かも,1285,1285,5000,名詞,一般,*,*,*,*,かも,かも,かも
かや,1285,1285,5000,名詞,一般,*,*,*,*,かや,かや,かや
かやきせんべい,1285,1285,5000,名詞,一般,*,*,*,*,かやきせんべい,かやきせんべい,かやきせんべい
からし,1285,1285,5000,名詞,一般,*,*,*,*,からし,からし,からし
からしな,1285,1285,5000,名詞,一般,*,*,*,*,からしな,からしな,からしな
からしめんたいこ,1285,1285,5000,名詞,一般,*,*,*,*,からしめんたいこ,からしめんたいこ,からしめんたいこ
からし漬,1285,1285,5000,名詞,一般,*,*,*,*,からし漬,からし漬,からし漬
からし粉入り,1285,1285,5000,名詞,一般,*,*,*,*,からし粉入り,からし粉入り,からし粉入り
からすみ,1285,1285,5000,名詞,一般,*,*,*,*,からすみ,からすみ,からすみ
からふとししゃも,1285,1285,5000,名詞,一般,*,*,*,*,からふとししゃも,からふとししゃも,からふとししゃも
からふとます,1285,1285,5000,名詞,一般,*,*,*,*,からふとます,からふとます,からふとます
から揚げ,1285,1285,5000,名詞,一般,*,*,*,*,から揚げ,から揚げ,から揚げ
から揚げ用,1285,1285,5000,名詞,一般,*,*,*,*,から揚げ用,から揚げ用,から揚げ用
かりん,1285,1285,5000,名詞,一般,*,*,*,*,かりん,かりん,かりん
かりんとう,1285,1285,5000,名詞,一般,*,*,*,*,かりんとう,かりんとう,かりんとう
かるかん,1285,1285,5000,名詞,一般,*,*,*,*,かるかん,かるかん,かるかん
かるかんまんじゅう,1285,1285,5000,名詞,一般,*,*,*,*,かるかんまんじゅう,かるかんまんじゅう,かるかんまんじゅう
かれい類,1285,1285,5000,名詞,一般,*,*,*,*,かれい類,かれい類,かれい類
かわちばんかん,1285,1285,5000,名詞,一般,*,*,*,*,かわちばんかん,かわちばんかん,かわちばんかん
かわのり,1285,1285,5000,名詞,一般,*,*,*,*,かわのり,かわのり,かわのり
かわはぎ,1285,1285,5000,名詞,一般,*,*,*,*,かわはぎ,かわはぎ,かわはぎ
かわらせんべい,1285,1285,5000,名詞,一般,*,*,*,*,かわらせんべい,かわらせんべい,かわらせんべい
かわり玉,1285,1285,5000,名詞,一般,*,*,*,*,かわり玉,かわり玉,かわり玉
かんきつ類,1285,1285,5000,名詞,一般,*,*,*,*,かんきつ類,かんきつ類,かんきつ類
かんぱち,1285,1285,5000,名詞,一般,*,*,*,*,かんぱち,かんぱち,かんぱち
かんぴょう,1285,1285,5000,名詞,一般,*,*,*,*,かんぴょう,かんぴょう,かんぴょう
がごめこんぶ,1285,1285,5000,名詞,一般,*,*,*,*,がごめこんぶ,がごめこんぶ,がごめこんぶ
がざみ,1285,1285,5000,名詞,一般,*,*,*,*,がざみ,がざみ,がざみ
がちょう,1285,1285,5000,名詞,一般,*,*,*,*,がちょう,がちょう,がちょう
がんもどき,1285,1285,5000,名詞,一般,*,*,*,*,がんもどき,がんもどき,がんもどき
がん漬,1285,1285,5000,名詞,一般,*,*,*,*,がん漬,がん漬,がん漬
きく,1285,1285,5000,名詞,一般,*,*,*,*,きく,きく,きく
きくいも,1285,1285,5000,名詞,一般,*,*,*,*,きくいも,きくいも,きくいも
きくらげ,1285,1285,5000,名詞,一般,*,*,*,*,きくらげ,きくらげ,きくらげ
きくらげ類,1285,1285,5000,名詞,一般,*,*,*,*,きくらげ類,きくらげ類,きくらげ類
きじ,1285,1285,5000,名詞,一般,*,*,*,*,きじ,きじ,きじ
きす,1285,1285,5000,名詞,一般,*,*,*,*,きす,きす,きす
きだい,1285,1285,5000,名詞,一般,*,*,*,*,きだい,きだい,きだい
きちじ,1285,1285,5000,名詞,一般,*,*,*,*,きちじ,きちじ,きちじ
きな粉,1285,1285,5000,名詞,一般,*,*,*,*,きな粉,きな粉,きな粉
きな粉砂糖入り,1285,1285,5000,名詞,一般,*,*,*,*,きな粉砂糖入り,きな粉砂糖入り,きな粉砂糖入り
きはだ,1285,1285,5000,名詞,一般,*,*,*,*,きはだ,きはだ,きはだ
きび,1285,1285,5000,名詞,一般,*,*,*,*,きび,きび,きび
きびなご,1285,1285,5000,名詞,一般,*,*,*,*,きびなご,きびなご,きびなご
きび団子,1285,1285,5000,名詞,一般,*,*,*,*,きび団子,きび団子,きび団子
きも,1285,1285,5000,名詞,一般,*,*,*,*,きも,きも,きも
きゅうり,1285,1285,5000,名詞,一般,*,*,*,*,きゅうり,きゅうり,きゅうり
きよみ,1285,1285,5000,名詞,一般,*,*,*,*,きよみ,きよみ,きよみ
きりざんしょ,1285,1285,5000,名詞,一般,*,*,*,*,きりざんしょ,きりざんしょ,きりざんしょ
きりたんぽ,1285,1285,5000,名詞,一般,*,*,*,*,きりたんぽ,きりたんぽ,きりたんぽ
きんかん,1285,1285,5000,名詞,一般,*,*,*,*,きんかん,きんかん,きんかん
きんぎょく糖,1285,1285,5000,名詞,一般,*,*,*,*,きんぎょく糖,きんぎょく糖,きんぎょく糖
きんつば,1285,1285,5000,名詞,一般,*,*,*,*,きんつば,きんつば,きんつば
きんとき,1285,1285,5000,名詞,一般,*,*,*,*,きんとき,きんとき,きんとき
きんぴらごぼう,1285,1285,5000,名詞,一般,*,*,*,*,きんぴらごぼう,きんぴらごぼう,きんぴらごぼう
きんめだい,1285,1285,5000,名詞,一般,*,*,*,*,きんめだい,きんめだい,きんめだい
ぎゅうひ,1285,1285,5000,名詞,一般,*,*,*,*,ぎゅうひ,ぎゅうひ,ぎゅうひ
ぎょうざ,1285,1285,5000,名詞,一般,*,*,*,*,ぎょうざ,ぎょうざ,ぎょうざ
ぎょうざの皮,1285,1285,5000,名詞,一般,*,*,*,*,ぎょうざの皮,ぎょうざの皮,ぎょうざの皮
ぎょうじゃにんにく,1285,1285,5000,名詞,一般,*,*,*,*,ぎょうじゃにんにく,ぎょうじゃにんにく,ぎょうじゃにんにく
ぎんざけ,1285,1285,5000,名詞,一般,*,*,*,*,ぎんざけ,ぎんざけ,ぎんざけ
ぎんだら,1285,1285,5000,名詞,一般,*,*,*,*,ぎんだら,ぎんだら,ぎんだら
ぎんなん,1285,1285,5000,名詞,一般,*,*,*,*,ぎんなん,ぎんなん,ぎんなん
くきわかめ,1285,1285,5000,名詞,一般,*,*,*,*,くきわかめ,くきわかめ,くきわかめ
くこ,1285,1285,5000,名詞,一般,*,*,*,*,くこ,くこ,くこ
くさや,1285,1285,5000,名詞,一般,*,*,*,*,くさや,くさや,くさや
くし団子,1285,1285,5000,名詞,一般,*,*,*,*,くし団子,くし団子,くし団子
くじら,1285,1285,5000,名詞,一般,*,*,*,*,くじら,くじら,くじら
くずきり,1285,1285,5000,名詞,一般,*,*,*,*,くずきり,くずきり,くずきり
くずでん粉,1285,1285,5000,名詞,一般,*,*,*,*,くずでん粉,くずでん粉,くずでん粉
くずでん粉製品,1285,1285,5000,名詞,一般,*,*,*,*,くずでん粉製品,くずでん粉製品,くずでん粉製品
くずまんじゅう,1285,1285,5000,名詞,一般,*,*,*,*,くずまんじゅう,くずまんじゅう,くずまんじゅう
くずもち,1285,1285,5000,名詞,一般,*,*,*,*,くずもち,くずもち,くずもち
くらげ,1285,1285,5000,名詞,一般,*,*,*,*,くらげ,くらげ,くらげ
くりまんじゅう,1285,1285,5000,名詞,一般,*,*,*,*,くりまんじゅう,くりまんじゅう,くりまんじゅう
くり類,1285,1285,5000,名詞,一般,*,*,*,*,くり類,くり類,くり類
くるまえび,1285,1285,5000,名詞,一般,*,*,*,*,くるまえび,くるまえび,くるまえび
くるみ,1285,1285,5000,名詞,一般,*,*,*,*,くるみ,くるみ,くるみ
くるみパン,1285,1285,5000,名詞,一般,*,*,*,*,くるみパン,くるみパン,くるみパン
くろあわび,1285,1285,5000,名詞,一般,*,*,*,*,くろあわび,くろあわび,くろあわび
くろあわびたけ,1285,1285,5000,名詞,一般,*,*,*,*,くろあわびたけ,くろあわびたけ,くろあわびたけ
くろかじき,1285,1285,5000,名詞,一般,*,*,*,*,くろかじき,くろかじき,くろかじき
くろだい,1285,1285,5000,名詞,一般,*,*,*,*,くろだい,くろだい,くろだい
くろまぐろ,1285,1285,5000,名詞,一般,*,*,*,*,くろまぐろ,くろまぐろ,くろまぐろ
くわい,1285,1285,5000,名詞,一般,*,*,*,*,くわい,くわい,くわい
くん製,1285,1285,5000,名詞,一般,*,*,*,*,くん製,くん製,くん製
くん製油漬缶詰,1285,1285,5000,名詞,一般,*,*,*,*,くん製油漬缶詰,くん製油漬缶詰,くん製油漬缶詰
ぐち,1285,1285,5000,名詞,一般,*,*,*,*,ぐち,ぐち,ぐち
ぐみ,1285,1285,5000,名詞,一般,*,*,*,*,ぐみ,ぐみ,ぐみ
けし,1285,1285,5000,名詞,一般,*,*,*,*,けし,けし,けし
けんさきいか,1285,1285,5000,名詞,一般,*,*,*,*,けんさきいか,けんさきいか,けんさきいか
げっぺい,1285,1285,5000,名詞,一般,*,*,*,*,げっぺい,げっぺい,げっぺい
こい,1285,1285,5000,名詞,一般,*,*,*,*,こい,こい,こい
こいくちしょうゆ,1285,1285,5000,名詞,一般,*,*,*,*,こいくちしょうゆ,こいくちしょうゆ,こいくちしょうゆ
こういか,1285,1285,5000,名詞,一般,*,*,*,*,こういか,こういか,こういか
こうじ漬,1285,1285,5000,名詞,一般,*,*,*,*,こうじ漬,こうじ漬,こうじ漬
こごみ,1285,1285,5000,名詞,一般,*,*,*,*,こごみ,こごみ,こごみ
こしあん,1285,1285,5000,名詞,一般,*,*,*,*,こしあん,こしあん,こしあん
こしあん・つぶしあん混合,1285,1285,5000,名詞,一般,*,*,*,*,こしあん・つぶしあん混合,こしあん・つぶしあん混合,こしあん・つぶしあん混合
こしあん入り,1285,1285,5000,名詞,一般,*,*,*,*,こしあん入り,こしあん入り,こしあん入り
こしょう,1285,1285,5000,名詞,一般,*,*,*,*,こしょう,こしょう,こしょう
こし生あん,1285,1285,5000,名詞,一般,*,*,*,*,こし生あん,こし生あん,こし生あん
こし練りあん,1285,1285,5000,名詞,一般,*,*,*,*,こし練りあん,こし練りあん,こし練りあん
こち類,1285,1285,5000,名詞,一般,*,*,*,*,こち類,こち類,こち類
こねぎ,1285,1285,5000,名詞,一般,*,*,*,*,こねぎ,こねぎ,こねぎ
このしろ,1285,1285,5000,名詞,一般,*,*,*,*,このしろ,このしろ,このしろ
このわた,1285,1285,5000,名詞,一般,*,*,*,*,このわた,このわた,このわた
こまつな,1285,1285,5000,名詞,一般,*,*,*,*,こまつな,こまつな,こまつな
こむぎ,1285,1285,5000,名詞,一般,*,*,*,*,こむぎ,こむぎ,こむぎ
こめ,1285,1285,5000,名詞,一般,*,*,*,*,こめ,こめ,こめ
こんにゃく,1285,1285,5000,名詞,一般,*,*,*,*,こんにゃく,こんにゃく,こんにゃく
こんにゃくゼリー,1285,1285,5000,名詞,一般,*,*,*,*,こんにゃくゼリー,こんにゃくゼリー,こんにゃくゼリー
こんぶ類,1285,1285,5000,名詞,一般,*,*,*,*,こんぶ類,こんぶ類,こんぶ類
ごかぼう,1285,1285,5000,名詞,一般,*,*,*,*,ごかぼう,ごかぼう,ごかぼう
ごぼう,1285,1285,5000,名詞,一般,*,*,*,*,ごぼう,ごぼう,ごぼう
ごま,1285,1285,5000,名詞,一般,*,*,*,*,ごま,ごま,ごま
ごまさば,1285,1285,5000,名詞,一般,*,*,*,*,ごまさば,ごまさば,ごまさば
ごまだれ,1285,1285,5000,名詞,一般,*,*,*,*,ごまだれ,ごまだれ,ごまだれ
ごまみそ,1285,1285,5000,名詞,一般,*,*,*,*,ごまみそ,ごまみそ,ごまみそ
ごまドレッシング,1285,1285,5000,名詞,一般,*,*,*,*,ごまドレッシング,ごまドレッシング,ごまドレッシング
ごま入り,1285,1285,5000,名詞,一般,*,*,*,*,ごま入り,ごま入り,ごま入り
ごま油,1285,1285,5000,名詞,一般,*,*,*,*,ごま油,ごま油,ごま油
ごま豆腐,1285,1285,5000,名詞,一般,*,*,*,*,ごま豆腐,ごま豆腐,ごま豆腐
ごま酢,1285,1285,5000,名詞,一般,*,*,*,*,ごま酢,ごま酢,ごま酢
さいしこみしょうゆ,1285,1285,5000,名詞,一般,*,*,*,*,さいしこみしょうゆ,さいしこみしょうゆ,さいしこみしょうゆ
さきいか,1285,1285,5000,名詞,一般,*,*,*,*,さきいか,さきいか,さきいか
さくらえび,1285,1285,5000,名詞,一般,*,*,*,*,さくらえび,さくらえび,さくらえび
さくらます,1285,1285,5000,名詞,一般,*,*,*,*,さくらます,さくらます,さくらます
さくらんぼ,1285,1285,5000,名詞,一般,*,*,*,*,さくらんぼ,さくらんぼ,さくらんぼ
さけ,1285,1285,5000,名詞,一般,*,*,*,*,さけ,さけ,さけ
さけ・ます類,1285,1285,5000,名詞,一般,*,*,*,*,さけ・ます類,さけ・ます類,さけ・ます類
ささげ,1285,1285,5000,名詞,一般,*,*,*,*,ささげ,ささげ,ささげ
ささみ,1285,1285,5000,名詞,一般,*,*,*,*,ささみ,ささみ,ささみ
さざえ,1285,1285,5000,名詞,一般,*,*,*,*,さざえ,さざえ,さざえ
さつまいも,1285,1285,5000,名詞,一般,*,*,*,*,さつまいも,さつまいも,さつまいも
さつまいもでん粉,1285,1285,5000,名詞,一般,*,*,*,*,さつまいもでん粉,さつまいもでん粉,さつまいもでん粉
さつまいも類,1285,1285,5000,名詞,一般,*,*,*,*,さつまいも類,さつまいも類,さつまいも類
さつま揚げ,1285,1285,5000,名詞,一般,*,*,*,*,さつま揚げ,さつま揚げ,さつま揚げ
さといも,1285,1285,5000,名詞,一般,*,*,*,*,さといも,さといも,さといも
さといも類,1285,1285,5000,名詞,一般,*,*,*,*,さといも類,さといも類,さといも類
さば節,1285,1285,5000,名詞,一般,*,*,*,*,さば節,さば節,さば節
さば類,1285,1285,5000,名詞,一般,*,*,*,*,さば類,さば類,さば類
さめ類,1285,1285,5000,名詞,一般,*,*,*,*,さめ類,さめ類,さめ類
さやいんげん,1285,1285,5000,名詞,一般,*,*,*,*,さやいんげん,さやいんげん,さやいんげん
さやえんどう,1285,1285,5000,名詞,一般,*,*,*,*,さやえんどう,さやえんどう,さやえんどう
さより,1285,1285,5000,名詞,一般,*,*,*,*,さより,さより,さより
さらしあん,1285,1285,5000,名詞,一般,*,*,*,*,さらしあん,さらしあん,さらしあん
さらしくじら,1285,1285,5000,名詞,一般,*,*,*,*,さらしくじら,さらしくじら,さらしくじら
さるぼう,1285,1285,5000,名詞,一般,*,*,*,*,さるぼう,さるぼう,さるぼう
さわら,1285,1285,5000,名詞,一般,*,*,*,*,さわら,さわら,さわら
さんしょう,1285,1285,5000,名詞,一般,*,*,*,*,さんしょう,さんしょう,さんしょう
さんとうさい,1285,1285,5000,名詞,一般,*,*,*,*,さんとうさい,さんとうさい,さんとうさい
さんぼうかん,1285,1285,5000,名詞,一般,*,*,*,*,さんぼうかん,さんぼうかん,さんぼうかん
さんま,1285,1285,5000,名詞,一般,*,*,*,*,さんま,さんま,さんま
ざくろ,1285,1285,5000,名詞,一般,*,*,*,*,ざくろ,ざくろ,ざくろ
ざぼん漬,1285,1285,5000,名詞,一般,*,*,*,*,ざぼん漬,ざぼん漬,ざぼん漬
ざらめ糖,1285,1285,5000,名詞,一般,*,*,*,*,ざらめ糖,ざらめ糖,ざらめ糖
しいたけ,1285,1285,5000,名詞,一般,*,*,*,*,しいたけ,しいたけ,しいたけ
しいたけだし,1285,1285,5000,名詞,一般,*,*,*,*,しいたけだし,しいたけだし,しいたけだし
しいら,1285,1285,5000,名詞,一般,*,*,*,*,しいら,しいら,しいら
しおがま,1285,1285,5000,名詞,一般,*,*,*,*,しおがま,しおがま,しおがま
しかくまめ,1285,1285,5000,名詞,一般,*,*,*,*,しかくまめ,しかくまめ,しかくまめ
ししとう,1285,1285,5000,名詞,一般,*,*,*,*,ししとう,ししとう,ししとう
ししゃも,1285,1285,5000,名詞,一般,*,*,*,*,ししゃも,ししゃも,ししゃも
ししゃも類,1285,1285,5000,名詞,一般,*,*,*,*,ししゃも類,ししゃも類,ししゃも類
しじみ,1285,1285,5000,名詞,一般,*,*,*,*,しじみ,しじみ,しじみ
しそ,1285,1285,5000,名詞,一般,*,*,*,*,しそ,しそ,しそ
したびらめ,1285,1285,5000,名詞,一般,*,*,*,*,したびらめ,したびらめ,したびらめ
しちめんちょう,1285,1285,5000,名詞,一般,*,*,*,*,しちめんちょう,しちめんちょう,しちめんちょう
しばえび,1285,1285,5000,名詞,一般,*,*,*,*,しばえび,しばえび,しばえび
しば漬,1285,1285,5000,名詞,一般,*,*,*,*,しば漬,しば漬,しば漬
しまあじ,1285,1285,5000,名詞,一般,*,*,*,*,しまあじ,しまあじ,しまあじ
しめさば,1285,1285,5000,名詞,一般,*,*,*,*,しめさば,しめさば,しめさば
しめじ類,1285,1285,5000,名詞,一般,*,*,*,*,しめじ類,しめじ類,しめじ類
しゃこ,1285,1285,5000,名詞,一般,*,*,*,*,しゃこ,しゃこ,しゃこ
しゅうまい,1285,1285,5000,名詞,一般,*,*,*,*,しゅうまい,しゅうまい,しゅうまい
しゅうまいの皮,1285,1285,5000,名詞,一般,*,*,*,*,しゅうまいの皮,しゅうまいの皮,しゅうまいの皮
しゅんぎく,1285,1285,5000,名詞,一般,*,*,*,*,しゅんぎく,しゅんぎく,しゅんぎく
しょうが,1285,1285,5000,名詞,一般,*,*,*,*,しょうが,しょうが,しょうが
しょうが類,1285,1285,5000,名詞,一般,*,*,*,*,しょうが類,しょうが類,しょうが類
しょうちゅう,1285,1285,5000,名詞,一般,*,*,*,*,しょうちゅう,しょうちゅう,しょうちゅう
しょうゆせんべい,1285,1285,5000,名詞,一般,*,*,*,*,しょうゆせんべい,しょうゆせんべい,しょうゆせんべい
しょうゆ味,1285,1285,5000,名詞,一般,*,*,*,*,しょうゆ味,しょうゆ味,しょうゆ味
しょうゆ漬,1285,1285,5000,名詞,一般,*,*,*,*,しょうゆ漬,しょうゆ漬,しょうゆ漬
しょうゆ豆,1285,1285,5000,名詞,一般,*,*,*,*,しょうゆ豆,しょうゆ豆,しょうゆ豆
しょうゆ類,1285,1285,5000,名詞,一般,*,*,*,*,しょうゆ類,しょうゆ類,しょうゆ類
しょっつる,1285,1285,5000,名詞,一般,*,*,*,*,しょっつる,しょっつる,しょっつる
しょ糖型液糖,1285,1285,5000,名詞,一般,*,*,*,*,しょ糖型液糖,しょ糖型液糖,しょ糖型液糖
しらうお,1285,1285,5000,名詞,一般,*,*,*,*,しらうお,しらうお,しらうお
しらこ,1285,1285,5000,名詞,一般,*,*,*,*,しらこ,しらこ,しらこ
しらす,1285,1285,5000,名詞,一般,*,*,*,*,しらす,しらす,しらす
しらす干し,1285,1285,5000,名詞,一般,*,*,*,*,しらす干し,しらす干し,しらす干し
しらたき,1285,1285,5000,名詞,一般,*,*,*,*,しらたき,しらたき,しらたき
しらぬひ,1285,1285,5000,名詞,一般,*,*,*,*,しらぬひ,しらぬひ,しらぬひ
しるこ,1285,1285,5000,名詞,一般,*,*,*,*,しるこ,しるこ,しるこ
しろうり,1285,1285,5000,名詞,一般,*,*,*,*,しろうり,しろうり,しろうり
しろきくらげ,1285,1285,5000,名詞,一般,*,*,*,*,しろきくらげ,しろきくらげ,しろきくらげ
しろさけ,1285,1285,5000,名詞,一般,*,*,*,*,しろさけ,しろさけ,しろさけ
しろしょうゆ,1285,1285,5000,名詞,一般,*,*,*,*,しろしょうゆ,しろしょうゆ,しろしょうゆ
じねんじょ,1285,1285,5000,名詞,一般,*,*,*,*,じねんじょ,じねんじょ,じねんじょ
じゃがいも,1285,1285,5000,名詞,一般,*,*,*,*,じゃがいも,じゃがいも,じゃがいも
じゃがいもでん粉,1285,1285,5000,名詞,一般,*,*,*,*,じゃがいもでん粉,じゃがいもでん粉,じゃがいもでん粉
じゅうろくささげ,1285,1285,5000,名詞,一般,*,*,*,*,じゅうろくささげ,じゅうろくささげ,じゅうろくささげ
じゅんさい,1285,1285,5000,名詞,一般,*,*,*,*,じゅんさい,じゅんさい,じゅんさい
じょうのう,1285,1285,5000,名詞,一般,*,*,*,*,じょうのう,じょうのう,じょうのう
じょうのう及びアルベド,1285,1285,5000,名詞,一般,*,*,*,*,じょうのう及びアルベド,じょうのう及びアルベド,じょうのう及びアルベド
じん臓,1285,1285,5000,名詞,一般,*,*,*,*,じん臓,じん臓,じん臓
すいか,1285,1285,5000,名詞,一般,*,*,*,*,すいか,すいか,すいか
すいぜんじな,1285,1285,5000,名詞,一般,*,*,*,*,すいぜんじな,すいぜんじな,すいぜんじな
すいぜんじのり,1285,1285,5000,名詞,一般,*,*,*,*,すいぜんじのり,すいぜんじのり,すいぜんじのり
すきみだら,1285,1285,5000,名詞,一般,*,*,*,*,すきみだら,すきみだら,すきみだら
すぐきな,1285,1285,5000,名詞,一般,*,*,*,*,すぐきな,すぐきな,すぐきな
すぐき漬,1285,1285,5000,名詞,一般,*,*,*,*,すぐき漬,すぐき漬,すぐき漬
すぐり類,1285,1285,5000,名詞,一般,*,*,*,*,すぐり類,すぐり類,すぐり類
すけとうだら,1285,1285,5000,名詞,一般,*,*,*,*,すけとうだら,すけとうだら,すけとうだら
すし酢,1285,1285,5000,名詞,一般,*,*,*,*,すし酢,すし酢,すし酢
すじこ,1285,1285,5000,名詞,一般,*,*,*,*,すじこ,すじこ,すじこ
すずき,1285,1285,5000,名詞,一般,*,*,*,*,すずき,すずき,すずき
すずめ,1285,1285,5000,名詞,一般,*,*,*,*,すずめ,すずめ,すずめ
すだち,1285,1285,5000,名詞,一般,*,*,*,*,すだち,すだち,すだち
すっぽん,1285,1285,5000,名詞,一般,*,*,*,*,すっぽん,すっぽん,すっぽん
すなぎも,1285,1285,5000,名詞,一般,*,*,*,*,すなぎも,すなぎも,すなぎも
すもも類,1285,1285,5000,名詞,一般,*,*,*,*,すもも類,すもも類,すもも類
すり身,1285,1285,5000,名詞,一般,*,*,*,*,すり身,すり身,すり身
するめ,1285,1285,5000,名詞,一般,*,*,*,*,するめ,するめ,するめ
するめいか,1285,1285,5000,名詞,一般,*,*,*,*,するめいか,するめいか,するめいか
す巻きかまぼこ,1285,1285,5000,名詞,一般,*,*,*,*,す巻きかまぼこ,す巻きかまぼこ,す巻きかまぼこ
ずいき,1285,1285,5000,名詞,一般,*,*,*,*,ずいき,ずいき,ずいき
ずわいがに,1285,1285,5000,名詞,一般,*,*,*,*,ずわいがに,ずわいがに,ずわいがに
ずんだあん,1285,1285,5000,名詞,一般,*,*,*,*,ずんだあん,ずんだあん,ずんだあん
ずんだもち,1285,1285,5000,名詞,一般,*,*,*,*,ずんだもち,ずんだもち,ずんだもち
せとか,1285,1285,5000,名詞,一般,*,*,*,*,せとか,せとか,せとか
せり,1285,1285,5000,名詞,一般,*,*,*,*,せり,せり,せり
せん茶,1285,1285,5000,名詞,一般,*,*,*,*,せん茶,せん茶,せん茶
ぜんまい,1285,1285,5000,名詞,一般,*,*,*,*,ぜんまい,ぜんまい,ぜんまい
ぜんまいのいため煮,1285,1285,5000,名詞,一般,*,*,*,*,ぜんまいのいため煮,ぜんまいのいため煮,ぜんまいのいため煮
そうだがつお,1285,1285,5000,名詞,一般,*,*,*,*,そうだがつお,そうだがつお,そうだがつお
そうめんかぼちゃ,1285,1285,5000,名詞,一般,*,*,*,*,そうめんかぼちゃ,そうめんかぼちゃ,そうめんかぼちゃ
そうめん・ひやむぎ,1285,1285,5000,名詞,一般,*,*,*,*,そうめん・ひやむぎ,そうめん・ひやむぎ,そうめん・ひやむぎ
そともも,1285,1285,5000,名詞,一般,*,*,*,*,そともも,そともも,そともも
その他,1285,1285,5000,名詞,一般,*,*,*,*,その他,その他,その他
そば,1285,1285,5000,名詞,一般,*,*,*,*,そば,そば,そば
そばボーロ,1285,1285,5000,名詞,一般,*,*,*,*,そばボーロ,そばボーロ,そばボーロ
そば米,1285,1285,5000,名詞,一般,*,*,*,*,そば米,そば米,そば米
そば粉,1285,1285,5000,名詞,一般,*,*,*,*,そば粉,そば粉,そば粉
そらまめ,1285,1285,5000,名詞,一般,*,*,*,*,そらまめ,そらまめ,そらまめ
たいさい,1285,1285,5000,名詞,一般,*,*,*,*,たいさい,たいさい,たいさい
たいさい類,1285,1285,5000,名詞,一般,*,*,*,*,たいさい類,たいさい類,たいさい類
たいせいようさけ,1285,1285,5000,名詞,一般,*,*,*,*,たいせいようさけ,たいせいようさけ,たいせいようさけ
たいせいようさば,1285,1285,5000,名詞,一般,*,*,*,*,たいせいようさば,たいせいようさば,たいせいようさば
たいらがい,1285,1285,5000,名詞,一般,*,*,*,*,たいらがい,たいらがい,たいらがい
たい類,1285,1285,5000,名詞,一般,*,*,*,*,たい類,たい類,たい類
たかさご,1285,1285,5000,名詞,一般,*,*,*,*,たかさご,たかさご,たかさご
たかな,1285,1285,5000,名詞,一般,*,*,*,*,たかな,たかな,たかな
たかな漬,1285,1285,5000,名詞,一般,*,*,*,*,たかな漬,たかな漬,たかな漬
たかべ,1285,1285,5000,名詞,一般,*,*,*,*,たかべ,たかべ,たかべ
たくあん漬,1285,1285,5000,名詞,一般,*,*,*,*,たくあん漬,たくあん漬,たくあん漬
たけのこ,1285,1285,5000,名詞,一般,*,*,*,*,たけのこ,たけのこ,たけのこ
たけのこいも,1285,1285,5000,名詞,一般,*,*,*,*,たけのこいも,たけのこいも,たけのこいも
たこ類,1285,1285,5000,名詞,一般,*,*,*,*,たこ類,たこ類,たこ類
たたみいわし,1285,1285,5000,名詞,一般,*,*,*,*,たたみいわし,たたみいわし,たたみいわし
たちうお,1285,1285,5000,名詞,一般,*,*,*,*,たちうお,たちうお,たちうお
たにし,1285,1285,5000,名詞,一般,*,*,*,*,たにし,たにし,たにし
たまご,1285,1285,5000,名詞,一般,*,*,*,*,たまご,たまご,たまご
たまご焼,1285,1285,5000,名詞,一般,*,*,*,*,たまご焼,たまご焼,たまご焼
たまご豆腐,1285,1285,5000,名詞,一般,*,*,*,*,たまご豆腐,たまご豆腐,たまご豆腐
たまねぎ,1285,1285,5000,名詞,一般,*,*,*,*,たまねぎ,たまねぎ,たまねぎ
たまねぎ類,1285,1285,5000,名詞,一般,*,*,*,*,たまねぎ類,たまねぎ類,たまねぎ類
たまりしょうゆ,1285,1285,5000,名詞,一般,*,*,*,*,たまりしょうゆ,たまりしょうゆ,たまりしょうゆ
たもぎたけ,1285,1285,5000,名詞,一般,*,*,*,*,たもぎたけ,たもぎたけ,たもぎたけ
たらこ,1285,1285,5000,名詞,一般,*,*,*,*,たらこ,たらこ,たらこ
たらのあぶら,1285,1285,5000,名詞,一般,*,*,*,*,たらのあぶら,たらのあぶら,たらのあぶら
たらのめ,1285,1285,5000,名詞,一般,*,*,*,*,たらのめ,たらのめ,たらのめ
たらばがに,1285,1285,5000,名詞,一般,*,*,*,*,たらばがに,たらばがに,たらばがに
たら類,1285,1285,5000,名詞,一般,*,*,*,*,たら類,たら類,たら類
だいこん,1285,1285,5000,名詞,一般,*,*,*,*,だいこん,だいこん,だいこん
だいこん類,1285,1285,5000,名詞,一般,*,*,*,*,だいこん類,だいこん類,だいこん類
だいじょ,1285,1285,5000,名詞,一般,*,*,*,*,だいじょ,だいじょ,だいじょ
だいず,1285,1285,5000,名詞,一般,*,*,*,*,だいず,だいず,だいず
だいずもやし,1285,1285,5000,名詞,一般,*,*,*,*,だいずもやし,だいずもやし,だいずもやし
だいだい,1285,1285,5000,名詞,一般,*,*,*,*,だいだい,だいだい,だいだい
だししょうゆ,1285,1285,5000,名詞,一般,*,*,*,*,だししょうゆ,だししょうゆ,だししょうゆ
だし入りみそ,1285,1285,5000,名詞,一般,*,*,*,*,だし入りみそ,だし入りみそ,だし入りみそ
だし巻きたまご,1285,1285,5000,名詞,一般,*,*,*,*,だし巻きたまご,だし巻きたまご,だし巻きたまご
だし類,1285,1285,5000,名詞,一般,*,*,*,*,だし類,だし類,だし類
だて巻,1285,1285,5000,名詞,一般,*,*,*,*,だて巻,だて巻,だて巻
ちか,1285,1285,5000,名詞,一般,*,*,*,*,ちか,ちか,ちか
ちくわぶ,1285,1285,5000,名詞,一般,*,*,*,*,ちくわぶ,ちくわぶ,ちくわぶ
ちだい,1285,1285,5000,名詞,一般,*,*,*,*,ちだい,ちだい,ちだい
ちぢみゆきな,1285,1285,5000,名詞,一般,*,*,*,*,ちぢみゆきな,ちぢみゆきな,ちぢみゆきな
ちまき,1285,1285,5000,名詞,一般,*,*,*,*,ちまき,ちまき,ちまき
ちゃつう,1285,1285,5000,名詞,一般,*,*,*,*,ちゃつう,ちゃつう,ちゃつう
ちょうせんはまぐり,1285,1285,5000,名詞,一般,*,*,*,*,ちょうせんはまぐり,ちょうせんはまぐり,ちょうせんはまぐり
ちらし・稲荷用,1285,1285,5000,名詞,一般,*,*,*,*,ちらし・稲荷用,ちらし・稲荷用,ちらし・稲荷用
つくし,1285,1285,5000,名詞,一般,*,*,*,*,つくし,つくし,つくし
つくだ煮,1285,1285,5000,名詞,一般,*,*,*,*,つくだ煮,つくだ煮,つくだ煮
つくね,1285,1285,5000,名詞,一般,*,*,*,*,つくね,つくね,つくね
つぶ,1285,1285,5000,名詞,一般,*,*,*,*,つぶ,つぶ,つぶ
つぶしあん,1285,1285,5000,名詞,一般,*,*,*,*,つぶしあん,つぶしあん,つぶしあん
つぶしあん入り,1285,1285,5000,名詞,一般,*,*,*,*,つぶしあん入り,つぶしあん入り,つぶしあん入り
つぶし練りあん,1285,1285,5000,名詞,一般,*,*,*,*,つぶし練りあん,つぶし練りあん,つぶし練りあん
つまみな,1285,1285,5000,名詞,一般,*,*,*,*,つまみな,つまみな,つまみな
つみれ,1285,1285,5000,名詞,一般,*,*,*,*,つみれ,つみれ,つみれ
つるあずき,1285,1285,5000,名詞,一般,*,*,*,*,つるあずき,つるあずき,つるあずき
つるな,1285,1285,5000,名詞,一般,*,*,*,*,つるな,つるな,つるな
つるにんじん,1285,1285,5000,名詞,一般,*,*,*,*,つるにんじん,つるにんじん,つるにんじん
つるむらさき,1285,1285,5000,名詞,一般,*,*,*,*,つるむらさき,つるむらさき,つるむらさき
つわぶき,1285,1285,5000,名詞,一般,*,*,*,*,つわぶき,つわぶき,つわぶき
てんぐさ,1285,1285,5000,名詞,一般,*,*,*,*,てんぐさ,てんぐさ,てんぐさ
てんさい含蜜糖,1285,1285,5000,名詞,一般,*,*,*,*,てんさい含蜜糖,てんさい含蜜糖,てんさい含蜜糖
でんぶ,1285,1285,5000,名詞,一般,*,*,*,*,でんぶ,でんぶ,でんぶ
でん粉めん,1285,1285,5000,名詞,一般,*,*,*,*,でん粉めん,でん粉めん,でん粉めん
でん粉糖類,1285,1285,5000,名詞,一般,*,*,*,*,でん粉糖類,でん粉糖類,でん粉糖類
でん粉製品,1285,1285,5000,名詞,一般,*,*,*,*,でん粉製品,でん粉製品,でん粉製品
でん粉類,1285,1285,5000,名詞,一般,*,*,*,*,でん粉類,でん粉類,でん粉類
とうがらし,1285,1285,5000,名詞,一般,*,*,*,*,とうがらし,とうがらし,とうがらし
とうがん,1285,1285,5000,名詞,一般,*,*,*,*,とうがん,とうがん,とうがん
とうびし,1285,1285,5000,名詞,一般,*,*,*,*,とうびし,とうびし,とうびし
とうまんじゅう,1285,1285,5000,名詞,一般,*,*,*,*,とうまんじゅう,とうまんじゅう,とうまんじゅう
とうもろこし,1285,1285,5000,名詞,一般,*,*,*,*,とうもろこし,とうもろこし,とうもろこし
とうもろこしでん粉,1285,1285,5000,名詞,一般,*,*,*,*,とうもろこしでん粉,とうもろこしでん粉,とうもろこしでん粉
とうもろこし油,1285,1285,5000,名詞,一般,*,*,*,*,とうもろこし油,とうもろこし油,とうもろこし油
とうもろこし類,1285,1285,5000,名詞,一般,*,*,*,*,とうもろこし類,とうもろこし類,とうもろこし類
とこぶし,1285,1285,5000,名詞,一般,*,*,*,*,とこぶし,とこぶし,とこぶし
ところてん,1285,1285,5000,名詞,一般,*,*,*,*,ところてん,ところてん,ところてん
とさかのり,1285,1285,5000,名詞,一般,*,*,*,*,とさかのり,とさかのり,とさかのり
とち,1285,1285,5000,名詞,一般,*,*,*,*,とち,とち,とち
とびうお,1285,1285,5000,名詞,一般,*,*,*,*,とびうお,とびうお,とびうお
とらふぐ,1285,1285,5000,名詞,一般,*,*,*,*,とらふぐ,とらふぐ,とらふぐ
とりがい,1285,1285,5000,名詞,一般,*,*,*,*,とりがい,とりがい,とりがい
とんかつ,1285,1285,5000,名詞,一般,*,*,*,*,とんかつ,とんかつ,とんかつ
とんぶり,1285,1285,5000,名詞,一般,*,*,*,*,とんぶり,とんぶり,とんぶり
とん汁,1285,1285,5000,名詞,一般,*,*,*,*,とん汁,とん汁,とん汁
どじょう,1285,1285,5000,名詞,一般,*,*,*,*,どじょう,どじょう,どじょう
どら焼,1285,1285,5000,名詞,一般,*,*,*,*,どら焼,どら焼,どら焼
ながいも,1285,1285,5000,名詞,一般,*,*,*,*,ながいも,ながいも,ながいも
ながこんぶ,1285,1285,5000,名詞,一般,*,*,*,*,ながこんぶ,ながこんぶ,ながこんぶ
ながさきはくさい,1285,1285,5000,名詞,一般,*,*,*,*,ながさきはくさい,ながさきはくさい,ながさきはくさい
なぎなたこうじゅ,1285,1285,5000,名詞,一般,*,*,*,*,なぎなたこうじゅ,なぎなたこうじゅ,なぎなたこうじゅ
なし類,1285,1285,5000,名詞,一般,*,*,*,*,なし類,なし類,なし類
なす,1285,1285,5000,名詞,一般,*,*,*,*,なす,なす,なす
なす類,1285,1285,5000,名詞,一般,*,*,*,*,なす類,なす類,なす類
なずな,1285,1285,5000,名詞,一般,*,*,*,*,なずな,なずな,なずな
なたね油,1285,1285,5000,名詞,一般,*,*,*,*,なたね油,なたね油,なたね油
なつみかん,1285,1285,5000,名詞,一般,*,*,*,*,なつみかん,なつみかん,なつみかん
なつめ,1285,1285,5000,名詞,一般,*,*,*,*,なつめ,なつめ,なつめ
なつめやし,1285,1285,5000,名詞,一般,*,*,*,*,なつめやし,なつめやし,なつめやし
なばな類,1285,1285,5000,名詞,一般,*,*,*,*,なばな類,なばな類,なばな類
なべつゆ,1285,1285,5000,名詞,一般,*,*,*,*,なべつゆ,なべつゆ,なべつゆ
なまこ,1285,1285,5000,名詞,一般,*,*,*,*,なまこ,なまこ,なまこ
なまず,1285,1285,5000,名詞,一般,*,*,*,*,なまず,なまず,なまず
なまり,1285,1285,5000,名詞,一般,*,*,*,*,なまり,なまり,なまり
なまり節,1285,1285,5000,名詞,一般,*,*,*,*,なまり節,なまり節,なまり節
なめこ,1285,1285,5000,名詞,一般,*,*,*,*,なめこ,なめこ,なめこ
なると,1285,1285,5000,名詞,一般,*,*,*,*,なると,なると,なると
なんこつ胸肉,1285,1285,5000,名詞,一般,*,*,*,*,なんこつ胸肉,なんこつ胸肉,なんこつ胸肉
にがうり,1285,1285,5000,名詞,一般,*,*,*,*,にがうり,にがうり,にがうり
にぎす,1285,1285,5000,名詞,一般,*,*,*,*,にぎす,にぎす,にぎす
にぎり用,1285,1285,5000,名詞,一般,*,*,*,*,にぎり用,にぎり用,にぎり用
にしまあじ,1285,1285,5000,名詞,一般,*,*,*,*,にしまあじ,にしまあじ,にしまあじ
にしん,1285,1285,5000,名詞,一般,*,*,*,*,にしん,にしん,にしん
にじます,1285,1285,5000,名詞,一般,*,*,*,*,にじます,にじます,にじます
にほんじか,1285,1285,5000,名詞,一般,*,*,*,*,にほんじか,にほんじか,にほんじか
にほんすもも,1285,1285,5000,名詞,一般,*,*,*,*,にほんすもも,にほんすもも,にほんすもも
にら,1285,1285,5000,名詞,一般,*,*,*,*,にら,にら,にら
にら類,1285,1285,5000,名詞,一般,*,*,*,*,にら類,にら類,にら類
にわとり,1285,1285,5000,名詞,一般,*,*,*,*,にわとり,にわとり,にわとり
にんじん,1285,1285,5000,名詞,一般,*,*,*,*,にんじん,にんじん,にんじん
にんじん類,1285,1285,5000,名詞,一般,*,*,*,*,にんじん類,にんじん類,にんじん類
にんにく,1285,1285,5000,名詞,一般,*,*,*,*,にんにく,にんにく,にんにく
にんにく類,1285,1285,5000,名詞,一般,*,*,*,*,にんにく類,にんにく類,にんにく類
ぬかみそ漬,1285,1285,5000,名詞,一般,*,*,*,*,ぬかみそ漬,ぬかみそ漬,ぬかみそ漬
ぬめりすぎたけ,1285,1285,5000,名詞,一般,*,*,*,*,ぬめりすぎたけ,ぬめりすぎたけ,ぬめりすぎたけ
ねぎ類,1285,1285,5000,名詞,一般,*,*,*,*,ねぎ類,ねぎ類,ねぎ類
ねり,1285,1285,5000,名詞,一般,*,*,*,*,ねり,ねり,ねり
ねりきり,1285,1285,5000,名詞,一般,*,*,*,*,ねりきり,ねりきり,ねりきり
のざわな,1285,1285,5000,名詞,一般,*,*,*,*,のざわな,のざわな,のざわな
のびる,1285,1285,5000,名詞,一般,*,*,*,*,のびる,のびる,のびる
はいが精米,1285,1285,5000,名詞,一般,*,*,*,*,はいが精米,はいが精米,はいが精米
はくさい,1285,1285,5000,名詞,一般,*,*,*,*,はくさい,はくさい,はくさい
はす,1285,1285,5000,名詞,一般,*,*,*,*,はす,はす,はす
はぜ,1285,1285,5000,名詞,一般,*,*,*,*,はぜ,はぜ,はぜ
はたけしめじ,1285,1285,5000,名詞,一般,*,*,*,*,はたけしめじ,はたけしめじ,はたけしめじ
はたはた,1285,1285,5000,名詞,一般,*,*,*,*,はたはた,はたはた,はたはた
はち,1285,1285,5000,名詞,一般,*,*,*,*,はち,はち,はち
はちの子缶詰,1285,1285,5000,名詞,一般,*,*,*,*,はちの子缶詰,はちの子缶詰,はちの子缶詰
はちみつ,1285,1285,5000,名詞,一般,*,*,*,*,はちみつ,はちみつ,はちみつ
はっさく,1285,1285,5000,名詞,一般,*,*,*,*,はっさく,はっさく,はっさく
はつかだいこん,1285,1285,5000,名詞,一般,*,*,*,*,はつかだいこん,はつかだいこん,はつかだいこん
はと,1285,1285,5000,名詞,一般,*,*,*,*,はと,はと,はと
はとむぎ,1285,1285,5000,名詞,一般,*,*,*,*,はとむぎ,はとむぎ,はとむぎ
はなっこりー,1285,1285,5000,名詞,一般,*,*,*,*,はなっこりー,はなっこりー,はなっこりー
はまぐり,1285,1285,5000,名詞,一般,*,*,*,*,はまぐり,はまぐり,はまぐり
はまぐり類,1285,1285,5000,名詞,一般,*,*,*,*,はまぐり類,はまぐり類,はまぐり類
はまち,1285,1285,5000,名詞,一般,*,*,*,*,はまち,はまち,はまち
はまふえふき,1285,1285,5000,名詞,一般,*,*,*,*,はまふえふき,はまふえふき,はまふえふき
はも,1285,1285,5000,名詞,一般,*,*,*,*,はも,はも,はも
はやとうり,1285,1285,5000,名詞,一般,*,*,*,*,はやとうり,はやとうり,はやとうり
はるさめ,1285,1285,5000,名詞,一般,*,*,*,*,はるさめ,はるさめ,はるさめ
はるみ,1285,1285,5000,名詞,一般,*,*,*,*,はるみ,はるみ,はるみ
はんぺん,1285,1285,5000,名詞,一般,*,*,*,*,はんぺん,はんぺん,はんぺん
ばい,1285,1285,5000,名詞,一般,*,*,*,*,ばい,ばい,ばい
ばかがい,1285,1285,5000,名詞,一般,*,*,*,*,ばかがい,ばかがい,ばかがい
ばら,1285,1285,5000,名詞,一般,*,*,*,*,ばら,ばら,ばら
ばらベーコン,1285,1285,5000,名詞,一般,*,*,*,*,ばらベーコン,ばらベーコン,ばらベーコン
ひえ,1285,1285,5000,名詞,一般,*,*,*,*,ひえ,ひえ,ひえ
ひき肉,1285,1285,5000,名詞,一般,*,*,*,*,ひき肉,ひき肉,ひき肉
ひし,1285,1285,5000,名詞,一般,*,*,*,*,ひし,ひし,ひし
ひしおみそ,1285,1285,5000,名詞,一般,*,*,*,*,ひしおみそ,ひしおみそ,ひしおみそ
ひし類,1285,1285,5000,名詞,一般,*,*,*,*,ひし類,ひし類,ひし類
ひじき,1285,1285,5000,名詞,一般,*,*,*,*,ひじき,ひじき,ひじき
ひじきのいため煮,1285,1285,5000,名詞,一般,*,*,*,*,ひじきのいため煮,ひじきのいため煮,ひじきのいため煮
ひとえぐさ,1285,1285,5000,名詞,一般,*,*,*,*,ひとえぐさ,ひとえぐさ,ひとえぐさ
ひなあられ,1285,1285,5000,名詞,一般,*,*,*,*,ひなあられ,ひなあられ,ひなあられ
ひのな,1285,1285,5000,名詞,一般,*,*,*,*,ひのな,ひのな,ひのな
ひまわり,1285,1285,5000,名詞,一般,*,*,*,*,ひまわり,ひまわり,ひまわり
ひまわり油,1285,1285,5000,名詞,一般,*,*,*,*,ひまわり油,ひまわり油,ひまわり油
ひゅうがなつ,1285,1285,5000,名詞,一般,*,*,*,*,ひゅうがなつ,ひゅうがなつ,ひゅうがなつ
ひよこまめ,1285,1285,5000,名詞,一般,*,*,*,*,ひよこまめ,ひよこまめ,ひよこまめ
ひらたけ,1285,1285,5000,名詞,一般,*,*,*,*,ひらたけ,ひらたけ,ひらたけ
ひらたけ類,1285,1285,5000,名詞,一般,*,*,*,*,ひらたけ類,ひらたけ類,ひらたけ類
ひらまさ,1285,1285,5000,名詞,一般,*,*,*,*,ひらまさ,ひらまさ,ひらまさ
ひらめ,1285,1285,5000,名詞,一般,*,*,*,*,ひらめ,ひらめ,ひらめ
ひろしまな,1285,1285,5000,名詞,一般,*,*,*,*,ひろしまな,ひろしまな,ひろしまな
びわ,1285,1285,5000,名詞,一般,*,*,*,*,びわ,びわ,びわ
びんなが,1285,1285,5000,名詞,一般,*,*,*,*,びんなが,びんなが,びんなが
ふかひれ,1285,1285,5000,名詞,一般,*,*,*,*,ふかひれ,ふかひれ,ふかひれ
ふき,1285,1285,5000,名詞,一般,*,*,*,*,ふき,ふき,ふき
ふきのとう,1285,1285,5000,名詞,一般,*,*,*,*,ふきのとう,ふきのとう,ふきのとう
ふき豆,1285,1285,5000,名詞,一般,*,*,*,*,ふき豆,ふき豆,ふき豆
ふき類,1285,1285,5000,名詞,一般,*,*,*,*,ふき類,ふき類,ふき類
ふぐ類,1285,1285,5000,名詞,一般,*,*,*,*,ふぐ類,ふぐ類,ふぐ類
ふじまめ,1285,1285,5000,名詞,一般,*,*,*,*,ふじまめ,ふじまめ,ふじまめ
ふだんそう,1285,1285,5000,名詞,一般,*,*,*,*,ふだんそう,ふだんそう,ふだんそう
ふな,1285,1285,5000,名詞,一般,*,*,*,*,ふな,ふな,ふな
ふなずし,1285,1285,5000,名詞,一般,*,*,*,*,ふなずし,ふなずし,ふなずし
ふのり,1285,1285,5000,名詞,一般,*,*,*,*,ふのり,ふのり,ふのり
ふりかけ,1285,1285,5000,名詞,一般,*,*,*,*,ふりかけ,ふりかけ,ふりかけ
ぶた,1285,1285,5000,名詞,一般,*,*,*,*,ぶた,ぶた,ぶた
ぶどう,1285,1285,5000,名詞,一般,*,*,*,*,ぶどう,ぶどう,ぶどう
ぶどうパン,1285,1285,5000,名詞,一般,*,*,*,*,ぶどうパン,ぶどうパン,ぶどうパン
ぶどう油,1285,1285,5000,名詞,一般,*,*,*,*,ぶどう油,ぶどう油,ぶどう油
ぶどう糖,1285,1285,5000,名詞,一般,*,*,*,*,ぶどう糖,ぶどう糖,ぶどう糖
ぶどう糖果糖液糖,1285,1285,5000,名詞,一般,*,*,*,*,ぶどう糖果糖液糖,ぶどう糖果糖液糖,ぶどう糖果糖液糖
ぶどう豆,1285,1285,5000,名詞,一般,*,*,*,*,ぶどう豆,ぶどう豆,ぶどう豆
ぶどう酒,1285,1285,5000,名詞,一般,*,*,*,*,ぶどう酒,ぶどう酒,ぶどう酒
ぶどう酢,1285,1285,5000,名詞,一般,*,*,*,*,ぶどう酢,ぶどう酢,ぶどう酢
ぶなしめじ,1285,1285,5000,名詞,一般,*,*,*,*,ぶなしめじ,ぶなしめじ,ぶなしめじ
ぶり,1285,1285,5000,名詞,一般,*,*,*,*,ぶり,ぶり,ぶり
ぶんたん,1285,1285,5000,名詞,一般,*,*,*,*,ぶんたん,ぶんたん,ぶんたん
へちま,1285,1285,5000,名詞,一般,*,*,*,*,へちま,へちま,へちま
べいなす,1285,1285,5000,名詞,一般,*,*,*,*,べいなす,べいなす,べいなす
べったら漬,1285,1285,5000,名詞,一般,*,*,*,*,べったら漬,べったら漬,べったら漬
べにざけ,1285,1285,5000,名詞,一般,*,*,*,*,べにざけ,べにざけ,べにざけ
べにばないんげん,1285,1285,5000,名詞,一般,*,*,*,*,べにばないんげん,べにばないんげん,べにばないんげん
ほうじ茶,1285,1285,5000,名詞,一般,*,*,*,*,ほうじ茶,ほうじ茶,ほうじ茶
ほうぼう,1285,1285,5000,名詞,一般,*,*,*,*,ほうぼう,ほうぼう,ほうぼう
ほうれんそう,1285,1285,5000,名詞,一般,*,*,*,*,ほうれんそう,ほうれんそう,ほうれんそう
ほしのり,1285,1285,5000,名詞,一般,*,*,*,*,ほしのり,ほしのり,ほしのり
ほしひじき,1285,1285,5000,名詞,一般,*,*,*,*,ほしひじき,ほしひじき,ほしひじき
ほそめこんぶ,1285,1285,5000,名詞,一般,*,*,*,*,ほそめこんぶ,ほそめこんぶ,ほそめこんぶ
ほたてがい,1285,1285,5000,名詞,一般,*,*,*,*,ほたてがい,ほたてがい,ほたてがい
ほたるいか,1285,1285,5000,名詞,一般,*,*,*,*,ほたるいか,ほたるいか,ほたるいか
ほっきがい,1285,1285,5000,名詞,一般,*,*,*,*,ほっきがい,ほっきがい,ほっきがい
ほっけ,1285,1285,5000,名詞,一般,*,*,*,*,ほっけ,ほっけ,ほっけ
ほや,1285,1285,5000,名詞,一般,*,*,*,*,ほや,ほや,ほや
ほろほろちょう,1285,1285,5000,名詞,一般,*,*,*,*,ほろほろちょう,ほろほろちょう,ほろほろちょう
ほんしめじ,1285,1285,5000,名詞,一般,*,*,*,*,ほんしめじ,ほんしめじ,ほんしめじ
ほんしゅうじか・きゅうしゅうじか,1285,1285,5000,名詞,一般,*,*,*,*,ほんしゅうじか・きゅうしゅうじか,ほんしゅうじか・きゅうしゅうじか,ほんしゅうじか・きゅうしゅうじか
ほんもろこ,1285,1285,5000,名詞,一般,*,*,*,*,ほんもろこ,ほんもろこ,ほんもろこ
ぼら,1285,1285,5000,名詞,一般,*,*,*,*,ぼら,ぼら,ぼら
ぽんかん,1285,1285,5000,名詞,一般,*,*,*,*,ぽんかん,ぽんかん,ぽんかん
ぽん酢しょうゆ,1285,1285,5000,名詞,一般,*,*,*,*,ぽん酢しょうゆ,ぽん酢しょうゆ,ぽん酢しょうゆ
まあじ,1285,1285,5000,名詞,一般,*,*,*,*,まあじ,まあじ,まあじ
まいたけ,1285,1285,5000,名詞,一般,*,*,*,*,まいたけ,まいたけ,まいたけ
まいわし,1285,1285,5000,名詞,一般,*,*,*,*,まいわし,まいわし,まいわし
まかじき,1285,1285,5000,名詞,一般,*,*,*,*,まかじき,まかじき,まかじき
まがも,1285,1285,5000,名詞,一般,*,*,*,*,まがも,まがも,まがも
まがれい,1285,1285,5000,名詞,一般,*,*,*,*,まがれい,まがれい,まがれい
まくわうり,1285,1285,5000,名詞,一般,*,*,*,*,まくわうり,まくわうり,まくわうり
まぐろ類,1285,1285,5000,名詞,一般,*,*,*,*,まぐろ類,まぐろ類,まぐろ類
まぐろ類めばち,1285,1285,5000,名詞,一般,*,*,*,*,まぐろ類めばち,まぐろ類めばち,まぐろ類めばち
まこがれい,1285,1285,5000,名詞,一般,*,*,*,*,まこがれい,まこがれい,まこがれい
まこも,1285,1285,5000,名詞,一般,*,*,*,*,まこも,まこも,まこも
まこんぶ,1285,1285,5000,名詞,一般,*,*,*,*,まこんぶ,まこんぶ,まこんぶ
まごち,1285,1285,5000,名詞,一般,*,*,*,*,まごち,まごち,まごち
まさば,1285,1285,5000,名詞,一般,*,*,*,*,まさば,まさば,まさば
ますのすけ,1285,1285,5000,名詞,一般,*,*,*,*,ますのすけ,ますのすけ,ますのすけ
まだい,1285,1285,5000,名詞,一般,*,*,*,*,まだい,まだい,まだい
まだかあわび,1285,1285,5000,名詞,一般,*,*,*,*,まだかあわび,まだかあわび,まだかあわび
まだこ,1285,1285,5000,名詞,一般,*,*,*,*,まだこ,まだこ,まだこ
まだら,1285,1285,5000,名詞,一般,*,*,*,*,まだら,まだら,まだら
まつ,1285,1285,5000,名詞,一般,*,*,*,*,まつ,まつ,まつ
まつたけ,1285,1285,5000,名詞,一般,*,*,*,*,まつたけ,まつたけ,まつたけ
まつも,1285,1285,5000,名詞,一般,*,*,*,*,まつも,まつも,まつも
まながつお,1285,1285,5000,名詞,一般,*,*,*,*,まながつお,まながつお,まながつお
まふぐ,1285,1285,5000,名詞,一般,*,*,*,*,まふぐ,まふぐ,まふぐ
まるあじ,1285,1285,5000,名詞,一般,*,*,*,*,まるあじ,まるあじ,まるあじ
まんじゅう,1285,1285,5000,名詞,一般,*,*,*,*,まんじゅう,まんじゅう,まんじゅう
みしま豆,1285,1285,5000,名詞,一般,*,*,*,*,みしま豆,みしま豆,みしま豆
みずいも,1285,1285,5000,名詞,一般,*,*,*,*,みずいも,みずいも,みずいも
みずかけな,1285,1285,5000,名詞,一般,*,*,*,*,みずかけな,みずかけな,みずかけな
みずだこ,1285,1285,5000,名詞,一般,*,*,*,*,みずだこ,みずだこ,みずだこ
みずな,1285,1285,5000,名詞,一般,*,*,*,*,みずな,みずな,みずな
みそ味,1285,1285,5000,名詞,一般,*,*,*,*,みそ味,みそ味,みそ味
みそ漬,1285,1285,5000,名詞,一般,*,*,*,*,みそ漬,みそ漬,みそ漬
みそ煮,1285,1285,5000,名詞,一般,*,*,*,*,みそ煮,みそ煮,みそ煮
みそ類,1285,1285,5000,名詞,一般,*,*,*,*,みそ類,みそ類,みそ類
みたらし,1285,1285,5000,名詞,一般,*,*,*,*,みたらし,みたらし,みたらし
みたらしのたれ,1285,1285,5000,名詞,一般,*,*,*,*,みたらしのたれ,みたらしのたれ,みたらしのたれ
みついしこんぶ,1285,1285,5000,名詞,一般,*,*,*,*,みついしこんぶ,みついしこんぶ,みついしこんぶ
みつば類,1285,1285,5000,名詞,一般,*,*,*,*,みつば類,みつば類,みつば類
みなみくろたち,1285,1285,5000,名詞,一般,*,*,*,*,みなみくろたち,みなみくろたち,みなみくろたち
みなみだら,1285,1285,5000,名詞,一般,*,*,*,*,みなみだら,みなみだら,みなみだら
みなみまぐろ,1285,1285,5000,名詞,一般,*,*,*,*,みなみまぐろ,みなみまぐろ,みなみまぐろ
みぶな,1285,1285,5000,名詞,一般,*,*,*,*,みぶな,みぶな,みぶな
みょうが,1285,1285,5000,名詞,一般,*,*,*,*,みょうが,みょうが,みょうが
みょうがたけ,1285,1285,5000,名詞,一般,*,*,*,*,みょうがたけ,みょうがたけ,みょうがたけ
みょうが類,1285,1285,5000,名詞,一般,*,*,*,*,みょうが類,みょうが類,みょうが類
みりん,1285,1285,5000,名詞,一般,*,*,*,*,みりん,みりん,みりん
みりん干し,1285,1285,5000,名詞,一般,*,*,*,*,みりん干し,みりん干し,みりん干し
みりん風調味料,1285,1285,5000,名詞,一般,*,*,*,*,みりん風調味料,みりん風調味料,みりん風調味料
みるがい,1285,1285,5000,名詞,一般,*,*,*,*,みるがい,みるがい,みるがい
むかご,1285,1285,5000,名詞,一般,*,*,*,*,むかご,むかご,むかご
むかでのり,1285,1285,5000,名詞,一般,*,*,*,*,むかでのり,むかでのり,むかでのり
むき,1285,1285,5000,名詞,一般,*,*,*,*,むき,むき,むき
むつ,1285,1285,5000,名詞,一般,*,*,*,*,むつ,むつ,むつ
むね,1285,1285,5000,名詞,一般,*,*,*,*,むね,むね,むね
むらさきいも,1285,1285,5000,名詞,一般,*,*,*,*,むらさきいも,むらさきいも,むらさきいも
むろあじ,1285,1285,5000,名詞,一般,*,*,*,*,むろあじ,むろあじ,むろあじ
めかじき,1285,1285,5000,名詞,一般,*,*,*,*,めかじき,めかじき,めかじき
めかぶわかめ,1285,1285,5000,名詞,一般,*,*,*,*,めかぶわかめ,めかぶわかめ,めかぶわかめ
めがいあわび,1285,1285,5000,名詞,一般,*,*,*,*,めがいあわび,めがいあわび,めがいあわび
めごち,1285,1285,5000,名詞,一般,*,*,*,*,めごち,めごち,めごち
めざし,1285,1285,5000,名詞,一般,*,*,*,*,めざし,めざし,めざし
めし,1285,1285,5000,名詞,一般,*,*,*,*,めし,めし,めし
めじな,1285,1285,5000,名詞,一般,*,*,*,*,めじな,めじな,めじな
めじまぐろ,1285,1285,5000,名詞,一般,*,*,*,*,めじまぐろ,めじまぐろ,めじまぐろ
めたで,1285,1285,5000,名詞,一般,*,*,*,*,めたで,めたで,めたで
めばる,1285,1285,5000,名詞,一般,*,*,*,*,めばる,めばる,めばる
めふん,1285,1285,5000,名詞,一般,*,*,*,*,めふん,めふん,めふん
めんつゆ,1285,1285,5000,名詞,一般,*,*,*,*,めんつゆ,めんつゆ,めんつゆ
めんま,1285,1285,5000,名詞,一般,*,*,*,*,めんま,めんま,めんま
めんよう,1285,1285,5000,名詞,一般,*,*,*,*,めんよう,めんよう,めんよう
めキャベツ,1285,1285,5000,名詞,一般,*,*,*,*,めキャベツ,めキャベツ,めキャベツ
もずく,1285,1285,5000,名詞,一般,*,*,*,*,もずく,もずく,もずく
もずく類,1285,1285,5000,名詞,一般,*,*,*,*,もずく類,もずく類,もずく類
もち,1285,1285,5000,名詞,一般,*,*,*,*,もち,もち,もち
もち米,1285,1285,5000,名詞,一般,*,*,*,*,もち米,もち米,もち米
もなか,1285,1285,5000,名詞,一般,*,*,*,*,もなか,もなか,もなか
もなかあん,1285,1285,5000,名詞,一般,*,*,*,*,もなかあん,もなかあん,もなかあん
もも,1285,1285,5000,名詞,一般,*,*,*,*,もも,もも,もも
もも類,1285,1285,5000,名詞,一般,*,*,*,*,もも類,もも類,もも類
もやしのナムル,1285,1285,5000,名詞,一般,*,*,*,*,もやしのナムル,もやしのナムル,もやしのナムル
もやし類,1285,1285,5000,名詞,一般,*,*,*,*,もやし類,もやし類,もやし類
もろこし,1285,1285,5000,名詞,一般,*,*,*,*,もろこし,もろこし,もろこし
もろこしらくがん,1285,1285,5000,名詞,一般,*,*,*,*,もろこしらくがん,もろこしらくがん,もろこしらくがん
やぎ,1285,1285,5000,名詞,一般,*,*,*,*,やぎ,やぎ,やぎ
やぎ乳,1285,1285,5000,名詞,一般,*,*,*,*,やぎ乳,やぎ乳,やぎ乳
やし油,1285,1285,5000,名詞,一般,*,*,*,*,やし油,やし油,やし油
やつがしら,1285,1285,5000,名詞,一般,*,*,*,*,やつがしら,やつがしら,やつがしら
やつめうなぎ,1285,1285,5000,名詞,一般,*,*,*,*,やつめうなぎ,やつめうなぎ,やつめうなぎ
やなぎまつたけ,1285,1285,5000,名詞,一般,*,*,*,*,やなぎまつたけ,やなぎまつたけ,やなぎまつたけ
やぶまめ,1285,1285,5000,名詞,一般,*,*,*,*,やぶまめ,やぶまめ,やぶまめ
やまうど,1285,1285,5000,名詞,一般,*,*,*,*,やまうど,やまうど,やまうど
やまごぼう,1285,1285,5000,名詞,一般,*,*,*,*,やまごぼう,やまごぼう,やまごぼう
やまといも,1285,1285,5000,名詞,一般,*,*,*,*,やまといも,やまといも,やまといも
やまのいも類,1285,1285,5000,名詞,一般,*,*,*,*,やまのいも類,やまのいも類,やまのいも類
やまめ,1285,1285,5000,名詞,一般,*,*,*,*,やまめ,やまめ,やまめ
やまもも,1285,1285,5000,名詞,一般,*,*,*,*,やまもも,やまもも,やまもも
やりいか,1285,1285,5000,名詞,一般,*,*,*,*,やりいか,やりいか,やりいか
ゆし豆腐,1285,1285,5000,名詞,一般,*,*,*,*,ゆし豆腐,ゆし豆腐,ゆし豆腐
ゆず,1285,1285,5000,名詞,一般,*,*,*,*,ゆず,ゆず,ゆず
ゆずこしょう,1285,1285,5000,名詞,一般,*,*,*,*,ゆずこしょう,ゆずこしょう,ゆずこしょう
ゆで,1285,1285,5000,名詞,一般,*,*,*,*,ゆで,ゆで,ゆで
ゆで小豆缶詰,1285,1285,5000,名詞,一般,*,*,*,*,ゆで小豆缶詰,ゆで小豆缶詰,ゆで小豆缶詰
ゆべし,1285,1285,5000,名詞,一般,*,*,*,*,ゆべし,ゆべし,ゆべし
ゆりね,1285,1285,5000,名詞,一般,*,*,*,*,ゆりね,ゆりね,ゆりね
ようかん,1285,1285,5000,名詞,一般,*,*,*,*,ようかん,ようかん,ようかん
ようさい,1285,1285,5000,名詞,一般,*,*,*,*,ようさい,ようさい,ようさい
よしきりざめ,1285,1285,5000,名詞,一般,*,*,*,*,よしきりざめ,よしきりざめ,よしきりざめ
よめな,1285,1285,5000,名詞,一般,*,*,*,*,よめな,よめな,よめな
よもぎ,1285,1285,5000,名詞,一般,*,*,*,*,よもぎ,よもぎ,よもぎ
らいまめ,1285,1285,5000,名詞,一般,*,*,*,*,らいまめ,らいまめ,らいまめ
らくがん,1285,1285,5000,名詞,一般,*,*,*,*,らくがん,らくがん,らくがん
らっかせい,1285,1285,5000,名詞,一般,*,*,*,*,らっかせい,らっかせい,らっかせい
らっきょう,1285,1285,5000,名詞,一般,*,*,*,*,らっきょう,らっきょう,らっきょう
らっきょう類,1285,1285,5000,名詞,一般,*,*,*,*,らっきょう類,らっきょう類,らっきょう類
りしりこんぶ,1285,1285,5000,名詞,一般,*,*,*,*,りしりこんぶ,りしりこんぶ,りしりこんぶ
りゅうがん,1285,1285,5000,名詞,一般,*,*,*,*,りゅうがん,りゅうがん,りゅうがん
りょくとう,1285,1285,5000,名詞,一般,*,*,*,*,りょくとう,りょくとう,りょくとう
りょくとうもやし,1285,1285,5000,名詞,一般,*,*,*,*,りょくとうもやし,りょくとうもやし,りょくとうもやし
りんご,1285,1285,5000,名詞,一般,*,*,*,*,りんご,りんご,りんご
りんご酢,1285,1285,5000,名詞,一般,*,*,*,*,りんご酢,りんご酢,りんご酢
りん茎,1285,1285,5000,名詞,一般,*,*,*,*,りん茎,りん茎,りん茎
りん茎及び葉,1285,1285,5000,名詞,一般,*,*,*,*,りん茎及び葉,りん茎及び葉,りん茎及び葉
りん茎葉,1285,1285,5000,名詞,一般,*,*,*,*,りん茎葉,りん茎葉,りん茎葉
れんこん,1285,1285,5000,名詞,一般,*,*,*,*,れんこん,れんこん,れんこん
ろくじょう豆腐,1285,1285,5000,名詞,一般,*,*,*,*,ろくじょう豆腐,ろくじょう豆腐,ろくじょう豆腐
わかさぎ,1285,1285,5000,名詞,一般,*,*,*,*,わかさぎ,わかさぎ,わかさぎ
わかめ,1285,1285,5000,名詞,一般,*,*,*,*,わかめ,わかめ,わかめ
わかめとねぎの酢みそ和え,1285,1285,5000,名詞,一般,*,*,*,*,わかめとねぎの酢みそ和え,わかめとねぎの酢みそ和え,わかめとねぎの酢みそ和え
わけぎ,1285,1285,5000,名詞,一般,*,*,*,*,わけぎ,わけぎ,わけぎ
わさび,1285,1285,5000,名詞,一般,*,*,*,*,わさび,わさび,わさび
わさび漬,1285,1285,5000,名詞,一般,*,*,*,*,わさび漬,わさび漬,わさび漬
わらび,1285,1285,5000,名詞,一般,*,*,*,*,わらび,わらび,わらび
アイスクリーム,1285,1285,5000,名詞,一般,*,*,*,*,アイスクリーム,アイスクリーム,アイスクリーム
アイスクリーム類,1285,1285,5000,名詞,一般,*,*,*,*,アイスクリーム類,アイスクリーム類,アイスクリーム類
アイスミルク,1285,1285,5000,名詞,一般,*,*,*,*,アイスミルク,アイスミルク,アイスミルク
アサイー,1285,1285,5000,名詞,一般,*,*,*,*,アサイー,アサイー,アサイー
アジの南蛮漬け,1285,1285,5000,名詞,一般,*,*,*,*,アジの南蛮漬け,アジの南蛮漬け,アジの南蛮漬け
アスパラガス,1285,1285,5000,名詞,一般,*,*,*,*,アスパラガス,アスパラガス,アスパラガス
アセロラ,1285,1285,5000,名詞,一般,*,*,*,*,アセロラ,アセロラ,アセロラ
アップルパイ,1285,1285,5000,名詞,一般,*,*,*,*,アップルパイ,アップルパイ,アップルパイ
アテモヤ,1285,1285,5000,名詞,一般,*,*,*,*,アテモヤ,アテモヤ,アテモヤ
アボカド,1285,1285,5000,名詞,一般,*,*,*,*,アボカド,アボカド,アボカド
アマランサス,1285,1285,5000,名詞,一般,*,*,*,*,アマランサス,アマランサス,アマランサス
アメリカほどいも,1285,1285,5000,名詞,一般,*,*,*,*,アメリカほどいも,アメリカほどいも,アメリカほどいも
アメリカンタイプ,1285,1285,5000,名詞,一般,*,*,*,*,アメリカンタイプ,アメリカンタイプ,アメリカンタイプ
アラスカめぬけ,1285,1285,5000,名詞,一般,*,*,*,*,アラスカめぬけ,アラスカめぬけ,アラスカめぬけ
アルファルファもやし,1285,1285,5000,名詞,一般,*,*,*,*,アルファルファもやし,アルファルファもやし,アルファルファもやし
アルファ化米,1285,1285,5000,名詞,一般,*,*,*,*,アルファ化米,アルファ化米,アルファ化米
アロエ,1285,1285,5000,名詞,一般,*,*,*,*,アロエ,アロエ,アロエ
アンチョビ,1285,1285,5000,名詞,一般,*,*,*,*,アンチョビ,アンチョビ,アンチョビ
アーティチョーク,1285,1285,5000,名詞,一般,*,*,*,*,アーティチョーク,アーティチョーク,アーティチョーク
アーモンド,1285,1285,5000,名詞,一般,*,*,*,*,アーモンド,アーモンド,アーモンド
アーモンドチョコレート,1285,1285,5000,名詞,一般,*,*,*,*,アーモンドチョコレート,アーモンドチョコレート,アーモンドチョコレート
イクラ,1285,1285,5000,名詞,一般,*,*,*,*,イクラ,イクラ,イクラ
イングリッシュマフィン,1285,1285,5000,名詞,一般,*,*,*,*,イングリッシュマフィン,イングリッシュマフィン,イングリッシュマフィン
インスタントコーヒー,1285,1285,5000,名詞,一般,*,*,*,*,インスタントコーヒー,インスタントコーヒー,インスタントコーヒー
インディカ米,1285,1285,5000,名詞,一般,*,*,*,*,インディカ米,インディカ米,インディカ米
イーストドーナッツ,1285,1285,5000,名詞,一般,*,*,*,*,イーストドーナッツ,イーストドーナッツ,イーストドーナッツ
ウイスキー,1285,1285,5000,名詞,一般,*,*,*,*,ウイスキー,ウイスキー,ウイスキー
ウインナーソーセージ,1285,1285,5000,名詞,一般,*,*,*,*,ウインナーソーセージ,ウインナーソーセージ,ウインナーソーセージ
ウエハース,1285,1285,5000,名詞,一般,*,*,*,*,ウエハース,ウエハース,ウエハース
ウオッカ,1285,1285,5000,名詞,一般,*,*,*,*,ウオッカ,ウオッカ,ウオッカ
ウスターソース,1285,1285,5000,名詞,一般,*,*,*,*,ウスターソース,ウスターソース,ウスターソース
ウスターソース類,1285,1285,5000,名詞,一般,*,*,*,*,ウスターソース類,ウスターソース類,ウスターソース類
ウーロン茶,1285,1285,5000,名詞,一般,*,*,*,*,ウーロン茶,ウーロン茶,ウーロン茶
エシャレット,1285,1285,5000,名詞,一般,*,*,*,*,エシャレット,エシャレット,エシャレット
エスカルゴ,1285,1285,5000,名詞,一般,*,*,*,*,エスカルゴ,エスカルゴ,エスカルゴ
エダム,1285,1285,5000,名詞,一般,*,*,*,*,エダム,エダム,エダム
エビチリの素,1285,1285,5000,名詞,一般,*,*,*,*,エビチリの素,エビチリの素,エビチリの素
エメンタール,1285,1285,5000,名詞,一般,*,*,*,*,エメンタール,エメンタール,エメンタール
エリンギ,1285,1285,5000,名詞,一般,*,*,*,*,エリンギ,エリンギ,エリンギ
エンダイブ,1285,1285,5000,名詞,一般,*,*,*,*,エンダイブ,エンダイブ,エンダイブ
オイスターソース,1285,1285,5000,名詞,一般,*,*,*,*,オイスターソース,オイスターソース,オイスターソース
オイルスプレークラッカー,1285,1285,5000,名詞,一般,*,*,*,*,オイルスプレークラッカー,オイルスプレークラッカー,オイルスプレークラッカー
オクラ,1285,1285,5000,名詞,一般,*,*,*,*,オクラ,オクラ,オクラ
オニオンパウダー,1285,1285,5000,名詞,一般,*,*,*,*,オニオンパウダー,オニオンパウダー,オニオンパウダー
オリーブ,1285,1285,5000,名詞,一般,*,*,*,*,オリーブ,オリーブ,オリーブ
オリーブ油,1285,1285,5000,名詞,一般,*,*,*,*,オリーブ油,オリーブ油,オリーブ油
オレンジ,1285,1285,5000,名詞,一般,*,*,*,*,オレンジ,オレンジ,オレンジ
オレンジピーマン,1285,1285,5000,名詞,一般,*,*,*,*,オレンジピーマン,オレンジピーマン,オレンジピーマン
オロブランコ,1285,1285,5000,名詞,一般,*,*,*,*,オロブランコ,オロブランコ,オロブランコ
オートミール,1285,1285,5000,名詞,一般,*,*,*,*,オートミール,オートミール,オートミール
オールスパイス,1285,1285,5000,名詞,一般,*,*,*,*,オールスパイス,オールスパイス,オールスパイス
カシス,1285,1285,5000,名詞,一般,*,*,*,*,カシス,カシス,カシス
カシューナッツ,1285,1285,5000,名詞,一般,*,*,*,*,カシューナッツ,カシューナッツ,カシューナッツ
カスタードクリーム,1285,1285,5000,名詞,一般,*,*,*,*,カスタードクリーム,カスタードクリーム,カスタードクリーム
カスタードクリーム入り,1285,1285,5000,名詞,一般,*,*,*,*,カスタードクリーム入り,カスタードクリーム入り,カスタードクリーム入り
カスタードプリン,1285,1285,5000,名詞,一般,*,*,*,*,カスタードプリン,カスタードプリン,カスタードプリン
カステラ,1285,1285,5000,名詞,一般,*,*,*,*,カステラ,カステラ,カステラ
カステラまんじゅう,1285,1285,5000,名詞,一般,*,*,*,*,カステラまんじゅう,カステラまんじゅう,カステラまんじゅう
カゼイン,1285,1285,5000,名詞,一般,*,*,*,*,カゼイン,カゼイン,カゼイン
カットなめこ,1285,1285,5000,名詞,一般,*,*,*,*,カットなめこ,カットなめこ,カットなめこ
カットわかめ,1285,1285,5000,名詞,一般,*,*,*,*,カットわかめ,カットわかめ,カットわかめ
カテージ,1285,1285,5000,名詞,一般,*,*,*,*,カテージ,カテージ,カテージ
カニクリームコロッケ,1285,1285,5000,名詞,一般,*,*,*,*,カニクリームコロッケ,カニクリームコロッケ,カニクリームコロッケ
カバーリングチョコレート,1285,1285,5000,名詞,一般,*,*,*,*,カバーリングチョコレート,カバーリングチョコレート,カバーリングチョコレート
カマンベール,1285,1285,5000,名詞,一般,*,*,*,*,カマンベール,カマンベール,カマンベール
カリフラワー,1285,1285,5000,名詞,一般,*,*,*,*,カリフラワー,カリフラワー,カリフラワー
カレーパン,1285,1285,5000,名詞,一般,*,*,*,*,カレーパン,カレーパン,カレーパン
カレールウ,1285,1285,5000,名詞,一般,*,*,*,*,カレールウ,カレールウ,カレールウ
カレー粉,1285,1285,5000,名詞,一般,*,*,*,*,カレー粉,カレー粉,カレー粉
カレー類,1285,1285,5000,名詞,一般,*,*,*,*,カレー類,カレー類,カレー類
カーネル,1285,1285,5000,名詞,一般,*,*,*,*,カーネル,カーネル,カーネル
ガーリックパウダー,1285,1285,5000,名詞,一般,*,*,*,*,ガーリックパウダー,ガーリックパウダー,ガーリックパウダー
キウイフルーツ,1285,1285,5000,名詞,一般,*,*,*,*,キウイフルーツ,キウイフルーツ,キウイフルーツ
キヌア,1285,1285,5000,名詞,一般,*,*,*,*,キヌア,キヌア,キヌア
キムチ,1285,1285,5000,名詞,一般,*,*,*,*,キムチ,キムチ,キムチ
キムチの素,1285,1285,5000,名詞,一般,*,*,*,*,キムチの素,キムチの素,キムチの素
キャッサバでん粉,1285,1285,5000,名詞,一般,*,*,*,*,キャッサバでん粉,キャッサバでん粉,キャッサバでん粉
キャビア,1285,1285,5000,名詞,一般,*,*,*,*,キャビア,キャビア,キャビア
キャベツ,1285,1285,5000,名詞,一般,*,*,*,*,キャベツ,キャベツ,キャベツ
キャベツ類,1285,1285,5000,名詞,一般,*,*,*,*,キャベツ類,キャベツ類,キャベツ類
キャラメル,1285,1285,5000,名詞,一般,*,*,*,*,キャラメル,キャラメル,キャラメル
キュラソー,1285,1285,5000,名詞,一般,*,*,*,*,キュラソー,キュラソー,キュラソー
キワノ,1285,1285,5000,名詞,一般,*,*,*,*,キワノ,キワノ,キワノ
キングクリップ,1285,1285,5000,名詞,一般,*,*,*,*,キングクリップ,キングクリップ,キングクリップ
キンサイ,1285,1285,5000,名詞,一般,*,*,*,*,キンサイ,キンサイ,キンサイ
クラッカー,1285,1285,5000,名詞,一般,*,*,*,*,クラッカー,クラッカー,クラッカー
クリーム,1285,1285,5000,名詞,一般,*,*,*,*,クリーム,クリーム,クリーム
クリームコロッケ,1285,1285,5000,名詞,一般,*,*,*,*,クリームコロッケ,クリームコロッケ,クリームコロッケ
クリームスタイル,1285,1285,5000,名詞,一般,*,*,*,*,クリームスタイル,クリームスタイル,クリームスタイル
クリームパン,1285,1285,5000,名詞,一般,*,*,*,*,クリームパン,クリームパン,クリームパン
クリーム入り,1285,1285,5000,名詞,一般,*,*,*,*,クリーム入り,クリーム入り,クリーム入り
クリーム類,1285,1285,5000,名詞,一般,*,*,*,*,クリーム類,クリーム類,クリーム類
クレソン,1285,1285,5000,名詞,一般,*,*,*,*,クレソン,クレソン,クレソン
クロワッサン,1285,1285,5000,名詞,一般,*,*,*,*,クロワッサン,クロワッサン,クロワッサン
クローブ,1285,1285,5000,名詞,一般,*,*,*,*,クローブ,クローブ,クローブ
グァバ,1285,1285,5000,名詞,一般,*,*,*,*,グァバ,グァバ,グァバ
グラッセ,1285,1285,5000,名詞,一般,*,*,*,*,グラッセ,グラッセ,グラッセ
グラニュー糖,1285,1285,5000,名詞,一般,*,*,*,*,グラニュー糖,グラニュー糖,グラニュー糖
グリンピース,1285,1285,5000,名詞,一般,*,*,*,*,グリンピース,グリンピース,グリンピース
グリンピース揚げ豆,1285,1285,5000,名詞,一般,*,*,*,*,グリンピース揚げ豆,グリンピース揚げ豆,グリンピース揚げ豆
グリーンオリーブ,1285,1285,5000,名詞,一般,*,*,*,*,グリーンオリーブ,グリーンオリーブ,グリーンオリーブ
グリーンボール,1285,1285,5000,名詞,一般,*,*,*,*,グリーンボール,グリーンボール,グリーンボール
グレープフルーツ,1285,1285,5000,名詞,一般,*,*,*,*,グレープフルーツ,グレープフルーツ,グレープフルーツ
グーズベリー,1285,1285,5000,名詞,一般,*,*,*,*,グーズベリー,グーズベリー,グーズベリー
ケーキドーナッツ,1285,1285,5000,名詞,一般,*,*,*,*,ケーキドーナッツ,ケーキドーナッツ,ケーキドーナッツ
ケール,1285,1285,5000,名詞,一般,*,*,*,*,ケール,ケール,ケール
ココア,1285,1285,5000,名詞,一般,*,*,*,*,ココア,ココア,ココア
ココナッツ,1285,1285,5000,名詞,一般,*,*,*,*,ココナッツ,ココナッツ,ココナッツ
ココナッツウォーター,1285,1285,5000,名詞,一般,*,*,*,*,ココナッツウォーター,ココナッツウォーター,ココナッツウォーター
ココナッツパウダー,1285,1285,5000,名詞,一般,*,*,*,*,ココナッツパウダー,ココナッツパウダー,ココナッツパウダー
ココナッツミルク,1285,1285,5000,名詞,一般,*,*,*,*,ココナッツミルク,ココナッツミルク,ココナッツミルク
コスレタス,1285,1285,5000,名詞,一般,*,*,*,*,コスレタス,コスレタス,コスレタス
コッペパン,1285,1285,5000,名詞,一般,*,*,*,*,コッペパン,コッペパン,コッペパン
コリアンダー,1285,1285,5000,名詞,一般,*,*,*,*,コリアンダー,コリアンダー,コリアンダー
コロッケ,1285,1285,5000,名詞,一般,*,*,*,*,コロッケ,コロッケ,コロッケ
コロッケ類,1285,1285,5000,名詞,一般,*,*,*,*,コロッケ類,コロッケ類,コロッケ類
コンビーフ缶詰,1285,1285,5000,名詞,一般,*,*,*,*,コンビーフ缶詰,コンビーフ缶詰,コンビーフ缶詰
コーヒー,1285,1285,5000,名詞,一般,*,*,*,*,コーヒー,コーヒー,コーヒー
コーヒーシュガー,1285,1285,5000,名詞,一般,*,*,*,*,コーヒーシュガー,コーヒーシュガー,コーヒーシュガー
コーヒーホワイトナー,1285,1285,5000,名詞,一般,*,*,*,*,コーヒーホワイトナー,コーヒーホワイトナー,コーヒーホワイトナー
コーヒー飲料,1285,1285,5000,名詞,一般,*,*,*,*,コーヒー飲料,コーヒー飲料,コーヒー飲料
コーラ,1285,1285,5000,名詞,一般,*,*,*,*,コーラ,コーラ,コーラ
コールラビ,1285,1285,5000,名詞,一般,*,*,*,*,コールラビ,コールラビ,コールラビ
コーンクリームコロッケ,1285,1285,5000,名詞,一般,*,*,*,*,コーンクリームコロッケ,コーンクリームコロッケ,コーンクリームコロッケ
コーンクリームスープ,1285,1285,5000,名詞,一般,*,*,*,*,コーンクリームスープ,コーンクリームスープ,コーンクリームスープ
コーングリッツ,1285,1285,5000,名詞,一般,*,*,*,*,コーングリッツ,コーングリッツ,コーングリッツ
コーンスナック,1285,1285,5000,名詞,一般,*,*,*,*,コーンスナック,コーンスナック,コーンスナック
コーンフラワー,1285,1285,5000,名詞,一般,*,*,*,*,コーンフラワー,コーンフラワー,コーンフラワー
コーンフレーク,1285,1285,5000,名詞,一般,*,*,*,*,コーンフレーク,コーンフレーク,コーンフレーク
コーンミール,1285,1285,5000,名詞,一般,*,*,*,*,コーンミール,コーンミール,コーンミール
ゴーダ,1285,1285,5000,名詞,一般,*,*,*,*,ゴーダ,ゴーダ,ゴーダ
サイダー,1285,1285,5000,名詞,一般,*,*,*,*,サイダー,サイダー,サイダー
サウザンアイランドドレッシング,1285,1285,5000,名詞,一般,*,*,*,*,サウザンアイランドドレッシング,サウザンアイランドドレッシング,サウザンアイランドドレッシング
サケ節,1285,1285,5000,名詞,一般,*,*,*,*,サケ節,サケ節,サケ節
サゴでん粉,1285,1285,5000,名詞,一般,*,*,*,*,サゴでん粉,サゴでん粉,サゴでん粉
サニーレタス,1285,1285,5000,名詞,一般,*,*,*,*,サニーレタス,サニーレタス,サニーレタス
サフラワー油,1285,1285,5000,名詞,一般,*,*,*,*,サフラワー油,サフラワー油,サフラワー油
サブレ,1285,1285,5000,名詞,一般,*,*,*,*,サブレ,サブレ,サブレ
サラダな,1285,1285,5000,名詞,一般,*,*,*,*,サラダな,サラダな,サラダな
サワー型,1285,1285,5000,名詞,一般,*,*,*,*,サワー型,サワー型,サワー型
サンチュ,1285,1285,5000,名詞,一般,*,*,*,*,サンチュ,サンチュ,サンチュ
サーロイン,1285,1285,5000,名詞,一般,*,*,*,*,サーロイン,サーロイン,サーロイン
ザーサイ,1285,1285,5000,名詞,一般,*,*,*,*,ザーサイ,ザーサイ,ザーサイ
シチュー類,1285,1285,5000,名詞,一般,*,*,*,*,シチュー類,シチュー類,シチュー類
シナモン,1285,1285,5000,名詞,一般,*,*,*,*,シナモン,シナモン,シナモン
シャーベット,1285,1285,5000,名詞,一般,*,*,*,*,シャーベット,シャーベット,シャーベット
シュークリーム,1285,1285,5000,名詞,一般,*,*,*,*,シュークリーム,シュークリーム,シュークリーム
ショルダーハム,1285,1285,5000,名詞,一般,*,*,*,*,ショルダーハム,ショルダーハム,ショルダーハム
ショルダーベーコン,1285,1285,5000,名詞,一般,*,*,*,*,ショルダーベーコン,ショルダーベーコン,ショルダーベーコン
ショートケーキ,1285,1285,5000,名詞,一般,*,*,*,*,ショートケーキ,ショートケーキ,ショートケーキ
ショートニング,1285,1285,5000,名詞,一般,*,*,*,*,ショートニング,ショートニング,ショートニング
シルバー,1285,1285,5000,名詞,一般,*,*,*,*,シルバー,シルバー,シルバー
シークヮーサー,1285,1285,5000,名詞,一般,*,*,*,*,シークヮーサー,シークヮーサー,シークヮーサー
ジャイアントコーン,1285,1285,5000,名詞,一般,*,*,*,*,ジャイアントコーン,ジャイアントコーン,ジャイアントコーン
ジャム,1285,1285,5000,名詞,一般,*,*,*,*,ジャム,ジャム,ジャム
ジャムパン,1285,1285,5000,名詞,一般,*,*,*,*,ジャムパン,ジャムパン,ジャムパン
ジャム入り,1285,1285,5000,名詞,一般,*,*,*,*,ジャム入り,ジャム入り,ジャム入り
ジャージー種,1285,1285,5000,名詞,一般,*,*,*,*,ジャージー種,ジャージー種,ジャージー種
ジュース,1285,1285,5000,名詞,一般,*,*,*,*,ジュース,ジュース,ジュース
ジン,1285,1285,5000,名詞,一般,*,*,*,*,ジン,ジン,ジン
スイートコーン,1285,1285,5000,名詞,一般,*,*,*,*,スイートコーン,スイートコーン,スイートコーン
スイートワイン,1285,1285,5000,名詞,一般,*,*,*,*,スイートワイン,スイートワイン,スイートワイン
スイート型,1285,1285,5000,名詞,一般,*,*,*,*,スイート型,スイート型,スイート型
スタウト,1285,1285,5000,名詞,一般,*,*,*,*,スタウト,スタウト,スタウト
スタッフドオリーブ,1285,1285,5000,名詞,一般,*,*,*,*,スタッフドオリーブ,スタッフドオリーブ,スタッフドオリーブ
スターフルーツ,1285,1285,5000,名詞,一般,*,*,*,*,スターフルーツ,スターフルーツ,スターフルーツ
ステンレス釜,1285,1285,5000,名詞,一般,*,*,*,*,ステンレス釜,ステンレス釜,ステンレス釜
ストレート,1285,1285,5000,名詞,一般,*,*,*,*,ストレート,ストレート,ストレート
ストレートしょうゆ味,1285,1285,5000,名詞,一般,*,*,*,*,ストレートしょうゆ味,ストレートしょうゆ味,ストレートしょうゆ味
ストレートみそ味,1285,1285,5000,名詞,一般,*,*,*,*,ストレートみそ味,ストレートみそ味,ストレートみそ味
ストレートジュース,1285,1285,5000,名詞,一般,*,*,*,*,ストレートジュース,ストレートジュース,ストレートジュース
スナップえんどう,1285,1285,5000,名詞,一般,*,*,*,*,スナップえんどう,スナップえんどう,スナップえんどう
スポンジケーキ,1285,1285,5000,名詞,一般,*,*,*,*,スポンジケーキ,スポンジケーキ,スポンジケーキ
スポーツドリンク,1285,1285,5000,名詞,一般,*,*,*,*,スポーツドリンク,スポーツドリンク,スポーツドリンク
スモークタン,1285,1285,5000,名詞,一般,*,*,*,*,スモークタン,スモークタン,スモークタン
スモークレバー,1285,1285,5000,名詞,一般,*,*,*,*,スモークレバー,スモークレバー,スモークレバー
スープを残したもの,1285,1285,5000,名詞,一般,*,*,*,*,スープを残したもの,スープを残したもの,スープを残したもの
スープ類,1285,1285,5000,名詞,一般,*,*,*,*,スープ類,スープ類,スープ類
ズッキーニ,1285,1285,5000,名詞,一般,*,*,*,*,ズッキーニ,ズッキーニ,ズッキーニ
セミドライソーセージ,1285,1285,5000,名詞,一般,*,*,*,*,セミドライソーセージ,セミドライソーセージ,セミドライソーセージ
セミノール,1285,1285,5000,名詞,一般,*,*,*,*,セミノール,セミノール,セミノール
セレベス,1285,1285,5000,名詞,一般,*,*,*,*,セレベス,セレベス,セレベス
セロリ,1285,1285,5000,名詞,一般,*,*,*,*,セロリ,セロリ,セロリ
セージ,1285,1285,5000,名詞,一般,*,*,*,*,セージ,セージ,セージ
ゼラチン,1285,1285,5000,名詞,一般,*,*,*,*,ゼラチン,ゼラチン,ゼラチン
ゼリー,1285,1285,5000,名詞,一般,*,*,*,*,ゼリー,ゼリー,ゼリー
ゼリーキャンデー,1285,1285,5000,名詞,一般,*,*,*,*,ゼリーキャンデー,ゼリーキャンデー,ゼリーキャンデー
ゼリービーンズ,1285,1285,5000,名詞,一般,*,*,*,*,ゼリービーンズ,ゼリービーンズ,ゼリービーンズ
ソテー,1285,1285,5000,名詞,一般,*,*,*,*,ソテー,ソテー,ソテー
ソフトクリーム,1285,1285,5000,名詞,一般,*,*,*,*,ソフトクリーム,ソフトクリーム,ソフトクリーム
ソフトビスケット,1285,1285,5000,名詞,一般,*,*,*,*,ソフトビスケット,ソフトビスケット,ソフトビスケット
ソフト豆腐,1285,1285,5000,名詞,一般,*,*,*,*,ソフト豆腐,ソフト豆腐,ソフト豆腐
ソーダクラッカー,1285,1285,5000,名詞,一般,*,*,*,*,ソーダクラッカー,ソーダクラッカー,ソーダクラッカー
タアサイ,1285,1285,5000,名詞,一般,*,*,*,*,タアサイ,タアサイ,タアサイ
タイム,1285,1285,5000,名詞,一般,*,*,*,*,タイム,タイム,タイム
タピオカパール,1285,1285,5000,名詞,一般,*,*,*,*,タピオカパール,タピオカパール,タピオカパール
タルト,1285,1285,5000,名詞,一般,*,*,*,*,タルト,タルト,タルト
チアシード,1285,1285,5000,名詞,一般,*,*,*,*,チアシード,チアシード,チアシード
チェダー,1285,1285,5000,名詞,一般,*,*,*,*,チェダー,チェダー,チェダー
チェリモヤ,1285,1285,5000,名詞,一般,*,*,*,*,チェリモヤ,チェリモヤ,チェリモヤ
チキンカレー,1285,1285,5000,名詞,一般,*,*,*,*,チキンカレー,チキンカレー,チキンカレー
チキンシチュー,1285,1285,5000,名詞,一般,*,*,*,*,チキンシチュー,チキンシチュー,チキンシチュー
チキンナゲット,1285,1285,5000,名詞,一般,*,*,*,*,チキンナゲット,チキンナゲット,チキンナゲット
チキンハンバーグ,1285,1285,5000,名詞,一般,*,*,*,*,チキンハンバーグ,チキンハンバーグ,チキンハンバーグ
チコリ,1285,1285,5000,名詞,一般,*,*,*,*,チコリ,チコリ,チコリ
チョココロネ,1285,1285,5000,名詞,一般,*,*,*,*,チョココロネ,チョココロネ,チョココロネ
チョコパン,1285,1285,5000,名詞,一般,*,*,*,*,チョコパン,チョコパン,チョコパン
チョコレートクリーム,1285,1285,5000,名詞,一般,*,*,*,*,チョコレートクリーム,チョコレートクリーム,チョコレートクリーム
チョップドハム,1285,1285,5000,名詞,一般,*,*,*,*,チョップドハム,チョップドハム,チョップドハム
チリソース,1285,1285,5000,名詞,一般,*,*,*,*,チリソース,チリソース,チリソース
チリパウダー,1285,1285,5000,名詞,一般,*,*,*,*,チリパウダー,チリパウダー,チリパウダー
チリペッパーソース,1285,1285,5000,名詞,一般,*,*,*,*,チリペッパーソース,チリペッパーソース,チリペッパーソース
チンゲンサイ,1285,1285,5000,名詞,一般,*,*,*,*,チンゲンサイ,チンゲンサイ,チンゲンサイ
チーズケーキ,1285,1285,5000,名詞,一般,*,*,*,*,チーズケーキ,チーズケーキ,チーズケーキ
チーズスプレッド,1285,1285,5000,名詞,一般,*,*,*,*,チーズスプレッド,チーズスプレッド,チーズスプレッド
チーズホエーパウダー,1285,1285,5000,名詞,一般,*,*,*,*,チーズホエーパウダー,チーズホエーパウダー,チーズホエーパウダー
チーズ類,1285,1285,5000,名詞,一般,*,*,*,*,チーズ類,チーズ類,チーズ類
テンペ,1285,1285,5000,名詞,一般,*,*,*,*,テンペ,テンペ,テンペ
テンメンジャン,1285,1285,5000,名詞,一般,*,*,*,*,テンメンジャン,テンメンジャン,テンメンジャン
デニッシュペストリー,1285,1285,5000,名詞,一般,*,*,*,*,デニッシュペストリー,デニッシュペストリー,デニッシュペストリー
デミグラスソース,1285,1285,5000,名詞,一般,*,*,*,*,デミグラスソース,デミグラスソース,デミグラスソース
デンマークタイプ,1285,1285,5000,名詞,一般,*,*,*,*,デンマークタイプ,デンマークタイプ,デンマークタイプ
トウバンジャン,1285,1285,5000,名詞,一般,*,*,*,*,トウバンジャン,トウバンジャン,トウバンジャン
トウミョウ,1285,1285,5000,名詞,一般,*,*,*,*,トウミョウ,トウミョウ,トウミョウ
トマトケチャップ,1285,1285,5000,名詞,一般,*,*,*,*,トマトケチャップ,トマトケチャップ,トマトケチャップ
トマトジュース,1285,1285,5000,名詞,一般,*,*,*,*,トマトジュース,トマトジュース,トマトジュース
トマトソース,1285,1285,5000,名詞,一般,*,*,*,*,トマトソース,トマトソース,トマトソース
トマトピューレー,1285,1285,5000,名詞,一般,*,*,*,*,トマトピューレー,トマトピューレー,トマトピューレー
トマトペースト,1285,1285,5000,名詞,一般,*,*,*,*,トマトペースト,トマトペースト,トマトペースト
トマト加工品類,1285,1285,5000,名詞,一般,*,*,*,*,トマト加工品類,トマト加工品類,トマト加工品類
トマト漬,1285,1285,5000,名詞,一般,*,*,*,*,トマト漬,トマト漬,トマト漬
トマト類,1285,1285,5000,名詞,一般,*,*,*,*,トマト類,トマト類,トマト類
トマピー,1285,1285,5000,名詞,一般,*,*,*,*,トマピー,トマピー,トマピー
トレビス,1285,1285,5000,名詞,一般,*,*,*,*,トレビス,トレビス,トレビス
ドライソーセージ,1285,1285,5000,名詞,一般,*,*,*,*,ドライソーセージ,ドライソーセージ,ドライソーセージ
ドライトマト,1285,1285,5000,名詞,一般,*,*,*,*,ドライトマト,ドライトマト,ドライトマト
ドライマンゴー,1285,1285,5000,名詞,一般,*,*,*,*,ドライマンゴー,ドライマンゴー,ドライマンゴー
ドラゴンフルーツ,1285,1285,5000,名詞,一般,*,*,*,*,ドラゴンフルーツ,ドラゴンフルーツ,ドラゴンフルーツ
ドリアン,1285,1285,5000,名詞,一般,*,*,*,*,ドリアン,ドリアン,ドリアン
ドリンクタイプ,1285,1285,5000,名詞,一般,*,*,*,*,ドリンクタイプ,ドリンクタイプ,ドリンクタイプ
ドレッシング類,1285,1285,5000,名詞,一般,*,*,*,*,ドレッシング類,ドレッシング類,ドレッシング類
ドロップ,1285,1285,5000,名詞,一般,*,*,*,*,ドロップ,ドロップ,ドロップ
ドーナッツ,1285,1285,5000,名詞,一般,*,*,*,*,ドーナッツ,ドーナッツ,ドーナッツ
ナイルティラピア,1285,1285,5000,名詞,一般,*,*,*,*,ナイルティラピア,ナイルティラピア,ナイルティラピア
ナタデココ,1285,1285,5000,名詞,一般,*,*,*,*,ナタデココ,ナタデココ,ナタデココ
ナチュラルチーズ,1285,1285,5000,名詞,一般,*,*,*,*,ナチュラルチーズ,ナチュラルチーズ,ナチュラルチーズ
ナツメグ,1285,1285,5000,名詞,一般,*,*,*,*,ナツメグ,ナツメグ,ナツメグ
ナン,1285,1285,5000,名詞,一般,*,*,*,*,ナン,ナン,ナン
ナンプラー,1285,1285,5000,名詞,一般,*,*,*,*,ナンプラー,ナンプラー,ナンプラー
ネクタリン,1285,1285,5000,名詞,一般,*,*,*,*,ネクタリン,ネクタリン,ネクタリン
ネクター,1285,1285,5000,名詞,一般,*,*,*,*,ネクター,ネクター,ネクター
ネーブル,1285,1285,5000,名詞,一般,*,*,*,*,ネーブル,ネーブル,ネーブル
ノンオイルタイプ,1285,1285,5000,名詞,一般,*,*,*,*,ノンオイルタイプ,ノンオイルタイプ,ノンオイルタイプ
ハイオレイック,1285,1285,5000,名詞,一般,*,*,*,*,ハイオレイック,ハイオレイック,ハイオレイック
ハイリノール,1285,1285,5000,名詞,一般,*,*,*,*,ハイリノール,ハイリノール,ハイリノール
ハスカップ,1285,1285,5000,名詞,一般,*,*,*,*,ハスカップ,ハスカップ,ハスカップ
ハヤシルウ,1285,1285,5000,名詞,一般,*,*,*,*,ハヤシルウ,ハヤシルウ,ハヤシルウ
ハンバーグステーキ類,1285,1285,5000,名詞,一般,*,*,*,*,ハンバーグステーキ類,ハンバーグステーキ類,ハンバーグステーキ類
ハードビスケット,1285,1285,5000,名詞,一般,*,*,*,*,ハードビスケット,ハードビスケット,ハードビスケット
バジル,1285,1285,5000,名詞,一般,*,*,*,*,バジル,バジル,バジル
バターケーキ,1285,1285,5000,名詞,一般,*,*,*,*,バターケーキ,バターケーキ,バターケーキ
バタースコッチ,1285,1285,5000,名詞,一般,*,*,*,*,バタースコッチ,バタースコッチ,バタースコッチ
バターピーナッツ,1285,1285,5000,名詞,一般,*,*,*,*,バターピーナッツ,バターピーナッツ,バターピーナッツ
バター類,1285,1285,5000,名詞,一般,*,*,*,*,バター類,バター類,バター類
バッター,1285,1285,5000,名詞,一般,*,*,*,*,バッター,バッター,バッター
バナナ,1285,1285,5000,名詞,一般,*,*,*,*,バナナ,バナナ,バナナ
バナメイえび,1285,1285,5000,名詞,一般,*,*,*,*,バナメイえび,バナメイえび,バナメイえび
ババロア,1285,1285,5000,名詞,一般,*,*,*,*,ババロア,ババロア,ババロア
バルサミコ酢,1285,1285,5000,名詞,一般,*,*,*,*,バルサミコ酢,バルサミコ酢,バルサミコ酢
バレンシア,1285,1285,5000,名詞,一般,*,*,*,*,バレンシア,バレンシア,バレンシア
パイ,1285,1285,5000,名詞,一般,*,*,*,*,パイ,パイ,パイ
パインアップル,1285,1285,5000,名詞,一般,*,*,*,*,パインアップル,パインアップル,パインアップル
パイ皮,1285,1285,5000,名詞,一般,*,*,*,*,パイ皮,パイ皮,パイ皮
パクチョイ,1285,1285,5000,名詞,一般,*,*,*,*,パクチョイ,パクチョイ,パクチョイ
パセリ,1285,1285,5000,名詞,一般,*,*,*,*,パセリ,パセリ,パセリ
パッションフルーツ,1285,1285,5000,名詞,一般,*,*,*,*,パッションフルーツ,パッションフルーツ,パッションフルーツ
パパイア,1285,1285,5000,名詞,一般,*,*,*,*,パパイア,パパイア,パパイア
パプリカ,1285,1285,5000,名詞,一般,*,*,*,*,パプリカ,パプリカ,パプリカ
パルメザン,1285,1285,5000,名詞,一般,*,*,*,*,パルメザン,パルメザン,パルメザン
パン粉,1285,1285,5000,名詞,一般,*,*,*,*,パン粉,パン粉,パン粉
パン酵母,1285,1285,5000,名詞,一般,*,*,*,*,パン酵母,パン酵母,パン酵母
パーム核油,1285,1285,5000,名詞,一般,*,*,*,*,パーム核油,パーム核油,パーム核油
パーム油,1285,1285,5000,名詞,一般,*,*,*,*,パーム油,パーム油,パーム油
ヒレ,1285,1285,5000,名詞,一般,*,*,*,*,ヒレ,ヒレ,ヒレ
ビスケット,1285,1285,5000,名詞,一般,*,*,*,*,ビスケット,ビスケット,ビスケット
ビーツ,1285,1285,5000,名詞,一般,*,*,*,*,ビーツ,ビーツ,ビーツ
ビーフカレー,1285,1285,5000,名詞,一般,*,*,*,*,ビーフカレー,ビーフカレー,ビーフカレー
ビーフシチュー,1285,1285,5000,名詞,一般,*,*,*,*,ビーフシチュー,ビーフシチュー,ビーフシチュー
ビーフジャーキー,1285,1285,5000,名詞,一般,*,*,*,*,ビーフジャーキー,ビーフジャーキー,ビーフジャーキー
ビーフン,1285,1285,5000,名詞,一般,*,*,*,*,ビーフン,ビーフン,ビーフン
ビール,1285,1285,5000,名詞,一般,*,*,*,*,ビール,ビール,ビール
ビール風味炭酸飲料,1285,1285,5000,名詞,一般,*,*,*,*,ビール風味炭酸飲料,ビール風味炭酸飲料,ビール風味炭酸飲料
ピクルス,1285,1285,5000,名詞,一般,*,*,*,*,ピクルス,ピクルス,ピクルス
ピザ生地,1285,1285,5000,名詞,一般,*,*,*,*,ピザ生地,ピザ生地,ピザ生地
ピスタチオ,1285,1285,5000,名詞,一般,*,*,*,*,ピスタチオ,ピスタチオ,ピスタチオ
ピュアココア,1285,1285,5000,名詞,一般,*,*,*,*,ピュアココア,ピュアココア,ピュアココア
ピータン,1285,1285,5000,名詞,一般,*,*,*,*,ピータン,ピータン,ピータン
ピーナッツバター,1285,1285,5000,名詞,一般,*,*,*,*,ピーナッツバター,ピーナッツバター,ピーナッツバター
ピーマン類,1285,1285,5000,名詞,一般,*,*,*,*,ピーマン類,ピーマン類,ピーマン類
ファットスプレッド,1285,1285,5000,名詞,一般,*,*,*,*,ファットスプレッド,ファットスプレッド,ファットスプレッド
フォアグラ,1285,1285,5000,名詞,一般,*,*,*,*,フォアグラ,フォアグラ,フォアグラ
フライ,1285,1285,5000,名詞,一般,*,*,*,*,フライ,フライ,フライ
フライドポテト,1285,1285,5000,名詞,一般,*,*,*,*,フライドポテト,フライドポテト,フライドポテト
フライビーンズ,1285,1285,5000,名詞,一般,*,*,*,*,フライビーンズ,フライビーンズ,フライビーンズ
フライ用冷凍食品,1285,1285,5000,名詞,一般,*,*,*,*,フライ用冷凍食品,フライ用冷凍食品,フライ用冷凍食品
フライ類,1285,1285,5000,名詞,一般,*,*,*,*,フライ類,フライ類,フライ類
フランクフルトソーセージ,1285,1285,5000,名詞,一般,*,*,*,*,フランクフルトソーセージ,フランクフルトソーセージ,フランクフルトソーセージ
フランスパン,1285,1285,5000,名詞,一般,*,*,*,*,フランスパン,フランスパン,フランスパン
フルーツ,1285,1285,5000,名詞,一般,*,*,*,*,フルーツ,フルーツ,フルーツ
フレンチドレッシング,1285,1285,5000,名詞,一般,*,*,*,*,フレンチドレッシング,フレンチドレッシング,フレンチドレッシング
フレーク,1285,1285,5000,名詞,一般,*,*,*,*,フレーク,フレーク,フレーク
ブラジルナッツ,1285,1285,5000,名詞,一般,*,*,*,*,ブラジルナッツ,ブラジルナッツ,ブラジルナッツ
ブラジル産,1285,1285,5000,名詞,一般,*,*,*,*,ブラジル産,ブラジル産,ブラジル産
ブラックオリーブ,1285,1285,5000,名詞,一般,*,*,*,*,ブラックオリーブ,ブラックオリーブ,ブラックオリーブ
ブラックタイガー,1285,1285,5000,名詞,一般,*,*,*,*,ブラックタイガー,ブラックタイガー,ブラックタイガー
ブラックマッペもやし,1285,1285,5000,名詞,一般,*,*,*,*,ブラックマッペもやし,ブラックマッペもやし,ブラックマッペもやし
ブランデー,1285,1285,5000,名詞,一般,*,*,*,*,ブランデー,ブランデー,ブランデー
ブリットル,1285,1285,5000,名詞,一般,*,*,*,*,ブリットル,ブリットル,ブリットル
ブルー,1285,1285,5000,名詞,一般,*,*,*,*,ブルー,ブルー,ブルー
ブルーベリー,1285,1285,5000,名詞,一般,*,*,*,*,ブルーベリー,ブルーベリー,ブルーベリー
ブロッコリー,1285,1285,5000,名詞,一般,*,*,*,*,ブロッコリー,ブロッコリー,ブロッコリー
プルーン,1285,1285,5000,名詞,一般,*,*,*,*,プルーン,プルーン,プルーン
プレスハム,1285,1285,5000,名詞,一般,*,*,*,*,プレスハム,プレスハム,プレスハム
プレッツェル,1285,1285,5000,名詞,一般,*,*,*,*,プレッツェル,プレッツェル,プレッツェル
プレミックス粉,1285,1285,5000,名詞,一般,*,*,*,*,プレミックス粉,プレミックス粉,プレミックス粉
プレーン,1285,1285,5000,名詞,一般,*,*,*,*,プレーン,プレーン,プレーン
プロセスチーズ,1285,1285,5000,名詞,一般,*,*,*,*,プロセスチーズ,プロセスチーズ,プロセスチーズ
ヘーゼルナッツ,1285,1285,5000,名詞,一般,*,*,*,*,ヘーゼルナッツ,ヘーゼルナッツ,ヘーゼルナッツ
ベイクドチーズケーキ,1285,1285,5000,名詞,一般,*,*,*,*,ベイクドチーズケーキ,ベイクドチーズケーキ,ベイクドチーズケーキ
ベルモット,1285,1285,5000,名詞,一般,*,*,*,*,ベルモット,ベルモット,ベルモット
ベーキングパウダー,1285,1285,5000,名詞,一般,*,*,*,*,ベーキングパウダー,ベーキングパウダー,ベーキングパウダー
ベーグル,1285,1285,5000,名詞,一般,*,*,*,*,ベーグル,ベーグル,ベーグル
ペカン,1285,1285,5000,名詞,一般,*,*,*,*,ペカン,ペカン,ペカン
ペパーミント,1285,1285,5000,名詞,一般,*,*,*,*,ペパーミント,ペパーミント,ペパーミント
ペーストタイプ,1285,1285,5000,名詞,一般,*,*,*,*,ペーストタイプ,ペーストタイプ,ペーストタイプ
ペースト状,1285,1285,5000,名詞,一般,*,*,*,*,ペースト状,ペースト状,ペースト状
ホイップクリーム,1285,1285,5000,名詞,一般,*,*,*,*,ホイップクリーム,ホイップクリーム,ホイップクリーム
ホキ,1285,1285,5000,名詞,一般,*,*,*,*,ホキ,ホキ,ホキ
ホットケーキ,1285,1285,5000,名詞,一般,*,*,*,*,ホットケーキ,ホットケーキ,ホットケーキ
ホットケーキ用,1285,1285,5000,名詞,一般,*,*,*,*,ホットケーキ用,ホットケーキ用,ホットケーキ用
ホルスタイン種,1285,1285,5000,名詞,一般,*,*,*,*,ホルスタイン種,ホルスタイン種,ホルスタイン種
ホワイト,1285,1285,5000,名詞,一般,*,*,*,*,ホワイト,ホワイト,ホワイト
ホワイトサポテ,1285,1285,5000,名詞,一般,*,*,*,*,ホワイトサポテ,ホワイトサポテ,ホワイトサポテ
ホワイトソース,1285,1285,5000,名詞,一般,*,*,*,*,ホワイトソース,ホワイトソース,ホワイトソース
ホワイトチョコレート,1285,1285,5000,名詞,一般,*,*,*,*,ホワイトチョコレート,ホワイトチョコレート,ホワイトチョコレート
ホースラディシュ,1285,1285,5000,名詞,一般,*,*,*,*,ホースラディシュ,ホースラディシュ,ホースラディシュ
ホール,1285,1285,5000,名詞,一般,*,*,*,*,ホール,ホール,ホール
ホールカーネルスタイル,1285,1285,5000,名詞,一般,*,*,*,*,ホールカーネルスタイル,ホールカーネルスタイル,ホールカーネルスタイル
ボロニアソーセージ,1285,1285,5000,名詞,一般,*,*,*,*,ボロニアソーセージ,ボロニアソーセージ,ボロニアソーセージ
ボンレスハム,1285,1285,5000,名詞,一般,*,*,*,*,ボンレスハム,ボンレスハム,ボンレスハム
ボーロ,1285,1285,5000,名詞,一般,*,*,*,*,ボーロ,ボーロ,ボーロ
ポップコーン,1285,1285,5000,名詞,一般,*,*,*,*,ポップコーン,ポップコーン,ポップコーン
ポテトコロッケ,1285,1285,5000,名詞,一般,*,*,*,*,ポテトコロッケ,ポテトコロッケ,ポテトコロッケ
ポテトチップス,1285,1285,5000,名詞,一般,*,*,*,*,ポテトチップス,ポテトチップス,ポテトチップス
ポークカレー,1285,1285,5000,名詞,一般,*,*,*,*,ポークカレー,ポークカレー,ポークカレー
ポーチドエッグ,1285,1285,5000,名詞,一般,*,*,*,*,ポーチドエッグ,ポーチドエッグ,ポーチドエッグ
マオタイ酒,1285,1285,5000,名詞,一般,*,*,*,*,マオタイ酒,マオタイ酒,マオタイ酒
マカダミアナッツ,1285,1285,5000,名詞,一般,*,*,*,*,マカダミアナッツ,マカダミアナッツ,マカダミアナッツ
マカロニ・スパゲッティ,1285,1285,5000,名詞,一般,*,*,*,*,マカロニ・スパゲッティ,マカロニ・スパゲッティ,マカロニ・スパゲッティ
マシュマロ,1285,1285,5000,名詞,一般,*,*,*,*,マシュマロ,マシュマロ,マシュマロ
マジェランあいなめ,1285,1285,5000,名詞,一般,*,*,*,*,マジェランあいなめ,マジェランあいなめ,マジェランあいなめ
マスカルポーネ,1285,1285,5000,名詞,一般,*,*,*,*,マスカルポーネ,マスカルポーネ,マスカルポーネ
マッシュルーム,1285,1285,5000,名詞,一般,*,*,*,*,マッシュルーム,マッシュルーム,マッシュルーム
マヨネーズ,1285,1285,5000,名詞,一般,*,*,*,*,マヨネーズ,マヨネーズ,マヨネーズ
マヨネーズタイプ調味料,1285,1285,5000,名詞,一般,*,*,*,*,マヨネーズタイプ調味料,マヨネーズタイプ調味料,マヨネーズタイプ調味料
マリネ液,1285,1285,5000,名詞,一般,*,*,*,*,マリネ液,マリネ液,マリネ液
マルメロ,1285,1285,5000,名詞,一般,*,*,*,*,マルメロ,マルメロ,マルメロ
マロングラッセ,1285,1285,5000,名詞,一般,*,*,*,*,マロングラッセ,マロングラッセ,マロングラッセ
マンゴスチン,1285,1285,5000,名詞,一般,*,*,*,*,マンゴスチン,マンゴスチン,マンゴスチン
マンゴー,1285,1285,5000,名詞,一般,*,*,*,*,マンゴー,マンゴー,マンゴー
マーガリン,1285,1285,5000,名詞,一般,*,*,*,*,マーガリン,マーガリン,マーガリン
マーガリン類,1285,1285,5000,名詞,一般,*,*,*,*,マーガリン類,マーガリン類,マーガリン類
マーボー豆腐の素,1285,1285,5000,名詞,一般,*,*,*,*,マーボー豆腐の素,マーボー豆腐の素,マーボー豆腐の素
マーマレード,1285,1285,5000,名詞,一般,*,*,*,*,マーマレード,マーマレード,マーマレード
ミックスジュース,1285,1285,5000,名詞,一般,*,*,*,*,ミックスジュース,ミックスジュース,ミックスジュース
ミックスベジタブル,1285,1285,5000,名詞,一般,*,*,*,*,ミックスベジタブル,ミックスベジタブル,ミックスベジタブル
ミッドオレイック,1285,1285,5000,名詞,一般,*,*,*,*,ミッドオレイック,ミッドオレイック,ミッドオレイック
ミニキャロット,1285,1285,5000,名詞,一般,*,*,*,*,ミニキャロット,ミニキャロット,ミニキャロット
ミルク,1285,1285,5000,名詞,一般,*,*,*,*,ミルク,ミルク,ミルク
ミルクココア,1285,1285,5000,名詞,一般,*,*,*,*,ミルクココア,ミルクココア,ミルクココア
ミルクチョコレート,1285,1285,5000,名詞,一般,*,*,*,*,ミルクチョコレート,ミルクチョコレート,ミルクチョコレート
ミートソース,1285,1285,5000,名詞,一般,*,*,*,*,ミートソース,ミートソース,ミートソース
ミートパイ,1285,1285,5000,名詞,一般,*,*,*,*,ミートパイ,ミートパイ,ミートパイ
ミートボール,1285,1285,5000,名詞,一般,*,*,*,*,ミートボール,ミートボール,ミートボール
メルルーサ,1285,1285,5000,名詞,一般,*,*,*,*,メルルーサ,メルルーサ,メルルーサ
メロン,1285,1285,5000,名詞,一般,*,*,*,*,メロン,メロン,メロン
メロンパン,1285,1285,5000,名詞,一般,*,*,*,*,メロンパン,メロンパン,メロンパン
メンチカツ,1285,1285,5000,名詞,一般,*,*,*,*,メンチカツ,メンチカツ,メンチカツ
メープルシロップ,1285,1285,5000,名詞,一般,*,*,*,*,メープルシロップ,メープルシロップ,メープルシロップ
モッツァレラ,1285,1285,5000,名詞,一般,*,*,*,*,モッツァレラ,モッツァレラ,モッツァレラ
モロヘイヤ,1285,1285,5000,名詞,一般,*,*,*,*,モロヘイヤ,モロヘイヤ,モロヘイヤ
ヤングコーン,1285,1285,5000,名詞,一般,*,*,*,*,ヤングコーン,ヤングコーン,ヤングコーン
ヤーコン,1285,1285,5000,名詞,一般,*,*,*,*,ヤーコン,ヤーコン,ヤーコン
ヨーグルト,1285,1285,5000,名詞,一般,*,*,*,*,ヨーグルト,ヨーグルト,ヨーグルト
ライむぎ,1285,1285,5000,名詞,一般,*,*,*,*,ライむぎ,ライむぎ,ライむぎ
ライスペーパー,1285,1285,5000,名詞,一般,*,*,*,*,ライスペーパー,ライスペーパー,ライスペーパー
ライチー,1285,1285,5000,名詞,一般,*,*,*,*,ライチー,ライチー,ライチー
ライト,1285,1285,5000,名詞,一般,*,*,*,*,ライト,ライト,ライト
ライム,1285,1285,5000,名詞,一般,*,*,*,*,ライム,ライム,ライム
ライ麦パン,1285,1285,5000,名詞,一般,*,*,*,*,ライ麦パン,ライ麦パン,ライ麦パン
ライ麦粉,1285,1285,5000,名詞,一般,*,*,*,*,ライ麦粉,ライ麦粉,ライ麦粉
ラクトアイス,1285,1285,5000,名詞,一般,*,*,*,*,ラクトアイス,ラクトアイス,ラクトアイス
ラズベリー,1285,1285,5000,名詞,一般,*,*,*,*,ラズベリー,ラズベリー,ラズベリー
ラム,1285,1285,5000,名詞,一般,*,*,*,*,ラム,ラム,ラム
ラムネ,1285,1285,5000,名詞,一般,*,*,*,*,ラムネ,ラムネ,ラムネ
ランプ,1285,1285,5000,名詞,一般,*,*,*,*,ランプ,ランプ,ランプ
ラード,1285,1285,5000,名詞,一般,*,*,*,*,ラード,ラード,ラード
ラーメンスープ,1285,1285,5000,名詞,一般,*,*,*,*,ラーメンスープ,ラーメンスープ,ラーメンスープ
ラー油,1285,1285,5000,名詞,一般,*,*,*,*,ラー油,ラー油,ラー油
リオナソーセージ,1285,1285,5000,名詞,一般,*,*,*,*,リオナソーセージ,リオナソーセージ,リオナソーセージ
リコッタ,1285,1285,5000,名詞,一般,*,*,*,*,リコッタ,リコッタ,リコッタ
リッチタイプ,1285,1285,5000,名詞,一般,*,*,*,*,リッチタイプ,リッチタイプ,リッチタイプ
リブロース,1285,1285,5000,名詞,一般,*,*,*,*,リブロース,リブロース,リブロース
リーキ,1285,1285,5000,名詞,一般,*,*,*,*,リーキ,リーキ,リーキ
リーフパイ,1285,1285,5000,名詞,一般,*,*,*,*,リーフパイ,リーフパイ,リーフパイ
リーフレタス,1285,1285,5000,名詞,一般,*,*,*,*,リーフレタス,リーフレタス,リーフレタス
リーンタイプ,1285,1285,5000,名詞,一般,*,*,*,*,リーンタイプ,リーンタイプ,リーンタイプ
ルウ類,1285,1285,5000,名詞,一般,*,*,*,*,ルウ類,ルウ類,ルウ類
ルッコラ,1285,1285,5000,名詞,一般,*,*,*,*,ルッコラ,ルッコラ,ルッコラ
ルバーブ,1285,1285,5000,名詞,一般,*,*,*,*,ルバーブ,ルバーブ,ルバーブ
レアチーズケーキ,1285,1285,5000,名詞,一般,*,*,*,*,レアチーズケーキ,レアチーズケーキ,レアチーズケーキ
レギュラータイプ,1285,1285,5000,名詞,一般,*,*,*,*,レギュラータイプ,レギュラータイプ,レギュラータイプ
レタス,1285,1285,5000,名詞,一般,*,*,*,*,レタス,レタス,レタス
レタス類,1285,1285,5000,名詞,一般,*,*,*,*,レタス類,レタス類,レタス類
レッドキャベツ,1285,1285,5000,名詞,一般,*,*,*,*,レッドキャベツ,レッドキャベツ,レッドキャベツ
レバーソーセージ,1285,1285,5000,名詞,一般,*,*,*,*,レバーソーセージ,レバーソーセージ,レバーソーセージ
レバーペースト,1285,1285,5000,名詞,一般,*,*,*,*,レバーペースト,レバーペースト,レバーペースト
レモン,1285,1285,5000,名詞,一般,*,*,*,*,レモン,レモン,レモン
レモン風味,1285,1285,5000,名詞,一般,*,*,*,*,レモン風味,レモン風味,レモン風味
レンズまめ,1285,1285,5000,名詞,一般,*,*,*,*,レンズまめ,レンズまめ,レンズまめ
ロシアケーキ,1285,1285,5000,名詞,一般,*,*,*,*,ロシアケーキ,ロシアケーキ,ロシアケーキ
ロゼ,1285,1285,5000,名詞,一般,*,*,*,*,ロゼ,ロゼ,ロゼ
ロース,1285,1285,5000,名詞,一般,*,*,*,*,ロース,ロース,ロース
ローストビーフ,1285,1285,5000,名詞,一般,*,*,*,*,ローストビーフ,ローストビーフ,ローストビーフ
ロースハム,1285,1285,5000,名詞,一般,*,*,*,*,ロースハム,ロースハム,ロースハム
ロースベーコン,1285,1285,5000,名詞,一般,*,*,*,*,ロースベーコン,ロースベーコン,ロースベーコン
ロールパン,1285,1285,5000,名詞,一般,*,*,*,*,ロールパン,ロールパン,ロールパン
ワイン,1285,1285,5000,名詞,一般,*,*,*,*,ワイン,ワイン,ワイン
ワッフル,1285,1285,5000,名詞,一般,*,*,*,*,ワッフル,ワッフル,ワッフル
一般用,1285,1285,5000,名詞,一般,*,*,*,*,一般用,一般用,一般用
七分つき押麦,1285,1285,5000,名詞,一般,*,*,*,*,七分つき押麦,七分つき押麦,七分つき押麦
七分つき米,1285,1285,5000,名詞,一般,*,*,*,*,七分つき米,七分つき米,七分つき米
三倍濃縮,1285,1285,5000,名詞,一般,*,*,*,*,三倍濃縮,三倍濃縮,三倍濃縮
三杯酢,1285,1285,5000,名詞,一般,*,*,*,*,三杯酢,三杯酢,三杯酢
三枚おろし,1285,1285,5000,名詞,一般,*,*,*,*,三枚おろし,三枚おろし,三枚おろし
三温糖,1285,1285,5000,名詞,一般,*,*,*,*,三温糖,三温糖,三温糖
上新粉,1285,1285,5000,名詞,一般,*,*,*,*,上新粉,上新粉,上新粉
上白糖,1285,1285,5000,名詞,一般,*,*,*,*,上白糖,上白糖,上白糖
並あん,1285,1285,5000,名詞,一般,*,*,*,*,並あん,並あん,並あん
並塩,1285,1285,5000,名詞,一般,*,*,*,*,並塩,並塩,並塩
中ざら糖,1285,1285,5000,名詞,一般,*,*,*,*,中ざら糖,中ざら糖,中ざら糖
中割りあん,1285,1285,5000,名詞,一般,*,*,*,*,中割りあん,中割りあん,中割りあん
中力粉,1285,1285,5000,名詞,一般,*,*,*,*,中力粉,中力粉,中力粉
中国ぐり,1285,1285,5000,名詞,一般,*,*,*,*,中国ぐり,中国ぐり,中国ぐり
中国なし,1285,1285,5000,名詞,一般,*,*,*,*,中国なし,中国なし,中国なし
中国料理,1285,1285,5000,名詞,一般,*,*,*,*,中国料理,中国料理,中国料理
中国産,1285,1285,5000,名詞,一般,*,*,*,*,中国産,中国産,中国産
中層粉,1285,1285,5000,名詞,一般,*,*,*,*,中層粉,中層粉,中層粉
中濃ソース,1285,1285,5000,名詞,一般,*,*,*,*,中濃ソース,中濃ソース,中濃ソース
中華だし,1285,1285,5000,名詞,一般,*,*,*,*,中華だし,中華だし,中華だし
中華ちまき,1285,1285,5000,名詞,一般,*,*,*,*,中華ちまき,中華ちまき,中華ちまき
中華まんじゅう,1285,1285,5000,名詞,一般,*,*,*,*,中華まんじゅう,中華まんじゅう,中華まんじゅう
中華めん,1285,1285,5000,名詞,一般,*,*,*,*,中華めん,中華めん,中華めん
中華スタイル即席カップめん,1285,1285,5000,名詞,一般,*,*,*,*,中華スタイル即席カップめん,中華スタイル即席カップめん,中華スタイル即席カップめん
中華風クッキー,1285,1285,5000,名詞,一般,*,*,*,*,中華風クッキー,中華風クッキー,中華風クッキー
中華風合わせ酢,1285,1285,5000,名詞,一般,*,*,*,*,中華風合わせ酢,中華風合わせ酢,中華風合わせ酢
丸干し,1285,1285,5000,名詞,一般,*,*,*,*,丸干し,丸干し,丸干し
乳児用液体ミルク,1285,1285,5000,名詞,一般,*,*,*,*,乳児用液体ミルク,乳児用液体ミルク,乳児用液体ミルク
乳児用調製粉乳,1285,1285,5000,名詞,一般,*,*,*,*,乳児用調製粉乳,乳児用調製粉乳,乳児用調製粉乳
乳化液状,1285,1285,5000,名詞,一般,*,*,*,*,乳化液状,乳化液状,乳化液状
乳化液状ドレッシング,1285,1285,5000,名詞,一般,*,*,*,*,乳化液状ドレッシング,乳化液状ドレッシング,乳化液状ドレッシング
乳成分入り,1285,1285,5000,名詞,一般,*,*,*,*,乳成分入り,乳成分入り,乳成分入り
乳脂肪,1285,1285,5000,名詞,一般,*,*,*,*,乳脂肪,乳脂肪,乳脂肪
乳脂肪・植物性脂肪,1285,1285,5000,名詞,一般,*,*,*,*,乳脂肪・植物性脂肪,乳脂肪・植物性脂肪,乳脂肪・植物性脂肪
乳製品,1285,1285,5000,名詞,一般,*,*,*,*,乳製品,乳製品,乳製品
乳酸菌飲料,1285,1285,5000,名詞,一般,*,*,*,*,乳酸菌飲料,乳酸菌飲料,乳酸菌飲料
乳飲料,1285,1285,5000,名詞,一般,*,*,*,*,乳飲料,乳飲料,乳飲料
乾,1285,1285,5000,名詞,一般,*,*,*,*,乾,乾,乾
乾しいたけ,1285,1285,5000,名詞,一般,*,*,*,*,乾しいたけ,乾しいたけ,乾しいたけ
乾パン,1285,1285,5000,名詞,一般,*,*,*,*,乾パン,乾パン,乾パン
乾燥,1285,1285,5000,名詞,一般,*,*,*,*,乾燥,乾燥,乾燥
乾燥あん,1285,1285,5000,名詞,一般,*,*,*,*,乾燥あん,乾燥あん,乾燥あん
乾燥わかめ,1285,1285,5000,名詞,一般,*,*,*,*,乾燥わかめ,乾燥わかめ,乾燥わかめ
乾燥マッシュポテト,1285,1285,5000,名詞,一般,*,*,*,*,乾燥マッシュポテト,乾燥マッシュポテト,乾燥マッシュポテト
乾燥全卵,1285,1285,5000,名詞,一般,*,*,*,*,乾燥全卵,乾燥全卵,乾燥全卵
乾燥卵白,1285,1285,5000,名詞,一般,*,*,*,*,乾燥卵白,乾燥卵白,乾燥卵白
乾燥卵黄,1285,1285,5000,名詞,一般,*,*,*,*,乾燥卵黄,乾燥卵黄,乾燥卵黄
二倍濃縮,1285,1285,5000,名詞,一般,*,*,*,*,二倍濃縮,二倍濃縮,二倍濃縮
二杯酢,1285,1285,5000,名詞,一般,*,*,*,*,二杯酢,二杯酢,二杯酢
五平もち,1285,1285,5000,名詞,一般,*,*,*,*,五平もち,五平もち,五平もち
五斗納豆,1285,1285,5000,名詞,一般,*,*,*,*,五斗納豆,五斗納豆,五斗納豆
人乳,1285,1285,5000,名詞,一般,*,*,*,*,人乳,人乳,人乳
今川焼,1285,1285,5000,名詞,一般,*,*,*,*,今川焼,今川焼,今川焼
低カロリータイプ,1285,1285,5000,名詞,一般,*,*,*,*,低カロリータイプ,低カロリータイプ,低カロリータイプ
低塩,1285,1285,5000,名詞,一般,*,*,*,*,低塩,低塩,低塩
低糖度,1285,1285,5000,名詞,一般,*,*,*,*,低糖度,低糖度,低糖度
低脂肪,1285,1285,5000,名詞,一般,*,*,*,*,低脂肪,低脂肪,低脂肪
低脂肪無糖,1285,1285,5000,名詞,一般,*,*,*,*,低脂肪無糖,低脂肪無糖,低脂肪無糖
促成,1285,1285,5000,名詞,一般,*,*,*,*,促成,促成,促成
充てん豆腐,1285,1285,5000,名詞,一般,*,*,*,*,充てん豆腐,充てん豆腐,充てん豆腐
全卵,1285,1285,5000,名詞,一般,*,*,*,*,全卵,全卵,全卵
全卵型,1285,1285,5000,名詞,一般,*,*,*,*,全卵型,全卵型,全卵型
全層粉,1285,1285,5000,名詞,一般,*,*,*,*,全層粉,全層粉,全層粉
全果,1285,1285,5000,名詞,一般,*,*,*,*,全果,全果,全果
全粉乳,1285,1285,5000,名詞,一般,*,*,*,*,全粉乳,全粉乳,全粉乳
全粒,1285,1285,5000,名詞,一般,*,*,*,*,全粒,全粒,全粒
全粒大豆,1285,1285,5000,名詞,一般,*,*,*,*,全粒大豆,全粒大豆,全粒大豆
全粒粉,1285,1285,5000,名詞,一般,*,*,*,*,全粒粉,全粒粉,全粒粉
全粒粉パン,1285,1285,5000,名詞,一般,*,*,*,*,全粒粉パン,全粒粉パン,全粒粉パン
全糖,1285,1285,5000,名詞,一般,*,*,*,*,全糖,全糖,全糖
全脂無糖,1285,1285,5000,名詞,一般,*,*,*,*,全脂無糖,全脂無糖,全脂無糖
八つ橋,1285,1285,5000,名詞,一般,*,*,*,*,八つ橋,八つ橋,八つ橋
八宝菜,1285,1285,5000,名詞,一般,*,*,*,*,八宝菜,八宝菜,八宝菜
具のみ,1285,1285,5000,名詞,一般,*,*,*,*,具のみ,具のみ,具のみ
内層粉,1285,1285,5000,名詞,一般,*,*,*,*,内層粉,内層粉,内層粉
内臓,1285,1285,5000,名詞,一般,*,*,*,*,内臓,内臓,内臓
冬採り,1285,1285,5000,名詞,一般,*,*,*,*,冬採り,冬採り,冬採り
冷めん,1285,1285,5000,名詞,一般,*,*,*,*,冷めん,冷めん,冷めん
冷やし中華のたれ,1285,1285,5000,名詞,一般,*,*,*,*,冷やし中華のたれ,冷やし中華のたれ,冷やし中華のたれ
冷凍,1285,1285,5000,名詞,一般,*,*,*,*,冷凍,冷凍,冷凍
凍みこんにゃく,1285,1285,5000,名詞,一般,*,*,*,*,凍みこんにゃく,凍みこんにゃく,凍みこんにゃく
凍り豆腐,1285,1285,5000,名詞,一般,*,*,*,*,凍り豆腐,凍り豆腐,凍り豆腐
凝固剤：塩化マグネシウム,1285,1285,5000,名詞,一般,*,*,*,*,凝固剤：塩化マグネシウム,凝固剤：塩化マグネシウム,凝固剤：塩化マグネシウム
凝固剤：硫酸カルシウム,1285,1285,5000,名詞,一般,*,*,*,*,凝固剤：硫酸カルシウム,凝固剤：硫酸カルシウム,凝固剤：硫酸カルシウム
分離大豆たんぱく,1285,1285,5000,名詞,一般,*,*,*,*,分離大豆たんぱく,分離大豆たんぱく,分離大豆たんぱく
分離液状,1285,1285,5000,名詞,一般,*,*,*,*,分離液状,分離液状,分離液状
分離液状ドレッシング,1285,1285,5000,名詞,一般,*,*,*,*,分離液状ドレッシング,分離液状ドレッシング,分離液状ドレッシング
切りいかあめ煮,1285,1285,5000,名詞,一般,*,*,*,*,切りいかあめ煮,切りいかあめ煮,切りいかあめ煮
切りみつば,1285,1285,5000,名詞,一般,*,*,*,*,切りみつば,切りみつば,切りみつば
切り干し大根の煮物,1285,1285,5000,名詞,一般,*,*,*,*,切り干し大根の煮物,切り干し大根の煮物,切り干し大根の煮物
切干しだいこん,1285,1285,5000,名詞,一般,*,*,*,*,切干しだいこん,切干しだいこん,切干しだいこん
刻み昆布,1285,1285,5000,名詞,一般,*,*,*,*,刻み昆布,刻み昆布,刻み昆布
削り昆布,1285,1285,5000,名詞,一般,*,*,*,*,削り昆布,削り昆布,削り昆布
削り節,1285,1285,5000,名詞,一般,*,*,*,*,削り節,削り節,削り節
削り節つくだ煮,1285,1285,5000,名詞,一般,*,*,*,*,削り節つくだ煮,削り節つくだ煮,削り節つくだ煮
加工乳,1285,1285,5000,名詞,一般,*,*,*,*,加工乳,加工乳,加工乳
加工品,1285,1285,5000,名詞,一般,*,*,*,*,加工品,加工品,加工品
加工糖,1285,1285,5000,名詞,一般,*,*,*,*,加工糖,加工糖,加工糖
加糖,1285,1285,5000,名詞,一般,*,*,*,*,加糖,加糖,加糖
加糖全卵,1285,1285,5000,名詞,一般,*,*,*,*,加糖全卵,加糖全卵,加糖全卵
加糖卵黄,1285,1285,5000,名詞,一般,*,*,*,*,加糖卵黄,加糖卵黄,加糖卵黄
加糖練乳,1285,1285,5000,名詞,一般,*,*,*,*,加糖練乳,加糖練乳,加糖練乳
動物油脂類,1285,1285,5000,名詞,一般,*,*,*,*,動物油脂類,動物油脂類,動物油脂類
半つき米,1285,1285,5000,名詞,一般,*,*,*,*,半つき米,半つき米,半つき米
半乾燥品,1285,1285,5000,名詞,一般,*,*,*,*,半乾燥品,半乾燥品,半乾燥品
半固形状ドレッシング,1285,1285,5000,名詞,一般,*,*,*,*,半固形状ドレッシング,半固形状ドレッシング,半固形状ドレッシング
半生,1285,1285,5000,名詞,一般,*,*,*,*,半生,半生,半生
半生うどん,1285,1285,5000,名詞,一般,*,*,*,*,半生うどん,半生うどん,半生うどん
半生そば,1285,1285,5000,名詞,一般,*,*,*,*,半生そば,半生そば,半生そば
半生中華めん,1285,1285,5000,名詞,一般,*,*,*,*,半生中華めん,半生中華めん,半生中華めん
南部せんべい,1285,1285,5000,名詞,一般,*,*,*,*,南部せんべい,南部せんべい,南部せんべい
単式蒸留しょうちゅう,1285,1285,5000,名詞,一般,*,*,*,*,単式蒸留しょうちゅう,単式蒸留しょうちゅう,単式蒸留しょうちゅう
卯の花いり,1285,1285,5000,名詞,一般,*,*,*,*,卯の花いり,卯の花いり,卯の花いり
即席すまし汁,1285,1285,5000,名詞,一般,*,*,*,*,即席すまし汁,即席すまし汁,即席すまし汁
即席みそ,1285,1285,5000,名詞,一般,*,*,*,*,即席みそ,即席みそ,即席みそ
即席中華めん,1285,1285,5000,名詞,一般,*,*,*,*,即席中華めん,即席中華めん,即席中華めん
卵白,1285,1285,5000,名詞,一般,*,*,*,*,卵白,卵白,卵白
卵黄,1285,1285,5000,名詞,一般,*,*,*,*,卵黄,卵黄,卵黄
卵黄型,1285,1285,5000,名詞,一般,*,*,*,*,卵黄型,卵黄型,卵黄型
厚焼きたまご,1285,1285,5000,名詞,一般,*,*,*,*,厚焼きたまご,厚焼きたまご,厚焼きたまご
原木栽培,1285,1285,5000,名詞,一般,*,*,*,*,原木栽培,原木栽培,原木栽培
原藻,1285,1285,5000,名詞,一般,*,*,*,*,原藻,原藻,原藻
合いびきハンバーグ,1285,1285,5000,名詞,一般,*,*,*,*,合いびきハンバーグ,合いびきハンバーグ,合いびきハンバーグ
合成清酒,1285,1285,5000,名詞,一般,*,*,*,*,合成清酒,合成清酒,合成清酒
吟醸酒,1285,1285,5000,名詞,一般,*,*,*,*,吟醸酒,吟醸酒,吟醸酒
含水結晶,1285,1285,5000,名詞,一般,*,*,*,*,含水結晶,含水結晶,含水結晶
味付け,1285,1285,5000,名詞,一般,*,*,*,*,味付け,味付け,味付け
味付けのり,1285,1285,5000,名詞,一般,*,*,*,*,味付けのり,味付けのり,味付けのり
味付け瓶詰,1285,1285,5000,名詞,一般,*,*,*,*,味付け瓶詰,味付け瓶詰,味付け瓶詰
味付け缶詰,1285,1285,5000,名詞,一般,*,*,*,*,味付け缶詰,味付け缶詰,味付け缶詰
味付け開き干し,1285,1285,5000,名詞,一般,*,*,*,*,味付け開き干し,味付け開き干し,味付け開き干し
和え物類,1285,1285,5000,名詞,一般,*,*,*,*,和え物類,和え物類,和え物類
和三盆糖,1285,1285,5000,名詞,一般,*,*,*,*,和三盆糖,和三盆糖,和三盆糖
和種なばな,1285,1285,5000,名詞,一般,*,*,*,*,和種なばな,和種なばな,和種なばな
和菓子,1285,1285,5000,名詞,一般,*,*,*,*,和菓子,和菓子,和菓子
和風スタイル即席カップめん,1285,1285,5000,名詞,一般,*,*,*,*,和風スタイル即席カップめん,和風スタイル即席カップめん,和風スタイル即席カップめん
和風ドレッシング,1285,1285,5000,名詞,一般,*,*,*,*,和風ドレッシング,和風ドレッシング,和風ドレッシング
和風ドレッシングタイプ調味料,1285,1285,5000,名詞,一般,*,*,*,*,和風ドレッシングタイプ調味料,和風ドレッシングタイプ調味料,和風ドレッシングタイプ調味料
和風料理,1285,1285,5000,名詞,一般,*,*,*,*,和風料理,和風料理,和風料理
固形ブイヨン,1285,1285,5000,名詞,一般,*,*,*,*,固形ブイヨン,固形ブイヨン,固形ブイヨン
国産,1285,1285,5000,名詞,一般,*,*,*,*,国産,国産,国産
土耕栽培,1285,1285,5000,名詞,一般,*,*,*,*,土耕栽培,土耕栽培,土耕栽培
圧搾,1285,1285,5000,名詞,一般,*,*,*,*,圧搾,圧搾,圧搾
塊根,1285,1285,5000,名詞,一般,*,*,*,*,塊根,塊根,塊根
塊茎,1285,1285,5000,名詞,一般,*,*,*,*,塊茎,塊茎,塊茎
塩いわし,1285,1285,5000,名詞,一般,*,*,*,*,塩いわし,塩いわし,塩いわし
塩さば,1285,1285,5000,名詞,一般,*,*,*,*,塩さば,塩さば,塩さば
塩ざけ,1285,1285,5000,名詞,一般,*,*,*,*,塩ざけ,塩ざけ,塩ざけ
塩だら,1285,1285,5000,名詞,一般,*,*,*,*,塩だら,塩だら,塩だら
塩ほっけ,1285,1285,5000,名詞,一般,*,*,*,*,塩ほっけ,塩ほっけ,塩ほっけ
塩ます,1285,1285,5000,名詞,一般,*,*,*,*,塩ます,塩ます,塩ます
塩分無調整タイプ,1285,1285,5000,名詞,一般,*,*,*,*,塩分無調整タイプ,塩分無調整タイプ,塩分無調整タイプ
塩分調整タイプ,1285,1285,5000,名詞,一般,*,*,*,*,塩分調整タイプ,塩分調整タイプ,塩分調整タイプ
塩味,1285,1285,5000,名詞,一般,*,*,*,*,塩味,塩味,塩味
塩抜き,1285,1285,5000,名詞,一般,*,*,*,*,塩抜き,塩抜き,塩抜き
塩押しだいこん漬,1285,1285,5000,名詞,一般,*,*,*,*,塩押しだいこん漬,塩押しだいこん漬,塩押しだいこん漬
塩昆布,1285,1285,5000,名詞,一般,*,*,*,*,塩昆布,塩昆布,塩昆布
塩漬,1285,1285,5000,名詞,一般,*,*,*,*,塩漬,塩漬,塩漬
塩蔵,1285,1285,5000,名詞,一般,*,*,*,*,塩蔵,塩蔵,塩蔵
塩蔵品,1285,1285,5000,名詞,一般,*,*,*,*,塩蔵品,塩蔵品,塩蔵品
塩豆,1285,1285,5000,名詞,一般,*,*,*,*,塩豆,塩豆,塩豆
塩辛,1285,1285,5000,名詞,一般,*,*,*,*,塩辛,塩辛,塩辛
夏採り,1285,1285,5000,名詞,一般,*,*,*,*,夏採り,夏採り,夏採り
大正えび,1285,1285,5000,名詞,一般,*,*,*,*,大正えび,大正えび,大正えび
大福もち,1285,1285,5000,名詞,一般,*,*,*,*,大福もち,大福もち,大福もち
大粒種,1285,1285,5000,名詞,一般,*,*,*,*,大粒種,大粒種,大粒種
大腸,1285,1285,5000,名詞,一般,*,*,*,*,大腸,大腸,大腸
大豆たんぱく,1285,1285,5000,名詞,一般,*,*,*,*,大豆たんぱく,大豆たんぱく,大豆たんぱく
大豆はいが,1285,1285,5000,名詞,一般,*,*,*,*,大豆はいが,大豆はいが,大豆はいが
大豆油,1285,1285,5000,名詞,一般,*,*,*,*,大豆油,大豆油,大豆油
大麦めん,1285,1285,5000,名詞,一般,*,*,*,*,大麦めん,大麦めん,大麦めん
天ぷら,1285,1285,5000,名詞,一般,*,*,*,*,天ぷら,天ぷら,天ぷら
天ぷら用,1285,1285,5000,名詞,一般,*,*,*,*,天ぷら用,天ぷら用,天ぷら用
天然,1285,1285,5000,名詞,一般,*,*,*,*,天然,天然,天然
奈良漬,1285,1285,5000,名詞,一般,*,*,*,*,奈良漬,奈良漬,奈良漬
子宮,1285,1285,5000,名詞,一般,*,*,*,*,子宮,子宮,子宮
子持ちがれい,1285,1285,5000,名詞,一般,*,*,*,*,子持ちがれい,子持ちがれい,子持ちがれい
学校給食用強化品,1285,1285,5000,名詞,一般,*,*,*,*,学校給食用強化品,学校給食用強化品,学校給食用強化品
守口漬,1285,1285,5000,名詞,一般,*,*,*,*,守口漬,守口漬,守口漬
完熟,1285,1285,5000,名詞,一般,*,*,*,*,完熟,完熟,完熟
実,1285,1285,5000,名詞,一般,*,*,*,*,実,実,実
家庭用,1285,1285,5000,名詞,一般,*,*,*,*,家庭用,家庭用,家庭用
寒天,1285,1285,5000,名詞,一般,*,*,*,*,寒天,寒天,寒天
寺納豆,1285,1285,5000,名詞,一般,*,*,*,*,寺納豆,寺納豆,寺納豆
小型,1285,1285,5000,名詞,一般,*,*,*,*,小型,小型,小型
小粒,1285,1285,5000,名詞,一般,*,*,*,*,小粒,小粒,小粒
小粒種,1285,1285,5000,名詞,一般,*,*,*,*,小粒種,小粒種,小粒種
小腸,1285,1285,5000,名詞,一般,*,*,*,*,小腸,小腸,小腸
小麦たんぱく,1285,1285,5000,名詞,一般,*,*,*,*,小麦たんぱく,小麦たんぱく,小麦たんぱく
小麦でん粉,1285,1285,5000,名詞,一般,*,*,*,*,小麦でん粉,小麦でん粉,小麦でん粉
小麦でん粉製品,1285,1285,5000,名詞,一般,*,*,*,*,小麦でん粉製品,小麦でん粉製品,小麦でん粉製品
小麦はいが,1285,1285,5000,名詞,一般,*,*,*,*,小麦はいが,小麦はいが,小麦はいが
小麦グルテン不使用のもの,1285,1285,5000,名詞,一般,*,*,*,*,小麦グルテン不使用のもの,小麦グルテン不使用のもの,小麦グルテン不使用のもの
小麦粉あられ,1285,1285,5000,名詞,一般,*,*,*,*,小麦粉あられ,小麦粉あられ,小麦粉あられ
小麦粉せんべい,1285,1285,5000,名詞,一般,*,*,*,*,小麦粉せんべい,小麦粉せんべい,小麦粉せんべい
尾,1285,1285,5000,名詞,一般,*,*,*,*,尾,尾,尾
山形食パン,1285,1285,5000,名詞,一般,*,*,*,*,山形食パン,山形食パン,山形食パン
巻きせんべい,1285,1285,5000,名詞,一般,*,*,*,*,巻きせんべい,巻きせんべい,巻きせんべい
巻き寿司・箱寿司用,1285,1285,5000,名詞,一般,*,*,*,*,巻き寿司・箱寿司用,巻き寿司・箱寿司用,巻き寿司・箱寿司用
市販冷凍食品を揚げたもの,1285,1285,5000,名詞,一般,*,*,*,*,市販冷凍食品を揚げたもの,市販冷凍食品を揚げたもの,市販冷凍食品を揚げたもの
市販品,1285,1285,5000,名詞,一般,*,*,*,*,市販品,市販品,市販品
干し,1285,1285,5000,名詞,一般,*,*,*,*,干し,干し,干し
干しうどん,1285,1285,5000,名詞,一般,*,*,*,*,干しうどん,干しうどん,干しうどん
干しえび,1285,1285,5000,名詞,一般,*,*,*,*,干しえび,干しえび,干しえび
干しかれい,1285,1285,5000,名詞,一般,*,*,*,*,干しかれい,干しかれい,干しかれい
干しがき,1285,1285,5000,名詞,一般,*,*,*,*,干しがき,干しがき,干しがき
干しずいき,1285,1285,5000,名詞,一般,*,*,*,*,干しずいき,干しずいき,干しずいき
干しぜんまい,1285,1285,5000,名詞,一般,*,*,*,*,干しぜんまい,干しぜんまい,干しぜんまい
干しそば,1285,1285,5000,名詞,一般,*,*,*,*,干しそば,干しそば,干しそば
干しだいこん漬,1285,1285,5000,名詞,一般,*,*,*,*,干しだいこん漬,干しだいこん漬,干しだいこん漬
干しだら,1285,1285,5000,名詞,一般,*,*,*,*,干しだら,干しだら,干しだら
干しぶどう,1285,1285,5000,名詞,一般,*,*,*,*,干しぶどう,干しぶどう,干しぶどう
干しやつめ,1285,1285,5000,名詞,一般,*,*,*,*,干しやつめ,干しやつめ,干しやつめ
干しわらび,1285,1285,5000,名詞,一般,*,*,*,*,干しわらび,干しわらび,干しわらび
干し中華めん,1285,1285,5000,名詞,一般,*,*,*,*,干し中華めん,干し中華めん,干し中華めん
干し沖縄そば,1285,1285,5000,名詞,一般,*,*,*,*,干し沖縄そば,干し沖縄そば,干し沖縄そば
干し若芽,1285,1285,5000,名詞,一般,*,*,*,*,干し若芽,干し若芽,干し若芽
幼雌穂,1285,1285,5000,名詞,一般,*,*,*,*,幼雌穂,幼雌穂,幼雌穂
強力粉,1285,1285,5000,名詞,一般,*,*,*,*,強力粉,強力粉,強力粉
微乾燥品,1285,1285,5000,名詞,一般,*,*,*,*,微乾燥品,微乾燥品,微乾燥品
心臓,1285,1285,5000,名詞,一般,*,*,*,*,心臓,心臓,心臓
成形ポテトチップス,1285,1285,5000,名詞,一般,*,*,*,*,成形ポテトチップス,成形ポテトチップス,成形ポテトチップス
成熟,1285,1285,5000,名詞,一般,*,*,*,*,成熟,成熟,成熟
成魚,1285,1285,5000,名詞,一般,*,*,*,*,成魚,成魚,成魚
手延そうめん・手延ひやむぎ,1285,1285,5000,名詞,一般,*,*,*,*,手延そうめん・手延ひやむぎ,手延そうめん・手延ひやむぎ,手延そうめん・手延ひやむぎ
手羽,1285,1285,5000,名詞,一般,*,*,*,*,手羽,手羽,手羽
手羽さき,1285,1285,5000,名詞,一般,*,*,*,*,手羽さき,手羽さき,手羽さき
手羽もと,1285,1285,5000,名詞,一般,*,*,*,*,手羽もと,手羽もと,手羽もと
抹茶,1285,1285,5000,名詞,一般,*,*,*,*,抹茶,抹茶,抹茶
押麦,1285,1285,5000,名詞,一般,*,*,*,*,押麦,押麦,押麦
挽きわり納豆,1285,1285,5000,名詞,一般,*,*,*,*,挽きわり納豆,挽きわり納豆,挽きわり納豆
揚げ,1285,1285,5000,名詞,一般,*,*,*,*,揚げ,揚げ,揚げ
揚げせんべい,1285,1285,5000,名詞,一般,*,*,*,*,揚げせんべい,揚げせんべい,揚げせんべい
揚げパン,1285,1285,5000,名詞,一般,*,*,*,*,揚げパン,揚げパン,揚げパン
料理酒,1285,1285,5000,名詞,一般,*,*,*,*,料理酒,料理酒,料理酒
斧足,1285,1285,5000,名詞,一般,*,*,*,*,斧足,斧足,斧足
新しょうが,1285,1285,5000,名詞,一般,*,*,*,*,新しょうが,新しょうが,新しょうが
新巻き,1285,1285,5000,名詞,一般,*,*,*,*,新巻き,新巻き,新巻き
日本かぼちゃ,1285,1285,5000,名詞,一般,*,*,*,*,日本かぼちゃ,日本かぼちゃ,日本かぼちゃ
日本ぐり,1285,1285,5000,名詞,一般,*,*,*,*,日本ぐり,日本ぐり,日本ぐり
日本なし,1285,1285,5000,名詞,一般,*,*,*,*,日本なし,日本なし,日本なし
早生,1285,1285,5000,名詞,一般,*,*,*,*,早生,早生,早生
昆布だし,1285,1285,5000,名詞,一般,*,*,*,*,昆布だし,昆布だし,昆布だし
昆布巻きかまぼこ,1285,1285,5000,名詞,一般,*,*,*,*,昆布巻きかまぼこ,昆布巻きかまぼこ,昆布巻きかまぼこ
昆布茶,1285,1285,5000,名詞,一般,*,*,*,*,昆布茶,昆布茶,昆布茶
春巻きの皮,1285,1285,5000,名詞,一般,*,*,*,*,春巻きの皮,春巻きの皮,春巻きの皮
春獲り,1285,1285,5000,名詞,一般,*,*,*,*,春獲り,春獲り,春獲り
普通,1285,1285,5000,名詞,一般,*,*,*,*,普通,普通,普通
普通はるさめ,1285,1285,5000,名詞,一般,*,*,*,*,普通はるさめ,普通はるさめ,普通はるさめ
普通牛乳,1285,1285,5000,名詞,一般,*,*,*,*,普通牛乳,普通牛乳,普通牛乳
普通脂肪,1285,1285,5000,名詞,一般,*,*,*,*,普通脂肪,普通脂肪,普通脂肪
普通酒,1285,1285,5000,名詞,一般,*,*,*,*,普通酒,普通酒,普通酒
有塩,1285,1285,5000,名詞,一般,*,*,*,*,有塩,有塩,有塩
有塩バター,1285,1285,5000,名詞,一般,*,*,*,*,有塩バター,有塩バター,有塩バター
木綿豆腐,1285,1285,5000,名詞,一般,*,*,*,*,木綿豆腐,木綿豆腐,木綿豆腐
未熟,1285,1285,5000,名詞,一般,*,*,*,*,未熟,未熟,未熟
未熟種子,1285,1285,5000,名詞,一般,*,*,*,*,未熟種子,未熟種子,未熟種子
未熟豆,1285,1285,5000,名詞,一般,*,*,*,*,未熟豆,未熟豆,未熟豆
本みりん,1285,1285,5000,名詞,一般,*,*,*,*,本みりん,本みりん,本みりん
本枯れ節,1285,1285,5000,名詞,一般,*,*,*,*,本枯れ節,本枯れ節,本枯れ節
本枯れ節・昆布だし,1285,1285,5000,名詞,一般,*,*,*,*,本枯れ節・昆布だし,本枯れ節・昆布だし,本枯れ節・昆布だし
本皮,1285,1285,5000,名詞,一般,*,*,*,*,本皮,本皮,本皮
本直し,1285,1285,5000,名詞,一般,*,*,*,*,本直し,本直し,本直し
本醸造酒,1285,1285,5000,名詞,一般,*,*,*,*,本醸造酒,本醸造酒,本醸造酒
松前漬け,1285,1285,5000,名詞,一般,*,*,*,*,松前漬け,松前漬け,松前漬け
松風,1285,1285,5000,名詞,一般,*,*,*,*,松風,松風,松風
板こんにゃく,1285,1285,5000,名詞,一般,*,*,*,*,板こんにゃく,板こんにゃく,板こんにゃく
板ふ,1285,1285,5000,名詞,一般,*,*,*,*,板ふ,板ふ,板ふ
板わかめ,1285,1285,5000,名詞,一般,*,*,*,*,板わかめ,板わかめ,板わかめ
板ガム,1285,1285,5000,名詞,一般,*,*,*,*,板ガム,板ガム,板ガム
果実,1285,1285,5000,名詞,一般,*,*,*,*,果実,果実,果実
果実なし,1285,1285,5000,名詞,一般,*,*,*,*,果実なし,果実なし,果実なし
果実色飲料,1285,1285,5000,名詞,一般,*,*,*,*,果実色飲料,果実色飲料,果実色飲料
果実酢,1285,1285,5000,名詞,一般,*,*,*,*,果実酢,果実酢,果実酢
果実飲料,1285,1285,5000,名詞,一般,*,*,*,*,果実飲料,果実飲料,果実飲料
果汁,1285,1285,5000,名詞,一般,*,*,*,*,果汁,果汁,果汁
果皮,1285,1285,5000,名詞,一般,*,*,*,*,果皮,果皮,果皮
果粒入りジュース,1285,1285,5000,名詞,一般,*,*,*,*,果粒入りジュース,果粒入りジュース,果粒入りジュース
果糖,1285,1285,5000,名詞,一般,*,*,*,*,果糖,果糖,果糖
果糖ぶどう糖液糖,1285,1285,5000,名詞,一般,*,*,*,*,果糖ぶどう糖液糖,果糖ぶどう糖液糖,果糖ぶどう糖液糖
果肉,1285,1285,5000,名詞,一般,*,*,*,*,果肉,果肉,果肉
株採り,1285,1285,5000,名詞,一般,*,*,*,*,株採り,株採り,株採り
根,1285,1285,5000,名詞,一般,*,*,*,*,根,根,根
根みつば,1285,1285,5000,名詞,一般,*,*,*,*,根みつば,根みつば,根みつば
根・茎葉,1285,1285,5000,名詞,一般,*,*,*,*,根・茎葉,根・茎葉,根・茎葉
根深ねぎ,1285,1285,5000,名詞,一般,*,*,*,*,根深ねぎ,根深ねぎ,根深ねぎ
根茎,1285,1285,5000,名詞,一般,*,*,*,*,根茎,根茎,根茎
桜でんぶ,1285,1285,5000,名詞,一般,*,*,*,*,桜でんぶ,桜でんぶ,桜でんぶ
桜もち,1285,1285,5000,名詞,一般,*,*,*,*,桜もち,桜もち,桜もち
梅びしお,1285,1285,5000,名詞,一般,*,*,*,*,梅びしお,梅びしお,梅びしお
梅干し,1285,1285,5000,名詞,一般,*,*,*,*,梅干し,梅干し,梅干し
梅漬,1285,1285,5000,名詞,一般,*,*,*,*,梅漬,梅漬,梅漬
梅酒,1285,1285,5000,名詞,一般,*,*,*,*,梅酒,梅酒,梅酒
植物性脂肪,1285,1285,5000,名詞,一般,*,*,*,*,植物性脂肪,植物性脂肪,植物性脂肪
植物油脂類,1285,1285,5000,名詞,一般,*,*,*,*,植物油脂類,植物油脂類,植物油脂類
業務用,1285,1285,5000,名詞,一般,*,*,*,*,業務用,業務用,業務用
横隔膜,1285,1285,5000,名詞,一般,*,*,*,*,横隔膜,横隔膜,横隔膜
殺菌乳製品,1285,1285,5000,名詞,一般,*,*,*,*,殺菌乳製品,殺菌乳製品,殺菌乳製品
毛がに,1285,1285,5000,名詞,一般,*,*,*,*,毛がに,毛がに,毛がに
水あめ,1285,1285,5000,名詞,一般,*,*,*,*,水あめ,水あめ,水あめ
水さらし,1285,1285,5000,名詞,一般,*,*,*,*,水さらし,水さらし,水さらし
水ようかん,1285,1285,5000,名詞,一般,*,*,*,*,水ようかん,水ようかん,水ようかん
水出し,1285,1285,5000,名詞,一般,*,*,*,*,水出し,水出し,水出し
水戻し,1285,1285,5000,名詞,一般,*,*,*,*,水戻し,水戻し,水戻し
水煮,1285,1285,5000,名詞,一般,*,*,*,*,水煮,水煮,水煮
水煮の汁,1285,1285,5000,名詞,一般,*,*,*,*,水煮の汁,水煮の汁,水煮の汁
水煮びん詰,1285,1285,5000,名詞,一般,*,*,*,*,水煮びん詰,水煮びん詰,水煮びん詰
水煮缶詰,1285,1285,5000,名詞,一般,*,*,*,*,水煮缶詰,水煮缶詰,水煮缶詰
水管,1285,1285,5000,名詞,一般,*,*,*,*,水管,水管,水管
水耕栽培,1285,1285,5000,名詞,一般,*,*,*,*,水耕栽培,水耕栽培,水耕栽培
氷砂糖,1285,1285,5000,名詞,一般,*,*,*,*,氷砂糖,氷砂糖,氷砂糖
氷糖みつ,1285,1285,5000,名詞,一般,*,*,*,*,氷糖みつ,氷糖みつ,氷糖みつ
汁物類,1285,1285,5000,名詞,一般,*,*,*,*,汁物類,汁物類,汁物類
沖縄そば,1285,1285,5000,名詞,一般,*,*,*,*,沖縄そば,沖縄そば,沖縄そば
沖縄豆腐,1285,1285,5000,名詞,一般,*,*,*,*,沖縄豆腐,沖縄豆腐,沖縄豆腐
沸騰水で短時間加熱したもの,1285,1285,5000,名詞,一般,*,*,*,*,沸騰水で短時間加熱したもの,沸騰水で短時間加熱したもの,沸騰水で短時間加熱したもの
油いため,1285,1285,5000,名詞,一般,*,*,*,*,油いため,油いため,油いため
油ふ,1285,1285,5000,名詞,一般,*,*,*,*,油ふ,油ふ,油ふ
油抜き,1285,1285,5000,名詞,一般,*,*,*,*,油抜き,油抜き,油抜き
油揚げ,1285,1285,5000,名詞,一般,*,*,*,*,油揚げ,油揚げ,油揚げ
油揚げ味付け,1285,1285,5000,名詞,一般,*,*,*,*,油揚げ味付け,油揚げ味付け,油揚げ味付け
油漬,1285,1285,5000,名詞,一般,*,*,*,*,油漬,油漬,油漬
泡盛,1285,1285,5000,名詞,一般,*,*,*,*,泡盛,泡盛,泡盛
洋種なばな,1285,1285,5000,名詞,一般,*,*,*,*,洋種なばな,洋種なばな,洋種なばな
洋菓子,1285,1285,5000,名詞,一般,*,*,*,*,洋菓子,洋菓子,洋菓子
洋風だし,1285,1285,5000,名詞,一般,*,*,*,*,洋風だし,洋風だし,洋風だし
洋風料理,1285,1285,5000,名詞,一般,*,*,*,*,洋風料理,洋風料理,洋風料理
海面養殖,1285,1285,5000,名詞,一般,*,*,*,*,海面養殖,海面養殖,海面養殖
浸出液,1285,1285,5000,名詞,一般,*,*,*,*,浸出液,浸出液,浸出液
液汁,1285,1285,5000,名詞,一般,*,*,*,*,液汁,液汁,液汁
液状,1285,1285,5000,名詞,一般,*,*,*,*,液状,液状,液状
液状乳類,1285,1285,5000,名詞,一般,*,*,*,*,液状乳類,液状乳類,液状乳類
液糖,1285,1285,5000,名詞,一般,*,*,*,*,液糖,液糖,液糖
淡水養殖,1285,1285,5000,名詞,一般,*,*,*,*,淡水養殖,淡水養殖,淡水養殖
淡色,1285,1285,5000,名詞,一般,*,*,*,*,淡色,淡色,淡色
淡色辛みそ,1285,1285,5000,名詞,一般,*,*,*,*,淡色辛みそ,淡色辛みそ,淡色辛みそ
混合,1285,1285,5000,名詞,一般,*,*,*,*,混合,混合,混合
混合ソーセージ,1285,1285,5000,名詞,一般,*,*,*,*,混合ソーセージ,混合ソーセージ,混合ソーセージ
混合プレスハム,1285,1285,5000,名詞,一般,*,*,*,*,混合プレスハム,混合プレスハム,混合プレスハム
混成酒類,1285,1285,5000,名詞,一般,*,*,*,*,混成酒類,混成酒類,混成酒類
添付調味料等を含まないもの,1285,1285,5000,名詞,一般,*,*,*,*,添付調味料等を含まないもの,添付調味料等を含まないもの,添付調味料等を含まないもの
添付調味料等を含むもの,1285,1285,5000,名詞,一般,*,*,*,*,添付調味料等を含むもの,添付調味料等を含むもの,添付調味料等を含むもの
清酒,1285,1285,5000,名詞,一般,*,*,*,*,清酒,清酒,清酒
渋抜きがき,1285,1285,5000,名詞,一般,*,*,*,*,渋抜きがき,渋抜きがき,渋抜きがき
減塩,1285,1285,5000,名詞,一般,*,*,*,*,減塩,減塩,減塩
減塩みそ,1285,1285,5000,名詞,一般,*,*,*,*,減塩みそ,減塩みそ,減塩みそ
減塩タイプ食塩,1285,1285,5000,名詞,一般,*,*,*,*,減塩タイプ食塩,減塩タイプ食塩,減塩タイプ食塩
温室メロン,1285,1285,5000,名詞,一般,*,*,*,*,温室メロン,温室メロン,温室メロン
湯戻し,1285,1285,5000,名詞,一般,*,*,*,*,湯戻し,湯戻し,湯戻し
湯葉,1285,1285,5000,名詞,一般,*,*,*,*,湯葉,湯葉,湯葉
湯通し塩蔵,1285,1285,5000,名詞,一般,*,*,*,*,湯通し塩蔵,湯通し塩蔵,湯通し塩蔵
湯通し塩蔵わかめ,1285,1285,5000,名詞,一般,*,*,*,*,湯通し塩蔵わかめ,湯通し塩蔵わかめ,湯通し塩蔵わかめ
漬物,1285,1285,5000,名詞,一般,*,*,*,*,漬物,漬物,漬物
濃厚,1285,1285,5000,名詞,一般,*,*,*,*,濃厚,濃厚,濃厚
濃厚ソース,1285,1285,5000,名詞,一般,*,*,*,*,濃厚ソース,濃厚ソース,濃厚ソース
濃縮,1285,1285,5000,名詞,一般,*,*,*,*,濃縮,濃縮,濃縮
濃縮タイプ,1285,1285,5000,名詞,一般,*,*,*,*,濃縮タイプ,濃縮タイプ,濃縮タイプ
濃縮大豆たんぱく,1285,1285,5000,名詞,一般,*,*,*,*,濃縮大豆たんぱく,濃縮大豆たんぱく,濃縮大豆たんぱく
濃縮還元ジュース,1285,1285,5000,名詞,一般,*,*,*,*,濃縮還元ジュース,濃縮還元ジュース,濃縮還元ジュース
灰干し,1285,1285,5000,名詞,一般,*,*,*,*,灰干し,灰干し,灰干し
炭酸飲料類,1285,1285,5000,名詞,一般,*,*,*,*,炭酸飲料類,炭酸飲料類,炭酸飲料類
点心類,1285,1285,5000,名詞,一般,*,*,*,*,点心類,点心類,点心類
無塩,1285,1285,5000,名詞,一般,*,*,*,*,無塩,無塩,無塩
無水結晶,1285,1285,5000,名詞,一般,*,*,*,*,無水結晶,無水結晶,無水結晶
無発酵バター,1285,1285,5000,名詞,一般,*,*,*,*,無発酵バター,無発酵バター,無発酵バター
無糖,1285,1285,5000,名詞,一般,*,*,*,*,無糖,無糖,無糖
無糖練乳,1285,1285,5000,名詞,一般,*,*,*,*,無糖練乳,無糖練乳,無糖練乳
無脂肪無糖,1285,1285,5000,名詞,一般,*,*,*,*,無脂肪無糖,無脂肪無糖,無脂肪無糖
焼きおにぎり,1285,1285,5000,名詞,一般,*,*,*,*,焼きおにぎり,焼きおにぎり,焼きおにぎり
焼きそば,1285,1285,5000,名詞,一般,*,*,*,*,焼きそば,焼きそば,焼きそば
焼きそば粉末ソース,1285,1285,5000,名詞,一般,*,*,*,*,焼きそば粉末ソース,焼きそば粉末ソース,焼きそば粉末ソース
焼きのり,1285,1285,5000,名詞,一般,*,*,*,*,焼きのり,焼きのり,焼きのり
焼きふ,1285,1285,5000,名詞,一般,*,*,*,*,焼きふ,焼きふ,焼きふ
焼き干し,1285,1285,5000,名詞,一般,*,*,*,*,焼き干し,焼き干し,焼き干し
焼き抜きかまぼこ,1285,1285,5000,名詞,一般,*,*,*,*,焼き抜きかまぼこ,焼き抜きかまぼこ,焼き抜きかまぼこ
焼き竹輪,1285,1285,5000,名詞,一般,*,*,*,*,焼き竹輪,焼き竹輪,焼き竹輪
焼き肉のたれ,1285,1285,5000,名詞,一般,*,*,*,*,焼き肉のたれ,焼き肉のたれ,焼き肉のたれ
焼き豆腐,1285,1285,5000,名詞,一般,*,*,*,*,焼き豆腐,焼き豆腐,焼き豆腐
焼き豚,1285,1285,5000,名詞,一般,*,*,*,*,焼き豚,焼き豚,焼き豚
焼き鳥のたれ,1285,1285,5000,名詞,一般,*,*,*,*,焼き鳥のたれ,焼き鳥のたれ,焼き鳥のたれ
焼き鳥缶詰,1285,1285,5000,名詞,一般,*,*,*,*,焼き鳥缶詰,焼き鳥缶詰,焼き鳥缶詰
照りしょうゆ,1285,1285,5000,名詞,一般,*,*,*,*,照りしょうゆ,照りしょうゆ,照りしょうゆ
煮出し,1285,1285,5000,名詞,一般,*,*,*,*,煮出し,煮出し,煮出し
煮干し,1285,1285,5000,名詞,一般,*,*,*,*,煮干し,煮干し,煮干し
煮干しだし,1285,1285,5000,名詞,一般,*,*,*,*,煮干しだし,煮干しだし,煮干しだし
煮物類,1285,1285,5000,名詞,一般,*,*,*,*,煮物類,煮物類,煮物類
牛乳寒天,1285,1285,5000,名詞,一般,*,*,*,*,牛乳寒天,牛乳寒天,牛乳寒天
牛脂,1285,1285,5000,名詞,一般,*,*,*,*,牛脂,牛脂,牛脂
牛飯の具,1285,1285,5000,名詞,一般,*,*,*,*,牛飯の具,牛飯の具,牛飯の具
玄穀,1285,1285,5000,名詞,一般,*,*,*,*,玄穀,玄穀,玄穀
玄米,1285,1285,5000,名詞,一般,*,*,*,*,玄米,玄米,玄米
玄米粉,1285,1285,5000,名詞,一般,*,*,*,*,玄米粉,玄米粉,玄米粉
玄米茶,1285,1285,5000,名詞,一般,*,*,*,*,玄米茶,玄米茶,玄米茶
玉露,1285,1285,5000,名詞,一般,*,*,*,*,玉露,玉露,玉露
球茎,1285,1285,5000,名詞,一般,*,*,*,*,球茎,球茎,球茎
甘がき,1285,1285,5000,名詞,一般,*,*,*,*,甘がき,甘がき,甘がき
甘ぐり,1285,1285,5000,名詞,一般,*,*,*,*,甘ぐり,甘ぐり,甘ぐり
甘みそ,1285,1285,5000,名詞,一般,*,*,*,*,甘みそ,甘みそ,甘みそ
甘口タイプ,1285,1285,5000,名詞,一般,*,*,*,*,甘口タイプ,甘口タイプ,甘口タイプ
甘味種,1285,1285,5000,名詞,一般,*,*,*,*,甘味種,甘味種,甘味種
甘煮,1285,1285,5000,名詞,一般,*,*,*,*,甘煮,甘煮,甘煮
甘納豆,1285,1285,5000,名詞,一般,*,*,*,*,甘納豆,甘納豆,甘納豆
甘辛せんべい,1285,1285,5000,名詞,一般,*,*,*,*,甘辛せんべい,甘辛せんべい,甘辛せんべい
甘酒,1285,1285,5000,名詞,一般,*,*,*,*,甘酒,甘酒,甘酒
甘酢,1285,1285,5000,名詞,一般,*,*,*,*,甘酢,甘酢,甘酢
甘酢れんこん,1285,1285,5000,名詞,一般,*,*,*,*,甘酢れんこん,甘酢れんこん,甘酢れんこん
甘酢漬,1285,1285,5000,名詞,一般,*,*,*,*,甘酢漬,甘酢漬,甘酢漬
甘露煮,1285,1285,5000,名詞,一般,*,*,*,*,甘露煮,甘露煮,甘露煮
生いもこんにゃく,1285,1285,5000,名詞,一般,*,*,*,*,生いもこんにゃく,生いもこんにゃく,生いもこんにゃく
生うに,1285,1285,5000,名詞,一般,*,*,*,*,生うに,生うに,生うに
生しいたけ,1285,1285,5000,名詞,一般,*,*,*,*,生しいたけ,生しいたけ,生しいたけ
生ずいき,1285,1285,5000,名詞,一般,*,*,*,*,生ずいき,生ずいき,生ずいき
生ぜんまい,1285,1285,5000,名詞,一般,*,*,*,*,生ぜんまい,生ぜんまい,生ぜんまい
生ふ,1285,1285,5000,名詞,一般,*,*,*,*,生ふ,生ふ,生ふ
生わらび,1285,1285,5000,名詞,一般,*,*,*,*,生わらび,生わらび,生わらび
生を揚げたもの,1285,1285,5000,名詞,一般,*,*,*,*,生を揚げたもの,生を揚げたもの,生を揚げたもの
生ソーセージ,1285,1285,5000,名詞,一般,*,*,*,*,生ソーセージ,生ソーセージ,生ソーセージ
生ハム,1285,1285,5000,名詞,一般,*,*,*,*,生ハム,生ハム,生ハム
生パスタ,1285,1285,5000,名詞,一般,*,*,*,*,生パスタ,生パスタ,生パスタ
生乳,1285,1285,5000,名詞,一般,*,*,*,*,生乳,生乳,生乳
生八つ橋,1285,1285,5000,名詞,一般,*,*,*,*,生八つ橋,生八つ橋,生八つ橋
生干し,1285,1285,5000,名詞,一般,*,*,*,*,生干し,生干し,生干し
生揚げ,1285,1285,5000,名詞,一般,*,*,*,*,生揚げ,生揚げ,生揚げ
田作り,1285,1285,5000,名詞,一般,*,*,*,*,田作り,田作り,田作り
番茶,1285,1285,5000,名詞,一般,*,*,*,*,番茶,番茶,番茶
異性化液糖,1285,1285,5000,名詞,一般,*,*,*,*,異性化液糖,異性化液糖,異性化液糖
発泡酒,1285,1285,5000,名詞,一般,*,*,*,*,発泡酒,発泡酒,発泡酒
発芽玄米,1285,1285,5000,名詞,一般,*,*,*,*,発芽玄米,発芽玄米,発芽玄米
発酵バター,1285,1285,5000,名詞,一般,*,*,*,*,発酵バター,発酵バター,発酵バター
発酵乳・乳酸菌飲料,1285,1285,5000,名詞,一般,*,*,*,*,発酵乳・乳酸菌飲料,発酵乳・乳酸菌飲料,発酵乳・乳酸菌飲料
発酵茶類,1285,1285,5000,名詞,一般,*,*,*,*,発酵茶類,発酵茶類,発酵茶類
白,1285,1285,5000,名詞,一般,*,*,*,*,白,白,白
白ざら糖,1285,1285,5000,名詞,一般,*,*,*,*,白ざら糖,白ざら糖,白ざら糖
白焼き,1285,1285,5000,名詞,一般,*,*,*,*,白焼き,白焼き,白焼き
白玉粉,1285,1285,5000,名詞,一般,*,*,*,*,白玉粉,白玉粉,白玉粉
白肉種,1285,1285,5000,名詞,一般,*,*,*,*,白肉種,白肉種,白肉種
白色種,1285,1285,5000,名詞,一般,*,*,*,*,白色種,白色種,白色種
白身フライ,1285,1285,5000,名詞,一般,*,*,*,*,白身フライ,白身フライ,白身フライ
白酒,1285,1285,5000,名詞,一般,*,*,*,*,白酒,白酒,白酒
皮,1285,1285,5000,名詞,一般,*,*,*,*,皮,皮,皮
皮つき,1285,1285,5000,名詞,一般,*,*,*,*,皮つき,皮つき,皮つき
皮なし,1285,1285,5000,名詞,一般,*,*,*,*,皮なし,皮なし,皮なし
皮のみ,1285,1285,5000,名詞,一般,*,*,*,*,皮のみ,皮のみ,皮のみ
皮下脂肪なし,1285,1285,5000,名詞,一般,*,*,*,*,皮下脂肪なし,皮下脂肪なし,皮下脂肪なし
皮及び具,1285,1285,5000,名詞,一般,*,*,*,*,皮及び具,皮及び具,皮及び具
目玉焼き,1285,1285,5000,名詞,一般,*,*,*,*,目玉焼き,目玉焼き,目玉焼き
直腸,1285,1285,5000,名詞,一般,*,*,*,*,直腸,直腸,直腸
砂じょう,1285,1285,5000,名詞,一般,*,*,*,*,砂じょう,砂じょう,砂じょう
砂糖漬,1285,1285,5000,名詞,一般,*,*,*,*,砂糖漬,砂糖漬,砂糖漬
砂糖類,1285,1285,5000,名詞,一般,*,*,*,*,砂糖類,砂糖類,砂糖類
硬質,1285,1285,5000,名詞,一般,*,*,*,*,硬質,硬質,硬質
磯部せんべい,1285,1285,5000,名詞,一般,*,*,*,*,磯部せんべい,磯部せんべい,磯部せんべい
福原オレンジ,1285,1285,5000,名詞,一般,*,*,*,*,福原オレンジ,福原オレンジ,福原オレンジ
福神漬,1285,1285,5000,名詞,一般,*,*,*,*,福神漬,福神漬,福神漬
秋獲り,1285,1285,5000,名詞,一般,*,*,*,*,秋獲り,秋獲り,秋獲り
穀物酢,1285,1285,5000,名詞,一般,*,*,*,*,穀物酢,穀物酢,穀物酢
穂軸つき,1285,1285,5000,名詞,一般,*,*,*,*,穂軸つき,穂軸つき,穂軸つき
第一胃,1285,1285,5000,名詞,一般,*,*,*,*,第一胃,第一胃,第一胃
第三胃,1285,1285,5000,名詞,一般,*,*,*,*,第三胃,第三胃,第三胃
第二胃,1285,1285,5000,名詞,一般,*,*,*,*,第二胃,第二胃,第二胃
第四胃,1285,1285,5000,名詞,一般,*,*,*,*,第四胃,第四胃,第四胃
笹だんご,1285,1285,5000,名詞,一般,*,*,*,*,笹だんご,笹だんご,笹だんご
筑前煮,1285,1285,5000,名詞,一般,*,*,*,*,筑前煮,筑前煮,筑前煮
米こうじ,1285,1285,5000,名詞,一般,*,*,*,*,米こうじ,米こうじ,米こうじ
米でん粉,1285,1285,5000,名詞,一般,*,*,*,*,米でん粉,米でん粉,米でん粉
米ぬか,1285,1285,5000,名詞,一般,*,*,*,*,米ぬか,米ぬか,米ぬか
米ぬか油,1285,1285,5000,名詞,一般,*,*,*,*,米ぬか油,米ぬか油,米ぬか油
米みそ,1285,1285,5000,名詞,一般,*,*,*,*,米みそ,米みそ,米みそ
米国産,1285,1285,5000,名詞,一般,*,*,*,*,米国産,米国産,米国産
米粉,1285,1285,5000,名詞,一般,*,*,*,*,米粉,米粉,米粉
米粉めん,1285,1285,5000,名詞,一般,*,*,*,*,米粉めん,米粉めん,米粉めん
米粉パン,1285,1285,5000,名詞,一般,*,*,*,*,米粉パン,米粉パン,米粉パン
米粒麦,1285,1285,5000,名詞,一般,*,*,*,*,米粒麦,米粒麦,米粒麦
米菓,1285,1285,5000,名詞,一般,*,*,*,*,米菓,米菓,米菓
米酢,1285,1285,5000,名詞,一般,*,*,*,*,米酢,米酢,米酢
粉,1285,1285,5000,名詞,一般,*,*,*,*,粉,粉,粉
粉あめ,1285,1285,5000,名詞,一般,*,*,*,*,粉あめ,粉あめ,粉あめ
粉乳類,1285,1285,5000,名詞,一般,*,*,*,*,粉乳類,粉乳類,粉乳類
粉寒天,1285,1285,5000,名詞,一般,*,*,*,*,粉寒天,粉寒天,粉寒天
粉末タイプ,1285,1285,5000,名詞,一般,*,*,*,*,粉末タイプ,粉末タイプ,粉末タイプ
粉末状,1285,1285,5000,名詞,一般,*,*,*,*,粉末状,粉末状,粉末状
粉糖,1285,1285,5000,名詞,一般,*,*,*,*,粉糖,粉糖,粉糖
粒うに,1285,1285,5000,名詞,一般,*,*,*,*,粒うに,粒うに,粒うに
粒入りマスタード,1285,1285,5000,名詞,一般,*,*,*,*,粒入りマスタード,粒入りマスタード,粒入りマスタード
粒状,1285,1285,5000,名詞,一般,*,*,*,*,粒状,粒状,粒状
粒状大豆たんぱく,1285,1285,5000,名詞,一般,*,*,*,*,粒状大豆たんぱく,粒状大豆たんぱく,粒状大豆たんぱく
精白米,1285,1285,5000,名詞,一般,*,*,*,*,精白米,精白米,精白米
精白粒,1285,1285,5000,名詞,一般,*,*,*,*,精白粒,精白粒,精白粒
精粉,1285,1285,5000,名詞,一般,*,*,*,*,精粉,精粉,精粉
精粉こんにゃく,1285,1285,5000,名詞,一般,*,*,*,*,精粉こんにゃく,精粉こんにゃく,精粉こんにゃく
精製塩,1285,1285,5000,名詞,一般,*,*,*,*,精製塩,精製塩,精製塩
糖衣ガム,1285,1285,5000,名詞,一般,*,*,*,*,糖衣ガム,糖衣ガム,糖衣ガム
糸みつば,1285,1285,5000,名詞,一般,*,*,*,*,糸みつば,糸みつば,糸みつば
糸引き納豆,1285,1285,5000,名詞,一般,*,*,*,*,糸引き納豆,糸引き納豆,糸引き納豆
紅白なます,1285,1285,5000,名詞,一般,*,*,*,*,紅白なます,紅白なます,紅白なます
紅肉種,1285,1285,5000,名詞,一般,*,*,*,*,紅肉種,紅肉種,紅肉種
紅茶,1285,1285,5000,名詞,一般,*,*,*,*,紅茶,紅茶,紅茶
純米吟醸酒,1285,1285,5000,名詞,一般,*,*,*,*,純米吟醸酒,純米吟醸酒,純米吟醸酒
純米酒,1285,1285,5000,名詞,一般,*,*,*,*,純米酒,純米酒,純米酒
素干し,1285,1285,5000,名詞,一般,*,*,*,*,素干し,素干し,素干し
素揚げ,1285,1285,5000,名詞,一般,*,*,*,*,素揚げ,素揚げ,素揚げ
素揚げ類,1285,1285,5000,名詞,一般,*,*,*,*,素揚げ類,素揚げ類,素揚げ類
紹興酒,1285,1285,5000,名詞,一般,*,*,*,*,紹興酒,紹興酒,紹興酒
結球葉,1285,1285,5000,名詞,一般,*,*,*,*,結球葉,結球葉,結球葉
絹ごし豆腐,1285,1285,5000,名詞,一般,*,*,*,*,絹ごし豆腐,絹ごし豆腐,絹ごし豆腐
綿実油,1285,1285,5000,名詞,一般,*,*,*,*,綿実油,綿実油,綿実油
緑肉種,1285,1285,5000,名詞,一般,*,*,*,*,緑肉種,緑肉種,緑肉種
緑色種,1285,1285,5000,名詞,一般,*,*,*,*,緑色種,緑色種,緑色種
緑茶類,1285,1285,5000,名詞,一般,*,*,*,*,緑茶類,緑茶類,緑茶類
緑豆はるさめ,1285,1285,5000,名詞,一般,*,*,*,*,緑豆はるさめ,緑豆はるさめ,緑豆はるさめ
練り,1285,1285,5000,名詞,一般,*,*,*,*,練り,練り,練り
練りうに,1285,1285,5000,名詞,一般,*,*,*,*,練りうに,練りうに,練りうに
練りみそ,1285,1285,5000,名詞,一般,*,*,*,*,練りみそ,練りみそ,練りみそ
練りようかん,1285,1285,5000,名詞,一般,*,*,*,*,練りようかん,練りようかん,練りようかん
練りマスタード,1285,1285,5000,名詞,一般,*,*,*,*,練りマスタード,練りマスタード,練りマスタード
練乳類,1285,1285,5000,名詞,一般,*,*,*,*,練乳類,練乳類,練乳類
繊維状大豆たんぱく,1285,1285,5000,名詞,一般,*,*,*,*,繊維状大豆たんぱく,繊維状大豆たんぱく,繊維状大豆たんぱく
缶チューハイ,1285,1285,5000,名詞,一般,*,*,*,*,缶チューハイ,缶チューハイ,缶チューハイ
缶詰,1285,1285,5000,名詞,一般,*,*,*,*,缶詰,缶詰,缶詰
耳,1285,1285,5000,名詞,一般,*,*,*,*,耳,耳,耳
耳を除いたもの,1285,1285,5000,名詞,一般,*,*,*,*,耳を除いたもの,耳を除いたもの,耳を除いたもの
耳・足,1285,1285,5000,名詞,一般,*,*,*,*,耳・足,耳・足,耳・足
肉じゃが,1285,1285,5000,名詞,一般,*,*,*,*,肉じゃが,肉じゃが,肉じゃが
肉まん,1285,1285,5000,名詞,一般,*,*,*,*,肉まん,肉まん,肉まん
肉芽,1285,1285,5000,名詞,一般,*,*,*,*,肉芽,肉芽,肉芽
肝臓,1285,1285,5000,名詞,一般,*,*,*,*,肝臓,肝臓,肝臓
胃,1285,1285,5000,名詞,一般,*,*,*,*,胃,胃,胃
背側,1285,1285,5000,名詞,一般,*,*,*,*,背側,背側,背側
胞子茎,1285,1285,5000,名詞,一般,*,*,*,*,胞子茎,胞子茎,胞子茎
胴,1285,1285,5000,名詞,一般,*,*,*,*,胴,胴,胴
脂身,1285,1285,5000,名詞,一般,*,*,*,*,脂身,脂身,脂身
脂身つき,1285,1285,5000,名詞,一般,*,*,*,*,脂身つき,脂身つき,脂身つき
脱皮大豆,1285,1285,5000,名詞,一般,*,*,*,*,脱皮大豆,脱皮大豆,脱皮大豆
脱脂乳,1285,1285,5000,名詞,一般,*,*,*,*,脱脂乳,脱脂乳,脱脂乳
脱脂加糖,1285,1285,5000,名詞,一般,*,*,*,*,脱脂加糖,脱脂加糖,脱脂加糖
脱脂粉乳,1285,1285,5000,名詞,一般,*,*,*,*,脱脂粉乳,脱脂粉乳,脱脂粉乳
腱,1285,1285,5000,名詞,一般,*,*,*,*,腱,腱,腱
舌,1285,1285,5000,名詞,一般,*,*,*,*,舌,舌,舌
芋かりんとう,1285,1285,5000,名詞,一般,*,*,*,*,芋かりんとう,芋かりんとう,芋かりんとう
花にら,1285,1285,5000,名詞,一般,*,*,*,*,花にら,花にら,花にら
花びら,1285,1285,5000,名詞,一般,*,*,*,*,花びら,花びら,花びら
花らい,1285,1285,5000,名詞,一般,*,*,*,*,花らい,花らい,花らい
花らい・茎,1285,1285,5000,名詞,一般,*,*,*,*,花らい・茎,花らい・茎,花らい・茎
花序,1285,1285,5000,名詞,一般,*,*,*,*,花序,花序,花序
花穂,1285,1285,5000,名詞,一般,*,*,*,*,花穂,花穂,花穂
花茎,1285,1285,5000,名詞,一般,*,*,*,*,花茎,花茎,花茎
花茎・花らい,1285,1285,5000,名詞,一般,*,*,*,*,花茎・花らい,花茎・花らい,花茎・花らい
芽ばえ,1285,1285,5000,名詞,一般,*,*,*,*,芽ばえ,芽ばえ,芽ばえ
若ざや,1285,1285,5000,名詞,一般,*,*,*,*,若ざや,若ざや,若ざや
若芽,1285,1285,5000,名詞,一般,*,*,*,*,若芽,若芽,若芽
若茎,1285,1285,5000,名詞,一般,*,*,*,*,若茎,若茎,若茎
若葉,1285,1285,5000,名詞,一般,*,*,*,*,若葉,若葉,若葉
茎,1285,1285,5000,名詞,一般,*,*,*,*,茎,茎,茎
茎にんにく,1285,1285,5000,名詞,一般,*,*,*,*,茎にんにく,茎にんにく,茎にんにく
茎葉,1285,1285,5000,名詞,一般,*,*,*,*,茎葉,茎葉,茎葉
茶,1285,1285,5000,名詞,一般,*,*,*,*,茶,茶,茶
草もち,1285,1285,5000,名詞,一般,*,*,*,*,草もち,草もち,草もち
荒節,1285,1285,5000,名詞,一般,*,*,*,*,荒節,荒節,荒節
荒節・昆布だし,1285,1285,5000,名詞,一般,*,*,*,*,荒節・昆布だし,荒節・昆布だし,荒節・昆布だし
菊のり,1285,1285,5000,名詞,一般,*,*,*,*,菊のり,菊のり,菊のり
菌床栽培,1285,1285,5000,名詞,一般,*,*,*,*,菌床栽培,菌床栽培,菌床栽培
菓子パン,1285,1285,5000,名詞,一般,*,*,*,*,菓子パン,菓子パン,菓子パン
菜類,1285,1285,5000,名詞,一般,*,*,*,*,菜類,菜類,菜類
落花生入り,1285,1285,5000,名詞,一般,*,*,*,*,落花生入り,落花生入り,落花生入り
落花生油,1285,1285,5000,名詞,一般,*,*,*,*,落花生油,落花生油,落花生油
葉,1285,1285,5000,名詞,一般,*,*,*,*,葉,葉,葉
葉しょうが,1285,1285,5000,名詞,一般,*,*,*,*,葉しょうが,葉しょうが,葉しょうが
葉たまねぎ,1285,1285,5000,名詞,一般,*,*,*,*,葉たまねぎ,葉たまねぎ,葉たまねぎ
葉だいこん,1285,1285,5000,名詞,一般,*,*,*,*,葉だいこん,葉だいこん,葉だいこん
葉にんじん,1285,1285,5000,名詞,一般,*,*,*,*,葉にんじん,葉にんじん,葉にんじん
葉ねぎ,1285,1285,5000,名詞,一般,*,*,*,*,葉ねぎ,葉ねぎ,葉ねぎ
葉柄,1285,1285,5000,名詞,一般,*,*,*,*,葉柄,葉柄,葉柄
葉･果実,1285,1285,5000,名詞,一般,*,*,*,*,葉･果実,葉･果実,葉･果実
蒸し,1285,1285,5000,名詞,一般,*,*,*,*,蒸し,蒸し,蒸し
蒸しかまぼこ,1285,1285,5000,名詞,一般,*,*,*,*,蒸しかまぼこ,蒸しかまぼこ,蒸しかまぼこ
蒸しまんじゅう,1285,1285,5000,名詞,一般,*,*,*,*,蒸しまんじゅう,蒸しまんじゅう,蒸しまんじゅう
蒸しようかん,1285,1285,5000,名詞,一般,*,*,*,*,蒸しようかん,蒸しようかん,蒸しようかん
蒸し中華めん,1285,1285,5000,名詞,一般,*,*,*,*,蒸し中華めん,蒸し中華めん,蒸し中華めん
蒸し中華めんソテー,1285,1285,5000,名詞,一般,*,*,*,*,蒸し中華めんソテー,蒸し中華めんソテー,蒸し中華めんソテー
蒸し切干,1285,1285,5000,名詞,一般,*,*,*,*,蒸し切干,蒸し切干,蒸し切干
蒸し大豆,1285,1285,5000,名詞,一般,*,*,*,*,蒸し大豆,蒸し大豆,蒸し大豆
蒸し干し,1285,1285,5000,名詞,一般,*,*,*,*,蒸し干し,蒸し干し,蒸し干し
蒸留酒類,1285,1285,5000,名詞,一般,*,*,*,*,蒸留酒類,蒸留酒類,蒸留酒類
薄力粉,1285,1285,5000,名詞,一般,*,*,*,*,薄力粉,薄力粉,薄力粉
薄皮タイプ,1285,1285,5000,名詞,一般,*,*,*,*,薄皮タイプ,薄皮タイプ,薄皮タイプ
薬味酒,1285,1285,5000,名詞,一般,*,*,*,*,薬味酒,薬味酒,薬味酒
表層粉,1285,1285,5000,名詞,一般,*,*,*,*,表層粉,表層粉,表層粉
裸節,1285,1285,5000,名詞,一般,*,*,*,*,裸節,裸節,裸節
製菓,1285,1285,5000,名詞,一般,*,*,*,*,製菓,製菓,製菓
西洋かぼちゃ,1285,1285,5000,名詞,一般,*,*,*,*,西洋かぼちゃ,西洋かぼちゃ,西洋かぼちゃ
西洋なし,1285,1285,5000,名詞,一般,*,*,*,*,西洋なし,西洋なし,西洋なし
親子丼の具,1285,1285,5000,名詞,一般,*,*,*,*,親子丼の具,親子丼の具,親子丼の具
角寒天,1285,1285,5000,名詞,一般,*,*,*,*,角寒天,角寒天,角寒天
角形食パン,1285,1285,5000,名詞,一般,*,*,*,*,角形食パン,角形食パン,角形食パン
角煮,1285,1285,5000,名詞,一般,*,*,*,*,角煮,角煮,角煮
角砂糖,1285,1285,5000,名詞,一般,*,*,*,*,角砂糖,角砂糖,角砂糖
調合油,1285,1285,5000,名詞,一般,*,*,*,*,調合油,調合油,調合油
調味ソース類,1285,1285,5000,名詞,一般,*,*,*,*,調味ソース類,調味ソース類,調味ソース類
調味干し,1285,1285,5000,名詞,一般,*,*,*,*,調味干し,調味干し,調味干し
調味料不使用,1285,1285,5000,名詞,一般,*,*,*,*,調味料不使用,調味料不使用,調味料不使用
調味料含む,1285,1285,5000,名詞,一般,*,*,*,*,調味料含む,調味料含む,調味料含む
調味漬,1285,1285,5000,名詞,一般,*,*,*,*,調味漬,調味漬,調味漬
調理後のめん,1285,1285,5000,名詞,一般,*,*,*,*,調理後のめん,調理後のめん,調理後のめん
調理後全体,1285,1285,5000,名詞,一般,*,*,*,*,調理後全体,調理後全体,調理後全体
調製豆乳,1285,1285,5000,名詞,一般,*,*,*,*,調製豆乳,調製豆乳,調製豆乳
豆きんとん,1285,1285,5000,名詞,一般,*,*,*,*,豆きんとん,豆きんとん,豆きんとん
豆みそ,1285,1285,5000,名詞,一般,*,*,*,*,豆みそ,豆みそ,豆みそ
豆乳,1285,1285,5000,名詞,一般,*,*,*,*,豆乳,豆乳,豆乳
豆乳飲料・麦芽コーヒー,1285,1285,5000,名詞,一般,*,*,*,*,豆乳飲料・麦芽コーヒー,豆乳飲料・麦芽コーヒー,豆乳飲料・麦芽コーヒー
豆腐よう,1285,1285,5000,名詞,一般,*,*,*,*,豆腐よう,豆腐よう,豆腐よう
豆腐ハンバーグ,1285,1285,5000,名詞,一般,*,*,*,*,豆腐ハンバーグ,豆腐ハンバーグ,豆腐ハンバーグ
豆腐竹輪,1285,1285,5000,名詞,一般,*,*,*,*,豆腐竹輪,豆腐竹輪,豆腐竹輪
豚足,1285,1285,5000,名詞,一般,*,*,*,*,豚足,豚足,豚足
貝柱,1285,1285,5000,名詞,一般,*,*,*,*,貝柱,貝柱,貝柱
赤,1285,1285,5000,名詞,一般,*,*,*,*,赤,赤,赤
赤えんどう,1285,1285,5000,名詞,一般,*,*,*,*,赤えんどう,赤えんどう,赤えんどう
赤こんにゃく,1285,1285,5000,名詞,一般,*,*,*,*,赤こんにゃく,赤こんにゃく,赤こんにゃく
赤たまねぎ,1285,1285,5000,名詞,一般,*,*,*,*,赤たまねぎ,赤たまねぎ,赤たまねぎ
赤とさか,1285,1285,5000,名詞,一般,*,*,*,*,赤とさか,赤とさか,赤とさか
赤ピーマン,1285,1285,5000,名詞,一般,*,*,*,*,赤ピーマン,赤ピーマン,赤ピーマン
赤米,1285,1285,5000,名詞,一般,*,*,*,*,赤米,赤米,赤米
赤肉,1285,1285,5000,名詞,一般,*,*,*,*,赤肉,赤肉,赤肉
赤肉種,1285,1285,5000,名詞,一般,*,*,*,*,赤肉種,赤肉種,赤肉種
赤色トマト,1285,1285,5000,名詞,一般,*,*,*,*,赤色トマト,赤色トマト,赤色トマト
赤色ミニトマト,1285,1285,5000,名詞,一般,*,*,*,*,赤色ミニトマト,赤色ミニトマト,赤色ミニトマト
赤色辛みそ,1285,1285,5000,名詞,一般,*,*,*,*,赤色辛みそ,赤色辛みそ,赤色辛みそ
赤身,1285,1285,5000,名詞,一般,*,*,*,*,赤身,赤身,赤身
赤飯,1285,1285,5000,名詞,一般,*,*,*,*,赤飯,赤飯,赤飯
身欠きにしん,1285,1285,5000,名詞,一般,*,*,*,*,身欠きにしん,身欠きにしん,身欠きにしん
車ふ,1285,1285,5000,名詞,一般,*,*,*,*,車ふ,車ふ,車ふ
車糖,1285,1285,5000,名詞,一般,*,*,*,*,車糖,車糖,車糖
軟白,1285,1285,5000,名詞,一般,*,*,*,*,軟白,軟白,軟白
軟質,1285,1285,5000,名詞,一般,*,*,*,*,軟質,軟質,軟質
軟骨,1285,1285,5000,名詞,一般,*,*,*,*,軟骨,軟骨,軟骨
転化型液糖,1285,1285,5000,名詞,一般,*,*,*,*,転化型液糖,転化型液糖,転化型液糖
輸入,1285,1285,5000,名詞,一般,*,*,*,*,輸入,輸入,輸入
辛口タイプ,1285,1285,5000,名詞,一般,*,*,*,*,辛口タイプ,辛口タイプ,辛口タイプ
辛味調味料類,1285,1285,5000,名詞,一般,*,*,*,*,辛味調味料類,辛味調味料類,辛味調味料類
辛子酢みそ,1285,1285,5000,名詞,一般,*,*,*,*,辛子酢みそ,辛子酢みそ,辛子酢みそ
通常タイプ,1285,1285,5000,名詞,一般,*,*,*,*,通常タイプ,通常タイプ,通常タイプ
通年平均,1285,1285,5000,名詞,一般,*,*,*,*,通年平均,通年平均,通年平均
連続式蒸留しょうちゅう,1285,1285,5000,名詞,一般,*,*,*,*,連続式蒸留しょうちゅう,連続式蒸留しょうちゅう,連続式蒸留しょうちゅう
道明寺粉,1285,1285,5000,名詞,一般,*,*,*,*,道明寺粉,道明寺粉,道明寺粉
還元水あめ,1285,1285,5000,名詞,一般,*,*,*,*,還元水あめ,還元水あめ,還元水あめ
還元麦芽糖,1285,1285,5000,名詞,一般,*,*,*,*,還元麦芽糖,還元麦芽糖,還元麦芽糖
酒かす,1285,1285,5000,名詞,一般,*,*,*,*,酒かす,酒かす,酒かす
酢の物類,1285,1285,5000,名詞,一般,*,*,*,*,酢の物類,酢の物類,酢の物類
酢みそ,1285,1285,5000,名詞,一般,*,*,*,*,酢みそ,酢みそ,酢みそ
酢漬,1285,1285,5000,名詞,一般,*,*,*,*,酢漬,酢漬,酢漬
酢豚,1285,1285,5000,名詞,一般,*,*,*,*,酢豚,酢豚,酢豚
酵母,1285,1285,5000,名詞,一般,*,*,*,*,酵母,酵母,酵母
酵素糖化,1285,1285,5000,名詞,一般,*,*,*,*,酵素糖化,酵素糖化,酵素糖化
酸味種,1285,1285,5000,名詞,一般,*,*,*,*,酸味種,酸味種,酸味種
酸糖化,1285,1285,5000,名詞,一般,*,*,*,*,酸糖化,酸糖化,酸糖化
醸造酒類,1285,1285,5000,名詞,一般,*,*,*,*,醸造酒類,醸造酒類,醸造酒類
野菜ミックスジュース,1285,1285,5000,名詞,一般,*,*,*,*,野菜ミックスジュース,野菜ミックスジュース,野菜ミックスジュース
金山寺みそ,1285,1285,5000,名詞,一般,*,*,*,*,金山寺みそ,金山寺みそ,金山寺みそ
釜揚げしらす,1285,1285,5000,名詞,一般,*,*,*,*,釜揚げしらす,釜揚げしらす,釜揚げしらす
釜焼きふ,1285,1285,5000,名詞,一般,*,*,*,*,釜焼きふ,釜焼きふ,釜焼きふ
鉄釜,1285,1285,5000,名詞,一般,*,*,*,*,鉄釜,鉄釜,鉄釜
長期熟成,1285,1285,5000,名詞,一般,*,*,*,*,長期熟成,長期熟成,長期熟成
開き干し,1285,1285,5000,名詞,一般,*,*,*,*,開き干し,開き干し,開き干し
関東風,1285,1285,5000,名詞,一般,*,*,*,*,関東風,関東風,関東風
関西風,1285,1285,5000,名詞,一般,*,*,*,*,関西風,関西風,関西風
電子レンジ調理,1285,1285,5000,名詞,一般,*,*,*,*,電子レンジ調理,電子レンジ調理,電子レンジ調理
露地メロン,1285,1285,5000,名詞,一般,*,*,*,*,露地メロン,露地メロン,露地メロン
青えんどう,1285,1285,5000,名詞,一般,*,*,*,*,青えんどう,青えんどう,青えんどう
青きな粉,1285,1285,5000,名詞,一般,*,*,*,*,青きな粉,青きな粉,青きな粉
青とさか,1285,1285,5000,名詞,一般,*,*,*,*,青とさか,青とさか,青とさか
青ピーマン,1285,1285,5000,名詞,一般,*,*,*,*,青ピーマン,青ピーマン,青ピーマン
青大豆,1285,1285,5000,名詞,一般,*,*,*,*,青大豆,青大豆,青大豆
青汁,1285,1285,5000,名詞,一般,*,*,*,*,青汁,青汁,青汁
青菜の白和え,1285,1285,5000,名詞,一般,*,*,*,*,青菜の白和え,青菜の白和え,青菜の白和え
非乳製品,1285,1285,5000,名詞,一般,*,*,*,*,非乳製品,非乳製品,非乳製品
非油揚げ,1285,1285,5000,名詞,一般,*,*,*,*,非油揚げ,非油揚げ,非油揚げ
韓国料理,1285,1285,5000,名詞,一般,*,*,*,*,韓国料理,韓国料理,韓国料理
顆粒おでん用,1285,1285,5000,名詞,一般,*,*,*,*,顆粒おでん用,顆粒おでん用,顆粒おでん用
顆粒中華だし,1285,1285,5000,名詞,一般,*,*,*,*,顆粒中華だし,顆粒中華だし,顆粒中華だし
顆粒和風だし,1285,1285,5000,名詞,一般,*,*,*,*,顆粒和風だし,顆粒和風だし,顆粒和風だし
風船ガム,1285,1285,5000,名詞,一般,*,*,*,*,風船ガム,風船ガム,風船ガム
食パン,1285,1285,5000,名詞,一般,*,*,*,*,食パン,食パン,食パン
食塩,1285,1285,5000,名詞,一般,*,*,*,*,食塩,食塩,食塩
食塩不使用バター,1285,1285,5000,名詞,一般,*,*,*,*,食塩不使用バター,食塩不使用バター,食塩不使用バター
食塩添加,1285,1285,5000,名詞,一般,*,*,*,*,食塩添加,食塩添加,食塩添加
食塩無添加,1285,1285,5000,名詞,一般,*,*,*,*,食塩無添加,食塩無添加,食塩無添加
食塩類,1285,1285,5000,名詞,一般,*,*,*,*,食塩類,食塩類,食塩類
食酢類,1285,1285,5000,名詞,一般,*,*,*,*,食酢類,食酢類,食酢類
養殖,1285,1285,5000,名詞,一般,*,*,*,*,養殖,養殖,養殖
骨・皮つき,1285,1285,5000,名詞,一般,*,*,*,*,骨・皮つき,骨・皮つき,骨・皮つき
骨付き,1285,1285,5000,名詞,一般,*,*,*,*,骨付き,骨付き,骨付き
骨付きハム,1285,1285,5000,名詞,一般,*,*,*,*,骨付きハム,骨付きハム,骨付きハム
高果糖液糖,1285,1285,5000,名詞,一般,*,*,*,*,高果糖液糖,高果糖液糖,高果糖液糖
高糖度,1285,1285,5000,名詞,一般,*,*,*,*,高糖度,高糖度,高糖度
高脂肪,1285,1285,5000,名詞,一般,*,*,*,*,高脂肪,高脂肪,高脂肪
魚肉ソーセージ,1285,1285,5000,名詞,一般,*,*,*,*,魚肉ソーセージ,魚肉ソーセージ,魚肉ソーセージ
魚肉ハム,1285,1285,5000,名詞,一般,*,*,*,*,魚肉ハム,魚肉ハム,魚肉ハム
魚醤油,1285,1285,5000,名詞,一般,*,*,*,*,魚醤油,魚醤油,魚醤油
鶏がらだし,1285,1285,5000,名詞,一般,*,*,*,*,鶏がらだし,鶏がらだし,鶏がらだし
鶏卵,1285,1285,5000,名詞,一般,*,*,*,*,鶏卵,鶏卵,鶏卵
麦こがし,1285,1285,5000,名詞,一般,*,*,*,*,麦こがし,麦こがし,麦こがし
麦みそ,1285,1285,5000,名詞,一般,*,*,*,*,麦みそ,麦みそ,麦みそ
麦らくがん,1285,1285,5000,名詞,一般,*,*,*,*,麦らくがん,麦らくがん,麦らくがん
麦茶,1285,1285,5000,名詞,一般,*,*,*,*,麦茶,麦茶,麦茶
麻婆豆腐,1285,1285,5000,名詞,一般,*,*,*,*,麻婆豆腐,麻婆豆腐,麻婆豆腐
黄にら,1285,1285,5000,名詞,一般,*,*,*,*,黄にら,黄にら,黄にら
黄ピーマン,1285,1285,5000,名詞,一般,*,*,*,*,黄ピーマン,黄ピーマン,黄ピーマン
黄大豆,1285,1285,5000,名詞,一般,*,*,*,*,黄大豆,黄大豆,黄大豆
黄肉種,1285,1285,5000,名詞,一般,*,*,*,*,黄肉種,黄肉種,黄肉種
黄色トマト,1285,1285,5000,名詞,一般,*,*,*,*,黄色トマト,黄色トマト,黄色トマト
黄色種,1285,1285,5000,名詞,一般,*,*,*,*,黄色種,黄色種,黄色種
黄身酢,1285,1285,5000,名詞,一般,*,*,*,*,黄身酢,黄身酢,黄身酢
黒,1285,1285,5000,名詞,一般,*,*,*,*,黒,黒,黒
黒はんぺん,1285,1285,5000,名詞,一般,*,*,*,*,黒はんぺん,黒はんぺん,黒はんぺん
黒大豆,1285,1285,5000,名詞,一般,*,*,*,*,黒大豆,黒大豆,黒大豆
黒砂糖,1285,1285,5000,名詞,一般,*,*,*,*,黒砂糖,黒砂糖,黒砂糖
黒米,1285,1285,5000,名詞,一般,*,*,*,*,黒米,黒米,黒米
黒蜜,1285,1285,5000,名詞,一般,*,*,*,*,黒蜜,黒蜜,黒蜜
黒酢,1285,1285,5000,名詞,一般,*,*,*,*,黒酢,黒酢,黒酢
＜いか・たこ類＞,1285,1285,5000,名詞,一般,*,*,*,*,＜いか・たこ類＞,＜いか・たこ類＞,＜いか・たこ類＞
＜いも類＞,1285,1285,5000,名詞,一般,*,*,*,*,＜いも類＞,＜いも類＞,＜いも類＞
＜えび・かに類＞,1285,1285,5000,名詞,一般,*,*,*,*,＜えび・かに類＞,＜えび・かに類＞,＜えび・かに類＞
＜その他＞,1285,1285,5000,名詞,一般,*,*,*,*,＜その他＞,＜その他＞,＜その他＞
＜でん粉・でん粉製品＞,1285,1285,5000,名詞,一般,*,*,*,*,＜でん粉・でん粉製品＞,＜でん粉・でん粉製品＞,＜でん粉・でん粉製品＞
＜アルコール飲料類＞,1285,1285,5000,名詞,一般,*,*,*,*,＜アルコール飲料類＞,＜アルコール飲料類＞,＜アルコール飲料類＞
＜キャンデー類＞,1285,1285,5000,名詞,一般,*,*,*,*,＜キャンデー類＞,＜キャンデー類＞,＜キャンデー類＞
＜ケーキ・ペストリー類＞,1285,1285,5000,名詞,一般,*,*,*,*,＜ケーキ・ペストリー類＞,＜ケーキ・ペストリー類＞,＜ケーキ・ペストリー類＞
＜コーヒー・ココア類＞,1285,1285,5000,名詞,一般,*,*,*,*,＜コーヒー・ココア類＞,＜コーヒー・ココア類＞,＜コーヒー・ココア類＞
＜スナック類＞,1285,1285,5000,名詞,一般,*,*,*,*,＜スナック類＞,＜スナック類＞,＜スナック類＞
＜チューインガム類＞,1285,1285,5000,名詞,一般,*,*,*,*,＜チューインガム類＞,＜チューインガム類＞,＜チューインガム類＞
＜チョコレート類＞,1285,1285,5000,名詞,一般,*,*,*,*,＜チョコレート類＞,＜チョコレート類＞,＜チョコレート類＞
＜デザート菓子類＞,1285,1285,5000,名詞,一般,*,*,*,*,＜デザート菓子類＞,＜デザート菓子類＞,＜デザート菓子類＞
＜ビスケット類＞,1285,1285,5000,名詞,一般,*,*,*,*,＜ビスケット類＞,＜ビスケット類＞,＜ビスケット類＞
＜和干菓子類＞,1285,1285,5000,名詞,一般,*,*,*,*,＜和干菓子類＞,＜和干菓子類＞,＜和干菓子類＞
＜和生菓子・和半生菓子類＞,1285,1285,5000,名詞,一般,*,*,*,*,＜和生菓子・和半生菓子類＞,＜和生菓子・和半生菓子類＞,＜和生菓子・和半生菓子類＞
＜果実菓子類＞,1285,1285,5000,名詞,一般,*,*,*,*,＜果実菓子類＞,＜果実菓子類＞,＜果実菓子類＞
＜水産練り製品＞,1285,1285,5000,名詞,一般,*,*,*,*,＜水産練り製品＞,＜水産練り製品＞,＜水産練り製品＞
＜牛乳及び乳製品＞,1285,1285,5000,名詞,一般,*,*,*,*,＜牛乳及び乳製品＞,＜牛乳及び乳製品＞,＜牛乳及び乳製品＞
＜畜肉類＞,1285,1285,5000,名詞,一般,*,*,*,*,＜畜肉類＞,＜畜肉類＞,＜畜肉類＞
＜茶類＞,1285,1285,5000,名詞,一般,*,*,*,*,＜茶類＞,＜茶類＞,＜茶類＞
＜菓子パン類＞,1285,1285,5000,名詞,一般,*,*,*,*,＜菓子パン類＞,＜菓子パン類＞,＜菓子パン類＞
＜調味料類＞,1285,1285,5000,名詞,一般,*,*,*,*,＜調味料類＞,＜調味料類＞,＜調味料類＞
＜貝類＞,1285,1285,5000,名詞,一般,*,*,*,*,＜貝類＞,＜貝類＞,＜貝類＞
＜香辛料類＞,1285,1285,5000,名詞,一般,*,*,*,*,＜香辛料類＞,＜香辛料類＞,＜香辛料類＞
＜魚類＞,1285,1285,5000,名詞,一般,*,*,*,*,＜魚類＞,＜魚類＞,＜魚類＞
＜鳥肉類＞,1285,1285,5000,名詞,一般,*,*,*,*,＜鳥肉類＞,＜鳥肉類＞,＜鳥肉類＞
［うどん・そうめん類］,1285,1285,5000,名詞,一般,*,*,*,*,［うどん・そうめん類］,［うどん・そうめん類］,［うどん・そうめん類］
［うるち米製品］,1285,1285,5000,名詞,一般,*,*,*,*,［うるち米製品］,［うるち米製品］,［うるち米製品］
［その他］,1285,1285,5000,名詞,一般,*,*,*,*,［その他］,［その他］,［その他］
［ひき肉］,1285,1285,5000,名詞,一般,*,*,*,*,［ひき肉］,［ひき肉］,［ひき肉］
［ふ類］,1285,1285,5000,名詞,一般,*,*,*,*,［ふ類］,［ふ類］,［ふ類］
［もち米製品］,1285,1285,5000,名詞,一般,*,*,*,*,［もち米製品］,［もち米製品］,［もち米製品］
［ソーセージ類］,1285,1285,5000,名詞,一般,*,*,*,*,［ソーセージ類］,［ソーセージ類］,［ソーセージ類］
［ハム類］,1285,1285,5000,名詞,一般,*,*,*,*,［ハム類］,［ハム類］,［ハム類］
［パン類］,1285,1285,5000,名詞,一般,*,*,*,*,［パン類］,［パン類］,［パン類］
［プレスハム類］,1285,1285,5000,名詞,一般,*,*,*,*,［プレスハム類］,［プレスハム類］,［プレスハム類］
［ベーコン類］,1285,1285,5000,名詞,一般,*,*,*,*,［ベーコン類］,［ベーコン類］,［ベーコン類］
［マカロニ・スパゲッティ類］,1285,1285,5000,名詞,一般,*,*,*,*,［マカロニ・スパゲッティ類］,［マカロニ・スパゲッティ類］,［マカロニ・スパゲッティ類］
［マトン］,1285,1285,5000,名詞,一般,*,*,*,*,［マトン］,［マトン］,［マトン］
［ラム］,1285,1285,5000,名詞,一般,*,*,*,*,［ラム］,［ラム］,［ラム］
［中型種肉］,1285,1285,5000,名詞,一般,*,*,*,*,［中型種肉］,［中型種肉］,［中型種肉］
［中華めん類］,1285,1285,5000,名詞,一般,*,*,*,*,［中華めん類］,［中華めん類］,［中華めん類］
［乳用肥育牛肉］,1285,1285,5000,名詞,一般,*,*,*,*,［乳用肥育牛肉］,［乳用肥育牛肉］,［乳用肥育牛肉］
［二次品目］,1285,1285,5000,名詞,一般,*,*,*,*,［二次品目］,［二次品目］,［二次品目］
［交雑牛肉］,1285,1285,5000,名詞,一般,*,*,*,*,［交雑牛肉］,［交雑牛肉］,［交雑牛肉］
［全粒・全粒製品］,1285,1285,5000,名詞,一般,*,*,*,*,［全粒・全粒製品］,［全粒・全粒製品］,［全粒・全粒製品］
［副品目］,1285,1285,5000,名詞,一般,*,*,*,*,［副品目］,［副品目］,［副品目］
［副生物］,1285,1285,5000,名詞,一般,*,*,*,*,［副生物］,［副生物］,［副生物］
［加工品］,1285,1285,5000,名詞,一般,*,*,*,*,［加工品］,［加工品］,［加工品］
［即席めん類］,1285,1285,5000,名詞,一般,*,*,*,*,［即席めん類］,［即席めん類］,［即席めん類］
［和牛肉］,1285,1285,5000,名詞,一般,*,*,*,*,［和牛肉］,［和牛肉］,［和牛肉］
［大型種肉］,1285,1285,5000,名詞,一般,*,*,*,*,［大型種肉］,［大型種肉］,［大型種肉］
［子牛肉］,1285,1285,5000,名詞,一般,*,*,*,*,［子牛肉］,［子牛肉］,［子牛肉］
［小麦粉］,1285,1285,5000,名詞,一般,*,*,*,*,［小麦粉］,［小麦粉］,［小麦粉］
［水稲おもゆ］,1285,1285,5000,名詞,一般,*,*,*,*,［水稲おもゆ］,［水稲おもゆ］,［水稲おもゆ］
［水稲めし］,1285,1285,5000,名詞,一般,*,*,*,*,［水稲めし］,［水稲めし］,［水稲めし］
［水稲五分かゆ］,1285,1285,5000,名詞,一般,*,*,*,*,［水稲五分かゆ］,［水稲五分かゆ］,［水稲五分かゆ］
［水稲全かゆ］,1285,1285,5000,名詞,一般,*,*,*,*,［水稲全かゆ］,［水稲全かゆ］,［水稲全かゆ］
［水稲穀粒］,1285,1285,5000,名詞,一般,*,*,*,*,［水稲穀粒］,［水稲穀粒］,［水稲穀粒］
［水稲軟めし］,1285,1285,5000,名詞,一般,*,*,*,*,［水稲軟めし］,［水稲軟めし］,［水稲軟めし］
［玄穀］,1285,1285,5000,名詞,一般,*,*,*,*,［玄穀］,［玄穀］,［玄穀］
［納豆類］,1285,1285,5000,名詞,一般,*,*,*,*,［納豆類］,［納豆類］,［納豆類］
［若どり・主品目］,1285,1285,5000,名詞,一般,*,*,*,*,［若どり・主品目］,［若どり・主品目］,［若どり・主品目］
［若どり・副品目］,1285,1285,5000,名詞,一般,*,*,*,*,［若どり・副品目］,［若どり・副品目］,［若どり・副品目］
［親・主品目］,1285,1285,5000,名詞,一般,*,*,*,*,［親・主品目］,［親・主品目］,［親・主品目］
［親・副品目］,1285,1285,5000,名詞,一般,*,*,*,*,［親・副品目］,［親・副品目］,［親・副品目］
［豆腐・油揚げ類］,1285,1285,5000,名詞,一般,*,*,*,*,［豆腐・油揚げ類］,［豆腐・油揚げ類］,［豆腐・油揚げ類］
［輸入牛肉］,1285,1285,5000,名詞,一般,*,*,*,*,［輸入牛肉］,［輸入牛肉］,［輸入牛肉］
［陸稲めし］,1285,1285,5000,名詞,一般,*,*,*,*,［陸稲めし］,［陸稲めし］,［陸稲めし］
［陸稲穀粒］,1285,1285,5000,名詞,一般,*,*,*,*,［陸稲穀粒］,［陸稲穀粒］,［陸稲穀粒］
