{"type":"FeatureCollection","features":[{"type":"Feature","properties":{"prefecture":"北海道"},"geometry":{"type":"Polygon","coordinates":[[[-37.21996546028589,77.09548922669343],[-37.22991956843126,77.0944486891651],[-37.23382848889172,77.09280915768872],[-37.24191383095325,77.09194877526645],[-37.24294099867285,77.09130769340167],[-37.25630102459818,77.09025640682931],[-37.260409789879816,77.09062890636898],[-37.268615071056786,77.09041624104384],[-37.287839744089354,77.09074316659841],[-37.30397299524153,77.08961544725982],[-37.317294203430144,77.0876698056608],[-37.3287895805771,77.08653022175059],[-37.334098674152195,77.08566242792942],[-37.345038267977074,77.08523804766192],[-37.35935336601295,77.0841106437703],[-37.36288551089048,77.08284414607166],[-37.36037468129843,77.08152565315405],[-37.353641890391394,77.07972821672799],[-37.34320657149323,77.07733648471],[-37.33551696452223,77.07578254933419],[-37.3250822583783,77.07402372921686],[-37.3066625495878,77.07191982525195],[-37.29253239252629,77.07212076645523],[-37.28234527840478,77.0730320719193],[-37.26938465698418,77.07239513519622],[-37.25643045300672,77.07243739434304],[-37.2496093107243,77.07306318548765],[-37.242166505513325,77.07392955683129],[-37.23885829012014,77.07518959384463],[-37.22351758444144,77.0772672551691],[-37.2143630042307,77.07811471442842],[-37.20953906432718,77.07952672047536],[-37.20790121722614,77.08096634884349],[-37.19821019653861,77.0823909261449],[-37.19980706668278,77.08343962928407],[-37.18635819003689,77.08420764098437],[-37.18393077125917,77.08335792896932],[-37.174425322801,77.08211105833735],[-37.16948892009055,77.0808831528101],[-37.15165166448051,77.07842495003963],[-37.14407478698975,77.07788211081201],[-37.14020555809079,77.07782033007686],[-37.12356052261736,77.07568033426246],[-37.110189238874575,77.07413857322108],[-37.092458810180574,77.07241065006691],[-37.06702370284018,77.07055340593693],[-37.04458831948295,77.06955187560645],[-37.022095367064026,77.06940604782662],[-37.011351591737025,77.06957729679671],[-37.00127705690765,77.07029630011071],[-36.9986447967816,77.06991518736895],[-36.98169182499721,77.07087721410754],[-36.95898183324231,77.07342397000042],[-36.947034000229735,77.07476290324757],[-36.94414602918193,77.07540081563643],[-36.9316193969986,77.07614049333917],[-36.9120673844798,77.07663246288355],[-36.90407289463339,77.07728935032127],[-36.8975630910046,77.0784728809666],[-36.88501055566621,77.08064637083491],[-36.87174771927366,77.08215409644852],[-36.855377720264705,77.08391240874167],[-36.84799171231178,77.08406945931192],[-36.83972705794358,77.08556491297563],[-36.824428143218654,77.08672568160148],[-36.815128575302765,77.08714616624943],[-36.80098790360184,77.08876582908398],[-36.796325815612256,77.08956021062748],[-36.776160419338396,77.09046828668366],[-36.76454925375624,77.09196568507339],[-36.75357657183994,77.09228253247689],[-36.74354339595677,77.09251402874833],[-36.73102556324102,77.09320350305211],[-36.72194831054431,77.09471579927805],[-36.70910188750633,77.09569821624179],[-36.69486876579444,77.09709787165983],[-36.68898494635036,77.09891070282285],[-36.67803359043783,77.10013860959272],[-36.671410303447196,77.09955138035917],[-36.66759611264156,77.09808392532896],[-36.655377894975146,77.0960762257951],[-36.656018782065885,77.09503634778997],[-36.65282789711036,77.09369165297785],[-36.651784720770415,77.09176070941241],[-36.6488801420724,77.09001397496557],[-36.65249364361702,77.08954255369919],[-36.65462078369709,77.0882216056708],[-36.650210554835034,77.08602774568266],[-36.65022470263054,77.08525106858121],[-36.63616638335936,77.080925191564],[-36.62387460706368,77.07775852809556],[-36.60636935107206,77.07417712497111],[-36.58300873994862,77.07005086539807],[-36.57032160293479,77.06820626456354],[-36.53196872342829,77.06259426239252],[-36.51929284875462,77.06092946615327],[-36.50298948307757,77.05913909966038],[-36.49570804034722,77.05838476640746],[-36.48492793654721,77.05770585726768],[-36.468985575361486,77.05633712159519],[-36.45480336131656,77.05564479219335],[-36.44485734828426,77.05530970815062],[-36.42342314361411,77.05597977250945],[-36.42270505804778,77.05676409569907],[-36.40562615291682,77.0576169272453],[-36.3975067802369,77.0576917150968],[-36.38750717277987,77.057041913972],[-36.363228459806805,77.05663714607965],[-36.35148219893027,77.05697470927879],[-36.32121322735311,77.05674122388805],[-36.33945215307625,77.0551171229369],[-36.33745385563239,77.05413354113945],[-36.32494694281578,77.05186009701556],[-36.31745373772042,77.05145474454075],[-36.30028861261602,77.05173135154949],[-36.305179453434604,77.0528067598257],[-36.28813300904857,77.05427365668072],[-36.26819257859716,77.05384369212474],[-36.23937223969484,77.05381485968137],[-36.22335762080285,77.05315015430698],[-36.19492314913736,77.05254458818438],[-36.19342530771978,77.05157835685503],[-36.1094297469292,77.05024232008714],[-36.112166780479626,77.04974248125056],[-36.06624420854947,77.04891349642331],[-36.079419113600885,77.04852669752395],[-36.063044226942324,77.04777625412699],[-35.99516439086829,77.04726822517327],[-35.950918986107666,77.04736653559634],[-35.896028483442976,77.04690740739272],[-35.843009203599614,77.04665433980361],[-35.812118907978224,77.0465697399098],[-35.714936568209176,77.04629422769148],[-35.66737873598214,77.04616871223031],[-35.64348623394573,77.04601514977044],[-35.62090443758375,77.0460169632364],[-35.60734945408606,77.0461831632479],[-35.58864400550332,77.04672652989305],[-35.56413846348264,77.04681909033587],[-35.55309111635303,77.04711677453014],[-35.52887642688343,77.04730789443053],[-35.497447272512396,77.04738204427606],[-35.46538969926438,77.04771782270107],[-35.43434655359442,77.04784545214093],[-35.39814140248293,77.04836254568876],[-35.409439037819894,77.0487357691684],[-35.43250399484144,77.04882907199602],[-35.460565344538324,77.0484295548981],[-35.517679124999866,77.04821895168315],[-35.54099787913944,77.04774483021316],[-35.56159214811283,77.04755441802968],[-35.59062620476379,77.04714208885468],[-35.619480435802394,77.04692427284965],[-35.65444783994721,77.04654859517221],[-35.749978112401756,77.04635177573834],[-35.81820665990241,77.04579190942592],[-35.86418310891618,77.04492780936495],[-35.87918406787761,77.04441445613853],[-35.89310036709799,77.04336504665145],[-35.930477626083814,77.04166396257625],[-35.87672429722801,77.04325374611236],[-35.876505358830656,77.04325264082564],[-35.974033651612736,77.03982682673508],[-36.06168182920298,77.03447072989421],[-36.05011342562439,77.03421592664549],[-36.01835320713195,77.0357784471477],[-35.982289856300774,77.03734270407146],[-35.97746419416859,77.03743256166328],[-35.91821531306786,77.04054916849988],[-35.88307801612703,77.04252525194542],[-35.822727694984806,77.0460034712577],[-35.80481062329724,77.04699043315615],[-35.77700378527494,77.04874799506126],[-35.77599510750301,77.0490806265857],[-35.74358915769267,77.05147636911335],[-35.678758581869744,77.05568551722132],[-35.656579450649886,77.05745344181523],[-35.65322462411243,77.05804820041546],[-35.63384343092003,77.0595437136696],[-35.64031491744181,77.06002079320957],[-35.63827271764015,77.06140196416804],[-35.657727235992944,77.06019947178818],[-35.668122643383875,77.0591101178548],[-35.746430308513936,77.05343355592473],[-35.78836929124107,77.050075874437],[-35.852396151358704,77.04588828053069],[-35.86246429156121,77.04514832317203],[-35.99043066204682,77.03629636640713],[-35.99883629492974,77.03567841852502],[-36.09093002786835,77.02897729673349],[-36.15703354003061,77.02398826030793],[-36.26137694244193,77.01642969453734],[-36.28098294551833,77.01592212916192],[-36.302332091224265,77.01541368238348],[-36.32433365715231,77.01490710749619],[-36.35241337244231,77.01447237846477],[-36.38214501224467,77.01397347050057],[-36.40062436724993,77.01355175625827],[-36.42828255715647,77.01244412603538],[-36.44260841663129,77.01131983688062],[-36.4451372094011,77.0096654687963],[-36.452799506830274,77.00872157333066],[-36.452211336133786,77.00663708374005],[-36.45376098337588,77.00554823790269],[-36.464067174934776,77.00589177880342],[-36.4824970907216,77.00531513575844],[-36.487595782910496,77.00484880045211],[-36.49462653003013,77.00494779024],[-36.52881623673669,77.00385468193147],[-36.558839038214984,77.00237734138825],[-36.577581925740326,77.00135567707446],[-36.60684180189361,76.99940806765184],[-36.63952550628267,76.99689023542783],[-36.64985768558038,76.99562501745041],[-36.65547580272453,76.99403474376352],[-36.669773802260856,76.99274213627211],[-36.679241146221884,76.99178510718187],[-36.683617360850334,76.99092909589754],[-36.708964990782704,76.98833880375875],[-36.732703298039276,76.98560989359645],[-36.755507229415514,76.98127885731748],[-36.76692717879132,76.97967451195616],[-36.77793180802179,76.9783252922306],[-36.790404642930916,76.9763405238096],[-36.80486511016798,76.97305057913236],[-36.80824703771456,76.97285228932378],[-36.81460915563546,76.9708850612328],[-36.825070319335374,76.96958129231801],[-36.82697491683344,76.96818429755622],[-36.8343307084809,76.9674341418243],[-36.83678275771672,76.96646762530241],[-36.84216607732057,76.96624880207774],[-36.84251289949209,76.96605891702524],[-36.84757803327215,76.96603776424256],[-36.86353431797503,76.96707498157502],[-36.876351025687356,76.97378569519243],[-36.89031605619328,76.99459776642487],[-36.93059529638463,77.03229092431289],[-36.97611384307606,77.04698593381099],[-36.99190590024891,77.05697624420937],[-37.013431610997735,77.06272283966314],[-37.01906400092305,77.06741427110492],[-37.03014394576177,77.06976735727204],[-37.04638316720341,77.06829307007722],[-37.05081428726878,77.06627101204629],[-37.04774065861271,77.06078222442012],[-37.05905403543488,77.05495288208786],[-37.07393196043697,77.05324210601596],[-37.10801551834405,77.05395955501733],[-37.12201125245401,77.0571775599164],[-37.140017830216586,77.0642750313565],[-37.1412143947,77.06009073193188],[-37.13487896281705,77.0550676840646],[-37.123521255134975,77.05071428835936],[-37.1220548062109,77.04447821395496],[-37.12868007110552,77.04100302673986],[-37.122671478531664,77.03330777117257],[-37.12779603907962,77.02738363839086],[-37.11781220315165,77.01742798401837],[-37.10666404722107,77.01033891871852],[-37.090057419046296,76.99915651518023],[-37.03785773485597,76.96997890940922],[-37.02736344309942,76.96958305042642],[-37.016467256079835,76.97198062153984],[-37.009047693725485,76.97470725356698],[-37.00344742888955,76.9781702539311],[-37.000455077596484,76.98207532271213],[-37.00123066214441,76.98469386492665],[-37.00558457561097,76.98614347595343],[-37.00690247818564,76.99006591968336],[-37.009862600812696,76.99192712517578],[-37.01827015878158,76.9938800441137],[-37.02406449204807,76.99597104542399],[-37.029022945873976,76.99745578673934],[-37.03232836587201,76.9976186385187],[-37.030010278559644,77.0009271051],[-37.03050656032143,77.00248802974683],[-37.0313916528454,77.00562679957672],[-37.029684897386176,77.00865599460239],[-37.029948067418594,77.01123875840932],[-37.0326664095514,77.01262419313284],[-37.03862838622082,77.01603329468367],[-37.04302244591772,77.01685969604499],[-37.0490839399149,77.01826942658396],[-37.059353050166,77.0192086189876],[-37.065480271873824,77.0190358336306],[-37.06932487783536,77.01989998824325],[-37.077394806757695,77.01989113333997],[-37.09465022762445,77.02139559267152],[-37.099611293669454,77.02324066549187],[-37.105266488011395,77.024325307233],[-37.10700968220441,77.025680453288],[-37.10337144799029,77.02753248603936],[-37.10307548681289,77.0287268261958],[-37.09672325927668,77.03040999038036],[-37.0965600980652,77.03140138940815],[-37.10262102317244,77.03343138866337],[-37.10317465396791,77.03420068146113],[-37.096331895377205,77.03612100568726],[-37.08908141320897,77.03878147678398],[-37.08879853740164,77.03999000525515],[-37.09151477485531,77.0425917326336],[-37.09780690679996,77.04392169410433],[-37.11331409442292,77.04659926855298],[-37.122545156427186,77.04790137122188],[-37.12226412253304,77.04849779056897],[-37.12878033546688,77.04853915440755],[-37.14128509363553,77.04957222104842],[-37.151149279577766,77.05013614732226],[-37.167002728623224,77.04894969084381],[-37.1813313315121,77.04832601653902],[-37.18239236770482,77.04603336728661],[-37.19059863804404,77.04597877504007],[-37.204034974642774,77.04662431878806],[-37.20523125264934,77.04712272441881],[-37.22051237263499,77.04747687301331],[-37.227133531944745,77.04771801901326],[-37.23576979736394,77.0472893971159],[-37.23529334096926,77.04635483526424],[-37.25224998612282,77.04511053518597],[-37.26430161514683,77.04447794550772],[-37.26763972736753,77.04306982272138],[-37.2791097328472,77.04227218290906],[-37.29090792831765,77.04004586887852],[-37.30059172893072,77.03919243792457],[-37.30616305409011,77.04048933985602],[-37.314441035887064,77.04106128346291],[-37.32933306768363,77.04074521497246],[-37.33061238089923,77.04201628424988],[-37.33514325037819,77.04281932676211],[-37.338215335241685,77.04538425390919],[-37.330514279830375,77.0472246290305],[-37.31616764078818,77.04890625808515],[-37.311010742605475,77.05010810050551],[-37.30667956383493,77.0514163144437],[-37.29996673612498,77.05251794002156],[-37.29617627437199,77.05396083602704],[-37.292484696715306,77.05411632134208],[-37.29406516688463,77.05532068770995],[-37.29503217711678,77.05573787738784],[-37.31880359719025,77.0574026580275],[-37.327063184391534,77.05878053299132],[-37.33238929968727,77.05987752804364],[-37.3352956366036,77.06066505441642],[-37.344281518715825,77.06165130417385],[-37.3456444145505,77.06383121091751],[-37.35966515950734,77.0640426352208],[-37.361349761284025,77.06303313058943],[-37.36928396076347,77.06222689019398],[-37.377020797316895,77.06226122612601],[-37.38399171820308,77.06361841538777],[-37.38484426896603,77.06429067106109],[-37.405292123666456,77.0652720722897],[-37.40736630785651,77.06599242990669],[-37.41751506943925,77.06647896118618],[-37.43000144860186,77.06606464476123],[-37.4533830006906,77.06563092960022],[-37.484111172670765,77.06536886720531],[-37.511733293379166,77.06534008862087],[-37.53592381713907,77.064470920878],[-37.550669481612665,77.06555245045472],[-37.58070860460422,77.06444817949799],[-37.64129484560074,77.06050704429903],[-37.70929341367811,77.05561739368075],[-37.7257442550639,77.05447169417424],[-37.75938712522769,77.05172253270727],[-37.75339494673467,77.05177812522535],[-37.76807703580621,77.05058304187638],[-37.75921610974011,77.05067501298194],[-37.69683280358687,77.05502906299219],[-37.69402859139457,77.05397134025087],[-37.63635807808712,77.05889463554865],[-37.61435345735488,77.06074029965913],[-37.602212164564705,77.06130220984868],[-37.60358096293645,77.06065658878504],[-37.59416187091242,77.06014877405563],[-37.61124934605832,77.05669855288525],[-37.62387895141224,77.05397131448967],[-37.67475998928151,77.04519552366179],[-37.6918860912227,77.04269002775891],[-37.71716629652996,77.04025562036267],[-37.73368550557177,77.0369739194746],[-37.79022293566855,77.02913663043063],[-37.81462576584778,77.02413202375546],[-37.8283480348112,77.02157030684683],[-37.835526378994984,77.01777975705292],[-37.828684581257434,77.01379186316794],[-37.83156864772578,77.01295428855737],[-37.81253043763499,77.01146568439711],[-37.78235829904989,77.013485839393],[-37.76697334599443,77.0137028948997],[-37.75900305656075,77.01283685206346],[-37.74612421511608,77.01356455245765],[-37.721441536333074,77.01766380302699],[-37.701373340407166,77.02176395030652],[-37.62955277247919,77.02961578941506],[-37.61115651389661,77.03108249967472],[-37.59034240128749,77.03483000363138],[-37.57043187913348,77.04173058594371],[-37.54676554587547,77.04802411415444],[-37.512863075510296,77.05458763915227],[-37.47532585741153,77.05956324140463],[-37.43923336751058,77.06606208968957],[-37.39315220205954,77.07462450185896],[-37.32507293983083,77.0900699464977],[-37.29963935375386,77.09419399553418],[-37.28755332990001,77.09566584785023],[-37.280173095769364,77.09631388473865],[-37.28649458486401,77.09462673463568],[-37.30858619478054,77.0908393045305],[-37.31920630590143,77.0875601432841],[-37.28211880600396,77.09505960978082],[-37.25872715085291,77.09813283213963],[-37.239226445597765,77.09996989390557],[-37.2190894189999,77.1016130058205],[-37.210976130245655,77.1020226180204],[-37.1983535222934,77.10317389891644],[-37.17686493017259,77.10430604989378],[-37.166470659176014,77.10381737198189],[-37.1547179370836,77.10410791013857],[-37.146556754117874,77.10354273850966],[-37.15591688247558,77.10262676879795],[-37.15831223762975,77.10172932597465],[-37.1711679538556,77.10058148152775],[-37.184968768881035,77.1001614276901],[-37.19855034995203,77.09912295803541],[-37.20465560279025,77.09807308201829],[-37.209883470290904,77.0965816431028],[-37.21996546028589,77.09548922669343]]]}},{"type":"Feature","properties":{"prefecture":"青森県"},"geometry":{"type":"Polygon","coordinates":[[[-37.9764100121212,76.94149165082878],[-37.94405449167751,76.94210574016228],[-37.92351781632988,76.94439896213325],[-37.907720705794674,76.94525712354994],[-37.8929052171428,76.94431066083598],[-37.889789278255755,76.9430383563827],[-37.86991742283882,76.94356203400666],[-37.85338966708076,76.94412485910287],[-37.83467374746231,76.94370681477875],[-37.81859983635774,76.94502505560591],[-37.79540947728882,76.94608796588685],[-37.778834318831976,76.94602899306923],[-37.76977239703837,76.94893070621895],[-37.74954846503128,76.95131816715521],[-37.742162193802834,76.95053533457951],[-37.728064229993045,76.95128004354477],[-37.72770187895135,76.94894431058785],[-37.712691014636555,76.94963725811192],[-37.69323056758084,76.94637974309019],[-37.66667745374321,76.94949731398816],[-37.65358368514836,76.94884760006684],[-37.64643913606475,76.94703860944325],[-37.63296392040954,76.94834918610864],[-37.627153744527,76.94972490643273],[-37.61550307072035,76.95005055995908],[-37.59507864096588,76.95232298468231],[-37.57649674244719,76.9531939847451],[-37.57351029580151,76.95526765716042],[-37.55832068974182,76.9569520470812],[-37.543936077348846,76.95747987972257],[-37.556014642422916,76.9523730670659],[-37.544690559390844,76.95128597447716],[-37.53098167908355,76.95138354820091],[-37.507134986793,76.95236664002026],[-37.509162570920424,76.95104548946526],[-37.50827054690557,76.94950160394347],[-37.50725601592376,76.94522851340453],[-37.51908814264264,76.94297605043182],[-37.53270388947737,76.93307464266704],[-37.52923825422268,76.93185127416665],[-37.519901183556854,76.92860768333323],[-37.50049088247295,76.92898635282258],[-37.478367017492694,76.93287207969512],[-37.46410758860062,76.93398911607618],[-37.467587622691276,76.93631960024456],[-37.44195509590857,76.9395358796474],[-37.425886490957154,76.94000627494884],[-37.40321969743062,76.9442005736517],[-37.38426064605429,76.94561967740508],[-37.37277756249631,76.94815234841604],[-37.360204271952696,76.94350297452696],[-37.34055874757549,76.94716037777769],[-37.33466403025162,76.94686166492768],[-37.318569272925245,76.94920177066541],[-37.30139280838303,76.94953659830304],[-37.28742202080628,76.94741674630134],[-37.269906409866266,76.94840799144275],[-37.256442240060935,76.95032473554163],[-37.24757573065815,76.95441634581643],[-37.230392694059276,76.95564829796896],[-37.20463426842947,76.9592217975797],[-37.21968456155998,76.96119312934192],[-37.2486360532513,76.96713004332805],[-37.2689267239383,76.96528759541143],[-37.28297537271499,76.96656479255763],[-37.29774367803641,76.97169510292807],[-37.30361349185231,76.9770340139969],[-37.3066262344361,76.98259609008255],[-37.301211226881186,76.99425482207049],[-37.298970894106354,76.99747815042294],[-37.2854951963295,77.00653096606044],[-37.261859785714975,77.01771483558969],[-37.25577367318399,77.02204322359313],[-37.253993216166535,77.02482631007308],[-37.22554507468413,77.03890167704459],[-37.172577388275776,77.06432087325834],[-37.15694600347795,77.07092097240138],[-37.13628961877121,77.08434707199079],[-37.17852070321017,77.0679953073164],[-37.21993201799205,77.05675249046762],[-37.23850883924311,77.05320316193004],[-37.25706260935646,77.05213797588374],[-37.271704072644816,77.05369298334291],[-37.27843155034559,77.0624367478168],[-37.29289242411204,77.06390637007473],[-37.319348136973346,77.0600860728193],[-37.32743421187514,77.06056961256336],[-37.33069369342929,77.06377531468829],[-37.35275348059179,77.0600782135399],[-37.35735053906147,77.05680740972736],[-37.38642939314563,77.04880888552925],[-37.44077569553257,77.03388855163507],[-37.46178734571805,77.02600748322251],[-37.47477917974016,77.02288501358728],[-37.48718993987383,77.01700581360753],[-37.50044187697264,77.01303520838468],[-37.51018832443774,77.00792635611937],[-37.51897517218151,77.00610745018021],[-37.526631805535665,77.00200356077619],[-37.52099674478405,77.00113370059366],[-37.509553971830584,77.00149230041463],[-37.49726541150896,77.00375795617755],[-37.457482181917,77.00827615661508],[-37.44580107772998,77.00887298603807],[-37.42453483288573,77.01293828617884],[-37.39529133309214,77.01376648453228],[-37.383818214832736,77.01676391764711],[-37.36299126462372,77.02037169650148],[-37.343310569850175,77.02499916497567],[-37.34224762668819,77.02668049034995],[-37.323290094550735,77.03271293356171],[-37.307853066684444,77.0336808379127],[-37.30075226550338,77.03059693084082],[-37.29890220527391,77.02632510324288],[-37.3057593296277,77.01895479328383],[-37.32298302362147,77.0137574339081],[-37.336559288141544,77.00873189351157],[-37.34839112121112,77.0025802293847],[-37.36171238378553,76.99783607685384],[-37.38034770332482,76.99291140957385],[-37.400303005389055,76.98924588820482],[-37.41886784322613,76.98806603299312],[-37.42515243033551,76.98886759004859],[-37.43039765543678,76.99068559777862],[-37.43859249223934,76.99051423377053],[-37.454955353340644,76.99149339331515],[-37.45882890606432,76.99301524324656],[-37.47299968929202,76.9946690209621],[-37.49615768926082,76.99448275144404],[-37.510762887219556,76.99064892496088],[-37.51039217099019,76.98803947624718],[-37.5162571050738,76.98705736712394],[-37.51717237512432,76.9859933214897],[-37.54870264158117,76.98107389350068],[-37.578371478594505,76.9790226917931],[-37.594636051368056,76.98056759252276],[-37.597428215808804,76.98241423963866],[-37.5969538314154,76.98614359976028],[-37.592770976352135,76.99108840753696],[-37.58993695840546,76.99561705379381],[-37.57462787191913,77.00133175258205],[-37.57663384036027,77.00276868605523],[-37.589552896471034,77.00430384747995],[-37.60565917448464,77.00435757238462],[-37.61890341303516,77.00354241438653],[-37.640331160858196,76.99958687962625],[-37.65932304418737,76.99918178562926],[-37.67531403713011,77.00148373407472],[-37.67802631967727,77.00281328539967],[-37.70256006498494,77.00324761442423],[-37.71321013101696,77.00035458694961],[-37.71526378671845,76.99690013810492],[-37.72442593247987,76.9939895239207],[-37.743398239485835,76.99132210280622],[-37.735881116242105,76.990511702603],[-37.73049192633603,76.98961155568881],[-37.731574356177624,76.98703536239383],[-37.73914626939834,76.98327463106422],[-37.756904470289086,76.97717171706952],[-37.77688896614505,76.97219583964511],[-37.788111543267604,76.97021871696192],[-37.80014617080916,76.96879553646468],[-37.81763244827917,76.96839783366154],[-37.84443562552851,76.96586062268605],[-37.860549596992996,76.964767302949],[-37.88639351825735,76.96560712108469],[-37.92556314624918,76.96314808255072],[-37.93855998265011,76.9603373115843],[-37.96530077330105,76.95668856788609],[-37.98453420685995,76.95570231749062],[-38.00853976500757,76.95337683150584],[-38.00625853523346,76.95141869585086],[-37.97938095506799,76.95199794802288],[-37.969719224235895,76.95000987453707],[-37.96778486854208,76.946074763965],[-37.9764100121212,76.94149165082878]]]}},{"type":"Feature","properties":{"prefecture":"岩手県"},"geometry":{"type":"Polygon","coordinates":[[[-37.20463426842947,76.9592217975797],[-37.230392694059276,76.95564829796896],[-37.24757573065815,76.95441634581643],[-37.256442240060935,76.95032473554163],[-37.269906409866266,76.94840799144275],[-37.28742202080628,76.94741674630134],[-37.30139280838303,76.94953659830304],[-37.318569272925245,76.94920177066541],[-37.33466403025162,76.94686166492768],[-37.34055874757549,76.94716037777769],[-37.360204271952696,76.94350297452696],[-37.37277756249631,76.94815234841604],[-37.38426064605429,76.94561967740508],[-37.40321969743062,76.9442005736517],[-37.425886490957154,76.94000627494884],[-37.44195509590857,76.9395358796474],[-37.467587622691276,76.93631960024456],[-37.46410758860062,76.93398911607618],[-37.478367017492694,76.93287207969512],[-37.50049088247295,76.92898635282258],[-37.519901183556854,76.92860768333323],[-37.52923825422268,76.93185127416665],[-37.535510622895586,76.92953995254751],[-37.551379628051215,76.92857183064879],[-37.55818793124585,76.92512078115065],[-37.57275240698956,76.92292853944953],[-37.56265802012333,76.92126356808346],[-37.56908446435458,76.91947514314334],[-37.564489065371546,76.91739963291656],[-37.57702251501349,76.91642631098773],[-37.572414981724414,76.91535324645052],[-37.57479505482131,76.9135095283498],[-37.57267166067782,76.91308905347766],[-37.5682232717723,76.9130002414895],[-37.56550210665482,76.9127402815902],[-37.57712488669107,76.91264329957883],[-37.58183773856428,76.91272492330495],[-37.59157447906726,76.9126891260851],[-37.59750727101581,76.91257372211285],[-37.5962829811048,76.91222865890607],[-37.57864266701831,76.91223330575137],[-37.576698448079554,76.9121926373147],[-37.58635784327851,76.91198759707949],[-37.59403505919829,76.911749459932],[-37.59569922356944,76.91157171590564],[-37.58719799557695,76.91157721245507],[-37.58876789266887,76.91140930894991],[-37.59796661278852,76.91110573757821],[-37.602066652436285,76.9110554288837],[-37.6121649197313,76.91081125373954],[-37.62035677703515,76.91067224480196],[-37.6194855327696,76.91057287396958],[-37.62809355983739,76.91037695614298],[-37.62776180495374,76.91032243897546],[-37.634647584707665,76.91016752994847],[-37.643232451421376,76.90992775903389],[-37.6428505945041,76.90978186937524],[-37.654059043055334,76.90930975930844],[-37.63726702541066,76.90914819989459],[-37.64339310903283,76.90815051141686],[-37.63360802658728,76.90828379617274],[-37.63448009446212,76.90757789105317],[-37.61377296559543,76.90720061781397],[-37.605847426936776,76.90674054743991],[-37.616461562783584,76.90518754324273],[-37.61778760079393,76.9045680802743],[-37.59966731608865,76.90388058353156],[-37.61585273552153,76.90273975915875],[-37.63039287825487,76.90010816187677],[-37.622412279754116,76.89917874828265],[-37.63547237159635,76.89548108953892],[-37.613695659708306,76.89567534982282],[-37.61401856182988,76.89361304379307],[-37.62746089258739,76.89036162474962],[-37.639513229241054,76.88829958162881],[-37.63935503251645,76.88488065311542],[-37.61410466630987,76.88629499630594],[-37.592084390175145,76.88434179022124],[-37.5756120544998,76.88457674456563],[-37.552695902146915,76.88341899315765],[-37.543537409626175,76.8811862262237],[-37.52035571833607,76.88183943723887],[-37.491938806885976,76.88320607502585],[-37.46991218973591,76.88265913195539],[-37.46698597042888,76.88081767103073],[-37.48844300682033,76.87837527687567],[-37.47577814781674,76.87701636887614],[-37.462780609451535,76.87462262225719],[-37.45133707613174,76.87483581234665],[-37.439036219627795,76.87363290367674],[-37.43409367686628,76.87191674636831],[-37.41417653905522,76.87302432698588],[-37.409186872330785,76.8756283560353],[-37.39226798733634,76.87557493527868],[-37.36984491555032,76.87708829951822],[-37.33973857287182,76.87453669139127],[-37.34123263875063,76.87297031358455],[-37.33167937826965,76.87418927106819],[-37.33019888165035,76.87674116299733],[-37.31959613779712,76.88017063863651],[-37.326783333783425,76.88232165312773],[-37.31077907420844,76.88505121041491],[-37.31470010622468,76.89125560074194],[-37.31767189071239,76.89238051298662],[-37.31518426008003,76.89443086655724],[-37.30131064588379,76.89326410603154],[-37.28239613143966,76.89306861066751],[-37.250472477114414,76.8893342663853],[-37.257307363512716,76.8918424582441],[-37.25044978322652,76.8927958943333],[-37.23229458049623,76.89133947479725],[-37.23567744606791,76.88975624146856],[-37.22338995509535,76.88773259941792],[-37.206798069916125,76.88691502678927],[-37.21378656346577,76.88923048838564],[-37.20033158835045,76.88945568614186],[-37.213519633292925,76.89208418772557],[-37.18721796866541,76.89148077523082],[-37.150992244200765,76.88969540685163],[-37.171378429804534,76.89235077429795],[-37.17143552919091,76.89435132791695],[-37.183093316638285,76.8970262537347],[-37.158586101182806,76.89580467247404],[-37.14656932888257,76.89406315451822],[-37.1285322974874,76.89409139732736],[-37.17346129727367,76.89943670203934],[-37.152010985008026,76.8986768615013],[-37.13854586104713,76.89942200267853],[-37.15346605367878,76.90083193255823],[-37.12934298919145,76.90110660053992],[-37.13636825740276,76.90215917643978],[-37.14738621202103,76.90222303318515],[-37.15487882805468,76.90299889320825],[-37.144279743446035,76.90361039247345],[-37.15499673836374,76.90446547812711],[-37.12559796866908,76.90402281023738],[-37.121230694384735,76.90469847219731],[-37.140079663774884,76.90476532633627],[-37.15098934273823,76.90534629048412],[-37.133122078180634,76.9053715429567],[-37.14223829136935,76.90619990693693],[-37.13620899958091,76.90648364119428],[-37.10199939243971,76.90647484785201],[-37.099392903551724,76.9072431047194],[-37.09029413754874,76.9076977099541],[-37.10167589799663,76.90814878772638],[-37.12556416362037,76.90732437891272],[-37.13596286470983,76.90821759397252],[-37.120580143865595,76.90832018842825],[-37.11322019544791,76.90865739074505],[-37.103574140505025,76.90929470030194],[-37.08625335780715,76.90957482243395],[-37.09317813933799,76.91032287815038],[-37.10389620687227,76.91034712118514],[-37.10847185460358,76.91128639315788],[-37.106553841371614,76.91207763645886],[-37.12643143948392,76.91201364870882],[-37.13030664918449,76.91239570008294],[-37.124525596201586,76.91298839372189],[-37.129977505875836,76.91330025716573],[-37.11840153564123,76.91513181492802],[-37.125226881133344,76.91662839956125],[-37.12391933770215,76.91765602102781],[-37.131425466252374,76.91825519418055],[-37.13874508698549,76.91918352420062],[-37.12755986944563,76.92059363721889],[-37.1292213354722,76.92251425960322],[-37.13332281707487,76.9234281556985],[-37.14988111853218,76.92295307723751],[-37.15633059203205,76.92448117010454],[-37.166450471408695,76.92450206515679],[-37.17429806110141,76.92533389894867],[-37.17435455679514,76.92729909523948],[-37.161549221269595,76.93065939065204],[-37.143584064666086,76.9328147834595],[-37.14853747266055,76.93432511121435],[-37.17308964314109,76.93470272515935],[-37.16739477768512,76.93799548874351],[-37.15368480457263,76.94035391805909],[-37.15733162510781,76.94371097660066],[-37.165238048389554,76.94565973813363],[-37.17199329781448,76.9477334641706],[-37.171540876444226,76.95012718794759],[-37.190543761672835,76.95461534089394],[-37.20463426842947,76.9592217975797]]]}},{"type":"Feature","properties":{"prefecture":"宮城県"},"geometry":{"type":"Polygon","coordinates":[[[-37.934665434769016,76.80723183967213],[-37.90349781349773,76.80514500090918],[-37.87485934929128,76.80658143048554],[-37.84420712794634,76.80561484077232],[-37.847893158181975,76.80341798296442],[-37.841456826412724,76.80247803664163],[-37.839793877854724,76.80239477526224],[-37.79659566322373,76.80413038232572],[-37.78530004133338,76.80391756467863],[-37.77464595223208,76.80452174351124],[-37.771117610697054,76.80367990480875],[-37.753993876830755,76.80422406181258],[-37.7398178839611,76.80381100696316],[-37.74015123486826,76.80178952482565],[-37.74857527786737,76.80043536187702],[-37.742755449721685,76.79891395696052],[-37.72103960169037,76.7985732623371],[-37.70139097841708,76.79872334212843],[-37.699556865501954,76.80000568461251],[-37.68036309388425,76.79994061593516],[-37.656992175270915,76.800464308642],[-37.652654763069954,76.80296877462197],[-37.648736980696754,76.80570992808087],[-37.624921136330784,76.80672716239113],[-37.60701822014092,76.80659380972925],[-37.61048910923488,76.8074498489895],[-37.61219675591815,76.81193008229943],[-37.60684322720696,76.81498589543057],[-37.593983022277946,76.82009807397606],[-37.58250049629222,76.82319539337672],[-37.56170383279474,76.82746528018188],[-37.54228415818176,76.83181681331934],[-37.54069785224804,76.8316990660559],[-37.54178056188034,76.83128064946057],[-37.535880954790706,76.8310774899838],[-37.534109819510206,76.83141934074281],[-37.511060646679844,76.83284461262674],[-37.51534891516864,76.83500114306668],[-37.53782501634902,76.83387955036018],[-37.5286509370334,76.83594534213832],[-37.537141791076756,76.83653883190482],[-37.52449119399642,76.83749648071834],[-37.52294134073885,76.8390056190295],[-37.508804223159466,76.8400555592626],[-37.487396733049145,76.8399910419924],[-37.48428606061387,76.83840238656023],[-37.46958964515533,76.83840959838119],[-37.46105648838254,76.83970651430886],[-37.41973816930435,76.84226847296355],[-37.36062381415681,76.84307711663268],[-37.355298798832834,76.84076438653759],[-37.33614129873414,76.84185869030972],[-37.317879089103435,76.84047938637774],[-37.32475005579233,76.83762436531123],[-37.31235414080488,76.83798560335774],[-37.29171656301382,76.83485480755371],[-37.272448125129046,76.83417343935716],[-37.26594355382057,76.83551680071139],[-37.268851848419274,76.83720705414244],[-37.28462978592519,76.84047137666717],[-37.28272141731791,76.84169937062839],[-37.29884569987968,76.84299773656082],[-37.30326362834871,76.84524216879188],[-37.28528873838876,76.8454109011374],[-37.28859731126038,76.84840624775362],[-37.29362753477059,76.8502565877279],[-37.26493523406856,76.85181548232677],[-37.271466472345494,76.853251070709],[-37.29508388073545,76.8535127684943],[-37.29557798787152,76.85708774410152],[-37.278567271182354,76.85910785967096],[-37.27777692804462,76.86068807592859],[-37.30356657843869,76.86226884137768],[-37.319858911300436,76.86237845029076],[-37.3139085354097,76.86447829293965],[-37.2992086614486,76.86587409422125],[-37.28638522939144,76.86613014569268],[-37.282230883534666,76.86787948852543],[-37.267317837793456,76.86670256811351],[-37.26504815216324,76.8692621501731],[-37.28282256677645,76.87051038653432],[-37.292254991934946,76.87236974790406],[-37.28964488676441,76.87399642363282],[-37.255691709053636,76.87683571273992],[-37.26314709566896,76.87864053071571],[-37.25547580013426,76.8812357588621],[-37.23529243073866,76.88267386859168],[-37.250472477114414,76.8893342663853],[-37.28239613143966,76.89306861066751],[-37.30131064588379,76.89326410603154],[-37.31518426008003,76.89443086655724],[-37.31767189071239,76.89238051298662],[-37.31470010622468,76.89125560074194],[-37.31077907420844,76.88505121041491],[-37.326783333783425,76.88232165312773],[-37.31959613779712,76.88017063863651],[-37.33019888165035,76.87674116299733],[-37.33167937826965,76.87418927106819],[-37.34123263875063,76.87297031358455],[-37.33973857287182,76.87453669139127],[-37.36984491555032,76.87708829951822],[-37.39226798733634,76.87557493527868],[-37.409186872330785,76.8756283560353],[-37.41417653905522,76.87302432698588],[-37.43409367686628,76.87191674636831],[-37.439036219627795,76.87363290367674],[-37.45133707613174,76.87483581234665],[-37.462780609451535,76.87462262225719],[-37.47577814781674,76.87701636887614],[-37.48844300682033,76.87837527687567],[-37.46698597042888,76.88081767103073],[-37.46991218973591,76.88265913195539],[-37.491938806885976,76.88320607502585],[-37.52035571833607,76.88183943723887],[-37.543537409626175,76.8811862262237],[-37.552695902146915,76.88341899315765],[-37.5756120544998,76.88457674456563],[-37.592084390175145,76.88434179022124],[-37.61410466630987,76.88629499630594],[-37.63935503251645,76.88488065311542],[-37.64816890228746,76.88456893561333],[-37.66073296716062,76.88339287810601],[-37.67603118002847,76.88057645812724],[-37.68712117125593,76.8799555010089],[-37.69665282800221,76.8780555550532],[-37.710815914386224,76.87687889742047],[-37.728266611008415,76.87648514680221],[-37.75468120013701,76.87398875248348],[-37.76041155315344,76.87491468555112],[-37.76681227720017,76.8733490289741],[-37.742229096514464,76.87108794576005],[-37.74501422467085,76.86785777338235],[-37.73041276497629,76.86676120123188],[-37.752427941468355,76.86116019637922],[-37.74457162604486,76.86047874528863],[-37.76028817217104,76.85598743801027],[-37.767011564699395,76.85528760183136],[-37.788182423089665,76.85593959667756],[-37.79379509595984,76.8546112854406],[-37.780029291347645,76.85199571817014],[-37.77686507142303,76.85014160390469],[-37.7908573195899,76.84788835404662],[-37.783339593797045,76.84473613149444],[-37.771388070943985,76.8444092128533],[-37.76129230272701,76.84229842608251],[-37.7615127921414,76.842252992547],[-37.779671657564506,76.84092714491857],[-37.78814657152568,76.83898842697427],[-37.79429857056422,76.83620465393406],[-37.81610582035332,76.83393201726456],[-37.812510813008004,76.83229219879262],[-37.81816054791366,76.8311531150684],[-37.83171772564795,76.83051073711037],[-37.83008848714242,76.8292414326692],[-37.84172453944814,76.82838758957972],[-37.84216961354088,76.82713550315064],[-37.84389006899496,76.82563686683102],[-37.83893730571359,76.82280463914607],[-37.84504161571538,76.82118186052789],[-37.8549246192504,76.82035175746621],[-37.85553916967981,76.8202736041592],[-37.85571724284635,76.81938779328306],[-37.86943798358033,76.81752016276761],[-37.869429810731596,76.81595389269683],[-37.88988047512465,76.81419747650929],[-37.904275469397305,76.81382708864659],[-37.935650000680546,76.81390194948742],[-37.93604865762935,76.81175214681863],[-37.93015138289529,76.80996121304715],[-37.934665434769016,76.80723183967213]]]}},{"type":"Feature","properties":{"prefecture":"秋田県"},"geometry":{"type":"Polygon","coordinates":[[[-38.07545556012864,76.87933043021462],[-38.03431147905046,76.8807499494988],[-38.01147268757141,76.88082082202668],[-38.00243325891104,76.88242166530472],[-37.9728038435915,76.88439434378388],[-37.97799197716562,76.88125440340481],[-37.95860140782952,76.88133870912637],[-37.938523852347984,76.87964025534527],[-37.911753569923405,76.88155339288477],[-37.91509107236938,76.87957430946415],[-37.90269049138066,76.87943642931853],[-37.884444949395466,76.88079096956471],[-37.86280484068581,76.88008894430301],[-37.85093405795554,76.88224167493719],[-37.83615392615912,76.88206029083453],[-37.83327454878442,76.8799633887134],[-37.80513129450505,76.8808625061502],[-37.79804023800692,76.8796150413245],[-37.80218904785285,76.87742075148643],[-37.799340924610824,76.87561335994559],[-37.7863334017038,76.87480445069609],[-37.785639471633324,76.87460023044316],[-37.764716409010504,76.87560484638776],[-37.76041155315344,76.87491468555112],[-37.75468120013701,76.87398875248348],[-37.728266611008415,76.87648514680221],[-37.710815914386224,76.87687889742047],[-37.69665282800221,76.8780555550532],[-37.68712117125593,76.8799555010089],[-37.67603118002847,76.88057645812724],[-37.66073296716062,76.88339287810601],[-37.64816890228746,76.88456893561333],[-37.63935503251645,76.88488065311542],[-37.639513229241054,76.88829958162881],[-37.62746089258739,76.89036162474962],[-37.61401856182988,76.89361304379307],[-37.613695659708306,76.89567534982282],[-37.63547237159635,76.89548108953892],[-37.622412279754116,76.89917874828265],[-37.63039287825487,76.90010816187677],[-37.61585273552153,76.90273975915875],[-37.59966731608865,76.90388058353156],[-37.61778760079393,76.9045680802743],[-37.616461562783584,76.90518754324273],[-37.605847426936776,76.90674054743991],[-37.61377296559543,76.90720061781397],[-37.63448009446212,76.90757789105317],[-37.63360802658728,76.90828379617274],[-37.64339310903283,76.90815051141686],[-37.63726702541066,76.90914819989459],[-37.654059043055334,76.90930975930844],[-37.6428505945041,76.90978186937524],[-37.643232451421376,76.90992775903389],[-37.634647584707665,76.91016752994847],[-37.62776180495374,76.91032243897546],[-37.62809355983739,76.91037695614298],[-37.6194855327696,76.91057287396958],[-37.62035677703515,76.91067224480196],[-37.6121649197313,76.91081125373954],[-37.602066652436285,76.9110554288837],[-37.59796661278852,76.91110573757821],[-37.58876789266887,76.91140930894991],[-37.58719799557695,76.91157721245507],[-37.59569922356944,76.91157171590564],[-37.59403505919829,76.911749459932],[-37.58635784327851,76.91198759707949],[-37.576698448079554,76.9121926373147],[-37.57864266701831,76.91223330575137],[-37.5962829811048,76.91222865890607],[-37.59750727101581,76.91257372211285],[-37.59157447906726,76.9126891260851],[-37.58183773856428,76.91272492330495],[-37.57712488669107,76.91264329957883],[-37.56550210665482,76.9127402815902],[-37.5682232717723,76.9130002414895],[-37.57267166067782,76.91308905347766],[-37.57479505482131,76.9135095283498],[-37.572414981724414,76.91535324645052],[-37.57702251501349,76.91642631098773],[-37.564489065371546,76.91739963291656],[-37.56908446435458,76.91947514314334],[-37.56265802012333,76.92126356808346],[-37.57275240698956,76.92292853944953],[-37.55818793124585,76.92512078115065],[-37.551379628051215,76.92857183064879],[-37.535510622895586,76.92953995254751],[-37.52923825422268,76.93185127416665],[-37.53270388947737,76.93307464266704],[-37.51908814264264,76.94297605043182],[-37.50725601592376,76.94522851340453],[-37.50827054690557,76.94950160394347],[-37.509162570920424,76.95104548946526],[-37.507134986793,76.95236664002026],[-37.53098167908355,76.95138354820091],[-37.544690559390844,76.95128597447716],[-37.556014642422916,76.9523730670659],[-37.543936077348846,76.95747987972257],[-37.55832068974182,76.9569520470812],[-37.57351029580151,76.95526765716042],[-37.57649674244719,76.9531939847451],[-37.59507864096588,76.95232298468231],[-37.61550307072035,76.95005055995908],[-37.627153744527,76.94972490643273],[-37.63296392040954,76.94834918610864],[-37.64643913606475,76.94703860944325],[-37.65358368514836,76.94884760006684],[-37.66667745374321,76.94949731398816],[-37.69323056758084,76.94637974309019],[-37.712691014636555,76.94963725811192],[-37.72770187895135,76.94894431058785],[-37.728064229993045,76.95128004354477],[-37.742162193802834,76.95053533457951],[-37.74954846503128,76.95131816715521],[-37.76977239703837,76.94893070621895],[-37.778834318831976,76.94602899306923],[-37.79540947728882,76.94608796588685],[-37.81859983635774,76.94502505560591],[-37.83467374746231,76.94370681477875],[-37.85338966708076,76.94412485910287],[-37.86991742283882,76.94356203400666],[-37.889789278255755,76.9430383563827],[-37.8929052171428,76.94431066083598],[-37.907720705794674,76.94525712354994],[-37.92351781632988,76.94439896213325],[-37.94405449167751,76.94210574016228],[-37.9764100121212,76.94149165082878],[-37.956346586044106,76.93873386534285],[-37.93979129378642,76.9376283022428],[-37.93399294276857,76.9351398554592],[-37.93897410893172,76.9294965396307],[-37.94328290272551,76.92656127759102],[-37.95247973109035,76.92403537208651],[-37.94825086064733,76.92355284931173],[-37.957104633895675,76.92109946351408],[-37.970020387949305,76.91901273300192],[-37.98056254640677,76.91785852341488],[-38.00582413623259,76.916053267502],[-38.01973700137108,76.91543898231589],[-38.044386299184396,76.91494706397263],[-38.0621944519013,76.91562420609593],[-38.08735783452226,76.91603648635557],[-38.10626991741383,76.9167589878124],[-38.092123048223755,76.91365000205656],[-38.07924032500943,76.91318929467373],[-38.07813088693007,76.91237532917383],[-38.06456762814734,76.91186757316056],[-38.04664250060173,76.91215399574999],[-38.03335109224963,76.91200423014044],[-38.01044447784884,76.91329445933432],[-37.982628449586315,76.91361863184032],[-37.963485671513155,76.91333539090535],[-37.94230994313037,76.91231536886727],[-37.93669348558918,76.91168781001336],[-37.93091580366055,76.91093611177084],[-37.93296541229672,76.91024817763311],[-37.92790546965227,76.90951925711549],[-37.92761599497893,76.90782998898945],[-37.93019205313527,76.90648533923819],[-37.940000052292675,76.90412241907023],[-37.956856860305976,76.90114115070924],[-37.976051660610175,76.8978431626625],[-37.98930485847305,76.89561714325927],[-38.000134126752116,76.89392037008747],[-38.02052761094516,76.89251253495345],[-38.03636730872074,76.88991540642145],[-38.03518083208737,76.88932121599886],[-38.05308004221313,76.88577271523985],[-38.04933105503101,76.88445363897058],[-38.065525500686185,76.88068820052221],[-38.07545556012864,76.87933043021462]]]}},{"type":"Feature","properties":{"prefecture":"山形県"},"geometry":{"type":"Polygon","coordinates":[[[-38.22743240046398,76.80045491105507],[-38.21289691357584,76.80078799632432],[-38.20742358595737,76.80065510310149],[-38.20697058104407,76.80029575553728],[-38.19735806601869,76.79944269240913],[-38.1917605050578,76.79895449514926],[-38.16958273324633,76.79927976132717],[-38.157934074611944,76.79830514304432],[-38.13165542944351,76.79891786081082],[-38.11981310130064,76.79841364602856],[-38.09782790817068,76.7985595354883],[-38.09211530960391,76.79899429974628],[-38.08237142763865,76.7986157538319],[-38.081531871760234,76.79812429960027],[-38.06691497960987,76.79744148281561],[-38.045811967422075,76.79771391970036],[-38.0232027532243,76.79764597286929],[-38.016324969448775,76.79737394611935],[-38.00477211823524,76.79736309478523],[-37.99599056263394,76.79764517678514],[-37.98404509744566,76.79771054022237],[-37.954153608389205,76.79754743407808],[-37.93395681045333,76.79843006934304],[-37.926547364592096,76.79863277025464],[-37.943176710447815,76.7993539487127],[-37.93969044644791,76.80071343033035],[-37.940839352901435,76.80279001410888],[-37.9352693654439,76.80379830462596],[-37.938725684459165,76.80630215981513],[-37.934665434769016,76.80723183967213],[-37.93015138289529,76.80996121304715],[-37.93604865762935,76.81175214681863],[-37.935650000680546,76.81390194948742],[-37.904275469397305,76.81382708864659],[-37.88988047512465,76.81419747650929],[-37.869429810731596,76.81595389269683],[-37.86943798358033,76.81752016276761],[-37.85571724284635,76.81938779328306],[-37.85553916967981,76.8202736041592],[-37.8549246192504,76.82035175746621],[-37.84504161571538,76.82118186052789],[-37.83893730571359,76.82280463914607],[-37.84389006899496,76.82563686683102],[-37.84216961354088,76.82713550315064],[-37.84172453944814,76.82838758957972],[-37.83008848714242,76.8292414326692],[-37.83171772564795,76.83051073711037],[-37.81816054791366,76.8311531150684],[-37.812510813008004,76.83229219879262],[-37.81610582035332,76.83393201726456],[-37.79429857056422,76.83620465393406],[-37.78814657152568,76.83898842697427],[-37.779671657564506,76.84092714491857],[-37.7615127921414,76.842252992547],[-37.76129230272701,76.84229842608251],[-37.771388070943985,76.8444092128533],[-37.783339593797045,76.84473613149444],[-37.7908573195899,76.84788835404662],[-37.77686507142303,76.85014160390469],[-37.780029291347645,76.85199571817014],[-37.79379509595984,76.8546112854406],[-37.788182423089665,76.85593959667756],[-37.767011564699395,76.85528760183136],[-37.76028817217104,76.85598743801027],[-37.74457162604486,76.86047874528863],[-37.752427941468355,76.86116019637922],[-37.73041276497629,76.86676120123188],[-37.74501422467085,76.86785777338235],[-37.742229096514464,76.87108794576005],[-37.76681227720017,76.8733490289741],[-37.76041155315344,76.87491468555112],[-37.764716409010504,76.87560484638776],[-37.785639471633324,76.87460023044316],[-37.7863334017038,76.87480445069609],[-37.799340924610824,76.87561335994559],[-37.80218904785285,76.87742075148643],[-37.79804023800692,76.8796150413245],[-37.80513129450505,76.8808625061502],[-37.83327454878442,76.8799633887134],[-37.83615392615912,76.88206029083453],[-37.85093405795554,76.88224167493719],[-37.86280484068581,76.88008894430301],[-37.884444949395466,76.88079096956471],[-37.90269049138066,76.87943642931853],[-37.91509107236938,76.87957430946415],[-37.911753569923405,76.88155339288477],[-37.938523852347984,76.87964025534527],[-37.95860140782952,76.88133870912637],[-37.97799197716562,76.88125440340481],[-37.9728038435915,76.88439434378388],[-38.00243325891104,76.88242166530472],[-38.01147268757141,76.88082082202668],[-38.03431147905046,76.8807499494988],[-38.07545556012864,76.87933043021462],[-38.072571646954984,76.87798730110948],[-38.08339327807611,76.8746077996488],[-38.10321616819649,76.86938298358834],[-38.12267780297691,76.86498238058162],[-38.144791860137055,76.85784161224218],[-38.15425942756743,76.85563973200833],[-38.16321365975666,76.85394995697933],[-38.18373804559282,76.85211460418401],[-38.1890278483047,76.85092077889463],[-38.23650505737295,76.84665437166365],[-38.27228078423132,76.83975460784323],[-38.24884278260018,76.8386220059126],[-38.227061780452004,76.83805373317344],[-38.20174840708092,76.83820352905542],[-38.188881816828264,76.83781885621441],[-38.19397538818819,76.83638100924205],[-38.19085095590295,76.83524512517224],[-38.1991063555608,76.83275566373364],[-38.187250141548205,76.83088751218337],[-38.16095125389181,76.82986935356142],[-38.14813130807657,76.83038821751087],[-38.121371254311136,76.82835401876933],[-38.11027960367459,76.82708756968306],[-38.11005155353608,76.82613274342825],[-38.12122092422364,76.82531290403442],[-38.12936554967383,76.82359447845417],[-38.16797585353052,76.82132281595277],[-38.179281997564296,76.82115902264385],[-38.201064116911525,76.82169393320389],[-38.217869024581034,76.81936968703225],[-38.217062407975185,76.81879493880602],[-38.21536430285844,76.81599941598557],[-38.22765168798527,76.8135104298273],[-38.21778257773007,76.81240177448713],[-38.2374059515683,76.81090426154823],[-38.240730354388035,76.80841521871234],[-38.24926672577308,76.80762198884729],[-38.25073029861695,76.80483937718064],[-38.259212059323524,76.80391800666062],[-38.25724779891939,76.80268581251039],[-38.22743240046398,76.80045491105507]]]}},{"type":"Feature","properties":{"prefecture":"福島県"},"geometry":{"type":"Polygon","coordinates":[[[-37.934665434769016,76.80723183967213],[-37.938725684459165,76.80630215981513],[-37.9352693654439,76.80379830462596],[-37.940839352901435,76.80279001410888],[-37.93969044644791,76.80071343033035],[-37.943176710447815,76.7993539487127],[-37.926547364592096,76.79863277025464],[-37.93395681045333,76.79843006934304],[-37.954153608389205,76.79754743407808],[-37.98404509744566,76.79771054022237],[-37.99599056263394,76.79764517678514],[-38.00477211823524,76.79736309478523],[-38.016324969448775,76.79737394611935],[-38.0232027532243,76.79764597286929],[-38.045811967422075,76.79771391970036],[-38.06691497960987,76.79744148281561],[-38.081531871760234,76.79812429960027],[-38.08237142763865,76.7986157538319],[-38.09211530960391,76.79899429974628],[-38.09782790817068,76.7985595354883],[-38.11981310130064,76.79841364602856],[-38.13165542944351,76.79891786081082],[-38.157934074611944,76.79830514304432],[-38.16958273324633,76.79927976132717],[-38.1917605050578,76.79895449514926],[-38.19735806601869,76.79944269240913],[-38.20697058104407,76.80029575553728],[-38.20742358595737,76.80065510310149],[-38.21289691357584,76.80078799632432],[-38.22743240046398,76.80045491105507],[-38.22679114419388,76.80044234846319],[-38.21024347558245,76.80068967239696],[-38.20408833656638,76.79991038700278],[-38.19159922803124,76.79885298952297],[-38.19878316933899,76.79868878339875],[-38.23889946789634,76.79695769530237],[-38.2391528279125,76.79657275122939],[-38.25936879968073,76.79581758543219],[-38.256851559531604,76.7954903011104],[-38.27487287777196,76.79507312989605],[-38.31060948826692,76.7947844818211],[-38.31042898253937,76.79436339189559],[-38.29524203781691,76.79412545605183],[-38.29510064991477,76.79394381950765],[-38.28530274303034,76.79387684141632],[-38.29693037017337,76.79386220494332],[-38.312723925652485,76.79390020618183],[-38.34190169201871,76.7939763123808],[-38.354267896501426,76.79398216313803],[-38.36507681192102,76.79404302133784],[-38.38808171757091,76.79404034418627],[-38.39677019644908,76.79387616570293],[-38.41130539212916,76.79385711864603],[-38.43159531666573,76.7937701436023],[-38.46329118821915,76.79347402676756],[-38.46677057555923,76.79349349277652],[-38.47971962768814,76.79335045862427],[-38.49262146035188,76.7928029066458],[-38.47755037367295,76.79281610706231],[-38.47846280549582,76.79248594843396],[-38.491527285735636,76.7918810544111],[-38.51122192927978,76.79126949616399],[-38.51689033356373,76.79102857852244],[-38.50468919322214,76.79120706471255],[-38.484809861145834,76.79158583533417],[-38.478914962453494,76.79156499183118],[-38.49003288355837,76.79099899145145],[-38.48957770319675,76.79078216809752],[-38.48120258341815,76.79025272662867],[-38.49032481045638,76.78957541677588],[-38.48568599241493,76.78898904604502],[-38.4876366107184,76.7880776822724],[-38.49781804552856,76.78721850040061],[-38.47906459193125,76.7872007123654],[-38.45970037315485,76.78666466236984],[-38.43968574677045,76.78674293176482],[-38.43403044852398,76.78616472445277],[-38.411657394354386,76.78591876013161],[-38.374414518347656,76.78800089955382],[-38.372171229109654,76.78864035487588],[-38.35085469296478,76.7886482456259],[-38.29282808139511,76.79038467916544],[-38.269960276398315,76.7909285742915],[-38.25239287271309,76.79156689464872],[-38.233157671139026,76.79185542705545],[-38.22544894510967,76.79211790235472],[-38.204946327401544,76.7922321616255],[-38.18107323474559,76.79212485483258],[-38.16766042998457,76.79211702378878],[-38.14369878294364,76.79179039759117],[-38.14866961025098,76.79197724569323],[-38.140869130872254,76.79191102041887],[-38.123925858379785,76.79164849340903],[-38.07648158274887,76.79059997806922],[-38.073063504447774,76.79049386945658],[-38.043800406553494,76.78969283440362],[-38.021511702269045,76.78901509698115],[-38.002259366926225,76.78845196058646],[-37.975956198961256,76.78763016591542],[-37.963127620405224,76.78717993736419],[-37.95282258443949,76.78688039253552],[-37.94711835790642,76.78649727953083],[-37.92288824547404,76.78581521500537],[-37.92057880044113,76.7855933143011],[-37.92522859074285,76.78563256026004],[-37.91615692113345,76.78488224762172],[-37.91930937160179,76.78465874887303],[-37.90835463532114,76.78409792654456],[-37.89947327740127,76.78384361136428],[-37.8789309931258,76.78245421839205],[-37.876440930079156,76.78192157441127],[-37.856035273957914,76.78080191374649],[-37.844471756642086,76.77816638046536],[-37.81102988750383,76.77527957459172],[-37.7935281668881,76.77216657684583],[-37.77233901362431,76.77327453697178],[-37.769648235572355,76.77424896427519],[-37.767465881013585,76.77509172310685],[-37.752757007340314,76.77441373955087],[-37.74155929509446,76.77428152901093],[-37.76305168212956,76.7778909987254],[-37.764753535780486,76.77886066467097],[-37.756875023893905,76.77880050678439],[-37.735616698635106,76.7757411299202],[-37.717053153109916,76.77433116893741],[-37.62916934842712,76.76658837333746],[-37.62992188325204,76.76862217867131],[-37.61855793471253,76.76897486069002],[-37.57224859472546,76.76776372584654],[-37.54785876435829,76.76831643932836],[-37.54236125791259,76.76930090526722],[-37.552118152245214,76.77109824850564],[-37.555740603428966,76.77433330774262],[-37.54877420374922,76.77497317597968],[-37.557336753836104,76.7783045292205],[-37.55609470758654,76.78043010644917],[-37.553558836789584,76.78303346849974],[-37.552740985193665,76.78497367325048],[-37.55578929678147,76.78685929028858],[-37.55597195440685,76.78822703152606],[-37.558081173678794,76.78991877622094],[-37.56441869038682,76.79377998556781],[-37.563560906984925,76.79582027724602],[-37.569436539472136,76.79681876648559],[-37.56819610843751,76.79833321085862],[-37.569216120756025,76.79961864709395],[-37.57842462149129,76.80037826222939],[-37.57879651735015,76.80313974653848],[-37.59351743286349,76.803873357035],[-37.602871837646546,76.80482757018349],[-37.60701822014092,76.80659380972925],[-37.624921136330784,76.80672716239113],[-37.648736980696754,76.80570992808087],[-37.652654763069954,76.80296877462197],[-37.656992175270915,76.800464308642],[-37.68036309388425,76.79994061593516],[-37.699556865501954,76.80000568461251],[-37.70139097841708,76.79872334212843],[-37.72103960169037,76.7985732623371],[-37.742755449721685,76.79891395696052],[-37.74857527786737,76.80043536187702],[-37.74015123486826,76.80178952482565],[-37.7398178839611,76.80381100696316],[-37.753993876830755,76.80422406181258],[-37.771117610697054,76.80367990480875],[-37.77464595223208,76.80452174351124],[-37.78530004133338,76.80391756467863],[-37.79659566322373,76.80413038232572],[-37.839793877854724,76.80239477526224],[-37.841456826412724,76.80247803664163],[-37.847893158181975,76.80341798296442],[-37.84420712794634,76.80561484077232],[-37.87485934929128,76.80658143048554],[-37.90349781349773,76.80514500090918],[-37.934665434769016,76.80723183967213]]]}},{"type":"Feature","properties":{"prefecture":"茨城県"},"geometry":{"type":"Polygon","coordinates":[[[-37.62916934842712,76.76658837333746],[-37.717053153109916,76.77433116893741],[-37.735616698635106,76.7757411299202],[-37.756875023893905,76.77880050678439],[-37.764753535780486,76.77886066467097],[-37.76305168212956,76.7778909987254],[-37.74155929509446,76.77428152901093],[-37.752757007340314,76.77441373955087],[-37.767465881013585,76.77509172310685],[-37.769648235572355,76.77424896427519],[-37.77233901362431,76.77327453697178],[-37.7935281668881,76.77216657684583],[-37.81102988750383,76.77527957459172],[-37.844471756642086,76.77816638046536],[-37.856035273957914,76.78080191374649],[-37.876440930079156,76.78192157441127],[-37.8789309931258,76.78245421839205],[-37.89947327740127,76.78384361136428],[-37.90835463532114,76.78409792654456],[-37.91342052223867,76.7837193209227],[-37.90588983469877,76.7823631776245],[-37.90623361582763,76.78154747806737],[-37.896734797212346,76.78002839321354],[-37.89183131969472,76.77735494073386],[-37.89732528488944,76.77697477182704],[-37.88878820298088,76.77361209638805],[-37.876078582423375,76.77196398109803],[-37.869043245092584,76.76998639455284],[-37.90001510018808,76.76986634527627],[-37.90487980040215,76.76778662130964],[-37.89200104600291,76.76557677951578],[-37.89396319199344,76.76330713402002],[-37.88506681884923,76.76202958343545],[-37.88653975300769,76.75965118538329],[-37.87674048471586,76.75267695332755],[-37.88989255150173,76.7505518269519],[-37.904117212985014,76.74485612579237],[-37.90320342298836,76.74229443760318],[-37.91094930591403,76.73865790259963],[-37.929262459512955,76.73906925388312],[-37.93809193723177,76.74092902017094],[-37.95842888976625,76.73965629340451],[-37.98892724734663,76.74083467545194],[-37.989318025674095,76.73862624567212],[-38.00396987540515,76.73822020746836],[-38.02363706805025,76.73868037528732],[-38.055079467938754,76.73840019847903],[-38.054420404778774,76.73684765939805],[-38.086335470668,76.7361146737509],[-38.08962985766652,76.73332996511023],[-38.094490521168176,76.73431020537829],[-38.121911686503445,76.73521442739502],[-38.123130344735465,76.73287060625549],[-38.12942408691052,76.73052854396349],[-38.14667327026437,76.73064342959776],[-38.174201716060296,76.73090496345102],[-38.19474926295338,76.73200142885102],[-38.19482263487132,76.73187729099735],[-38.17563832212933,76.72721193730445],[-38.16993986876273,76.7261662319482],[-38.15493558716659,76.72300879838232],[-38.150395118714755,76.72139826460133],[-38.12899032607232,76.71897043431605],[-38.12595137049876,76.71949275352611],[-38.12331317733562,76.72028173099048],[-38.09565194208109,76.71472431408552],[-38.05444608440514,76.70832658439242],[-38.04743449133069,76.7066086418868],[-38.02322571966562,76.70400790781463],[-38.017422170326064,76.70357955330378],[-38.01559912086315,76.70233601020367],[-38.00260488458705,76.70077267897567],[-37.976408265732715,76.69813346302969],[-37.95621341944181,76.69699412441618],[-37.9387279840383,76.69584959802324],[-37.90027238739446,76.69416262295489],[-37.88726607735116,76.69266174719708],[-37.87471463001139,76.69243336695949],[-37.8485743473179,76.6927224947509],[-37.82996059097156,76.69202758193153],[-37.80367634709169,76.69212012871944],[-37.78292498275941,76.69137660971512],[-37.75492679408117,76.69224668031069],[-37.75329365947598,76.69224292375631],[-37.721750415478795,76.69192051994993],[-37.70946023835409,76.69239695527176],[-37.69356920706461,76.69217792190585],[-37.681960598119026,76.69361393914596],[-37.66675615789915,76.69223160244685],[-37.631740882458395,76.68936691978308],[-37.61181351275874,76.68599215907467],[-37.602693348924774,76.685499247043],[-37.58238790178981,76.68439273909519],[-37.56257348410902,76.68129859033832],[-37.54989680194001,76.6787414571643],[-37.511111641318244,76.67404858419847],[-37.49416406179557,76.67389958627108],[-37.507813705699306,76.67557414000213],[-37.556281281163315,76.68512489708692],[-37.57691257980823,76.68944264465232],[-37.591755301849794,76.68910624262237],[-37.60498951399692,76.69045407286684],[-37.603913795354345,76.6904856468792],[-37.592447887672904,76.68958421023746],[-37.58458061366396,76.69042053201031],[-37.590715964531746,76.692635110934],[-37.605533413000074,76.6947220914975],[-37.63161702878017,76.70107422766259],[-37.65657552383995,76.70972444875903],[-37.67457334817697,76.7187565559684],[-37.67821225867331,76.72260801448063],[-37.66041112311679,76.72493347024832],[-37.661241919360364,76.7267760283443],[-37.646638048738275,76.72882307249786],[-37.65970480533883,76.7364782197788],[-37.66295863071492,76.74245842445447],[-37.65512841785055,76.74497538789474],[-37.65349253306857,76.75069178274234],[-37.64519067475026,76.75470044379468],[-37.63636362479698,76.75529714565145],[-37.641413460147746,76.75743141592292],[-37.63871681160209,76.75875035549936],[-37.64212915344702,76.76086654933087],[-37.63468864025703,76.76458453720008],[-37.619663058571156,76.76497823692613],[-37.62916934842712,76.76658837333746]]]}},{"type":"Feature","properties":{"prefecture":"栃木県"},"geometry":{"type":"Polygon","coordinates":[[[-38.20944323209635,76.7332263734564],[-38.19482263487132,76.73187729099735],[-38.19474926295338,76.73200142885102],[-38.174201716060296,76.73090496345102],[-38.14667327026437,76.73064342959776],[-38.12942408691052,76.73052854396349],[-38.123130344735465,76.73287060625549],[-38.121911686503445,76.73521442739502],[-38.094490521168176,76.73431020537829],[-38.08962985766652,76.73332996511023],[-38.086335470668,76.7361146737509],[-38.054420404778774,76.73684765939805],[-38.055079467938754,76.73840019847903],[-38.02363706805025,76.73868037528732],[-38.00396987540515,76.73822020746836],[-37.989318025674095,76.73862624567212],[-37.98892724734663,76.74083467545194],[-37.95842888976625,76.73965629340451],[-37.93809193723177,76.74092902017094],[-37.929262459512955,76.73906925388312],[-37.91094930591403,76.73865790259963],[-37.90320342298836,76.74229443760318],[-37.904117212985014,76.74485612579237],[-37.88989255150173,76.7505518269519],[-37.87674048471586,76.75267695332755],[-37.88653975300769,76.75965118538329],[-37.88506681884923,76.76202958343545],[-37.89396319199344,76.76330713402002],[-37.89200104600291,76.76557677951578],[-37.90487980040215,76.76778662130964],[-37.90001510018808,76.76986634527627],[-37.869043245092584,76.76998639455284],[-37.876078582423375,76.77196398109803],[-37.88878820298088,76.77361209638805],[-37.89732528488944,76.77697477182704],[-37.89183131969472,76.77735494073386],[-37.896734797212346,76.78002839321354],[-37.90623361582763,76.78154747806737],[-37.90588983469877,76.7823631776245],[-37.91342052223867,76.7837193209227],[-37.90835463532114,76.78409792654456],[-37.91930937160179,76.78465874887303],[-37.91615692113345,76.78488224762172],[-37.92522859074285,76.78563256026004],[-37.92057880044113,76.7855933143011],[-37.92288824547404,76.78581521500537],[-37.94711835790642,76.78649727953083],[-37.95282258443949,76.78688039253552],[-37.963127620405224,76.78717993736419],[-37.975956198961256,76.78763016591542],[-38.002259366926225,76.78845196058646],[-38.021511702269045,76.78901509698115],[-38.043800406553494,76.78969283440362],[-38.073063504447774,76.79049386945658],[-38.07648158274887,76.79059997806922],[-38.123925858379785,76.79164849340903],[-38.140869130872254,76.79191102041887],[-38.14866961025098,76.79197724569323],[-38.14369878294364,76.79179039759117],[-38.16766042998457,76.79211702378878],[-38.18107323474559,76.79212485483258],[-38.204946327401544,76.7922321616255],[-38.22544894510967,76.79211790235472],[-38.233157671139026,76.79185542705545],[-38.25239287271309,76.79156689464872],[-38.269960276398315,76.7909285742915],[-38.29282808139511,76.79038467916544],[-38.35085469296478,76.7886482456259],[-38.372171229109654,76.78864035487588],[-38.374414518347656,76.78800089955382],[-38.411657394354386,76.78591876013161],[-38.4309541779721,76.78379862834973],[-38.43383440223718,76.78242082069319],[-38.40428359209402,76.78104903722328],[-38.42011288654374,76.77959205997816],[-38.42185491282649,76.77821648172849],[-38.433151790810555,76.77751702059807],[-38.42318643808039,76.77540693728638],[-38.42976068630861,76.77255505226077],[-38.439939474960006,76.7714223046258],[-38.44387696673352,76.76638109450903],[-38.42967081348233,76.76475490486216],[-38.39398191119645,76.76393924338144],[-38.38530356703556,76.76324597902345],[-38.36266579625716,76.76349271588441],[-38.351454192322066,76.76096099425726],[-38.369292631771955,76.75867088602021],[-38.38758495660135,76.7543059107676],[-38.37557604245067,76.75204465296538],[-38.39298399054382,76.75089216001068],[-38.42093177137515,76.74760750730202],[-38.4143700724183,76.74674198847273],[-38.37880483223336,76.74511307641816],[-38.38286255760386,76.74460306377118],[-38.3634970683669,76.74341421535694],[-38.34885473550472,76.74241934171346],[-38.324633860326784,76.74196243508007],[-38.30143142314943,76.74124242201829],[-38.28330150705952,76.73992264755827],[-38.26543849656673,76.73909285435793],[-38.249383425311436,76.73848391672213],[-38.2170413168663,76.73489240180031],[-38.20944323209635,76.7332263734564]]]}},{"type":"Feature","properties":{"prefecture":"群馬県"},"geometry":{"type":"Polygon","coordinates":[[[-38.20944323209635,76.7332263734564],[-38.2170413168663,76.73489240180031],[-38.249383425311436,76.73848391672213],[-38.26543849656673,76.73909285435793],[-38.28330150705952,76.73992264755827],[-38.30143142314943,76.74124242201829],[-38.324633860326784,76.74196243508007],[-38.34885473550472,76.74241934171346],[-38.3634970683669,76.74341421535694],[-38.38286255760386,76.74460306377118],[-38.37880483223336,76.74511307641816],[-38.4143700724183,76.74674198847273],[-38.42093177137515,76.74760750730202],[-38.39298399054382,76.75089216001068],[-38.37557604245067,76.75204465296538],[-38.38758495660135,76.7543059107676],[-38.369292631771955,76.75867088602021],[-38.351454192322066,76.76096099425726],[-38.36266579625716,76.76349271588441],[-38.38530356703556,76.76324597902345],[-38.39398191119645,76.76393924338144],[-38.42967081348233,76.76475490486216],[-38.44387696673352,76.76638109450903],[-38.439939474960006,76.7714223046258],[-38.42976068630861,76.77255505226077],[-38.42318643808039,76.77540693728638],[-38.433151790810555,76.77751702059807],[-38.42185491282649,76.77821648172849],[-38.42011288654374,76.77959205997816],[-38.40428359209402,76.78104903722328],[-38.43383440223718,76.78242082069319],[-38.4309541779721,76.78379862834973],[-38.411657394354386,76.78591876013161],[-38.43403044852398,76.78616472445277],[-38.43968574677045,76.78674293176482],[-38.45970037315485,76.78666466236984],[-38.47906459193125,76.7872007123654],[-38.49781804552856,76.78721850040061],[-38.52345530847159,76.7878852161086],[-38.523080232763824,76.78861635457613],[-38.54496893690101,76.78897689952313],[-38.54834955085288,76.78921894399362],[-38.56029917978739,76.78912757448957],[-38.56518636413888,76.78854049592904],[-38.59677050352248,76.7872935619822],[-38.62652253737137,76.7866230042777],[-38.63145468486122,76.7857337771805],[-38.62829764674093,76.7833787184138],[-38.65247380224771,76.78271801918818],[-38.66333201255343,76.78099231850499],[-38.66149365397185,76.77846962156663],[-38.69096947354803,76.77644379660917],[-38.725596282527746,76.77199081367391],[-38.73847800932168,76.76802890195742],[-38.75867915563499,76.7651750081291],[-38.79295918943225,76.76491205556476],[-38.80641579400439,76.76167116686473],[-38.81694417731359,76.76092794463561],[-38.852688576587454,76.75710795889334],[-38.91423027281133,76.75054932190714],[-38.92973743196031,76.74819481560864],[-38.92807674137484,76.74596348231847],[-38.93652497463193,76.74385042596863],[-38.97333907096675,76.73895696239099],[-38.986425593429466,76.7354737272824],[-39.002695769558315,76.73108283710526],[-39.00260748932064,76.72940562138662],[-39.01236886021755,76.7276045055698],[-39.025080734666574,76.72407911564267],[-39.028082500248715,76.72183456032403],[-39.006546287441886,76.72208187830302],[-39.006860523093096,76.72178123412316],[-38.99487648793354,76.72182571357169],[-38.986474927243336,76.72259747853997],[-38.981536559126184,76.72251877884862],[-38.97286998214625,76.72271726309407],[-38.95739906231203,76.72414799436895],[-38.93881551633764,76.72537525114465],[-38.92118596380976,76.72586206183583],[-38.91967423102044,76.72573428480601],[-38.93013663359087,76.72083357896682],[-38.955905446572444,76.71934054735328],[-38.95345701474795,76.71821180107413],[-38.94398296574714,76.71786052581513],[-38.945190768344496,76.7172069756863],[-38.97050531373356,76.71653352929813],[-38.96229791891262,76.71604841172667],[-38.94833756776293,76.71630473074921],[-38.944207503552775,76.71610334061269],[-38.951575054747984,76.71541023369215],[-38.947543652540425,76.71471430071931],[-38.95394663153836,76.71422125813116],[-38.92938720514549,76.71395113308175],[-38.91816049337087,76.71392011236779],[-38.902422733091605,76.71451579704724],[-38.89653578106524,76.71510370224313],[-38.87761544799409,76.71512071780683],[-38.856816616356106,76.71548410241253],[-38.856277857025006,76.71560808331367],[-38.84545145580665,76.71647901889614],[-38.81208197694975,76.71782479946326],[-38.79166448560461,76.71819504963416],[-38.77383788249306,76.71934753760684],[-38.769301467272065,76.72018442843772],[-38.75983447502572,76.72024383298371],[-38.73221294796526,76.72198566400326],[-38.7151358708031,76.72241941689343],[-38.69750635599865,76.72435684256735],[-38.69405997748155,76.7261101827949],[-38.64894940639053,76.73248842833279],[-38.63452136050531,76.73485526265104],[-38.612517335373106,76.73756251431662],[-38.58303566529515,76.738706719441],[-38.58160867544673,76.73872341464731],[-38.52404742176711,76.73876734829999],[-38.49777454195322,76.73976541371599],[-38.45053884686458,76.7399032061998],[-38.42493679271441,76.74132198864298],[-38.406614975166555,76.74044884784917],[-38.381724417537576,76.7392233633932],[-38.36083465696059,76.73760335950676],[-38.322558898715755,76.73698869710607],[-38.321058874887484,76.73701122790357],[-38.29116325011097,76.73639419093783],[-38.25671305604379,76.73617189197265],[-38.24013917325122,76.73459092939726],[-38.233356847172445,76.73382777679272],[-38.20944323209635,76.7332263734564]]]}},{"type":"Feature","properties":{"prefecture":"埼玉県"},"geometry":{"type":"Polygon","coordinates":[[[-38.91816049337087,76.71392011236779],[-38.91884541786417,76.71365201685663],[-38.90460771564336,76.71300042374514],[-38.90922746499242,76.71234206854704],[-38.87494282914754,76.71133196514077],[-38.8574784993397,76.7096054374008],[-38.83893766527851,76.7092418205468],[-38.827556831637125,76.70839772603212],[-38.8073976971011,76.70648551874173],[-38.799163466305714,76.70689096291622],[-38.78194837406085,76.70628425892504],[-38.77919649500562,76.70739614041143],[-38.756368897479014,76.7073614185291],[-38.74526811255181,76.70812089270186],[-38.730148579577566,76.70650155683725],[-38.702248534850746,76.70549852738316],[-38.681802294996125,76.70581059672512],[-38.66652276289358,76.70500688192664],[-38.650685107207444,76.7049067057112],[-38.57808306801571,76.71085726026203],[-38.54547261847003,76.71020337711789],[-38.53072039919382,76.70501621629973],[-38.45894993797714,76.70292876138672],[-38.4279830024608,76.69456483445501],[-38.43080640919899,76.69343493881786],[-38.405718869599575,76.6890766082292],[-38.333000452555225,76.68947702931507],[-38.237471723661415,76.69569453290057],[-38.191585512782304,76.70121216946211],[-38.1824775192588,76.69512591107721],[-38.209908649612714,76.69207786496071],[-38.177395797751586,76.68923912145597],[-38.162981793235325,76.69045556537436],[-38.14566955117895,76.69307434818825],[-38.143863739924946,76.69293840074437],[-38.12973252448963,76.69238225287936],[-38.12248679040741,76.69464055112758],[-38.10129389492363,76.6932031211764],[-38.10093835917994,76.69313237235248],[-38.08277899838543,76.68991382702231],[-38.07473701223344,76.69394330789935],[-38.06284961510157,76.69219161698749],[-38.051453577879705,76.69287510365449],[-38.03902896308145,76.69079555962244],[-38.03371260276018,76.69052825853517],[-38.01796495582463,76.68937286304379],[-38.0221805146018,76.6936124845979],[-38.020452658858076,76.69655353517372],[-38.03848014769085,76.70075804789903],[-38.055474463464584,76.70348488595025],[-38.06953099175628,76.7065494900529],[-38.085219682291765,76.70959756959343],[-38.09930801402892,76.71395408265623],[-38.112528263340415,76.71631856331598],[-38.12595137049876,76.71949275352611],[-38.12899032607232,76.71897043431605],[-38.150395118714755,76.72139826460133],[-38.15493558716659,76.72300879838232],[-38.16993986876273,76.7261662319482],[-38.17563832212933,76.72721193730445],[-38.19482263487132,76.73187729099735],[-38.20944323209635,76.7332263734564],[-38.233356847172445,76.73382777679272],[-38.24013917325122,76.73459092939726],[-38.25671305604379,76.73617189197265],[-38.29116325011097,76.73639419093783],[-38.321058874887484,76.73701122790357],[-38.322558898715755,76.73698869710607],[-38.36083465696059,76.73760335950676],[-38.381724417537576,76.7392233633932],[-38.406614975166555,76.74044884784917],[-38.42493679271441,76.74132198864298],[-38.45053884686458,76.7399032061998],[-38.49777454195322,76.73976541371599],[-38.52404742176711,76.73876734829999],[-38.58160867544673,76.73872341464731],[-38.58303566529515,76.738706719441],[-38.612517335373106,76.73756251431662],[-38.63452136050531,76.73485526265104],[-38.64894940639053,76.73248842833279],[-38.69405997748155,76.7261101827949],[-38.69750635599865,76.72435684256735],[-38.7151358708031,76.72241941689343],[-38.73221294796526,76.72198566400326],[-38.75983447502572,76.72024383298371],[-38.769301467272065,76.72018442843772],[-38.77383788249306,76.71934753760684],[-38.79166448560461,76.71819504963416],[-38.81208197694975,76.71782479946326],[-38.84545145580665,76.71647901889614],[-38.856277857025006,76.71560808331367],[-38.856816616356106,76.71548410241253],[-38.87761544799409,76.71512071780683],[-38.89653578106524,76.71510370224313],[-38.902422733091605,76.71451579704724],[-38.91816049337087,76.71392011236779]]]}},{"type":"Feature","properties":{"prefecture":"千葉県"},"geometry":{"type":"Polygon","coordinates":[[[-37.49416406179557,76.67389958627108],[-37.511111641318244,76.67404858419847],[-37.54989680194001,76.6787414571643],[-37.56257348410902,76.68129859033832],[-37.58238790178981,76.68439273909519],[-37.602693348924774,76.685499247043],[-37.61181351275874,76.68599215907467],[-37.631740882458395,76.68936691978308],[-37.66675615789915,76.69223160244685],[-37.681960598119026,76.69361393914596],[-37.69356920706461,76.69217792190585],[-37.70946023835409,76.69239695527176],[-37.721750415478795,76.69192051994993],[-37.75329365947598,76.69224292375631],[-37.75492679408117,76.69224668031069],[-37.78292498275941,76.69137660971512],[-37.80367634709169,76.69212012871944],[-37.82996059097156,76.69202758193153],[-37.8485743473179,76.6927224947509],[-37.87471463001139,76.69243336695949],[-37.88726607735116,76.69266174719708],[-37.90027238739446,76.69416262295489],[-37.9387279840383,76.69584959802324],[-37.95621341944181,76.69699412441618],[-37.976408265732715,76.69813346302969],[-38.00260488458705,76.70077267897567],[-38.01559912086315,76.70233601020367],[-38.017422170326064,76.70357955330378],[-38.02322571966562,76.70400790781463],[-38.04743449133069,76.7066086418868],[-38.05444608440514,76.70832658439242],[-38.09565194208109,76.71472431408552],[-38.12331317733562,76.72028173099048],[-38.12595137049876,76.71949275352611],[-38.112528263340415,76.71631856331598],[-38.09930801402892,76.71395408265623],[-38.085219682291765,76.70959756959343],[-38.06953099175628,76.7065494900529],[-38.055474463464584,76.70348488595025],[-38.03848014769085,76.70075804789903],[-38.020452658858076,76.69655353517372],[-38.0221805146018,76.6936124845979],[-38.01796495582463,76.68937286304379],[-38.024424543208475,76.6878915123157],[-38.02024283484341,76.6862312338956],[-38.02010309211417,76.68617143919315],[-38.01783433782974,76.68316455139606],[-38.01057938412971,76.68129059406292],[-38.01580252515027,76.67777998681598],[-38.02774991686796,76.67501231261052],[-38.03571302062653,76.66849325895154],[-38.02456074739229,76.66357309194947],[-38.0010725248435,76.66912431498838],[-38.01233314836689,76.67219684552802],[-37.987590708419816,76.67728214436508],[-37.965714028613434,76.67423289324475],[-37.95475983822245,76.67141210695497],[-37.91260398965565,76.65899925484813],[-37.90443785220548,76.66078924449303],[-37.896611289937546,76.65742134623083],[-37.8927565697131,76.65109434700616],[-37.905939599136524,76.65164484863637],[-37.924660583646784,76.64992745230379],[-37.96367072820332,76.63926872069356],[-37.95999473667466,76.63633575400212],[-37.968623417612136,76.63797419386648],[-37.99812826119612,76.63441383530758],[-38.014261677459075,76.62856762561562],[-38.03109992208552,76.62727049120917],[-38.04736283915179,76.62365020084981],[-38.04416952751567,76.6186878776266],[-38.05465127440232,76.61508571630071],[-38.07451008391162,76.61625253826784],[-38.07192248181127,76.61352854815125],[-38.08535022505389,76.61280382649576],[-38.091861198101405,76.60921735729298],[-38.07360978709758,76.60790448979783],[-38.069400311633196,76.605823772246],[-38.07041808720373,76.6035459495315],[-38.09482522776461,76.60151268743121],[-38.102365825896385,76.59882986152338],[-38.093285630689266,76.59779199045497],[-38.097816276810576,76.59614331204028],[-38.10880922695682,76.59447156663275],[-38.10605021461662,76.59269444673917],[-38.09338364615163,76.59210656911463],[-38.09666326492701,76.59108443895192],[-38.112141425148295,76.5906674406468],[-38.13262482827669,76.58933172084923],[-38.15926490475438,76.58820287146507],[-38.1241535592508,76.58816535669452],[-38.12150365741767,76.58696626713149],[-38.109366604096245,76.58692369311163],[-38.07246610363285,76.58802343824095],[-38.05207324720679,76.58898911228945],[-38.03941374776661,76.59023505206413],[-38.03768539523127,76.59149186923194],[-38.02273707926516,76.59395933336826],[-37.98646711813502,76.59677470742723],[-37.96442098012025,76.59756648942017],[-37.948829755099275,76.59894165588453],[-37.94402706962577,76.60004438035598],[-37.92555323386727,76.6013037018726],[-37.915690151329926,76.60131851883453],[-37.89195087891822,76.60229294030547],[-37.88017922730682,76.6020598594172],[-37.850397580151736,76.60383341619023],[-37.83389649103716,76.60418247822122],[-37.82535142240456,76.60510602212743],[-37.809676525713286,76.60520499417345],[-37.79200191461485,76.60733365267716],[-37.76654720136898,76.60907238950409],[-37.746653021773426,76.61210179079768],[-37.743700175494396,76.61416358055361],[-37.72822474673422,76.61762869267852],[-37.735062762811765,76.62020156629839],[-37.73328207870781,76.62784291849934],[-37.72865728301744,76.63384519804431],[-37.7145360635983,76.64249421315034],[-37.703124847723025,76.64672999341435],[-37.671895610008576,76.6548149220603],[-37.63506564273549,76.66355995851696],[-37.61787232820373,76.66686259678684],[-37.592181351040985,76.67072866750631],[-37.57655103702848,76.67180275924164],[-37.55448944779722,76.6717517864688],[-37.53283037319595,76.67081813394411],[-37.501776589309294,76.67139744270781],[-37.48597729717147,76.66966958980484],[-37.48754056362675,76.67346650874741],[-37.49416406179557,76.67389958627108]]]}},{"type":"Feature","properties":{"prefecture":"東京都"},"geometry":{"type":"Polygon","coordinates":[[[-38.03571302062653,76.66849325895154],[-38.02774991686796,76.67501231261052],[-38.01580252515027,76.67777998681598],[-38.01057938412971,76.68129059406292],[-38.01783433782974,76.68316455139606],[-38.02010309211417,76.68617143919315],[-38.02024283484341,76.6862312338956],[-38.024424543208475,76.6878915123157],[-38.01796495582463,76.68937286304379],[-38.03371260276018,76.69052825853517],[-38.03902896308145,76.69079555962244],[-38.051453577879705,76.69287510365449],[-38.06284961510157,76.69219161698749],[-38.07473701223344,76.69394330789935],[-38.08277899838543,76.68991382702231],[-38.10093835917994,76.69313237235248],[-38.10129389492363,76.6932031211764],[-38.12248679040741,76.69464055112758],[-38.12973252448963,76.69238225287936],[-38.143863739924946,76.69293840074437],[-38.14566955117895,76.69307434818825],[-38.162981793235325,76.69045556537436],[-38.177395797751586,76.68923912145597],[-38.209908649612714,76.69207786496071],[-38.1824775192588,76.69512591107721],[-38.191585512782304,76.70121216946211],[-38.237471723661415,76.69569453290057],[-38.333000452555225,76.68947702931507],[-38.405718869599575,76.6890766082292],[-38.43080640919899,76.69343493881786],[-38.4279830024608,76.69456483445501],[-38.45894993797714,76.70292876138672],[-38.53072039919382,76.70501621629973],[-38.54547261847003,76.71020337711789],[-38.57808306801571,76.71085726026203],[-38.650685107207444,76.7049067057112],[-38.66652276289358,76.70500688192664],[-38.681802294996125,76.70581059672512],[-38.702248534850746,76.70549852738316],[-38.730148579577566,76.70650155683725],[-38.74526811255181,76.70812089270186],[-38.756368897479014,76.7073614185291],[-38.77919649500562,76.70739614041143],[-38.78194837406085,76.70628425892504],[-38.76859318469569,76.70396153376437],[-38.747380992964054,76.69732435024265],[-38.72997973033698,76.69225147440393],[-38.72979295727243,76.69221246899566],[-38.72331424870133,76.68917655892214],[-38.6999669998116,76.6833365536723],[-38.68632668646478,76.68199302297631],[-38.674979496759605,76.67776827215484],[-38.66322551574424,76.67640531828683],[-38.654744863752455,76.67146427926008],[-38.639946035346476,76.67058285199462],[-38.636134169842954,76.66625800666067],[-38.61723567854156,76.65916642742215],[-38.60784676632742,76.66030709358381],[-38.4590176282408,76.65424542231042],[-38.35105874653223,76.63760331437412],[-38.334625076513205,76.63178215354068],[-38.27228796502276,76.62717541276602],[-38.27902988034566,76.625670949378],[-38.26612122299794,76.62407528900542],[-38.2428472143821,76.62565308348069],[-38.23334630955302,76.6310337329227],[-38.24402859238153,76.63828835391797],[-38.23069048103644,76.63923379041718],[-38.211474313145615,76.64117597846865],[-38.255559746880365,76.65378220993895],[-38.28037417630841,76.65685931663087],[-38.263664232395236,76.66009267256989],[-38.22020813668505,76.65378526760958],[-38.20348179257722,76.65480123705863],[-38.19479808273187,76.6598306315086],[-38.17231649025211,76.65645712392846],[-38.16095372874258,76.65327860876799],[-38.15790761664809,76.65356270837974],[-38.14132108732893,76.65058396681921],[-38.13811622191629,76.64949813566543],[-38.13288475479591,76.64456410139255],[-38.12737925175907,76.64028208667659],[-38.11690650691809,76.64250791257916],[-38.0993558872793,76.64303055073367],[-38.07957269338508,76.64424544481328],[-38.086311271034326,76.65055084242523],[-38.099532831336255,76.64823034429396],[-38.10029912570937,76.65371911957925],[-38.092697424137704,76.66204615890544],[-38.08193860505018,76.66971317808638],[-38.07198991707272,76.67040668694843],[-38.05135276791793,76.66865547310887],[-38.04740037056088,76.66872040889467],[-38.03571302062653,76.66849325895154]]]}},{"type":"Feature","properties":{"prefecture":"神奈川県"},"geometry":{"type":"Polygon","coordinates":[[[-38.0993558872793,76.64303055073367],[-38.11690650691809,76.64250791257916],[-38.12737925175907,76.64028208667659],[-38.13288475479591,76.64456410139255],[-38.13811622191629,76.64949813566543],[-38.14132108732893,76.65058396681921],[-38.15790761664809,76.65356270837974],[-38.16095372874258,76.65327860876799],[-38.17231649025211,76.65645712392846],[-38.19479808273187,76.6598306315086],[-38.20348179257722,76.65480123705863],[-38.22020813668505,76.65378526760958],[-38.263664232395236,76.66009267256989],[-38.28037417630841,76.65685931663087],[-38.255559746880365,76.65378220993895],[-38.211474313145615,76.64117597846865],[-38.23069048103644,76.63923379041718],[-38.24402859238153,76.63828835391797],[-38.23334630955302,76.6310337329227],[-38.2428472143821,76.62565308348069],[-38.26612122299794,76.62407528900542],[-38.27902988034566,76.625670949378],[-38.27228796502276,76.62717541276602],[-38.334625076513205,76.63178215354068],[-38.35105874653223,76.63760331437412],[-38.4590176282408,76.65424542231042],[-38.60784676632742,76.66030709358381],[-38.61723567854156,76.65916642742215],[-38.636134169842954,76.66625800666067],[-38.639946035346476,76.67058285199462],[-38.654744863752455,76.67146427926008],[-38.66322551574424,76.67640531828683],[-38.674979496759605,76.67776827215484],[-38.67913097694801,76.67442680951639],[-38.67038287825484,76.66626189361801],[-38.671607148634095,76.65543964926167],[-38.67870054871556,76.65263897498289],[-38.67844556667717,76.650193844137],[-38.69196418380452,76.64437364743723],[-38.69980876643047,76.64358675742194],[-38.707020482078896,76.64331941772319],[-38.71670661268306,76.63751745319169],[-38.73103308223216,76.63585447388492],[-38.751840447357644,76.63169608088502],[-38.75930637288096,76.62522347443435],[-38.72603695183163,76.62394662171614],[-38.71158934442816,76.61475257313921],[-38.7062307996606,76.61325808889009],[-38.70239076829479,76.60885293891644],[-38.706679025143536,76.60883179777433],[-38.71045132594102,76.60737925465847],[-38.703510334207806,76.60453419631881],[-38.68935488349892,76.60090579725384],[-38.67931012919384,76.59937417986575],[-38.67072924348549,76.59823761301324],[-38.66186886830057,76.59714133420184],[-38.654088466441415,76.59529735461362],[-38.6016405428787,76.59135987456075],[-38.585591917943624,76.5905325736272],[-38.59295586902,76.59178902354536],[-38.60365133449856,76.59436345900231],[-38.56716662087468,76.59404546204769],[-38.54338419447821,76.59412169752794],[-38.50710884397979,76.5949988024905],[-38.44092912737731,76.59726801439652],[-38.39167312409234,76.59714508971277],[-38.31859377379755,76.59712099290867],[-38.2687152530865,76.59701460741067],[-38.223013285631254,76.59955827624019],[-38.21603002802372,76.59921042537893],[-38.220117016818335,76.5971824345203],[-38.21103283042907,76.59729798063375],[-38.21254254079305,76.59505649460186],[-38.22257470330555,76.59253063680346],[-38.18899332494489,76.59438727636783],[-38.190817696341135,76.59600877707132],[-38.18288112772075,76.59706223609855],[-38.16421294206019,76.59902287578593],[-38.14622719430827,76.60016407488537],[-38.13146007190662,76.60414206620572],[-38.15535896535656,76.60310689217117],[-38.16027688916539,76.6042426865788],[-38.173586364103976,76.60413156856491],[-38.17337636810588,76.60628900969097],[-38.1587130311353,76.60910551835681],[-38.1568677373563,76.61474685178926],[-38.16418886724756,76.61335487838991],[-38.15630487482801,76.61759272349849],[-38.14648424817879,76.61702136339244],[-38.137175152924385,76.62261278360914],[-38.144495860678774,76.62408545806886],[-38.157129855290265,76.62410078035016],[-38.15776065406291,76.62559154533452],[-38.14545954815247,76.62927680099278],[-38.12851332768716,76.63154180901867],[-38.09235709594582,76.64041802017245],[-38.0993558872793,76.64303055073367]]]}},{"type":"Feature","properties":{"prefecture":"新潟県"},"geometry":{"type":"Polygon","coordinates":[[[-39.311423562469045,76.75801667415426],[-39.286473209954224,76.75457836593269],[-39.2753568730757,76.75457420184846],[-39.27134985508544,76.7529966825592],[-39.27551082341798,76.74999026373793],[-39.26754410006099,76.74803022117923],[-39.269736971636426,76.74300319235257],[-39.26148907740601,76.7401421434939],[-39.259772992448696,76.73685208541329],[-39.258679686764076,76.73702425357389],[-39.23301863607591,76.74047003826792],[-39.226807768661864,76.74257597991057],[-39.202022148867925,76.74847693367316],[-39.20815252249991,76.75004537573267],[-39.20053132167844,76.75245666442336],[-39.17927832889151,76.75324974596018],[-39.1366456315407,76.75310920558361],[-39.12978801239863,76.75224354503435],[-39.139931556859246,76.74901485973027],[-39.14036804274945,76.74728331585807],[-39.149617569221896,76.74539781104689],[-39.13804547372419,76.74410149420763],[-39.123225735289594,76.7442798549796],[-39.10955318622928,76.74801816646124],[-39.09555967922356,76.7500627654545],[-39.074007528918926,76.75067306908798],[-39.05706061400535,76.75248419347437],[-39.0463542739993,76.75437640533104],[-39.02064131374527,76.75536305142236],[-39.020939462344906,76.75370446633379],[-39.00735881643306,76.75607563107886],[-38.99763112112085,76.76081456364892],[-38.98409328205968,76.76272686223761],[-38.97156782918469,76.76325608774572],[-38.95575779743622,76.7659203180567],[-38.941002348903375,76.7692014559293],[-38.92973304652876,76.77081436147019],[-38.89033585397271,76.77480171162848],[-38.85150322445739,76.77790008759085],[-38.848092469096386,76.77827581386103],[-38.82659808190633,76.77930890206522],[-38.824398638067414,76.77703127412823],[-38.8371574191788,76.7735663633248],[-38.836443419550804,76.77221121611447],[-38.82317481408746,76.77300716522579],[-38.82657094301983,76.77162252470993],[-38.79492447865074,76.77245937426758],[-38.7972195312442,76.77128842564223],[-38.807757608411585,76.76895850602727],[-38.80228382709115,76.76817323213855],[-38.82557834867747,76.76352457231918],[-38.81617529994383,76.76349356969735],[-38.81694417731359,76.76092794463561],[-38.80641579400439,76.76167116686473],[-38.79295918943225,76.76491205556476],[-38.75867915563499,76.7651750081291],[-38.73847800932168,76.76802890195742],[-38.725596282527746,76.77199081367391],[-38.69096947354803,76.77644379660917],[-38.66149365397185,76.77846962156663],[-38.66333201255343,76.78099231850499],[-38.65247380224771,76.78271801918818],[-38.62829764674093,76.7833787184138],[-38.63145468486122,76.7857337771805],[-38.62652253737137,76.7866230042777],[-38.59677050352248,76.7872935619822],[-38.56518636413888,76.78854049592904],[-38.56029917978739,76.78912757448957],[-38.54834955085288,76.78921894399362],[-38.54496893690101,76.78897689952313],[-38.523080232763824,76.78861635457613],[-38.52345530847159,76.7878852161086],[-38.49781804552856,76.78721850040061],[-38.4876366107184,76.7880776822724],[-38.48568599241493,76.78898904604502],[-38.49032481045638,76.78957541677588],[-38.48120258341815,76.79025272662867],[-38.48957770319675,76.79078216809752],[-38.49003288355837,76.79099899145145],[-38.478914962453494,76.79156499183118],[-38.484809861145834,76.79158583533417],[-38.50468919322214,76.79120706471255],[-38.51689033356373,76.79102857852244],[-38.51122192927978,76.79126949616399],[-38.491527285735636,76.7918810544111],[-38.47846280549582,76.79248594843396],[-38.47755037367295,76.79281610706231],[-38.49262146035188,76.7928029066458],[-38.47971962768814,76.79335045862427],[-38.46677057555923,76.79349349277652],[-38.46329118821915,76.79347402676756],[-38.43159531666573,76.7937701436023],[-38.41130539212916,76.79385711864603],[-38.39677019644908,76.79387616570293],[-38.38808171757091,76.79404034418627],[-38.36507681192102,76.79404302133784],[-38.354267896501426,76.79398216313803],[-38.34190169201871,76.7939763123808],[-38.312723925652485,76.79390020618183],[-38.29693037017337,76.79386220494332],[-38.28530274303034,76.79387684141632],[-38.29510064991477,76.79394381950765],[-38.29524203781691,76.79412545605183],[-38.31042898253937,76.79436339189559],[-38.31060948826692,76.7947844818211],[-38.27487287777196,76.79507312989605],[-38.256851559531604,76.7954903011104],[-38.25936879968073,76.79581758543219],[-38.2391528279125,76.79657275122939],[-38.23889946789634,76.79695769530237],[-38.19878316933899,76.79868878339875],[-38.19159922803124,76.79885298952297],[-38.20408833656638,76.79991038700278],[-38.21024347558245,76.80068967239696],[-38.22679114419388,76.80044234846319],[-38.22743240046398,76.80045491105507],[-38.25724779891939,76.80268581251039],[-38.259212059323524,76.80391800666062],[-38.25073029861695,76.80483937718064],[-38.24926672577308,76.80762198884729],[-38.240730354388035,76.80841521871234],[-38.2374059515683,76.81090426154823],[-38.21778257773007,76.81240177448713],[-38.22765168798527,76.8135104298273],[-38.21536430285844,76.81599941598557],[-38.217062407975185,76.81879493880602],[-38.217869024581034,76.81936968703225],[-38.201064116911525,76.82169393320389],[-38.179281997564296,76.82115902264385],[-38.16797585353052,76.82132281595277],[-38.12936554967383,76.82359447845417],[-38.12122092422364,76.82531290403442],[-38.11005155353608,76.82613274342825],[-38.11027960367459,76.82708756968306],[-38.121371254311136,76.82835401876933],[-38.14813130807657,76.83038821751087],[-38.16095125389181,76.82986935356142],[-38.187250141548205,76.83088751218337],[-38.1991063555608,76.83275566373364],[-38.19085095590295,76.83524512517224],[-38.19397538818819,76.83638100924205],[-38.188881816828264,76.83781885621441],[-38.20174840708092,76.83820352905542],[-38.227061780452004,76.83805373317344],[-38.24884278260018,76.8386220059126],[-38.27228078423132,76.83975460784323],[-38.271468134415194,76.83922841020039],[-38.29548636004002,76.83570504048281],[-38.32802281292494,76.82997975455075],[-38.3370374561373,76.82312388054544],[-38.338859624705314,76.82078484429677],[-38.35244910741923,76.81832652502735],[-38.3522950665992,76.81736262009089],[-38.365550981838574,76.81519720022767],[-38.40193990605386,76.81025207795732],[-38.42381263585347,76.80771984410092],[-38.43892808772012,76.80610947487584],[-38.47568171414834,76.80248266282477],[-38.47387707835688,76.80115045249899],[-38.48088528964283,76.80238835916842],[-38.493307137632,76.80135900105896],[-38.52332435234404,76.80011860625892],[-38.55471670879246,76.79925402286341],[-38.58552750813152,76.79829369917836],[-38.635927689506296,76.79738058875022],[-38.651313955082436,76.79710155928382],[-38.672242399789084,76.79659316025301],[-38.68897054650489,76.7957915184096],[-38.700428295940185,76.79497600048461],[-38.71087170591515,76.79425332464604],[-38.722051858308085,76.79357266454016],[-38.72823309664162,76.79313070768944],[-38.753485616025124,76.79201950395431],[-38.77290701371163,76.79088376919212],[-38.786951494171035,76.78981417778355],[-38.807086861896074,76.78879182057223],[-38.83364743067457,76.78809728438544],[-38.867583642889876,76.78672936084642],[-38.905456062930064,76.78426522080078],[-38.95572694099264,76.78011433157756],[-38.99179349148838,76.77717461600645],[-39.03915264797442,76.77465261750014],[-39.06577927805592,76.77445224870355],[-39.086746673536034,76.77236632119335],[-39.09872370777229,76.77081841918472],[-39.12290419869246,76.7693833140349],[-39.17406139165175,76.76460339734422],[-39.216544469235764,76.76247392749228],[-39.22444539212041,76.76168630559646],[-39.280159256599234,76.75885563388174],[-39.311423562469045,76.75801667415426]]]}},{"type":"Feature","properties":{"prefecture":"富山県"},"geometry":{"type":"Polygon","coordinates":[[[-39.259772992448696,76.73685208541329],[-39.26148907740601,76.7401421434939],[-39.269736971636426,76.74300319235257],[-39.26754410006099,76.74803022117923],[-39.27551082341798,76.74999026373793],[-39.27134985508544,76.7529966825592],[-39.2753568730757,76.75457420184846],[-39.286473209954224,76.75457836593269],[-39.311423562469045,76.75801667415426],[-39.3330844358242,76.75808411315303],[-39.35500843234287,76.75752337014585],[-39.37980574342622,76.75785329969727],[-39.409337320181386,76.7565663725829],[-39.41639932845451,76.75458360212274],[-39.41149781471888,76.75241505688956],[-39.41554030093688,76.75026014903435],[-39.42260326329625,76.74361476809932],[-39.42734438525722,76.74277707979067],[-39.456098066425184,76.73694738116976],[-39.48593247999225,76.73813265233541],[-39.51023046798731,76.73731772459278],[-39.53428562232659,76.74228927720705],[-39.54105962141188,76.74063931384993],[-39.54615333713261,76.74136405115635],[-39.559724343375,76.74685226373651],[-39.59583743656981,76.75732265402752],[-39.62998025036084,76.7680003926345],[-39.61366354429561,76.7724328079721],[-39.621441486696654,76.77431366949659],[-39.6108066717462,76.77442356332774],[-39.62180760828877,76.77594398363983],[-39.65849241442601,76.77941261789893],[-39.703812269275694,76.78245803190303],[-39.7392059648049,76.78229344844596],[-39.7319887539695,76.77765131702658],[-39.745667775119216,76.77310168478668],[-39.79998153595159,76.7486888130977],[-39.8050629099682,76.74345648800875],[-39.81159406251686,76.73965586262429],[-39.81979792920465,76.73812726753378],[-39.85486761826486,76.73287978995401],[-39.82800130119323,76.72680984681679],[-39.811277205811244,76.71578666915514],[-39.82036533425413,76.7073518715729],[-39.858807409894176,76.70087764484352],[-39.850286518726215,76.69879688773695],[-39.84963637271115,76.69812820879588],[-39.81223305491983,76.69734172801938],[-39.828826571188024,76.69633448848279],[-39.81887143237453,76.69618655806747],[-39.82062354708971,76.69586903592807],[-39.83305354747096,76.69577982474364],[-39.8159406069517,76.69552642580064],[-39.80295861034504,76.69482265349879],[-39.817048670029,76.6946783499907],[-39.80657806460907,76.69367088705555],[-39.783858577435296,76.69349502699252],[-39.77567020460314,76.6942375979139],[-39.78030798986657,76.69458459341921],[-39.74485259745859,76.69453862345823],[-39.734190748737866,76.69502257678757],[-39.70371770415568,76.69446652161773],[-39.693446095712666,76.69364593625676],[-39.700723949164356,76.69233140983067],[-39.69060716919854,76.69227653615026],[-39.67459260149678,76.6927775451711],[-39.66344461600298,76.69362522724404],[-39.64487223688872,76.69456317596234],[-39.64049948034382,76.69633697156078],[-39.61715729483503,76.69756252052146],[-39.60382243687396,76.6999138178564],[-39.56793975761328,76.70407280887537],[-39.53688912063504,76.70402962396703],[-39.508882221531955,76.7058747149426],[-39.49511555594355,76.70725884695119],[-39.47313678047793,76.70743241594586],[-39.473618076989126,76.70479387797292],[-39.452013319494505,76.70607768985009],[-39.44943901205475,76.70705911469688],[-39.432025910734964,76.70777945057357],[-39.42592164579627,76.70600771245722],[-39.402983394568416,76.70621759267567],[-39.396038790052124,76.70713750808174],[-39.379732063879615,76.70786284038148],[-39.3712078654611,76.7073496598818],[-39.35264910227946,76.70848126353289],[-39.34106788526877,76.71003422446105],[-39.33086499097795,76.71086112680763],[-39.31883027319053,76.71255082058289],[-39.31702997094889,76.71361801454563],[-39.30866215434919,76.71476635955746],[-39.29396489244592,76.71600071386969],[-39.30031098224698,76.71623399384042],[-39.29737310330497,76.71744670205199],[-39.28184847316983,76.7191469135524],[-39.27084398129072,76.719785516826],[-39.271796839007436,76.72172396462456],[-39.265056673665065,76.7251850524493],[-39.26806277543459,76.72985818332795],[-39.26400773594773,76.73549323904234],[-39.259772992448696,76.73685208541329]]]}},{"type":"Feature","properties":{"prefecture":"石川県"},"geometry":{"type":"Polygon","coordinates":[[[-39.6108066717462,76.77442356332774],[-39.63409217375357,76.77977599030388],[-39.63613509121593,76.78105794880345],[-39.65093542501996,76.78292404532068],[-39.664513623543705,76.78362513209268],[-39.671566768014884,76.78333987524698],[-39.69029253632916,76.78431541478987],[-39.72110072406225,76.78653856328688],[-39.73462430690653,76.78740926297199],[-39.76738247569356,76.78884388332976],[-39.793613773499146,76.78981612251333],[-39.7907177948333,76.78973976120295],[-39.76905592329077,76.78903834439816],[-39.76523039611874,76.78904590662978],[-39.78703489270658,76.78973624670874],[-39.777595104716404,76.78966733474849],[-39.738657606658855,76.78927085055999],[-39.723043156605875,76.78838745818358],[-39.701741585100294,76.78750638625233],[-39.68898760437464,76.78666113075994],[-39.674395804646,76.78643013743135],[-39.64870996680681,76.78575021661798],[-39.642917734564826,76.78635970506356],[-39.635817973192786,76.78701055672654],[-39.60302489877681,76.78665533271634],[-39.56396752215361,76.78505098537414],[-39.54444331811576,76.78486790729296],[-39.53556528775293,76.78531514325616],[-39.55470800529876,76.78775707455196],[-39.556850058449996,76.78845538621542],[-39.54786349299698,76.78983560627104],[-39.52268984179582,76.78974179062719],[-39.49230032729306,76.78913869963743],[-39.488332647994696,76.78995857229086],[-39.50004184587394,76.7910858304022],[-39.4941961205664,76.79160623334054],[-39.51055390929901,76.7930036473231],[-39.54206369733207,76.79367377317007],[-39.577519015658666,76.79334490077716],[-39.59966188682544,76.79340776008206],[-39.62235638425718,76.79378842560475],[-39.65322174917401,76.79364935992982],[-39.658355892980495,76.79333721524797],[-39.666239949482964,76.79315777385628],[-39.764011750310644,76.79312647373504],[-39.7957454000102,76.79374335644151],[-39.81830483817875,76.79382263419592],[-39.872176629045285,76.79327920221664],[-39.91140843148984,76.79235223613964],[-39.903809655208875,76.79182216117707],[-39.92985598466231,76.79117019504037],[-39.937322872922174,76.79080404819503],[-39.95142066833307,76.7904424283538],[-39.96756756477823,76.78964141034291],[-39.91805339056589,76.79066284168314],[-39.9199397349266,76.7906835314815],[-39.93253050031454,76.79050657425839],[-39.916547029087845,76.79056094965928],[-39.88835654419592,76.79070037927639],[-39.893585775536046,76.7896227078379],[-39.92477956992004,76.78661785274275],[-39.90338321696892,76.78333396543158],[-39.91564956625946,76.77067330576311],[-39.92828808283228,76.74562945733061],[-40.04700346358972,76.72180730550933],[-40.08037088759356,76.71212301965996],[-40.093712099843465,76.71115767598212],[-40.09777555017667,76.70965858098944],[-40.13001053970106,76.7104534377216],[-40.14568520100081,76.71092777289239],[-40.173048534046664,76.71208098605732],[-40.18866779734232,76.71280504386233],[-40.22011520193612,76.71452333235762],[-40.22963303905669,76.71453311851911],[-40.249501992655475,76.71504206895209],[-40.22757317872792,76.71367156796386],[-40.19714869332878,76.71196369909285],[-40.16339592158393,76.70980638982546],[-40.158393083344116,76.70935484519185],[-40.135441792610116,76.70772813642715],[-40.08808353071882,76.70461683759828],[-40.07216429565731,76.70359673572139],[-40.03047529054648,76.70052736681434],[-40.009863122376004,76.69911858034087],[-39.99460182397123,76.69832011308881],[-39.97467623332696,76.69687291220283],[-39.94718812905755,76.69537492029451],[-39.90410526089338,76.69241057779496],[-39.892593790512485,76.69126684816595],[-39.87411066563606,76.6901230171157],[-39.86062855700616,76.68872464206471],[-39.851831208062855,76.68835938019996],[-39.83059203683714,76.68821948478386],[-39.8097760241936,76.68792292435833],[-39.805063491159046,76.68836654148744],[-39.79847826099342,76.6892016374785],[-39.80840214323439,76.68989961545323],[-39.79041315853706,76.69012221244343],[-39.76770857544304,76.69133523219111],[-39.764687242829055,76.69174569814159],[-39.788321674608525,76.69250534721486],[-39.80657806460907,76.69367088705555],[-39.817048670029,76.6946783499907],[-39.80295861034504,76.69482265349879],[-39.8159406069517,76.69552642580064],[-39.83305354747096,76.69577982474364],[-39.82062354708971,76.69586903592807],[-39.81887143237453,76.69618655806747],[-39.828826571188024,76.69633448848279],[-39.81223305491983,76.69734172801938],[-39.84963637271115,76.69812820879588],[-39.850286518726215,76.69879688773695],[-39.858807409894176,76.70087764484352],[-39.82036533425413,76.7073518715729],[-39.811277205811244,76.71578666915514],[-39.82800130119323,76.72680984681679],[-39.85486761826486,76.73287978995401],[-39.81979792920465,76.73812726753378],[-39.81159406251686,76.73965586262429],[-39.8050629099682,76.74345648800875],[-39.79998153595159,76.7486888130977],[-39.745667775119216,76.77310168478668],[-39.7319887539695,76.77765131702658],[-39.7392059648049,76.78229344844596],[-39.703812269275694,76.78245803190303],[-39.65849241442601,76.77941261789893],[-39.62180760828877,76.77594398363983],[-39.6108066717462,76.77442356332774]]]}},{"type":"Feature","properties":{"prefecture":"福井県"},"geometry":{"type":"Polygon","coordinates":[[[-40.71682648977956,76.68409389628951],[-40.73506384806917,76.68383288390902],[-40.74242562879658,76.68228134543061],[-40.72248188250207,76.67959954112213],[-40.7354845067133,76.67741381757303],[-40.7262881631852,76.67559829332166],[-40.71419003241616,76.67478735337612],[-40.68277164027865,76.67053057058988],[-40.67785430022023,76.66451594353765],[-40.593153790185795,76.66380706612036],[-40.54724403030543,76.66082998905087],[-40.53440389902427,76.66217779355796],[-40.50132890387259,76.66190645240518],[-40.49062651697351,76.6647751045778],[-40.48238622877221,76.66631684850631],[-40.460027483439106,76.6655523352174],[-40.45151240969079,76.66399722531015],[-40.437277690531324,76.66406914910503],[-40.42606424265265,76.6655043309188],[-40.429154980313335,76.66747785514616],[-40.414370503818795,76.66841484367511],[-40.40138660986317,76.66734300176736],[-40.36745998730147,76.66569684931913],[-40.35617910872113,76.66592531131731],[-40.3174106545762,76.66448468683329],[-40.30559675673014,76.6643733163307],[-40.2811282183621,76.66338403374911],[-40.27918847102651,76.66456899582008],[-40.221029899162055,76.6637703789446],[-40.20996793228149,76.66420860401605],[-40.24907313127355,76.67026353576776],[-40.26397459525081,76.67123186009152],[-40.24887534561369,76.67416246890085],[-40.21331874299471,76.67425754511147],[-40.19782344581085,76.67222630283294],[-40.15856839730593,76.67031564155687],[-40.10542790004449,76.66658866556985],[-40.09707316491094,76.66867896970588],[-40.067720312917245,76.67241832525868],[-40.08069125359563,76.67465789470685],[-40.07526764471531,76.67666860715038],[-40.044770966329814,76.67675344479782],[-40.025144243405684,76.67698624113564],[-39.98610706504482,76.6753872587907],[-39.9520561345903,76.67504381282116],[-39.921133637930645,76.6742239892083],[-39.91407353351223,76.67586739257197],[-39.8907283099646,76.67553141370803],[-39.877406444950786,76.6767984012349],[-39.872142078609805,76.67633456438897],[-39.85369154223097,76.67703925164885],[-39.84813386631575,76.67643762786302],[-39.82839873460991,76.6769645307464],[-39.82148411316489,76.67777746330573],[-39.807979732997254,76.67794670075806],[-39.79247185314282,76.67767263634413],[-39.785008504386184,76.67970263524565],[-39.77041960122823,76.6804308718254],[-39.77768479853677,76.68239396183029],[-39.791623915178235,76.68291539477926],[-39.78898364410245,76.68364341841882],[-39.80642668537095,76.68391918166688],[-39.808410052678084,76.68509098629961],[-39.819774793959866,76.68535752466282],[-39.81772198102409,76.68696433166788],[-39.80349013738337,76.6873166738099],[-39.8097760241936,76.68792292435833],[-39.83059203683714,76.68821948478386],[-39.851831208062855,76.68835938019996],[-39.86062855700616,76.68872464206471],[-39.87411066563606,76.6901230171157],[-39.892593790512485,76.69126684816595],[-39.90410526089338,76.69241057779496],[-39.94718812905755,76.69537492029451],[-39.97467623332696,76.69687291220283],[-39.99460182397123,76.69832011308881],[-40.009863122376004,76.69911858034087],[-40.03047529054648,76.70052736681434],[-40.07216429565731,76.70359673572139],[-40.08808353071882,76.70461683759828],[-40.135441792610116,76.70772813642715],[-40.158393083344116,76.70935484519185],[-40.16339592158393,76.70980638982546],[-40.19714869332878,76.71196369909285],[-40.22757317872792,76.71367156796386],[-40.249501992655475,76.71504206895209],[-40.291933149712435,76.71609708628611],[-40.33480221115368,76.71695607441033],[-40.32705625464681,76.71619496871828],[-40.35057212184974,76.71573204817744],[-40.35598157698671,76.71541573715999],[-40.385469392315294,76.71453983982238],[-40.400813313842065,76.71344029376017],[-40.42281464746323,76.7092688008189],[-40.45719443370196,76.70616858014884],[-40.46241469689555,76.70485481124408],[-40.43119453533941,76.70043426131305],[-40.42541722034978,76.69503690542517],[-40.40988887173421,76.69341365759405],[-40.33696264262171,76.68725124316998],[-40.30217791913231,76.68301505857212],[-40.3037797792118,76.68171264646256],[-40.30375881064022,76.67769195704747],[-40.32494920963925,76.67530667297912],[-40.32992057593053,76.67110660707604],[-40.35337922470099,76.67122372234527],[-40.376994104748114,76.67365418838548],[-40.36420629384476,76.67522245250808],[-40.37869038393003,76.68091715034001],[-40.39042529775692,76.68214802121719],[-40.42589897030484,76.67993666983355],[-40.43984591510867,76.68015004958947],[-40.43946378340649,76.67775659611011],[-40.42246310055366,76.67580930605084],[-40.42638342427423,76.67411142568864],[-40.40842826181523,76.6721625144692],[-40.45244906292806,76.67359525504385],[-40.46489052508366,76.67509340684663],[-40.47947018781138,76.6754930289867],[-40.49929197967148,76.67804422132555],[-40.519246004496914,76.67963800845588],[-40.488718471097016,76.67589908140923],[-40.482282614058796,76.67459095106355],[-40.48986732122855,76.67430585626225],[-40.50638737893992,76.67569549894694],[-40.48868004319295,76.67309781332658],[-40.515476965153034,76.67452424743747],[-40.535476289094554,76.67621761921028],[-40.55453100460311,76.67853666878999],[-40.5671482059017,76.67918397552964],[-40.5790683475263,76.67902269896429],[-40.53777970463077,76.67591310021562],[-40.53933942573523,76.6743898489854],[-40.567027800809925,76.67563497492993],[-40.5887609937376,76.67693454148933],[-40.5974530546106,76.67630389344234],[-40.62646229938003,76.67761978162453],[-40.62632463199895,76.67813813616192],[-40.6107313725011,76.67776305299647],[-40.61011491788088,76.67941152381772],[-40.631671150355004,76.67995990225985],[-40.64939665238132,76.67897515333058],[-40.67778677880383,76.67909088369726],[-40.69988509510234,76.68085101005096],[-40.694251875115086,76.68343777057287],[-40.71682648977956,76.68409389628951]]]}},{"type":"Feature","properties":{"prefecture":"山梨県"},"geometry":{"type":"Polygon","coordinates":[[[-39.17270144877583,76.68969992548848],[-39.16865104901191,76.68997961935428],[-39.169836044968285,76.68684950572023],[-39.16181254296726,76.67317212987537],[-39.153515151405344,76.67055876024621],[-39.14494476740398,76.65499368752447],[-39.1474175625675,76.65165384621766],[-39.134932602744534,76.64730505832911],[-39.12977473708532,76.64396808506898],[-39.13299049354416,76.64079605374135],[-39.12146043416215,76.63916032586211],[-39.10699482465734,76.63432186382394],[-39.09011758629885,76.63213773935118],[-39.086901327009066,76.63284705224955],[-39.06829247653347,76.63218323421019],[-39.04203143923022,76.62830856370469],[-39.039221195286345,76.62590253758903],[-39.0244753219025,76.62304822773062],[-39.01037675608859,76.61842824553707],[-38.990245473328805,76.61570629565944],[-38.973857004399854,76.61479933102838],[-38.95605450521115,76.61306830546867],[-38.942825083803804,76.61483484172996],[-38.94029323078062,76.61656845085334],[-38.955649151733596,76.62022705597435],[-38.9544509124753,76.62164947016167],[-38.96459865059023,76.62433800289621],[-38.95377145122491,76.62508090158705],[-38.9663306112975,76.63011372139141],[-38.969776308089,76.63399062522826],[-38.944794806754985,76.63914960892706],[-38.93248433167065,76.63584464077019],[-38.91870849395502,76.62963404323577],[-38.901426355172994,76.62951908155257],[-38.88160113418438,76.62809575144942],[-38.872014658450304,76.62411450659424],[-38.84512926788345,76.6236781447456],[-38.84481607957833,76.62364844779235],[-38.810443732765414,76.62392267700025],[-38.79926027224201,76.62332569695288],[-38.781739135368205,76.62452940597439],[-38.77616706703733,76.62345214979054],[-38.75930637288096,76.62522347443435],[-38.751840447357644,76.63169608088502],[-38.73103308223216,76.63585447388492],[-38.71670661268306,76.63751745319169],[-38.707020482078896,76.64331941772319],[-38.69980876643047,76.64358675742194],[-38.69196418380452,76.64437364743723],[-38.67844556667717,76.650193844137],[-38.67870054871556,76.65263897498289],[-38.671607148634095,76.65543964926167],[-38.67038287825484,76.66626189361801],[-38.67913097694801,76.67442680951639],[-38.674979496759605,76.67776827215484],[-38.68632668646478,76.68199302297631],[-38.6999669998116,76.6833365536723],[-38.72331424870133,76.68917655892214],[-38.72979295727243,76.69221246899566],[-38.72997973033698,76.69225147440393],[-38.747380992964054,76.69732435024265],[-38.76859318469569,76.70396153376437],[-38.78194837406085,76.70628425892504],[-38.799163466305714,76.70689096291622],[-38.8073976971011,76.70648551874173],[-38.827556831637125,76.70839772603212],[-38.83893766527851,76.7092418205468],[-38.8574784993397,76.7096054374008],[-38.87494282914754,76.71133196514077],[-38.90922746499242,76.71234206854704],[-38.9203579886286,76.71241871115315],[-38.94475103892621,76.71132885052795],[-38.9648260414397,76.7110340214757],[-38.97638273964924,76.71206533114669],[-38.99395021039802,76.71161430997216],[-39.01970461897636,76.71057024496095],[-39.02473434437624,76.71010531811383],[-39.03984262230827,76.70954835492319],[-39.03576994764129,76.71023361184352],[-39.04631355913663,76.71000957508568],[-39.06747153490132,76.70912835176682],[-39.07355749777715,76.70855906556521],[-39.0964811349334,76.70643917467835],[-39.11994524676252,76.70443178365738],[-39.130876851039346,76.70425418600905],[-39.166305791292004,76.70058118142774],[-39.16450849605178,76.7001226359212],[-39.15640198349866,76.69953064144052],[-39.179597608155596,76.69613247650234],[-39.17968815491169,76.69297308373656],[-39.17270144877583,76.68969992548848]]]}},{"type":"Feature","properties":{"prefecture":"長野県"},"geometry":{"type":"Polygon","coordinates":[[[-39.259772992448696,76.73685208541329],[-39.26400773594773,76.73549323904234],[-39.26806277543459,76.72985818332795],[-39.265056673665065,76.7251850524493],[-39.271796839007436,76.72172396462456],[-39.27084398129072,76.719785516826],[-39.28184847316983,76.7191469135524],[-39.29737310330497,76.71744670205199],[-39.30031098224698,76.71623399384042],[-39.29396489244592,76.71600071386969],[-39.30866215434919,76.71476635955746],[-39.31702997094889,76.71361801454563],[-39.31883027319053,76.71255082058289],[-39.33086499097795,76.71086112680763],[-39.34106788526877,76.71003422446105],[-39.35264910227946,76.70848126353289],[-39.354614970031136,76.70784337117415],[-39.342936516855154,76.70837487692118],[-39.33506762975463,76.70823551665788],[-39.3395139896151,76.70649160779932],[-39.34784643710631,76.7056737971337],[-39.3707706539554,76.70275880026522],[-39.36867670847355,76.70210237679474],[-39.37248675761288,76.70124053067596],[-39.38258572453404,76.70045002544896],[-39.393440785396415,76.69886126955383],[-39.386610218234466,76.6987363309685],[-39.373028444251354,76.6991658009345],[-39.372377135605824,76.69878369042121],[-39.381009429480976,76.69763839391926],[-39.38649399247775,76.69697223024559],[-39.407929435162075,76.69550931315153],[-39.42181754320997,76.69399757681529],[-39.4394272833403,76.69255764466871],[-39.4447545385694,76.69174260197732],[-39.46138460503776,76.69115164817113],[-39.490750061473086,76.6891279430441],[-39.50799151771477,76.68652441047595],[-39.52002847187817,76.68589811457612],[-39.525747399801695,76.6845310809751],[-39.51129562286797,76.68449765065557],[-39.49634435862189,76.68532980230995],[-39.49516756228431,76.68437643300814],[-39.46928196694814,76.68510005750794],[-39.4619101693352,76.68325287278753],[-39.45591982335362,76.681672864331],[-39.443041800504645,76.68037546258378],[-39.46049257198882,76.67708962754446],[-39.45112470532282,76.67584800925225],[-39.43714729809631,76.67580932312676],[-39.43669917070607,76.67325238748985],[-39.42209256842063,76.6724587587294],[-39.410919700388085,76.6703383520727],[-39.41093695605973,76.66751198904647],[-39.4264042284023,76.66525829579788],[-39.41492689404684,76.66345896071557],[-39.40394747717309,76.66016675891005],[-39.410357710517154,76.65979454712908],[-39.431310850277356,76.66139785828605],[-39.418466085668996,76.65904437677224],[-39.4115216014583,76.65451840900232],[-39.422096154349695,76.65389241579128],[-39.4241387686623,76.65168046581778],[-39.4218394168963,76.64729323705257],[-39.40425740457859,76.6436844774847],[-39.40121854323292,76.6410250322261],[-39.36902563185435,76.64118551970431],[-39.366044824933795,76.64207856716861],[-39.34688859558626,76.64126291216985],[-39.34034913052101,76.6407301266446],[-39.3017322501743,76.63578607306431],[-39.286219982701645,76.63562295984808],[-39.27188741635396,76.63549205665082],[-39.26739982022383,76.63919537722342],[-39.2564130527847,76.63819976588006],[-39.25493335378566,76.64022713292492],[-39.23910227438098,76.64016354603669],[-39.23079009375977,76.64138908163106],[-39.21853099103592,76.64056694527835],[-39.21857029096853,76.64244492261882],[-39.207604183905275,76.64440856529247],[-39.193825509282824,76.64250972026237],[-39.186758904798786,76.64466220354097],[-39.17573347318493,76.6442394778322],[-39.17725720240966,76.64729186517799],[-39.19757258522943,76.6525561686714],[-39.202893330489836,76.65642076027913],[-39.18840119353815,76.65604874910285],[-39.193298300037526,76.6617601792952],[-39.20136151573531,76.66322232368948],[-39.204378654944094,76.66729590600147],[-39.197550927454685,76.67109008096924],[-39.20138132752029,76.67630170039065],[-39.18857672246435,76.67628134170957],[-39.17971373723865,76.68327419817844],[-39.1795468885727,76.68771079336399],[-39.17270144877583,76.68969992548848],[-39.17968815491169,76.69297308373656],[-39.179597608155596,76.69613247650234],[-39.15640198349866,76.69953064144052],[-39.16450849605178,76.7001226359212],[-39.166305791292004,76.70058118142774],[-39.130876851039346,76.70425418600905],[-39.11994524676252,76.70443178365738],[-39.0964811349334,76.70643917467835],[-39.07355749777715,76.70855906556521],[-39.06747153490132,76.70912835176682],[-39.04631355913663,76.71000957508568],[-39.03576994764129,76.71023361184352],[-39.03984262230827,76.70954835492319],[-39.02473434437624,76.71010531811383],[-39.01970461897636,76.71057024496095],[-38.99395021039802,76.71161430997216],[-38.97638273964924,76.71206533114669],[-38.9648260414397,76.7110340214757],[-38.94475103892621,76.71132885052795],[-38.9203579886286,76.71241871115315],[-38.90922746499242,76.71234206854704],[-38.90460771564336,76.71300042374514],[-38.91884541786417,76.71365201685663],[-38.91816049337087,76.71392011236779],[-38.92938720514549,76.71395113308175],[-38.95394663153836,76.71422125813116],[-38.947543652540425,76.71471430071931],[-38.951575054747984,76.71541023369215],[-38.944207503552775,76.71610334061269],[-38.94833756776293,76.71630473074921],[-38.96229791891262,76.71604841172667],[-38.97050531373356,76.71653352929813],[-38.945190768344496,76.7172069756863],[-38.94398296574714,76.71786052581513],[-38.95345701474795,76.71821180107413],[-38.955905446572444,76.71934054735328],[-38.93013663359087,76.72083357896682],[-38.91967423102044,76.72573428480601],[-38.92118596380976,76.72586206183583],[-38.93881551633764,76.72537525114465],[-38.95739906231203,76.72414799436895],[-38.97286998214625,76.72271726309407],[-38.981536559126184,76.72251877884862],[-38.986474927243336,76.72259747853997],[-38.99487648793354,76.72182571357169],[-39.006860523093096,76.72178123412316],[-39.006546287441886,76.72208187830302],[-39.028082500248715,76.72183456032403],[-39.025080734666574,76.72407911564267],[-39.01236886021755,76.7276045055698],[-39.00260748932064,76.72940562138662],[-39.002695769558315,76.73108283710526],[-38.986425593429466,76.7354737272824],[-38.97333907096675,76.73895696239099],[-38.93652497463193,76.74385042596863],[-38.92807674137484,76.74596348231847],[-38.92973743196031,76.74819481560864],[-38.91423027281133,76.75054932190714],[-38.852688576587454,76.75710795889334],[-38.81694417731359,76.76092794463561],[-38.81617529994383,76.76349356969735],[-38.82557834867747,76.76352457231918],[-38.80228382709115,76.76817323213855],[-38.807757608411585,76.76895850602727],[-38.7972195312442,76.77128842564223],[-38.79492447865074,76.77245937426758],[-38.82657094301983,76.77162252470993],[-38.82317481408746,76.77300716522579],[-38.836443419550804,76.77221121611447],[-38.8371574191788,76.7735663633248],[-38.824398638067414,76.77703127412823],[-38.82659808190633,76.77930890206522],[-38.848092469096386,76.77827581386103],[-38.85150322445739,76.77790008759085],[-38.89033585397271,76.77480171162848],[-38.92973304652876,76.77081436147019],[-38.941002348903375,76.7692014559293],[-38.95575779743622,76.7659203180567],[-38.97156782918469,76.76325608774572],[-38.98409328205968,76.76272686223761],[-38.99763112112085,76.76081456364892],[-39.00735881643306,76.75607563107886],[-39.020939462344906,76.75370446633379],[-39.02064131374527,76.75536305142236],[-39.0463542739993,76.75437640533104],[-39.05706061400535,76.75248419347437],[-39.074007528918926,76.75067306908798],[-39.09555967922356,76.7500627654545],[-39.10955318622928,76.74801816646124],[-39.123225735289594,76.7442798549796],[-39.13804547372419,76.74410149420763],[-39.149617569221896,76.74539781104689],[-39.14036804274945,76.74728331585807],[-39.139931556859246,76.74901485973027],[-39.12978801239863,76.75224354503435],[-39.1366456315407,76.75310920558361],[-39.17927832889151,76.75324974596018],[-39.20053132167844,76.75245666442336],[-39.20815252249991,76.75004537573267],[-39.202022148867925,76.74847693367316],[-39.226807768661864,76.74257597991057],[-39.23301863607591,76.74047003826792],[-39.258679686764076,76.73702425357389],[-39.259772992448696,76.73685208541329]]]}},{"type":"Feature","properties":{"prefecture":"岐阜県"},"geometry":{"type":"Polygon","coordinates":[[[-39.8913683552031,76.63284253127408],[-39.88545945760564,76.63907886464246],[-39.879536045650305,76.64051791857068],[-39.87770840306281,76.64350693099438],[-39.87716581147524,76.64480064457234],[-39.86125255386589,76.64871468986767],[-39.84742214996796,76.65144681833553],[-39.83020525935175,76.6557852752814],[-39.818161928040276,76.65783816268917],[-39.80933905531493,76.65791379728077],[-39.791488261811566,76.65791281970746],[-39.761954570245585,76.66011344934076],[-39.74830549552238,76.66057414805535],[-39.727589656934676,76.66212209567226],[-39.726878285743254,76.6627652669937],[-39.71100146182325,76.66355290094405],[-39.71907251961928,76.66262889477883],[-39.70949273736784,76.66184497625498],[-39.68844064592347,76.66172747394224],[-39.69083405070926,76.66045793654892],[-39.67619382281767,76.65771322752182],[-39.66838678293175,76.6577054686115],[-39.64972046640966,76.65816544715564],[-39.626486537815154,76.6560250180632],[-39.61913299957756,76.65382030377828],[-39.5998496658734,76.65417690464734],[-39.57294385422984,76.6577482584714],[-39.55556271811082,76.65750766617782],[-39.534502843463784,76.65519924017227],[-39.53366084912355,76.6533494464066],[-39.511067377306546,76.6529011608054],[-39.50782616605208,76.65049972156888],[-39.492025280631275,76.6501163517013],[-39.48629763084973,76.64816641614203],[-39.46729971720791,76.64933603653876],[-39.44423151551811,76.65128869435144],[-39.4241387686623,76.65168046581778],[-39.422096154349695,76.65389241579128],[-39.4115216014583,76.65451840900232],[-39.418466085668996,76.65904437677224],[-39.431310850277356,76.66139785828605],[-39.410357710517154,76.65979454712908],[-39.40394747717309,76.66016675891005],[-39.41492689404684,76.66345896071557],[-39.4264042284023,76.66525829579788],[-39.41093695605973,76.66751198904647],[-39.410919700388085,76.6703383520727],[-39.42209256842063,76.6724587587294],[-39.43669917070607,76.67325238748985],[-39.43714729809631,76.67580932312676],[-39.45112470532282,76.67584800925225],[-39.46049257198882,76.67708962754446],[-39.443041800504645,76.68037546258378],[-39.45591982335362,76.681672864331],[-39.4619101693352,76.68325287278753],[-39.46928196694814,76.68510005750794],[-39.49516756228431,76.68437643300814],[-39.49634435862189,76.68532980230995],[-39.51129562286797,76.68449765065557],[-39.525747399801695,76.6845310809751],[-39.52002847187817,76.68589811457612],[-39.50799151771477,76.68652441047595],[-39.490750061473086,76.6891279430441],[-39.46138460503776,76.69115164817113],[-39.4447545385694,76.69174260197732],[-39.4394272833403,76.69255764466871],[-39.42181754320997,76.69399757681529],[-39.407929435162075,76.69550931315153],[-39.38649399247775,76.69697223024559],[-39.381009429480976,76.69763839391926],[-39.372377135605824,76.69878369042121],[-39.373028444251354,76.6991658009345],[-39.386610218234466,76.6987363309685],[-39.393440785396415,76.69886126955383],[-39.38258572453404,76.70045002544896],[-39.37248675761288,76.70124053067596],[-39.36867670847355,76.70210237679474],[-39.3707706539554,76.70275880026522],[-39.34784643710631,76.7056737971337],[-39.3395139896151,76.70649160779932],[-39.33506762975463,76.70823551665788],[-39.342936516855154,76.70837487692118],[-39.354614970031136,76.70784337117415],[-39.35264910227946,76.70848126353289],[-39.3712078654611,76.7073496598818],[-39.379732063879615,76.70786284038148],[-39.396038790052124,76.70713750808174],[-39.402983394568416,76.70621759267567],[-39.42592164579627,76.70600771245722],[-39.432025910734964,76.70777945057357],[-39.44943901205475,76.70705911469688],[-39.452013319494505,76.70607768985009],[-39.473618076989126,76.70479387797292],[-39.47313678047793,76.70743241594586],[-39.49511555594355,76.70725884695119],[-39.508882221531955,76.7058747149426],[-39.53688912063504,76.70402962396703],[-39.56793975761328,76.70407280887537],[-39.60382243687396,76.6999138178564],[-39.61715729483503,76.69756252052146],[-39.64049948034382,76.69633697156078],[-39.64487223688872,76.69456317596234],[-39.66344461600298,76.69362522724404],[-39.67459260149678,76.6927775451711],[-39.69060716919854,76.69227653615026],[-39.700723949164356,76.69233140983067],[-39.693446095712666,76.69364593625676],[-39.70371770415568,76.69446652161773],[-39.734190748737866,76.69502257678757],[-39.74485259745859,76.69453862345823],[-39.78030798986657,76.69458459341921],[-39.77567020460314,76.6942375979139],[-39.783858577435296,76.69349502699252],[-39.80657806460907,76.69367088705555],[-39.788321674608525,76.69250534721486],[-39.764687242829055,76.69174569814159],[-39.76770857544304,76.69133523219111],[-39.79041315853706,76.69012221244343],[-39.80840214323439,76.68989961545323],[-39.79847826099342,76.6892016374785],[-39.805063491159046,76.68836654148744],[-39.8097760241936,76.68792292435833],[-39.80349013738337,76.6873166738099],[-39.81772198102409,76.68696433166788],[-39.819774793959866,76.68535752466282],[-39.808410052678084,76.68509098629961],[-39.80642668537095,76.68391918166688],[-39.78898364410245,76.68364341841882],[-39.791623915178235,76.68291539477926],[-39.77768479853677,76.68239396183029],[-39.77041960122823,76.6804308718254],[-39.785008504386184,76.67970263524565],[-39.79247185314282,76.67767263634413],[-39.807979732997254,76.67794670075806],[-39.82148411316489,76.67777746330573],[-39.82839873460991,76.6769645307464],[-39.84813386631575,76.67643762786302],[-39.85369154223097,76.67703925164885],[-39.872142078609805,76.67633456438897],[-39.877406444950786,76.6767984012349],[-39.8907283099646,76.67553141370803],[-39.91407353351223,76.67586739257197],[-39.921133637930645,76.6742239892083],[-39.9520561345903,76.67504381282116],[-39.98610706504482,76.6753872587907],[-40.025144243405684,76.67698624113564],[-40.044770966329814,76.67675344479782],[-40.07526764471531,76.67666860715038],[-40.08069125359563,76.67465789470685],[-40.067720312917245,76.67241832525868],[-40.09707316491094,76.66867896970588],[-40.10542790004449,76.66658866556985],[-40.09409195367786,76.66372044409],[-40.0616186907516,76.66346172579267],[-40.06245763168872,76.6618843295043],[-40.04498769207744,76.66152338668536],[-40.024283392623516,76.6622275957029],[-40.006243113299035,76.66143537751962],[-40.01577985690046,76.6609152360353],[-40.00654007763504,76.66010708081447],[-39.991215300309484,76.65922420170368],[-39.9989859394756,76.65788270492189],[-39.97972067112376,76.65603571485796],[-39.99895080496451,76.65460244787013],[-39.99282637514685,76.65285248081567],[-40.00835073458699,76.64790225353119],[-40.01713301818517,76.64629494211754],[-40.0217444518861,76.6419652800932],[-40.0295220770963,76.64078242032234],[-40.00532697207975,76.63843058662574],[-39.98889194785494,76.63864888275315],[-39.97275301622304,76.64152043727135],[-39.95258495091587,76.64171291792728],[-39.94145296845182,76.6444521079474],[-39.93826553104283,76.64372753364053],[-39.931086498749494,76.63903677286292],[-39.919663212344624,76.63676971468541],[-39.914012634148754,76.63355799423348],[-39.90129830473176,76.63387646112608],[-39.8913683552031,76.63284253127408]]]}},{"type":"Feature","properties":{"prefecture":"静岡県"},"geometry":{"type":"Polygon","coordinates":[[[-39.17270144877583,76.68969992548848],[-39.1795468885727,76.68771079336399],[-39.17971373723865,76.68327419817844],[-39.18857672246435,76.67628134170957],[-39.20138132752029,76.67630170039065],[-39.197550927454685,76.67109008096924],[-39.204378654944094,76.66729590600147],[-39.20136151573531,76.66322232368948],[-39.193298300037526,76.6617601792952],[-39.18840119353815,76.65604874910285],[-39.202893330489836,76.65642076027913],[-39.19757258522943,76.6525561686714],[-39.17725720240966,76.64729186517799],[-39.17573347318493,76.6442394778322],[-39.186758904798786,76.64466220354097],[-39.193825509282824,76.64250972026237],[-39.207604183905275,76.64440856529247],[-39.21857029096853,76.64244492261882],[-39.21853099103592,76.64056694527835],[-39.23079009375977,76.64138908163106],[-39.23910227438098,76.64016354603669],[-39.25493335378566,76.64022713292492],[-39.2564130527847,76.63819976588006],[-39.26739982022383,76.63919537722342],[-39.27188741635396,76.63549205665082],[-39.286219982701645,76.63562295984808],[-39.29321411009726,76.63198934834207],[-39.28522418166168,76.62859627989143],[-39.293603771944355,76.62658155389549],[-39.28983309648853,76.62395097153497],[-39.29915936023409,76.62349140289797],[-39.29832364705563,76.62072013488591],[-39.31206380149669,76.6184437736547],[-39.32511269671972,76.61322439387673],[-39.32409423394133,76.60736841119704],[-39.33665980509811,76.604304802728],[-39.34376947657547,76.604187121281],[-39.35290142063157,76.59811897320267],[-39.37336018034412,76.59559474293745],[-39.37930202020275,76.59329746222264],[-39.38952046156774,76.59327131284172],[-39.4105140220329,76.59184553594683],[-39.42405641593144,76.59031120930223],[-39.43089926986602,76.5888610757588],[-39.42914224413431,76.58692421120767],[-39.43817464521926,76.58583843672288],[-39.44081202800644,76.58409240549682],[-39.43385469581195,76.58115575875644],[-39.4383423006481,76.57927311667402],[-39.393935435692605,76.58020333464312],[-39.380669356597565,76.58019583174828],[-39.34108797649032,76.57993213353755],[-39.279896076449496,76.5784210839074],[-39.22293385632646,76.57954803224924],[-39.19326562970994,76.57921400856962],[-39.13646444795338,76.57716160555007],[-39.0749683940361,76.5740919985075],[-39.06752120481672,76.57515695091038],[-39.075550770270745,76.57666564647676],[-39.07503704551832,76.57787356008683],[-39.06188830651096,76.58158898243522],[-39.05079718318372,76.58276206391847],[-39.025820523917865,76.58435429021486],[-39.005960586702265,76.58871640432062],[-39.013722882209656,76.59206040549627],[-39.00501799758622,76.59437843364402],[-39.00153236631185,76.59561229036831],[-38.975228894789716,76.59676677931967],[-38.94273192881089,76.59718536940329],[-38.92620665515433,76.59772835942181],[-38.91564363754414,76.59988959994463],[-38.932691259162084,76.60045702960076],[-38.93591142591557,76.60189009196809],[-38.924491770731414,76.60237966413591],[-38.91154745730806,76.6061213760683],[-38.90165696484582,76.60645324347041],[-38.8685267963839,76.60539677335238],[-38.83143857396945,76.60521047546288],[-38.80628010983843,76.60364400243108],[-38.77293086405597,76.60086978560244],[-38.749002993198395,76.59817632352018],[-38.72945377153981,76.59560120484086],[-38.714149210768745,76.5927007343067],[-38.73890334602288,76.59281436693246],[-38.77449477980403,76.59497179940331],[-38.780674304806574,76.5919158692384],[-38.769830409401074,76.58954734460866],[-38.75980804031582,76.58737025328426],[-38.77643502116019,76.58660898010511],[-38.768959460247224,76.58495130536885],[-38.76542772529156,76.58427231535028],[-38.77584516587228,76.58304847686261],[-38.75973321138067,76.57976074804635],[-38.77702745562774,76.57801329973344],[-38.77695502677453,76.57680098044558],[-38.755660627870085,76.57532071297226],[-38.75549645774561,76.57360315283461],[-38.73697195227787,76.57280560457028],[-38.71650484178772,76.57130355959586],[-38.70458903737225,76.57211081144821],[-38.682285324975126,76.57239250068774],[-38.6751069308973,76.57342631273883],[-38.653766082985236,76.57433445357596],[-38.63414119340006,76.57599771308753],[-38.628473893606305,76.57740015351212],[-38.61661363517091,76.57780390425837],[-38.5983458538948,76.5784570281576],[-38.587348568660445,76.57985706270702],[-38.58684343159765,76.58097225719932],[-38.55802330686879,76.58149818222114],[-38.55139870328016,76.58328440683786],[-38.566427650177864,76.58468237201414],[-38.580902366244494,76.58508878966133],[-38.59830387087881,76.58667859836642],[-38.59197401321262,76.58747684452582],[-38.60953593579699,76.58869898370428],[-38.61560130756781,76.59077324013666],[-38.6016405428787,76.59135987456075],[-38.654088466441415,76.59529735461362],[-38.66186886830057,76.59714133420184],[-38.67072924348549,76.59823761301324],[-38.67931012919384,76.59937417986575],[-38.68935488349892,76.60090579725384],[-38.703510334207806,76.60453419631881],[-38.71045132594102,76.60737925465847],[-38.706679025143536,76.60883179777433],[-38.70239076829479,76.60885293891644],[-38.7062307996606,76.61325808889009],[-38.71158934442816,76.61475257313921],[-38.72603695183163,76.62394662171614],[-38.75930637288096,76.62522347443435],[-38.77616706703733,76.62345214979054],[-38.781739135368205,76.62452940597439],[-38.79926027224201,76.62332569695288],[-38.810443732765414,76.62392267700025],[-38.84481607957833,76.62364844779235],[-38.84512926788345,76.6236781447456],[-38.872014658450304,76.62411450659424],[-38.88160113418438,76.62809575144942],[-38.901426355172994,76.62951908155257],[-38.91870849395502,76.62963404323577],[-38.93248433167065,76.63584464077019],[-38.944794806754985,76.63914960892706],[-38.969776308089,76.63399062522826],[-38.9663306112975,76.63011372139141],[-38.95377145122491,76.62508090158705],[-38.96459865059023,76.62433800289621],[-38.9544509124753,76.62164947016167],[-38.955649151733596,76.62022705597435],[-38.94029323078062,76.61656845085334],[-38.942825083803804,76.61483484172996],[-38.95605450521115,76.61306830546867],[-38.973857004399854,76.61479933102838],[-38.990245473328805,76.61570629565944],[-39.01037675608859,76.61842824553707],[-39.0244753219025,76.62304822773062],[-39.039221195286345,76.62590253758903],[-39.04203143923022,76.62830856370469],[-39.06829247653347,76.63218323421019],[-39.086901327009066,76.63284705224955],[-39.09011758629885,76.63213773935118],[-39.10699482465734,76.63432186382394],[-39.12146043416215,76.63916032586211],[-39.13299049354416,76.64079605374135],[-39.12977473708532,76.64396808506898],[-39.134932602744534,76.64730505832911],[-39.1474175625675,76.65165384621766],[-39.14494476740398,76.65499368752447],[-39.153515151405344,76.67055876024621],[-39.16181254296726,76.67317212987537],[-39.169836044968285,76.68684950572023],[-39.16865104901191,76.68997961935428],[-39.17270144877583,76.68969992548848]]]}},{"type":"Feature","properties":{"prefecture":"愛知県"},"geometry":{"type":"Polygon","coordinates":[[[-39.4383423006481,76.57927311667402],[-39.43385469581195,76.58115575875644],[-39.44081202800644,76.58409240549682],[-39.43817464521926,76.58583843672288],[-39.42914224413431,76.58692421120767],[-39.43089926986602,76.5888610757588],[-39.42405641593144,76.59031120930223],[-39.4105140220329,76.59184553594683],[-39.38952046156774,76.59327131284172],[-39.37930202020275,76.59329746222264],[-39.37336018034412,76.59559474293745],[-39.35290142063157,76.59811897320267],[-39.34376947657547,76.604187121281],[-39.33665980509811,76.604304802728],[-39.32409423394133,76.60736841119704],[-39.32511269671972,76.61322439387673],[-39.31206380149669,76.6184437736547],[-39.29832364705563,76.62072013488591],[-39.29915936023409,76.62349140289797],[-39.28983309648853,76.62395097153497],[-39.293603771944355,76.62658155389549],[-39.28522418166168,76.62859627989143],[-39.29321411009726,76.63198934834207],[-39.286219982701645,76.63562295984808],[-39.3017322501743,76.63578607306431],[-39.34034913052101,76.6407301266446],[-39.34688859558626,76.64126291216985],[-39.366044824933795,76.64207856716861],[-39.36902563185435,76.64118551970431],[-39.40121854323292,76.6410250322261],[-39.40425740457859,76.6436844774847],[-39.4218394168963,76.64729323705257],[-39.4241387686623,76.65168046581778],[-39.44423151551811,76.65128869435144],[-39.46729971720791,76.64933603653876],[-39.48629763084973,76.64816641614203],[-39.492025280631275,76.6501163517013],[-39.50782616605208,76.65049972156888],[-39.511067377306546,76.6529011608054],[-39.53366084912355,76.6533494464066],[-39.534502843463784,76.65519924017227],[-39.55556271811082,76.65750766617782],[-39.57294385422984,76.6577482584714],[-39.5998496658734,76.65417690464734],[-39.61913299957756,76.65382030377828],[-39.626486537815154,76.6560250180632],[-39.64972046640966,76.65816544715564],[-39.66838678293175,76.6577054686115],[-39.67619382281767,76.65771322752182],[-39.69083405070926,76.66045793654892],[-39.68844064592347,76.66172747394224],[-39.70949273736784,76.66184497625498],[-39.71907251961928,76.66262889477883],[-39.71100146182325,76.66355290094405],[-39.726878285743254,76.6627652669937],[-39.727589656934676,76.66212209567226],[-39.74830549552238,76.66057414805535],[-39.761954570245585,76.66011344934076],[-39.791488261811566,76.65791281970746],[-39.80933905531493,76.65791379728077],[-39.818161928040276,76.65783816268917],[-39.83020525935175,76.6557852752814],[-39.84742214996796,76.65144681833553],[-39.86125255386589,76.64871468986767],[-39.87716581147524,76.64480064457234],[-39.87770840306281,76.64350693099438],[-39.879536045650305,76.64051791857068],[-39.88545945760564,76.63907886464246],[-39.8913683552031,76.63284253127408],[-39.88076765515611,76.63141743440816],[-39.87654674105473,76.62998906000485],[-39.8629753447847,76.62744361389367],[-39.86279064026994,76.62397789059881],[-39.85576483125881,76.62013359591322],[-39.84465148527474,76.61928529104692],[-39.83764311274449,76.62412179835488],[-39.82556483237632,76.6240812687335],[-39.82721152395954,76.62810054760875],[-39.81533004670026,76.62867057800713],[-39.8115992858617,76.62503944667948],[-39.79517524364412,76.62663432548058],[-39.81354585914127,76.61940542481224],[-39.80376961632375,76.61845615252298],[-39.81701054591346,76.6172366690638],[-39.83012960226678,76.61319829544247],[-39.826361997932445,76.60989027458923],[-39.822422834552405,76.60376691130782],[-39.80080523701276,76.60061407338166],[-39.792069743092924,76.59794321820554],[-39.79008579195189,76.5958342890683],[-39.79011241692684,76.59212774245299],[-39.7825282717484,76.59068089905284],[-39.759042723853014,76.58733694058279],[-39.72861765179931,76.58431269129598],[-39.712476008110556,76.58346602048341],[-39.722080799684115,76.58624551445959],[-39.7358535538587,76.58786508337958],[-39.7540476587576,76.59044765262637],[-39.758392454506,76.59398505022696],[-39.75453335306197,76.59893782448607],[-39.74048748036612,76.60355129657522],[-39.737925004763675,76.60782099424294],[-39.73307391344856,76.61112951193077],[-39.73573820385307,76.60432773375202],[-39.73893546789814,76.5996266814207],[-39.74510078197706,76.59772175319593],[-39.73196021883865,76.59351779626881],[-39.716438777487085,76.59253550535772],[-39.69543950069988,76.58817229022121],[-39.667234866380156,76.58807504366898],[-39.659351869646244,76.58687250414958],[-39.613485417315395,76.58697787964664],[-39.58286689392079,76.589858178408],[-39.56441621474081,76.58830159216032],[-39.53804363180521,76.58858129929759],[-39.53245264873127,76.58586781748987],[-39.52389074696427,76.5847108316786],[-39.52462794307762,76.58189736376855],[-39.53127922605524,76.58133076670202],[-39.5324284215935,76.57868750302886],[-39.53551984117848,76.58154834122297],[-39.54448358070091,76.58173668506335],[-39.57319827921477,76.5798307564099],[-39.574614949016826,76.57868477625264],[-39.58713649722329,76.57870344971177],[-39.60610482466028,76.57769336649906],[-39.62008167940629,76.57774831877376],[-39.631769947046884,76.57675343336402],[-39.64098848777016,76.57714484879592],[-39.65299280903027,76.578921922103],[-39.663775029461874,76.5786393293108],[-39.67531648114449,76.57531045200997],[-39.670007120953095,76.57359094834115],[-39.64256569958259,76.57401597302378],[-39.6179709599005,76.57368587620685],[-39.59946800054094,76.57433811638718],[-39.51434728365703,76.57691132542585],[-39.4383423006481,76.57927311667402]]]}},{"type":"Feature","properties":{"prefecture":"三重県"},"geometry":{"type":"Polygon","coordinates":[[[-39.85576483125881,76.62013359591322],[-39.86279064026994,76.62397789059881],[-39.8629753447847,76.62744361389367],[-39.87654674105473,76.62998906000485],[-39.88076765515611,76.63141743440816],[-39.8913683552031,76.63284253127408],[-39.90129830473176,76.63387646112608],[-39.914012634148754,76.63355799423348],[-39.919663212344624,76.63676971468541],[-39.931086498749494,76.63903677286292],[-39.93826553104283,76.64372753364053],[-39.94145296845182,76.6444521079474],[-39.95258495091587,76.64171291792728],[-39.97275301622304,76.64152043727135],[-39.98889194785494,76.63864888275315],[-40.00532697207975,76.63843058662574],[-40.01163283889482,76.63454227230879],[-39.98505490895323,76.6318891671418],[-39.99833382650553,76.62776289755719],[-39.991975754276666,76.62713471128662],[-39.99858117839351,76.62274349132788],[-40.000737274527594,76.62066666604052],[-40.015172690857035,76.61851504342964],[-40.01822725192675,76.61590953970338],[-40.01867695385801,76.61467713581644],[-40.02339874132719,76.61358562102853],[-40.037165946129846,76.6114048611404],[-40.05097080860512,76.6105902908337],[-40.057234602821545,76.6089011485477],[-40.11041260698525,76.60688807253092],[-40.13237940006619,76.60624030828428],[-40.16677923941802,76.60632208812972],[-40.178027178427214,76.60667019086814],[-40.21110230268472,76.6066630051951],[-40.231632074968985,76.60720811505686],[-40.240402905149956,76.60685981052036],[-40.21712154642245,76.60644304416024],[-40.24560671063515,76.60456023080195],[-40.27497627005608,76.60462184178333],[-40.26829120017218,76.60278633700108],[-40.25306089777378,76.60160468732288],[-40.24304095600787,76.60007082550678],[-40.2518287518188,76.59949813908827],[-40.23998343949161,76.59894993931282],[-40.23253370115161,76.5973086405627],[-40.24359879286599,76.59570645082474],[-40.242125876358024,76.59296342235278],[-40.2500091715874,76.59158065890308],[-40.24563536536901,76.58953705571903],[-40.22056563374793,76.5862052521975],[-40.20408400956801,76.58494363207842],[-40.18269053079418,76.58397798994822],[-40.16573488179503,76.58180022036312],[-40.15657301592808,76.57817556083556],[-40.130765320606294,76.57772949923711],[-40.122521396185974,76.57588852458282],[-40.12228651916112,76.56817749271225],[-40.15221334476921,76.56901843827428],[-40.1999803653166,76.56690510486597],[-40.22628816746969,76.55781666250599],[-40.20883694057174,76.55317161382564],[-40.199517402761295,76.54863467224142],[-40.17671660085519,76.54535102757072],[-40.20485114854826,76.54331914227811],[-40.1729345211174,76.53670347774064],[-40.187364482073775,76.53442442609435],[-40.183376617839635,76.53251863620775],[-40.19827762330493,76.53113433492821],[-40.185834848453624,76.52855683697824],[-40.19364811268109,76.5263279108836],[-40.1943245824499,76.52445692318247],[-40.20605219014284,76.52162403296333],[-40.20634127815646,76.51981645651225],[-40.232026451797985,76.51934596947898],[-40.25145684935173,76.51876746930759],[-40.265076279138334,76.51733799662442],[-40.26975748994102,76.51672862506717],[-40.26186678545987,76.51590535301003],[-40.27831014875513,76.51527226214323],[-40.28950861215305,76.51321707001665],[-40.31140498824825,76.51335723965288],[-40.32374086453653,76.51193236234373],[-40.340023537562836,76.51112797465763],[-40.32976103409078,76.50993990340729],[-40.34614555494738,76.50810858982267],[-40.35495609835927,76.50858148794664],[-40.36044847087688,76.50514423145246],[-40.34265229260629,76.5047431911213],[-40.33912571296931,76.50376968479411],[-40.322188886181436,76.50230718030805],[-40.31028450866552,76.50207709991074],[-40.29779908695772,76.50311801705698],[-40.28287452801828,76.50301855839014],[-40.267177382373,76.50592594866434],[-40.241916144231,76.51006346742686],[-40.21490254194445,76.51326086921192],[-40.19837647466323,76.51365036092538],[-40.1771963649655,76.51549246575888],[-40.16038522007034,76.51641922728172],[-40.1389488024002,76.51830791852045],[-40.132958517505024,76.51952989785188],[-40.114936962069706,76.52021245382701],[-40.11160035412183,76.52203867215803],[-40.10467213285389,76.52309704953356],[-40.123614179823925,76.52328083156306],[-40.12330490957152,76.52576715177457],[-40.11322452200358,76.52617720706253],[-40.10307654537482,76.52623340014493],[-40.08574035233355,76.52760979421161],[-40.09626604194095,76.5294610036629],[-40.07819505827358,76.5323578595793],[-40.05766888359194,76.53371983406868],[-40.04794796639461,76.53501420623475],[-40.03736919970141,76.53452856795403],[-40.003666707684445,76.53688940123907],[-39.981166060302066,76.53836427783577],[-39.96179160630222,76.53879248083277],[-39.9570309097337,76.54163233168637],[-39.91762278054575,76.54473690005939],[-39.91121288137718,76.54207982945366],[-39.869305687755656,76.54567191210428],[-39.86915884807417,76.54651208590306],[-39.85022752325797,76.55127541319423],[-39.834474589004536,76.54797710619081],[-39.79930768901335,76.54836696594855],[-39.77697649372312,76.55017343367794],[-39.77983249331361,76.54779763070302],[-39.8114944563204,76.547108591404],[-39.81362436162391,76.54584060000758],[-39.78711191377911,76.54614851313472],[-39.77611663099429,76.54664124885987],[-39.75931535448116,76.54864685903938],[-39.749691773226424,76.55063333222463],[-39.74749682580481,76.55433074457369],[-39.73751784627199,76.55538220215637],[-39.75020661782598,76.55763935257092],[-39.73141168095934,76.55881706655771],[-39.72352954161772,76.56100592756613],[-39.72661902084317,76.56363842253504],[-39.748137669773264,76.56378500754036],[-39.74863047983945,76.56615842715482],[-39.77305838809024,76.56658008245111],[-39.7770723408725,76.56897089922258],[-39.80076164513744,76.56974148023998],[-39.83092779607495,76.57348981400412],[-39.84442872204677,76.57394559250768],[-39.866552594654635,76.57639008302128],[-39.87593392427186,76.57907906870675],[-39.90407405098794,76.58076366150529],[-39.942254844699555,76.58354225075979],[-39.93925879997838,76.5850991370596],[-39.94067407125811,76.58955022255681],[-39.95947742673601,76.59309984365778],[-39.953305060577215,76.59981513306258],[-39.93879904236038,76.60261592082709],[-39.91365388763742,76.60687364757835],[-39.91015705660185,76.60851863644193],[-39.908957374430265,76.61677582851533],[-39.89909207569004,76.61814897353148],[-39.8872996327655,76.61987654238386],[-39.8650361957367,76.62185996551639],[-39.85576483125881,76.62013359591322]]]}},{"type":"Feature","properties":{"prefecture":"滋賀県"},"geometry":{"type":"Polygon","coordinates":[[[-40.27497627005608,76.60462184178333],[-40.24560671063515,76.60456023080195],[-40.21712154642245,76.60644304416024],[-40.240402905149956,76.60685981052036],[-40.231632074968985,76.60720811505686],[-40.21110230268472,76.6066630051951],[-40.178027178427214,76.60667019086814],[-40.16677923941802,76.60632208812972],[-40.13237940006619,76.60624030828428],[-40.11041260698525,76.60688807253092],[-40.057234602821545,76.6089011485477],[-40.05097080860512,76.6105902908337],[-40.037165946129846,76.6114048611404],[-40.02339874132719,76.61358562102853],[-40.01867695385801,76.61467713581644],[-40.01822725192675,76.61590953970338],[-40.015172690857035,76.61851504342964],[-40.000737274527594,76.62066666604052],[-39.99858117839351,76.62274349132788],[-39.991975754276666,76.62713471128662],[-39.99833382650553,76.62776289755719],[-39.98505490895323,76.6318891671418],[-40.01163283889482,76.63454227230879],[-40.00532697207975,76.63843058662574],[-40.0295220770963,76.64078242032234],[-40.0217444518861,76.6419652800932],[-40.01713301818517,76.64629494211754],[-40.00835073458699,76.64790225353119],[-39.99282637514685,76.65285248081567],[-39.99895080496451,76.65460244787013],[-39.97972067112376,76.65603571485796],[-39.9989859394756,76.65788270492189],[-39.991215300309484,76.65922420170368],[-40.00654007763504,76.66010708081447],[-40.01577985690046,76.6609152360353],[-40.006243113299035,76.66143537751962],[-40.024283392623516,76.6622275957029],[-40.04498769207744,76.66152338668536],[-40.06245763168872,76.6618843295043],[-40.0616186907516,76.66346172579267],[-40.09409195367786,76.66372044409],[-40.10542790004449,76.66658866556985],[-40.15856839730593,76.67031564155687],[-40.19782344581085,76.67222630283294],[-40.21331874299471,76.67425754511147],[-40.24887534561369,76.67416246890085],[-40.26397459525081,76.67123186009152],[-40.24907313127355,76.67026353576776],[-40.20996793228149,76.66420860401605],[-40.221029899162055,76.6637703789446],[-40.27918847102651,76.66456899582008],[-40.2811282183621,76.66338403374911],[-40.30559675673014,76.6643733163307],[-40.3174106545762,76.66448468683329],[-40.35617910872113,76.66592531131731],[-40.36745998730147,76.66569684931913],[-40.40138660986317,76.66734300176736],[-40.414370503818795,76.66841484367511],[-40.429154980313335,76.66747785514616],[-40.42606424265265,76.6655043309188],[-40.437277690531324,76.66406914910503],[-40.45151240969079,76.66399722531015],[-40.460027483439106,76.6655523352174],[-40.48238622877221,76.66631684850631],[-40.49062651697351,76.6647751045778],[-40.50132890387259,76.66190645240518],[-40.48340469505107,76.65754511696238],[-40.47282864545074,76.65636649237999],[-40.453739553751724,76.65030585133294],[-40.437718540413506,76.6509962116305],[-40.44554797174947,76.64817740755176],[-40.451513925047,76.64263192523406],[-40.43866389474296,76.6342231816754],[-40.43253796293254,76.63383089991319],[-40.4393538651943,76.62400136076542],[-40.449766428198785,76.62397064243255],[-40.4341705132276,76.62188740733717],[-40.44124974898815,76.62190681927157],[-40.41143284857461,76.61877089039271],[-40.402619635712,76.61749122151008],[-40.389878983454174,76.61620819610695],[-40.38560729619167,76.61414646195867],[-40.360049060014155,76.61174403510248],[-40.34054531934357,76.6112489859851],[-40.33364667947792,76.610410995614],[-40.32743132440542,76.60913537692049],[-40.310013142208575,76.60779197665615],[-40.289793617322545,76.60715240862535],[-40.273465641226764,76.60572141939508],[-40.27497627005608,76.60462184178333]]]}},{"type":"Feature","properties":{"prefecture":"京都府"},"geometry":{"type":"Polygon","coordinates":[[[-40.50132890387259,76.66190645240518],[-40.53440389902427,76.66217779355796],[-40.54724403030543,76.66082998905087],[-40.593153790185795,76.66380706612036],[-40.67785430022023,76.66451594353765],[-40.68277164027865,76.67053057058988],[-40.71419003241616,76.67478735337612],[-40.7262881631852,76.67559829332166],[-40.7354845067133,76.67741381757303],[-40.72248188250207,76.67959954112213],[-40.74242562879658,76.68228134543061],[-40.73506384806917,76.68383288390902],[-40.71682648977956,76.68409389628951],[-40.725463184550684,76.6841328550337],[-40.742539466693884,76.6854287419482],[-40.75829070884334,76.68485629329837],[-40.784212787532944,76.68400772327244],[-40.822308867787946,76.68253700858021],[-40.81177996033164,76.68053388366103],[-40.856462580945326,76.68049768976893],[-40.885390761133706,76.68103406688877],[-40.87524169725775,76.68266724663883],[-40.90111006501898,76.68091503416451],[-40.9111963795964,76.68067975800292],[-40.89317090607065,76.68274762977205],[-40.872937767250725,76.68428637125662],[-40.86583016599648,76.68560361209676],[-40.85174088145553,76.68663075457349],[-40.829657628909,76.68804324429284],[-40.84180613165395,76.68844420727952],[-40.84855605712087,76.6897043242586],[-40.871182274481995,76.69072983958908],[-40.89256758857256,76.69035933454258],[-40.921670711055505,76.6890669812314],[-40.95707127439575,76.68793308040858],[-40.95767403315837,76.68722226448989],[-40.99025068578389,76.68476292992352],[-41.013863950369654,76.68430632256121],[-41.02795603809508,76.68228705302381],[-41.04986504194354,76.68086514266854],[-41.078500509098646,76.6810960073307],[-41.07678748711236,76.67872013525216],[-41.08414359404791,76.6762672037626],[-41.07604887986977,76.67485614999381],[-41.058379219409765,76.67346305792934],[-41.05490140258635,76.6716420588591],[-41.038012535746795,76.67241078961878],[-41.021150186774456,76.67438856277361],[-40.998370276055994,76.67543127848482],[-41.002740065982124,76.67145167494648],[-41.001616751692765,76.66918299947716],[-41.00740753683766,76.66531922809891],[-41.03656351658531,76.66207159261337],[-41.05493021117547,76.66377975950955],[-41.060826734596134,76.66306188088289],[-41.06733491532245,76.66141516274652],[-41.073370642160285,76.65645289422514],[-41.06601137651278,76.65341119229795],[-41.03648187067782,76.65188324229929],[-41.03582472223461,76.65012808422784],[-41.01916951901954,76.64959563741351],[-41.011459600018206,76.64682167509643],[-40.99008745351332,76.65073675130796],[-40.96215202702272,76.6505948469573],[-40.96004700605336,76.64531385894068],[-40.94750916340612,76.64497548418632],[-40.94534439929752,76.64177366124244],[-40.93272325972104,76.63832804043541],[-40.91906610418922,76.63893137343665],[-40.91262167225201,76.64075102989183],[-40.865455938224144,76.64126579786357],[-40.86546843350639,76.63750824003041],[-40.83618724726235,76.63931600889643],[-40.82403258106309,76.63802539628549],[-40.79196677424997,76.63823651055232],[-40.78739262798307,76.63443654760009],[-40.782774011979356,76.63197248278034],[-40.80364607650264,76.63040751474988],[-40.810304966634156,76.62822530711728],[-40.80228615547995,76.62716435468485],[-40.80463694875593,76.62563752438713],[-40.75475100503541,76.62644566913204],[-40.710635030415574,76.62620320198539],[-40.709754196627266,76.62481155816532],[-40.66638222873831,76.62504004476001],[-40.615491935998335,76.62505620678878],[-40.60834000136015,76.6248956563766],[-40.62692960832899,76.62506607474043],[-40.58034796563838,76.62483980108846],[-40.580815681582166,76.62467363368951],[-40.565237645717374,76.62448071798357],[-40.55233285928868,76.62421476778466],[-40.52933270192177,76.62335341087064],[-40.51381001638709,76.62251155139515],[-40.51463436675977,76.62249926584732],[-40.49863809707443,76.62127914965356],[-40.471545018131096,76.61893682229369],[-40.46643523950103,76.618402606525],[-40.45962510316425,76.6177445066491],[-40.44175967688095,76.61556047891341],[-40.446113914806155,76.6152668572804],[-40.43118845159233,76.61263744374182],[-40.41184787797322,76.60913469809145],[-40.39865626553701,76.60749311113841],[-40.352547285938705,76.60280768670304],[-40.339423441546856,76.60236747865467],[-40.33824927800317,76.60375068324366],[-40.32798023404732,76.6046726006367],[-40.32045546893586,76.60334599007659],[-40.30070472359199,76.60279499878602],[-40.29012555024415,76.60103508518519],[-40.26773052208465,76.59998361655566],[-40.25306089777378,76.60160468732288],[-40.26829120017218,76.60278633700108],[-40.27497627005608,76.60462184178333],[-40.273465641226764,76.60572141939508],[-40.289793617322545,76.60715240862535],[-40.310013142208575,76.60779197665615],[-40.32743132440542,76.60913537692049],[-40.33364667947792,76.610410995614],[-40.34054531934357,76.6112489859851],[-40.360049060014155,76.61174403510248],[-40.38560729619167,76.61414646195867],[-40.389878983454174,76.61620819610695],[-40.402619635712,76.61749122151008],[-40.41143284857461,76.61877089039271],[-40.44124974898815,76.62190681927157],[-40.4341705132276,76.62188740733717],[-40.449766428198785,76.62397064243255],[-40.4393538651943,76.62400136076542],[-40.43253796293254,76.63383089991319],[-40.43866389474296,76.6342231816754],[-40.451513925047,76.64263192523406],[-40.44554797174947,76.64817740755176],[-40.437718540413506,76.6509962116305],[-40.453739553751724,76.65030585133294],[-40.47282864545074,76.65636649237999],[-40.48340469505107,76.65754511696238],[-40.50132890387259,76.66190645240518]]]}},{"type":"Feature","properties":{"prefecture":"大阪府"},"geometry":{"type":"Polygon","coordinates":[[[-40.961076560986626,76.55864932233428],[-40.947422022140444,76.55526667463178],[-40.936223482323726,76.55471400378492],[-40.90105094448218,76.55421866942558],[-40.90093963150624,76.55539446051529],[-40.89059441332236,76.55449660138513],[-40.876438668304345,76.55458475533844],[-40.8662224509609,76.55392276869728],[-40.86034177074611,76.55388261626265],[-40.83092082315526,76.5524468497417],[-40.828398522370385,76.55294340000277],[-40.79993129157177,76.55144546493057],[-40.781813516484895,76.5509972353272],[-40.76437151714375,76.55043359583041],[-40.75691646732172,76.55016553637817],[-40.75044956365446,76.54998262825013],[-40.72652609891223,76.54941688291895],[-40.703266199373424,76.54870657013826],[-40.689683710898116,76.54860835220624],[-40.64340756639103,76.54840484520403],[-40.55496088120565,76.54930320457184],[-40.53712636712413,76.55019501153313],[-40.514877799213075,76.55145616087002],[-40.52651155319315,76.55162381872687],[-40.491085652857755,76.55513545765528],[-40.48931837138916,76.55608720849986],[-40.48911162532958,76.55613078166013],[-40.47578379769457,76.56241670147416],[-40.47590143252752,76.56889404307168],[-40.483627533344034,76.57184782288898],[-40.493443755464135,76.57352507133601],[-40.45835085443321,76.58170925224557],[-40.44387367100688,76.58593437159875],[-40.485906072393206,76.59038236762692],[-40.47213710908086,76.59261147996185],[-40.45995147102838,76.59989541361797],[-40.45170106866555,76.60406291458531],[-40.45749439015471,76.61130212164663],[-40.4580442202418,76.61158031986795],[-40.442488175929,76.6121130989659],[-40.454986587547936,76.61490838540016],[-40.45910331818118,76.61671417179056],[-40.446113914806155,76.6152668572804],[-40.44175967688095,76.61556047891341],[-40.45962510316425,76.6177445066491],[-40.46643523950103,76.618402606525],[-40.471545018131096,76.61893682229369],[-40.49863809707443,76.62127914965356],[-40.51463436675977,76.62249926584732],[-40.51381001638709,76.62251155139515],[-40.52933270192177,76.62335341087064],[-40.55233285928868,76.62421476778466],[-40.565237645717374,76.62448071798357],[-40.580815681582166,76.62467363368951],[-40.58034796563838,76.62483980108846],[-40.62692960832899,76.62506607474043],[-40.60834000136015,76.6248956563766],[-40.615491935998335,76.62505620678878],[-40.66638222873831,76.62504004476001],[-40.709754196627266,76.62481155816532],[-40.710635030415574,76.62620320198539],[-40.75475100503541,76.62644566913204],[-40.80463694875593,76.62563752438713],[-40.80228615547995,76.62716435468485],[-40.810304966634156,76.62822530711728],[-40.83900807649054,76.62741145556971],[-40.838737695918745,76.62608226553763],[-40.826418503993075,76.62620231889294],[-40.83889828078097,76.62296620092225],[-40.77823229696275,76.62341399417015],[-40.75507023857533,76.62397279332815],[-40.72975236392603,76.6243721170522],[-40.780440173334696,76.62327941651822],[-40.75629306291333,76.62394832996243],[-40.7666635424302,76.62386534821563],[-40.79046497384945,76.62342872136851],[-40.7966996729561,76.62329952491604],[-40.78076197170751,76.62390496411489],[-40.78279314806661,76.62295832984117],[-40.77028741142545,76.6192862640916],[-40.79083404754472,76.61807341619492],[-40.79163999401735,76.61572629411039],[-40.84253460094987,76.61006858190976],[-40.824056303325555,76.60667352117169],[-40.81294249109482,76.5988862538729],[-40.767996953160456,76.59532367534769],[-40.769000114895604,76.59119734235803],[-40.79098184628151,76.5869829796664],[-40.77869242349627,76.57578610486098],[-40.80636231671491,76.5666224395592],[-40.822567736695994,76.56172112916572],[-40.85232043261582,76.56255370522008],[-40.854336465487805,76.56200279606395],[-40.84690255946708,76.55846473509746],[-40.85821937362959,76.55869665923831],[-40.87394814169249,76.55875544186162],[-40.87722635756314,76.55861845308729],[-40.88958426744098,76.5585882447545],[-40.8980559541138,76.55761567983161],[-40.913604573134876,76.55786924311988],[-40.95784001715984,76.55901344040318],[-40.961076560986626,76.55864932233428]]]}},{"type":"Feature","properties":{"prefecture":"兵庫県"},"geometry":{"type":"Polygon","coordinates":[[[-40.84253460094987,76.61006858190976],[-40.79163999401735,76.61572629411039],[-40.79083404754472,76.61807341619492],[-40.77028741142545,76.6192862640916],[-40.78279314806661,76.62295832984117],[-40.78076197170751,76.62390496411489],[-40.7966996729561,76.62329952491604],[-40.79046497384945,76.62342872136851],[-40.7666635424302,76.62386534821563],[-40.75629306291333,76.62394832996243],[-40.780440173334696,76.62327941651822],[-40.72975236392603,76.6243721170522],[-40.75507023857533,76.62397279332815],[-40.77823229696275,76.62341399417015],[-40.83889828078097,76.62296620092225],[-40.826418503993075,76.62620231889294],[-40.838737695918745,76.62608226553763],[-40.83900807649054,76.62741145556971],[-40.810304966634156,76.62822530711728],[-40.80364607650264,76.63040751474988],[-40.782774011979356,76.63197248278034],[-40.78739262798307,76.63443654760009],[-40.79196677424997,76.63823651055232],[-40.82403258106309,76.63802539628549],[-40.83618724726235,76.63931600889643],[-40.86546843350639,76.63750824003041],[-40.865455938224144,76.64126579786357],[-40.91262167225201,76.64075102989183],[-40.91906610418922,76.63893137343665],[-40.93272325972104,76.63832804043541],[-40.94534439929752,76.64177366124244],[-40.94750916340612,76.64497548418632],[-40.96004700605336,76.64531385894068],[-40.96215202702272,76.6505948469573],[-40.99008745351332,76.65073675130796],[-41.011459600018206,76.64682167509643],[-41.01916951901954,76.64959563741351],[-41.03582472223461,76.65012808422784],[-41.03648187067782,76.65188324229929],[-41.06601137651278,76.65341119229795],[-41.073370642160285,76.65645289422514],[-41.06733491532245,76.66141516274652],[-41.060826734596134,76.66306188088289],[-41.05493021117547,76.66377975950955],[-41.03656351658531,76.66207159261337],[-41.00740753683766,76.66531922809891],[-41.001616751692765,76.66918299947716],[-41.002740065982124,76.67145167494648],[-40.998370276055994,76.67543127848482],[-41.021150186774456,76.67438856277361],[-41.038012535746795,76.67241078961878],[-41.05490140258635,76.6716420588591],[-41.058379219409765,76.67346305792934],[-41.07604887986977,76.67485614999381],[-41.08414359404791,76.6762672037626],[-41.07678748711236,76.67872013525216],[-41.078500509098646,76.6810960073307],[-41.092183651214796,76.67987809734134],[-41.115545409437686,76.68134095430052],[-41.126930926679435,76.68052265123714],[-41.147771356116216,76.68031209604534],[-41.16640868947144,76.67990708593375],[-41.19155725818666,76.68026898340942],[-41.207906258097104,76.67893370497451],[-41.21498135613039,76.68018319136283],[-41.23381310994067,76.68010305893765],[-41.246529718290724,76.6812521317976],[-41.257364737758344,76.68109302578512],[-41.28801158236274,76.6789477822635],[-41.32828498802402,76.67891809896416],[-41.30749781037332,76.67621711056783],[-41.30787919886103,76.67489555762684],[-41.29728876452889,76.67308660982933],[-41.30106508144589,76.67012815581414],[-41.28978392096767,76.66550858923698],[-41.28696016679902,76.66270351891055],[-41.27059346430875,76.6613265884636],[-41.26912521058867,76.6595011031804],[-41.27435590644619,76.65635883677461],[-41.26101653187996,76.65508436977565],[-41.26044375545705,76.65227428020923],[-41.2602209910328,76.64602406487954],[-41.279932228949406,76.64262355537562],[-41.30072998541267,76.63994062520737],[-41.31447423514951,76.64053416044426],[-41.32603885085448,76.63814054808165],[-41.32935734296802,76.63545767599112],[-41.31676850482737,76.6353812518999],[-41.322635686730955,76.63183578248092],[-41.343340926186045,76.63081617631045],[-41.36031963242945,76.62592774041262],[-41.377368719534296,76.62474149407292],[-41.38412710061571,76.62207211259671],[-41.394404411056094,76.6216654317255],[-41.416432402757,76.61950807653352],[-41.40832553212599,76.61883588426805],[-41.414352824091296,76.61715998544042],[-41.42903899455443,76.61609109096202],[-41.40735574535396,76.61485520088692],[-41.42332798991222,76.61389466268757],[-41.43335717469096,76.61256346965786],[-41.426372254886296,76.61139187492093],[-41.40882321402593,76.61106350672384],[-41.39630380811107,76.6103554813856],[-41.38806343224438,76.60906141791821],[-41.394502262877225,76.60782373253572],[-41.39040176184676,76.60680128657114],[-41.38079340185306,76.60739033156173],[-41.36698514029865,76.60726949813164],[-41.354059790375054,76.6063426255614],[-41.33706530214414,76.6063129643135],[-41.329269520041336,76.60803203055805],[-41.31903867541422,76.60722892983954],[-41.30639870402998,76.6071422377579],[-41.296177761964046,76.60796601562903],[-41.28126698782903,76.6082377571403],[-41.25598982658215,76.60664197122145],[-41.248587699429144,76.60722617939409],[-41.21037152434993,76.60785810717286],[-41.193882469378686,76.6067625648861],[-41.1847150458569,76.60714506479138],[-41.15983274763909,76.60587822191927],[-41.15582417240479,76.60495465685618],[-41.136138432147625,76.60339650320381],[-41.126917006069526,76.60124519330697],[-41.117407547977805,76.60188528066425],[-41.106189644868394,76.60073119586028],[-41.088342789037775,76.59820446887011],[-41.07813295399406,76.59758766998931],[-41.05812109185415,76.59471974851148],[-41.03813411429406,76.59439182419398],[-41.02599565001979,76.5922133127291],[-41.006791872949655,76.59308308385143],[-40.98847603176438,76.59393914375201],[-40.97794308012865,76.59469841292668],[-40.971373316006236,76.59785955326166],[-40.95671363873208,76.6016904015204],[-40.94072469782327,76.6037359741776],[-40.925497446808706,76.6056304962943],[-40.91426884485813,76.60857618351463],[-40.90076212326762,76.61066006052731],[-40.87692299069329,76.60791917458188],[-40.84253460094987,76.61006858190976]]]}},{"type":"Feature","properties":{"prefecture":"奈良県"},"geometry":{"type":"Polygon","coordinates":[[[-40.25306089777378,76.60160468732288],[-40.26773052208465,76.59998361655566],[-40.29012555024415,76.60103508518519],[-40.30070472359199,76.60279499878602],[-40.32045546893586,76.60334599007659],[-40.32798023404732,76.6046726006367],[-40.33824927800317,76.60375068324366],[-40.339423441546856,76.60236747865467],[-40.352547285938705,76.60280768670304],[-40.39865626553701,76.60749311113841],[-40.41184787797322,76.60913469809145],[-40.43118845159233,76.61263744374182],[-40.446113914806155,76.6152668572804],[-40.45910331818118,76.61671417179056],[-40.454986587547936,76.61490838540016],[-40.442488175929,76.6121130989659],[-40.4580442202418,76.61158031986795],[-40.45749439015471,76.61130212164663],[-40.45170106866555,76.60406291458531],[-40.45995147102838,76.59989541361797],[-40.47213710908086,76.59261147996185],[-40.485906072393206,76.59038236762692],[-40.44387367100688,76.58593437159875],[-40.45835085443321,76.58170925224557],[-40.493443755464135,76.57352507133601],[-40.483627533344034,76.57184782288898],[-40.47590143252752,76.56889404307168],[-40.47578379769457,76.56241670147416],[-40.48911162532958,76.55613078166013],[-40.48931837138916,76.55608720849986],[-40.491085652857755,76.55513545765528],[-40.52651155319315,76.55162381872687],[-40.514877799213075,76.55145616087002],[-40.53712636712413,76.55019501153313],[-40.55496088120565,76.54930320457184],[-40.54434944500373,76.54849468959422],[-40.55071408459133,76.54736085377677],[-40.527772848442126,76.54482903953003],[-40.48810964481804,76.54396972146783],[-40.47726201312476,76.54086106785054],[-40.49341457391626,76.54040445732376],[-40.52810190249074,76.54230944833309],[-40.56034159098481,76.54271065530584],[-40.57377136997963,76.54187400374812],[-40.56309227033435,76.5395968437316],[-40.58060062114461,76.53720707307843],[-40.59704557379806,76.53726572646934],[-40.612106693224916,76.53631369253318],[-40.61223990309336,76.53348258732802],[-40.636321892337925,76.53230503896584],[-40.62946210388815,76.52814500528625],[-40.62693691951199,76.52807852242115],[-40.600664262910975,76.52581730563425],[-40.58130649907791,76.52280051881435],[-40.5832706064371,76.52085578357911],[-40.55857288294831,76.52037184509855],[-40.5421068202454,76.51842653827399],[-40.53841428903321,76.51514926546895],[-40.557744949462155,76.51579777651443],[-40.5629328355074,76.51165324214962],[-40.51905774483464,76.50861586070326],[-40.48454754409856,76.51033044556124],[-40.44791550013208,76.50987280721445],[-40.42109000201275,76.50834148104069],[-40.38821809759673,76.50946729024488],[-40.37851479644537,76.51027715976109],[-40.3556690170687,76.50949909294232],[-40.35495609835927,76.50858148794664],[-40.34614555494738,76.50810858982267],[-40.3405729560769,76.50929883245237],[-40.35298911886208,76.51039605314044],[-40.340023537562836,76.51112797465763],[-40.32374086453653,76.51193236234373],[-40.33115129053025,76.51354594372215],[-40.31811467300541,76.5148147406872],[-40.277501067111444,76.51630125207295],[-40.265076279138334,76.51733799662442],[-40.25145684935173,76.51876746930759],[-40.232026451797985,76.51934596947898],[-40.20634127815646,76.51981645651225],[-40.20605219014284,76.52162403296333],[-40.1943245824499,76.52445692318247],[-40.19364811268109,76.5263279108836],[-40.185834848453624,76.52855683697824],[-40.19827762330493,76.53113433492821],[-40.183376617839635,76.53251863620775],[-40.187364482073775,76.53442442609435],[-40.1729345211174,76.53670347774064],[-40.20485114854826,76.54331914227811],[-40.17671660085519,76.54535102757072],[-40.199517402761295,76.54863467224142],[-40.20883694057174,76.55317161382564],[-40.22628816746969,76.55781666250599],[-40.1999803653166,76.56690510486597],[-40.15221334476921,76.56901843827428],[-40.12228651916112,76.56817749271225],[-40.122521396185974,76.57588852458282],[-40.130765320606294,76.57772949923711],[-40.15657301592808,76.57817556083556],[-40.16573488179503,76.58180022036312],[-40.18269053079418,76.58397798994822],[-40.20408400956801,76.58494363207842],[-40.22056563374793,76.5862052521975],[-40.24563536536901,76.58953705571903],[-40.2500091715874,76.59158065890308],[-40.242125876358024,76.59296342235278],[-40.24359879286599,76.59570645082474],[-40.23253370115161,76.5973086405627],[-40.23998343949161,76.59894993931282],[-40.2518287518188,76.59949813908827],[-40.24304095600787,76.60007082550678],[-40.25306089777378,76.60160468732288]]]}},{"type":"Feature","properties":{"prefecture":"和歌山県"},"geometry":{"type":"Polygon","coordinates":[[[-40.961076560986626,76.55864932233428],[-40.969350115940145,76.55856373579931],[-40.96620498694602,76.55658689890147],[-40.956596637400786,76.5547160624984],[-40.93762516407609,76.55266314506169],[-40.93688295831455,76.55147829713262],[-40.92437098627384,76.55044610021038],[-40.9249832116975,76.54893102378759],[-40.905717062158985,76.54772542818948],[-40.897641244967346,76.54637728629682],[-40.91038603051617,76.54466661720852],[-40.92722526128515,76.54503006059022],[-40.92637918994194,76.543508121934],[-40.93644007887919,76.54304891823826],[-40.94340342897926,76.54122786779533],[-40.939852579454595,76.53941847036613],[-40.92454051507225,76.53814486460398],[-40.909555591450264,76.53562541370128],[-40.91968138397446,76.53487742792255],[-40.927489639106234,76.5321605465859],[-40.94535877036498,76.5314290374661],[-40.950939082265684,76.52711974407812],[-40.94147374074306,76.5268181590599],[-40.95229917329689,76.52460825188807],[-40.951066036246885,76.52068786891758],[-40.957448898636514,76.51811677317491],[-40.934981106984154,76.51899951466785],[-40.91297222677196,76.51606404042388],[-40.896279857974136,76.51018215154491],[-40.87864828930601,76.5073065590282],[-40.85202606597599,76.50479771582829],[-40.84884911891318,76.5027219966708],[-40.82830495567735,76.50256764222674],[-40.79150400539741,76.50053428841738],[-40.77095758616113,76.4974780112007],[-40.72323363610474,76.49362937340402],[-40.73095247404284,76.49134306578127],[-40.76099426076962,76.49165751829939],[-40.76839274185301,76.49020995834495],[-40.728794884970135,76.48844374515282],[-40.71609091226295,76.48706680113628],[-40.72135658100104,76.48640770178139],[-40.70185161918316,76.48566713314165],[-40.676446389644546,76.48524175492761],[-40.663459241793326,76.48496369904315],[-40.6438588622172,76.48500366029553],[-40.62653716377214,76.48470814406787],[-40.580251158835736,76.48491960945948],[-40.541183441002204,76.48567700903784],[-40.515796824039896,76.48581831915101],[-40.49981147247464,76.4862909109799],[-40.4825591950378,76.48639094991731],[-40.461055526885914,76.4871876935933],[-40.452667651299656,76.48702405349152],[-40.435786507527986,76.48832844128759],[-40.36746009592252,76.49231568866601],[-40.34712722041717,76.49424274345289],[-40.33974352300634,76.49454260243387],[-40.34376343716325,76.49527898884125],[-40.34349344207062,76.4956813048393],[-40.33745497512834,76.49623821943722],[-40.333009951319006,76.49760045863145],[-40.309650836801524,76.49909995020462],[-40.31045226568982,76.49954391977606],[-40.28287452801828,76.50301855839014],[-40.29779908695772,76.50311801705698],[-40.31028450866552,76.50207709991074],[-40.322188886181436,76.50230718030805],[-40.33912571296931,76.50376968479411],[-40.34265229260629,76.5047431911213],[-40.36044847087688,76.50514423145246],[-40.35495609835927,76.50858148794664],[-40.3556690170687,76.50949909294232],[-40.37851479644537,76.51027715976109],[-40.38821809759673,76.50946729024488],[-40.42109000201275,76.50834148104069],[-40.44791550013208,76.50987280721445],[-40.48454754409856,76.51033044556124],[-40.51905774483464,76.50861586070326],[-40.5629328355074,76.51165324214962],[-40.557744949462155,76.51579777651443],[-40.53841428903321,76.51514926546895],[-40.5421068202454,76.51842653827399],[-40.55857288294831,76.52037184509855],[-40.5832706064371,76.52085578357911],[-40.58130649907791,76.52280051881435],[-40.600664262910975,76.52581730563425],[-40.62693691951199,76.52807852242115],[-40.62946210388815,76.52814500528625],[-40.636321892337925,76.53230503896584],[-40.61223990309336,76.53348258732802],[-40.612106693224916,76.53631369253318],[-40.59704557379806,76.53726572646934],[-40.58060062114461,76.53720707307843],[-40.56309227033435,76.5395968437316],[-40.57377136997963,76.54187400374812],[-40.56034159098481,76.54271065530584],[-40.52810190249074,76.54230944833309],[-40.49341457391626,76.54040445732376],[-40.47726201312476,76.54086106785054],[-40.48810964481804,76.54396972146783],[-40.527772848442126,76.54482903953003],[-40.55071408459133,76.54736085377677],[-40.54434944500373,76.54849468959422],[-40.55496088120565,76.54930320457184],[-40.64340756639103,76.54840484520403],[-40.689683710898116,76.54860835220624],[-40.703266199373424,76.54870657013826],[-40.72652609891223,76.54941688291895],[-40.75044956365446,76.54998262825013],[-40.75691646732172,76.55016553637817],[-40.76437151714375,76.55043359583041],[-40.781813516484895,76.5509972353272],[-40.79993129157177,76.55144546493057],[-40.828398522370385,76.55294340000277],[-40.83092082315526,76.5524468497417],[-40.86034177074611,76.55388261626265],[-40.8662224509609,76.55392276869728],[-40.876438668304345,76.55458475533844],[-40.89059441332236,76.55449660138513],[-40.90093963150624,76.55539446051529],[-40.90105094448218,76.55421866942558],[-40.936223482323726,76.55471400378492],[-40.947422022140444,76.55526667463178],[-40.961076560986626,76.55864932233428]]]}},{"type":"Feature","properties":{"prefecture":"鳥取県"},"geometry":{"type":"Polygon","coordinates":[[[-41.32828498802402,76.67891809896416],[-41.33226472866582,76.67798437000363],[-41.362089679555815,76.67837538730396],[-41.36931113996873,76.67738484966375],[-41.37028256390321,76.67646047927278],[-41.38806883147415,76.67633045764298],[-41.41574851142195,76.67736874843453],[-41.47571571261036,76.68145676789747],[-41.52115426384371,76.68498017560663],[-41.55412779765489,76.68552014383052],[-41.5873876843091,76.68346707167039],[-41.673342637499516,76.68002098223683],[-41.73360420117112,76.67894548921119],[-41.82436336362741,76.67987112703976],[-41.866735615031885,76.67872054666063],[-41.907122361295684,76.6772149305332],[-41.914744329725316,76.67725541115048],[-41.954558095374345,76.67202711787802],[-41.97987176020937,76.66763749661202],[-41.9922407307297,76.66626432186663],[-42.00205713455047,76.66305975316305],[-42.01916763331039,76.66054291321075],[-42.02660637083105,76.6605748279115],[-42.06142971996028,76.66177606253919],[-42.07466313377015,76.66354621300482],[-42.080756581292995,76.66737823888305],[-42.09359726355459,76.66681504153435],[-42.10410027002286,76.66500420060162],[-42.09437336401106,76.66151765352453],[-42.09216361550085,76.66118205965991],[-42.07181297785326,76.65864467838641],[-42.05559507111493,76.65735657724441],[-42.05021318171613,76.65530274404287],[-42.047419374655504,76.6515401672521],[-42.05836369838938,76.64912620378558],[-42.05770597717078,76.64627405417112],[-42.04430517802687,76.64077545878898],[-42.10048838752986,76.63973568562042],[-42.1127972421487,76.63859807569136],[-42.097544743309385,76.63694201351686],[-42.087440924781184,76.63384483422305],[-42.10321916037743,76.63265463589799],[-42.108450972595136,76.63023555309215],[-42.10689915384501,76.62669329861798],[-42.085548835762026,76.62562051612993],[-42.056678222305635,76.62572940700795],[-42.040176265600856,76.62373579256247],[-42.030347924456855,76.62435343205009],[-42.034095433377246,76.62622966081081],[-42.00063697574835,76.62530704147635],[-41.99012164142236,76.62577291259868],[-41.9739719563815,76.6254320141552],[-41.991424379688944,76.63029777055303],[-41.9865521572675,76.63068694675488],[-41.96379831199075,76.62822788033337],[-41.93751493241182,76.62794085727406],[-41.92605283908975,76.62638927121823],[-41.946880946711374,76.63180130112507],[-41.92575079635548,76.63074912102749],[-41.92345970276485,76.63186198184684],[-41.93371464309115,76.64012830935977],[-41.929609365154,76.64504796295397],[-41.89202397678721,76.64188551955965],[-41.86366193756072,76.63756750812439],[-41.829178084266815,76.63877127813042],[-41.76795843222855,76.63740350726013],[-41.72553215484558,76.63079024629336],[-41.71906509135651,76.62494671068531],[-41.69336664255395,76.6254214445043],[-41.67156329731676,76.63037016922195],[-41.67542224217071,76.63604770865973],[-41.61784374084783,76.63837875588337],[-41.615644304650274,76.64429074287582],[-41.57167934956861,76.64633938167722],[-41.51200680050152,76.64673873519136],[-41.53151590384926,76.63830904166215],[-41.49782040714036,76.63665728718055],[-41.47639866805423,76.6360447966218],[-41.450511003659926,76.63931930947471],[-41.436168796554576,76.63645064226185],[-41.427716970730884,76.63696215863537],[-41.42776982520161,76.63443619984656],[-41.44019068075097,76.6312762491972],[-41.4293004463742,76.631336445589],[-41.444572988947044,76.62726667786535],[-41.44347076086381,76.62593768864694],[-41.412359773056245,76.62977366219147],[-41.3854995559291,76.63356967664828],[-41.3781202790045,76.63288220328097],[-41.35707059557322,76.63473172006317],[-41.34785403871412,76.63679777122447],[-41.32776037532296,76.63954944551038],[-41.32330371810844,76.64092515374723],[-41.31447423514951,76.64053416044426],[-41.30072998541267,76.63994062520737],[-41.279932228949406,76.64262355537562],[-41.2602209910328,76.64602406487954],[-41.26044375545705,76.65227428020923],[-41.26101653187996,76.65508436977565],[-41.27435590644619,76.65635883677461],[-41.26912521058867,76.6595011031804],[-41.27059346430875,76.6613265884636],[-41.28696016679902,76.66270351891055],[-41.28978392096767,76.66550858923698],[-41.30106508144589,76.67012815581414],[-41.29728876452889,76.67308660982933],[-41.30787919886103,76.67489555762684],[-41.30749781037332,76.67621711056783],[-41.32828498802402,76.67891809896416]]]}},{"type":"Feature","properties":{"prefecture":"島根県"},"geometry":{"type":"Polygon","coordinates":[[[-42.080756581292995,76.66737823888305],[-42.043830030748076,76.66973501218672],[-42.054980553126725,76.67039882508526],[-42.088394939535355,76.66917972016935],[-42.13090716147698,76.66715827981858],[-42.151911958363286,76.66945316080074],[-42.15482858411089,76.66801838988073],[-42.171344830048355,76.66701875292304],[-42.18826203075417,76.66503974690313],[-42.21747196361692,76.6651783435235],[-42.221040266516795,76.6632425218599],[-42.25329280091376,76.66309042351685],[-42.271208317845556,76.66305747210919],[-42.3049553122995,76.662170860172],[-42.30805542048424,76.66165052468804],[-42.345871280729504,76.66114943580767],[-42.33303758270439,76.65993391637086],[-42.35959532199221,76.65990339503232],[-42.371848874769455,76.66045297011439],[-42.404789583898555,76.65980219576664],[-42.3780726273156,76.65816726869353],[-42.375081530874624,76.6568323062678],[-42.38061592825608,76.65475908070668],[-42.39148956300877,76.65289949840945],[-42.408474847694336,76.6512901481777],[-42.4341179958513,76.65055476731827],[-42.46328687327625,76.64874722828395],[-42.46499246269467,76.64763722686693],[-42.50357753283984,76.64511856845209],[-42.51416437205661,76.64319681787136],[-42.53313173083218,76.64227025426342],[-42.5443266130928,76.64034084553285],[-42.551400588258396,76.63650689316744],[-42.592741291602586,76.6331338776468],[-42.59933296772872,76.63086798999949],[-42.630406599470476,76.62896329510689],[-42.6534430038872,76.62871981645299],[-42.68430717004929,76.6252956977129],[-42.711964402886494,76.62289229654073],[-42.731201618647,76.62204511159975],[-42.76589657117565,76.61775435653071],[-42.78446170817018,76.6149608006786],[-42.80098488437749,76.61483318376881],[-42.80436772795593,76.61354657673921],[-42.830321221506715,76.61270325254344],[-42.84601877003816,76.61281220145455],[-42.840306410346564,76.61153989074882],[-42.850638809311235,76.6107329458369],[-42.870739465801734,76.61044822186739],[-42.91072302437514,76.61082686610074],[-42.94026412667014,76.61181964364532],[-42.932925088797106,76.6103426797896],[-42.93315429788197,76.60925853100807],[-42.918213701123044,76.60827863971062],[-42.909958602574356,76.60675459957294],[-42.920495540336745,76.60679760904623],[-42.91678081050563,76.6053032533781],[-42.93948624176443,76.60416486471912],[-42.903168232258,76.59707261780805],[-42.84944765040014,76.59649181900569],[-42.85206564160986,76.5933924094305],[-42.86542567190308,76.59184231496745],[-42.858882705486074,76.589339718766],[-42.85528347950623,76.58746872613777],[-42.83895706599476,76.5854457076261],[-42.813678849447115,76.58351517948779],[-42.7808670344982,76.58343407181859],[-42.75488857492455,76.5850709868047],[-42.73485246505153,76.5820817660169],[-42.72609743598882,76.58535878055545],[-42.714587516665425,76.58708665660808],[-42.73087251090251,76.58994543313779],[-42.720115828594324,76.59092181327262],[-42.72252498400796,76.59191477281964],[-42.703128871914245,76.59199954838515],[-42.695851942202864,76.59168914480613],[-42.71314618784515,76.59495530305526],[-42.71242122182203,76.59588590762479],[-42.69597396713049,76.59558096136921],[-42.68242039950285,76.59635401971649],[-42.67830251733839,76.59725010545995],[-42.68660747316313,76.59902976083163],[-42.67898239883753,76.6008406540526],[-42.67179256310265,76.60218668632061],[-42.69197692770426,76.60411112953149],[-42.67212150389033,76.60425793690364],[-42.64488240277242,76.60412735942853],[-42.6363375101149,76.60611037321115],[-42.63859806710739,76.60794395453935],[-42.61477499803917,76.60660496881334],[-42.60020255048136,76.6046082136782],[-42.590830035140016,76.60644247261783],[-42.57840350766741,76.60523491744704],[-42.55338589493422,76.60586399214853],[-42.54655972168643,76.6051751465148],[-42.53583794822533,76.60397492304753],[-42.512574566717625,76.60743483436012],[-42.49308640818218,76.60528421968763],[-42.44619345215931,76.60413666396981],[-42.41988737382737,76.60598328116812],[-42.395771378966565,76.60854012100033],[-42.36421871571321,76.6069667899206],[-42.3598257013801,76.60844050132766],[-42.336839102813414,76.60837097943266],[-42.34389243203357,76.61144423429594],[-42.39038312322009,76.6148481876367],[-42.36495782735152,76.61709554012015],[-42.360031307837545,76.6186897553841],[-42.31670817185587,76.61889064412546],[-42.306474714886505,76.62173191991378],[-42.2795298606002,76.62511902245276],[-42.26819372707066,76.62834299607474],[-42.24916110868496,76.63135768005148],[-42.2300687950999,76.63239754476946],[-42.219361228959045,76.63033130978992],[-42.19770109259237,76.62891644275078],[-42.17273954104944,76.63037058649704],[-42.1552362936473,76.62730947282293],[-42.14362288384705,76.62815594983222],[-42.11439488765532,76.62766760346932],[-42.10689915384501,76.62669329861798],[-42.108450972595136,76.63023555309215],[-42.10321916037743,76.63265463589799],[-42.087440924781184,76.63384483422305],[-42.097544743309385,76.63694201351686],[-42.1127972421487,76.63859807569136],[-42.10048838752986,76.63973568562042],[-42.04430517802687,76.64077545878898],[-42.05770597717078,76.64627405417112],[-42.05836369838938,76.64912620378558],[-42.047419374655504,76.6515401672521],[-42.05021318171613,76.65530274404287],[-42.05559507111493,76.65735657724441],[-42.07181297785326,76.65864467838641],[-42.09216361550085,76.66118205965991],[-42.09437336401106,76.66151765352453],[-42.10410027002286,76.66500420060162],[-42.09359726355459,76.66681504153435],[-42.080756581292995,76.66737823888305]]]}},{"type":"Feature","properties":{"prefecture":"岡山県"},"geometry":{"type":"Polygon","coordinates":[[[-41.39040176184676,76.60680128657114],[-41.394502262877225,76.60782373253572],[-41.38806343224438,76.60906141791821],[-41.39630380811107,76.6103554813856],[-41.40882321402593,76.61106350672384],[-41.426372254886296,76.61139187492093],[-41.43335717469096,76.61256346965786],[-41.42332798991222,76.61389466268757],[-41.40735574535396,76.61485520088692],[-41.42903899455443,76.61609109096202],[-41.414352824091296,76.61715998544042],[-41.40832553212599,76.61883588426805],[-41.416432402757,76.61950807653352],[-41.394404411056094,76.6216654317255],[-41.38412710061571,76.62207211259671],[-41.377368719534296,76.62474149407292],[-41.36031963242945,76.62592774041262],[-41.343340926186045,76.63081617631045],[-41.322635686730955,76.63183578248092],[-41.31676850482737,76.6353812518999],[-41.32935734296802,76.63545767599112],[-41.32603885085448,76.63814054808165],[-41.31447423514951,76.64053416044426],[-41.32330371810844,76.64092515374723],[-41.32776037532296,76.63954944551038],[-41.34785403871412,76.63679777122447],[-41.35707059557322,76.63473172006317],[-41.3781202790045,76.63288220328097],[-41.3854995559291,76.63356967664828],[-41.412359773056245,76.62977366219147],[-41.44347076086381,76.62593768864694],[-41.444572988947044,76.62726667786535],[-41.4293004463742,76.631336445589],[-41.44019068075097,76.6312762491972],[-41.42776982520161,76.63443619984656],[-41.427716970730884,76.63696215863537],[-41.436168796554576,76.63645064226185],[-41.450511003659926,76.63931930947471],[-41.47639866805423,76.6360447966218],[-41.49782040714036,76.63665728718055],[-41.53151590384926,76.63830904166215],[-41.51200680050152,76.64673873519136],[-41.57167934956861,76.64633938167722],[-41.615644304650274,76.64429074287582],[-41.61784374084783,76.63837875588337],[-41.67542224217071,76.63604770865973],[-41.67156329731676,76.63037016922195],[-41.69336664255395,76.6254214445043],[-41.71906509135651,76.62494671068531],[-41.72553215484558,76.63079024629336],[-41.76795843222855,76.63740350726013],[-41.829178084266815,76.63877127813042],[-41.86366193756072,76.63756750812439],[-41.89202397678721,76.64188551955965],[-41.929609365154,76.64504796295397],[-41.93371464309115,76.64012830935977],[-41.92345970276485,76.63186198184684],[-41.92575079635548,76.63074912102749],[-41.946880946711374,76.63180130112507],[-41.92605283908975,76.62638927121823],[-41.93751493241182,76.62794085727406],[-41.96379831199075,76.62822788033337],[-41.9865521572675,76.63068694675488],[-41.991424379688944,76.63029777055303],[-41.9739719563815,76.6254320141552],[-41.99012164142236,76.62577291259868],[-42.00063697574835,76.62530704147635],[-42.034095433377246,76.62622966081081],[-42.030347924456855,76.62435343205009],[-42.040176265600856,76.62373579256247],[-42.00918462697166,76.61947660810534],[-42.0079276318521,76.61851586281614],[-42.019355883378246,76.61681647410842],[-42.01755042662503,76.6129451999099],[-41.99982023804067,76.61110903821526],[-42.0007393951572,76.6109513674123],[-41.974172696438906,76.6087555222371],[-41.98282949069855,76.60657926462368],[-41.98101888452858,76.60543466715072],[-41.98208558185251,76.60370882917375],[-41.97570615647156,76.60200804059339],[-41.96676402117525,76.60164515351836],[-41.97985689134421,76.59863841951977],[-41.97465324715005,76.59753309854652],[-41.96117244616388,76.59735394698122],[-41.95060066537851,76.59521151916137],[-41.95178281920984,76.59226090094168],[-41.95754687727728,76.59112956425933],[-41.95505538655632,76.58949515853068],[-41.93978035964283,76.58911028266168],[-41.8996314074761,76.59278222791707],[-41.8933583203135,76.59295675990276],[-41.872369052193406,76.59581898288465],[-41.83213857289521,76.59879195404419],[-41.80804971155255,76.60086854461268],[-41.8174660030459,76.59850678749474],[-41.78400332238247,76.60070377932945],[-41.77617616201374,76.60062118158164],[-41.75429028042137,76.60225888735322],[-41.75227063474787,76.60277034521751],[-41.73444532715722,76.60401030399171],[-41.70665915416007,76.60540563310121],[-41.698152212366054,76.60580108916884],[-41.65143696741857,76.60732490974489],[-41.6496697953308,76.60712938450268],[-41.62573373004384,76.60708632124114],[-41.597035534197005,76.60702074683843],[-41.572132757122404,76.60679578712339],[-41.568726563090756,76.60686519105444],[-41.5754011791262,76.60715054415631],[-41.61541069110903,76.60732525334863],[-41.59739979846384,76.60740578249658],[-41.56426752500012,76.60712972081843],[-41.55460780871788,76.6067585157269],[-41.532566027214884,76.60623669893228],[-41.51347936329966,76.60583568195457],[-41.48740062161891,76.60561479939459],[-41.47463495399869,76.60526002038247],[-41.47832920389271,76.60623538844905],[-41.46760717111504,76.60598633448258],[-41.43528310158988,76.6068363622864],[-41.4460440644212,76.60753442639593],[-41.42194721509716,76.60725367920728],[-41.41642653446255,76.60772658596458],[-41.39040176184676,76.60680128657114]]]}},{"type":"Feature","properties":{"prefecture":"広島県"},"geometry":{"type":"Polygon","coordinates":[[[-41.95754687727728,76.59112956425933],[-41.95178281920984,76.59226090094168],[-41.95060066537851,76.59521151916137],[-41.96117244616388,76.59735394698122],[-41.97465324715005,76.59753309854652],[-41.97985689134421,76.59863841951977],[-41.96676402117525,76.60164515351836],[-41.97570615647156,76.60200804059339],[-41.98208558185251,76.60370882917375],[-41.98101888452858,76.60543466715072],[-41.98282949069855,76.60657926462368],[-41.974172696438906,76.6087555222371],[-42.0007393951572,76.6109513674123],[-41.99982023804067,76.61110903821526],[-42.01755042662503,76.6129451999099],[-42.019355883378246,76.61681647410842],[-42.0079276318521,76.61851586281614],[-42.00918462697166,76.61947660810534],[-42.040176265600856,76.62373579256247],[-42.056678222305635,76.62572940700795],[-42.085548835762026,76.62562051612993],[-42.10689915384501,76.62669329861798],[-42.11439488765532,76.62766760346932],[-42.14362288384705,76.62815594983222],[-42.1552362936473,76.62730947282293],[-42.17273954104944,76.63037058649704],[-42.19770109259237,76.62891644275078],[-42.219361228959045,76.63033130978992],[-42.2300687950999,76.63239754476946],[-42.24916110868496,76.63135768005148],[-42.26819372707066,76.62834299607474],[-42.2795298606002,76.62511902245276],[-42.306474714886505,76.62173191991378],[-42.31670817185587,76.61889064412546],[-42.360031307837545,76.6186897553841],[-42.36495782735152,76.61709554012015],[-42.39038312322009,76.6148481876367],[-42.34389243203357,76.61144423429594],[-42.336839102813414,76.60837097943266],[-42.3598257013801,76.60844050132766],[-42.36421871571321,76.6069667899206],[-42.395771378966565,76.60854012100033],[-42.41988737382737,76.60598328116812],[-42.44619345215931,76.60413666396981],[-42.49308640818218,76.60528421968763],[-42.512574566717625,76.60743483436012],[-42.53583794822533,76.60397492304753],[-42.54655972168643,76.6051751465148],[-42.55338589493422,76.60586399214853],[-42.57840350766741,76.60523491744704],[-42.590830035140016,76.60644247261783],[-42.60020255048136,76.6046082136782],[-42.61477499803917,76.60660496881334],[-42.63859806710739,76.60794395453935],[-42.6363375101149,76.60611037321115],[-42.64488240277242,76.60412735942853],[-42.67212150389033,76.60425793690364],[-42.69197692770426,76.60411112953149],[-42.67179256310265,76.60218668632061],[-42.67898239883753,76.6008406540526],[-42.68660747316313,76.59902976083163],[-42.67830251733839,76.59725010545995],[-42.68242039950285,76.59635401971649],[-42.69597396713049,76.59558096136921],[-42.71242122182203,76.59588590762479],[-42.71314618784515,76.59495530305526],[-42.695851942202864,76.59168914480613],[-42.68645959837192,76.58988981478056],[-42.68980474809766,76.58833828544299],[-42.68266180324797,76.58633760809688],[-42.68254635033996,76.58405072987827],[-42.65106816776806,76.58122642534393],[-42.65189378463323,76.57977073505242],[-42.64608955936837,76.57728860429013],[-42.63336629202416,76.57405241521369],[-42.61051182041413,76.57342934480634],[-42.61462509131643,76.57234422849945],[-42.58845019090783,76.57247785683255],[-42.59803076263565,76.57419462502025],[-42.592816085968614,76.57588088346687],[-42.57128391161637,76.57727621952913],[-42.55227024241831,76.57989770060742],[-42.53480783393925,76.58072208435337],[-42.53756581655984,76.5810229230311],[-42.53931251178556,76.58122301629149],[-42.522875806818945,76.58128916694072],[-42.49900493966127,76.58117987902978],[-42.49135837155201,76.5805675939266],[-42.4540260390674,76.58046482843454],[-42.44801331995342,76.5809295580155],[-42.44789256416181,76.58085648080528],[-42.4476644363233,76.58075166432342],[-42.4472064914349,76.58053126010974],[-42.45173736202004,76.58032661507877],[-42.459862471990306,76.57833732546915],[-42.45234749180205,76.5772124102015],[-42.4394014964649,76.57294574057619],[-42.42771984313252,76.5713560528714],[-42.40128125065296,76.57285117566742],[-42.38224970941621,76.57189673505673],[-42.35952176992329,76.5723342517602],[-42.34890685299821,76.57368286722613],[-42.31644643385447,76.57391853122091],[-42.30328832452392,76.57586088873846],[-42.294480993932225,76.57757702345467],[-42.28508291437089,76.57800902533278],[-42.266292444301776,76.57685202769656],[-42.24565817090532,76.57848475377396],[-42.22607714077931,76.57846692998241],[-42.21872888836083,76.5790166063367],[-42.184240845045494,76.5785813899741],[-42.16889414520394,76.57871775173815],[-42.147830391156596,76.57980456867183],[-42.14145548354037,76.58228601849393],[-42.12387678831111,76.58195596036016],[-42.11028271293975,76.58279387235935],[-42.063581101955435,76.58507454254793],[-42.04963773112623,76.58456556056466],[-42.044266901072184,76.58283060631852],[-42.01999232682253,76.58262302145204],[-42.00499263995629,76.58193110368323],[-41.993141355992194,76.58600327688588],[-41.97021368050549,76.58685208116393],[-41.96136698550457,76.58873331623494],[-41.95754687727728,76.59112956425933]]]}},{"type":"Feature","properties":{"prefecture":"山口県"},"geometry":{"type":"Polygon","coordinates":[[[-42.58845019090783,76.57247785683255],[-42.61462509131643,76.57234422849945],[-42.61051182041413,76.57342934480634],[-42.63336629202416,76.57405241521369],[-42.64608955936837,76.57728860429013],[-42.65189378463323,76.57977073505242],[-42.65106816776806,76.58122642534393],[-42.68254635033996,76.58405072987827],[-42.68266180324797,76.58633760809688],[-42.68980474809766,76.58833828544299],[-42.68645959837192,76.58988981478056],[-42.695851942202864,76.59168914480613],[-42.703128871914245,76.59199954838515],[-42.72252498400796,76.59191477281964],[-42.720115828594324,76.59092181327262],[-42.73087251090251,76.58994543313779],[-42.714587516665425,76.58708665660808],[-42.72609743598882,76.58535878055545],[-42.73485246505153,76.5820817660169],[-42.75488857492455,76.5850709868047],[-42.7808670344982,76.58343407181859],[-42.813678849447115,76.58351517948779],[-42.83895706599476,76.5854457076261],[-42.85528347950623,76.58746872613777],[-42.858882705486074,76.589339718766],[-42.86542567190308,76.59184231496745],[-42.85206564160986,76.5933924094305],[-42.84944765040014,76.59649181900569],[-42.903168232258,76.59707261780805],[-42.93948624176443,76.60416486471912],[-42.91678081050563,76.6053032533781],[-42.920495540336745,76.60679760904623],[-42.909958602574356,76.60675459957294],[-42.918213701123044,76.60827863971062],[-42.93315429788197,76.60925853100807],[-42.932925088797106,76.6103426797896],[-42.94026412667014,76.61181964364532],[-42.96370676537857,76.61120156827289],[-42.98644091018875,76.61207504886151],[-42.99769608433941,76.61087598647455],[-43.01587181524853,76.61073067624325],[-43.01766552929739,76.61023779446494],[-43.018896213651026,76.60948694081112],[-43.050894266483056,76.6077424953738],[-43.076864942398885,76.60772387390874],[-43.08531878267252,76.606867569157],[-43.07809842695227,76.60487044976584],[-43.094309946893254,76.60383238348551],[-43.104044490603584,76.60136193802283],[-43.123829080845425,76.59968122231751],[-43.1501601802621,76.59945364679503],[-43.18954233315306,76.59719058315663],[-43.203520114202355,76.59799771129656],[-43.24464818719636,76.59669129165067],[-43.25429312926016,76.59696991087652],[-43.27332176405346,76.59619233639674],[-43.28459421266979,76.59835215981536],[-43.2938957827541,76.59801926293949],[-43.31342430437392,76.59860059541762],[-43.33066552105188,76.59759759428644],[-43.351285161359705,76.5976726225548],[-43.36428989836621,76.59869017253743],[-43.37673177248936,76.59712102021187],[-43.36520126052007,76.59673145800852],[-43.348527197779106,76.5969728660232],[-43.33507635177155,76.59577477537114],[-43.36541252952736,76.59473019085668],[-43.382365891983184,76.59407962480235],[-43.409261648746934,76.59447733746796],[-43.41486714972301,76.59360767555661],[-43.41375656236335,76.59191059198763],[-43.427085972337395,76.59066633487745],[-43.396107012004194,76.58785576478039],[-43.390198247705335,76.58614919645414],[-43.39112841326329,76.58398514953363],[-43.4079014641894,76.58250225709781],[-43.42183913866149,76.58291139262367],[-43.422810051049076,76.58136403652793],[-43.40905913087612,76.57964557711028],[-43.39135894554877,76.5785178719374],[-43.38379586692797,76.57632253971471],[-43.384999631353665,76.57518757297112],[-43.37950263745671,76.57357660065756],[-43.36338139168534,76.57234878979214],[-43.333902702303234,76.57265184395781],[-43.321462134398104,76.57454662758065],[-43.3006498393781,76.5734450212216],[-43.27993744877014,76.57178074605946],[-43.26438824578222,76.56927495905698],[-43.2380303113784,76.5665772399082],[-43.23314903672115,76.5645843625735],[-43.222093143896906,76.56313251625424],[-43.2053585842893,76.56200025762759],[-43.18162119806135,76.55956178098575],[-43.1596893422552,76.55791892358901],[-43.133200754361134,76.5584909135488],[-43.114015966206544,76.55851559420489],[-43.10841078307941,76.56095403533128],[-43.09002702437651,76.56323127908337],[-43.066317379343836,76.56140818598186],[-43.05763412610127,76.55852513649448],[-43.030671661290846,76.5603974575953],[-43.03537686610117,76.56317080751423],[-43.011847674134714,76.56095914025684],[-43.0045079956174,76.55863645162823],[-42.988358085978405,76.55761778642969],[-42.960752719959025,76.55986085487801],[-42.943162299479006,76.55917978257322],[-42.936760320592484,76.56074628317009],[-42.90337544032823,76.56025152233053],[-42.88044608701144,76.56134137092741],[-42.842852509384244,76.55987313594767],[-42.808946280027165,76.55790834001289],[-42.812954070955065,76.55628668431486],[-42.837124232554736,76.55329411604357],[-42.81140194832209,76.55289778829071],[-42.809600911413575,76.55455518003852],[-42.79811324715439,76.55586329198039],[-42.786109802718364,76.55578959694122],[-42.77012711569937,76.55410481332383],[-42.75678395808362,76.55360258631342],[-42.748595774999664,76.5524863335882],[-42.73787639896468,76.5528110457445],[-42.70492941135251,76.55006953792675],[-42.68875570668728,76.55153622664588],[-42.67881160055415,76.54975262545418],[-42.65804220186203,76.54872502099944],[-42.66063162815069,76.54756883314695],[-42.661295744217156,76.54574934396244],[-42.642753507176266,76.54657510152121],[-42.639439236318026,76.54778940313521],[-42.653429088359935,76.54965564943898],[-42.65138348230956,76.55449774001072],[-42.62156807108126,76.55527019656216],[-42.61515566107148,76.55655845603304],[-42.60754411312644,76.55810809959911],[-42.6032670598806,76.56069357709902],[-42.60962913498279,76.56662637951884],[-42.587220630538184,76.56725675239608],[-42.584712298848736,76.56893294868493],[-42.59234552178877,76.57150751766204],[-42.58845019090783,76.57247785683255]]]}},{"type":"Feature","properties":{"prefecture":"徳島県"},"geometry":{"type":"Polygon","coordinates":[[[-41.25227902025045,76.56478633545676],[-41.250506422483156,76.56315400027488],[-41.250017140032966,76.56106810272908],[-41.25841312200473,76.56012724638596],[-41.27784836485124,76.56252276990982],[-41.29265430907394,76.56302159944393],[-41.33072830183493,76.56497603884995],[-41.35175204456118,76.56285424938022],[-41.369638110326996,76.56231623333078],[-41.3828090098176,76.55977332842575],[-41.403907687175405,76.55491575860032],[-41.40416446806522,76.54952640389081],[-41.427247681434665,76.54333855380621],[-41.532434716728986,76.54142248367921],[-41.576035869822526,76.53006708805293],[-41.60884521959389,76.52819506809413],[-41.638955403992334,76.52874306814368],[-41.69904305906976,76.53826585819375],[-41.71630990753608,76.53488894430532],[-41.727277407097745,76.5368581724102],[-41.77607829253086,76.53861605008656],[-41.77014296928905,76.53645921109555],[-41.79331079236897,76.53985678599172],[-41.80696713739499,76.5395851886711],[-41.80833949389518,76.53780220366227],[-41.82750645280277,76.53907434203444],[-41.82367507070736,76.53726940864101],[-41.80749607728069,76.53372172889134],[-41.80883843135864,76.53188272183728],[-41.798916953694416,76.5299373117726],[-41.80567916438236,76.52823860622108],[-41.791839479163954,76.52560086410078],[-41.76311250812443,76.52285661060975],[-41.749924209265295,76.52091029344267],[-41.73633751896945,76.52020339796864],[-41.71293447926148,76.51804700463059],[-41.703388775852936,76.51778913774365],[-41.67670675603205,76.51312564529759],[-41.65165827690719,76.51015475923211],[-41.63557831318982,76.50957768885372],[-41.62865686653192,76.51195575477928],[-41.608035570979524,76.51132138494143],[-41.59932971305487,76.50976552434247],[-41.56881400083115,76.50971989914476],[-41.567642498899446,76.5078813071163],[-41.54473642367944,76.50433433541711],[-41.545332964979856,76.5019471473564],[-41.535497318540536,76.4988555449342],[-41.53715146604002,76.49688871468092],[-41.4868291859231,76.49579613525209],[-41.45739239161042,76.49471136573833],[-41.45012443442591,76.49250834272489],[-41.46380378809637,76.49156456129114],[-41.457979678977054,76.49089936812739],[-41.44619809147724,76.49060086350521],[-41.42749168827397,76.48930529389379],[-41.41206944520254,76.48930143319957],[-41.39832891526853,76.48889494889427],[-41.36542953226448,76.48906073131845],[-41.35318068278049,76.48885230066014],[-41.34402871276483,76.48974643141374],[-41.31962397817218,76.49015157149044],[-41.29394513491927,76.49184797614431],[-41.290076680718,76.49290046156759],[-41.233610290018156,76.49645415762068],[-41.1886817542645,76.50100565028104],[-41.17443246582237,76.50312542685575],[-41.16389633342313,76.50628339873276],[-41.14410463452902,76.50882149466574],[-41.131584341687365,76.50954347557646],[-41.11723837472603,76.51153121454601],[-41.086895611893645,76.51495132803636],[-41.106792903384694,76.51515708818896],[-41.103595586706255,76.51682698227721],[-41.1288907720861,76.5163286344252],[-41.124142430915384,76.51918081935487],[-41.1080562588968,76.52319970844685],[-41.10458703632086,76.52598654140535],[-41.10926832542388,76.52928664623853],[-41.12223781387712,76.53127532220826],[-41.12863376172318,76.53413511465287],[-41.14514987665715,76.53547811237684],[-41.15249051535764,76.53929191041794],[-41.162962706462665,76.54389909095711],[-41.1604184233009,76.54897883800624],[-41.16433854081441,76.5510487902959],[-41.16062228551156,76.55294684201645],[-41.155752841241195,76.5563899223352],[-41.163846584798286,76.55690979867953],[-41.18399003194534,76.55996887819926],[-41.18523891271144,76.56211738380203],[-41.19618944191735,76.56395724602328],[-41.208211024904195,76.56369471340844],[-41.22860189925786,76.5647638502415],[-41.23779318507241,76.56394933127595],[-41.25227902025045,76.56478633545676]]]}},{"type":"Feature","properties":{"prefecture":"香川県"},"geometry":{"type":"Polygon","coordinates":[[[-41.25227902025045,76.56478633545676],[-41.26830635842527,76.56717155777204],[-41.28202200343781,76.5710137288357],[-41.30126046019097,76.57211887663586],[-41.323936238579684,76.57645490091865],[-41.331225583713135,76.57674937747949],[-41.356645578321526,76.58223564681938],[-41.35203562820517,76.5830901376213],[-41.36297734765673,76.58643065991325],[-41.385318511980344,76.58937159128347],[-41.40686107440831,76.59079545773683],[-41.42045181066299,76.59362800641038],[-41.429515931610275,76.59605347136505],[-41.45832892422234,76.59942772437464],[-41.48984395306889,76.60083073980987],[-41.52661242232772,76.60332688118888],[-41.58577617115304,76.60471875263939],[-41.62957654925281,76.60635869304728],[-41.66780774998548,76.60735029874984],[-41.71258852947732,76.60475290943239],[-41.71132939059794,76.60310601343956],[-41.758597666362064,76.59639726503796],[-41.74796647184383,76.6010011928518],[-41.78167389194711,76.59719414456389],[-41.787144811873716,76.5955196329351],[-41.78639759789797,76.59427493525143],[-41.78603794176318,76.59393207982161],[-41.80820865246537,76.58993730848672],[-41.837131379109366,76.58483186939067],[-41.84049853385717,76.58214625371168],[-41.85493217823154,76.57936197868415],[-41.856305778612715,76.57636372950586],[-41.86700508327403,76.57180307320402],[-41.876435346155134,76.5703056147268],[-41.897708017998625,76.5702629071063],[-41.88461492679772,76.56272842955454],[-41.882584573016096,76.55962374311792],[-41.86453866164355,76.54594285437811],[-41.876256163058315,76.54619332021711],[-41.86626723942342,76.54434207337742],[-41.83884411406276,76.54129556129332],[-41.82750645280277,76.53907434203444],[-41.80833949389518,76.53780220366227],[-41.80696713739499,76.5395851886711],[-41.79331079236897,76.53985678599172],[-41.77014296928905,76.53645921109555],[-41.77607829253086,76.53861605008656],[-41.727277407097745,76.5368581724102],[-41.71630990753608,76.53488894430532],[-41.69904305906976,76.53826585819375],[-41.638955403992334,76.52874306814368],[-41.60884521959389,76.52819506809413],[-41.576035869822526,76.53006708805293],[-41.532434716728986,76.54142248367921],[-41.427247681434665,76.54333855380621],[-41.40416446806522,76.54952640389081],[-41.403907687175405,76.55491575860032],[-41.3828090098176,76.55977332842575],[-41.369638110326996,76.56231623333078],[-41.35175204456118,76.56285424938022],[-41.33072830183493,76.56497603884995],[-41.29265430907394,76.56302159944393],[-41.27784836485124,76.56252276990982],[-41.25841312200473,76.56012724638596],[-41.250017140032966,76.56106810272908],[-41.250506422483156,76.56315400027488],[-41.25227902025045,76.56478633545676]]]}},{"type":"Feature","properties":{"prefecture":"愛媛県"},"geometry":{"type":"Polygon","coordinates":[[[-42.31486766249553,76.47061105946024],[-42.30284982337702,76.47124037347638],[-42.29685764732648,76.47255923593731],[-42.307219309790725,76.474477109066],[-42.308302176183375,76.47572543113975],[-42.32107081446696,76.47686957933853],[-42.31524656912707,76.47738413184176],[-42.32151540352573,76.47923686067735],[-42.331650370640496,76.47978455858595],[-42.342731445384764,76.48160562299032],[-42.35464286710107,76.48287392516625],[-42.34332033891856,76.48320500320418],[-42.309783010616144,76.4800651040176],[-42.28956028748172,76.48094671196955],[-42.28346906780611,76.48210123076974],[-42.26260879363744,76.48183663367614],[-42.26766022914834,76.48315248518453],[-42.26015035294277,76.48374836498174],[-42.260433334081796,76.48394264418883],[-42.24243677696325,76.48423457356222],[-42.217551855680824,76.4842076612673],[-42.19231015884321,76.48500368409657],[-42.190720738661454,76.48573821455948],[-42.204332693849956,76.48847210583322],[-42.22059208075661,76.4892913976994],[-42.226790793290725,76.49150007921678],[-42.24832243499052,76.49647474532922],[-42.248951555170265,76.49991901095157],[-42.260372942383,76.5033839063922],[-42.23780227635771,76.50508836577599],[-42.20191939734862,76.50262624726375],[-42.13733737878999,76.50091678033976],[-42.11803444528811,76.50131551266907],[-42.106645527367945,76.50735243378281],[-42.091382359261104,76.50854510455666],[-42.09225598724088,76.51177151160599],[-42.10690739441703,76.5141710222792],[-42.09245475098625,76.52391842175895],[-42.06108051654955,76.52450690934293],[-42.06185842575881,76.52835387993939],[-42.04569839793366,76.5299917939819],[-42.038096849887026,76.53305685185057],[-42.04311790400708,76.53550796324859],[-42.03011295103981,76.53679001876637],[-42.029842583806854,76.5392756245281],[-42.01200028857911,76.53684412104788],[-41.99518855610583,76.53668447662275],[-41.99297294965646,76.53932200432767],[-41.96442138826866,76.53585813639992],[-41.95344434985546,76.53649520810164],[-41.933201034622606,76.53420046548595],[-41.93083360579413,76.5349052760071],[-41.90327110188149,76.5328403026865],[-41.88564138340836,76.53097431664939],[-41.87591978689912,76.53066985226492],[-41.87741447815554,76.53164547734349],[-41.86363564594036,76.53293588760208],[-41.843397482789086,76.53031867480824],[-41.83916071898373,76.53081952302469],[-41.821287058529975,76.52885216948276],[-41.80567916438236,76.52823860622108],[-41.798916953694416,76.5299373117726],[-41.80883843135864,76.53188272183728],[-41.80749607728069,76.53372172889134],[-41.82367507070736,76.53726940864101],[-41.82750645280277,76.53907434203444],[-41.83884411406276,76.54129556129332],[-41.86626723942342,76.54434207337742],[-41.876256163058315,76.54619332021711],[-41.89550562388561,76.54322511155726],[-41.912746969369024,76.5432342560627],[-41.93437357381611,76.546000302771],[-41.95693364087782,76.54809322215402],[-41.96705090048591,76.54843073953609],[-41.9821179919716,76.54894510911913],[-42.00291761408777,76.55133177413525],[-42.023025353920374,76.55159086384793],[-42.04038507197879,76.55075947314504],[-42.06328238525505,76.55165751050265],[-42.09092176780433,76.55232289706427],[-42.111065078052974,76.55413943693792],[-42.13644035063202,76.55743138068101],[-42.16842736685282,76.56262773326407],[-42.177434930922644,76.56302172169578],[-42.198691110807594,76.56610453465066],[-42.20992623734424,76.5667542894743],[-42.22566870220905,76.5665351166534],[-42.22052069485566,76.56531683074091],[-42.22758296169158,76.56385855396053],[-42.260563055301475,76.56382994150563],[-42.287790537631636,76.56234188361826],[-42.309618021760286,76.56140158921274],[-42.311455243616386,76.55933674324714],[-42.319990621407115,76.55749027220405],[-42.34738587846234,76.5570072992497],[-42.35528109853233,76.55512098541651],[-42.3493830922129,76.55348844319212],[-42.364438886304995,76.55167626460862],[-42.36545750001245,76.54863815970106],[-42.35575684373747,76.54498238084022],[-42.37637921642587,76.53552991441425],[-42.42458638527941,76.53011055631023],[-42.460791739207735,76.52868352753985],[-42.4750495250004,76.5279809335057],[-42.50241306594977,76.52402812515322],[-42.515145473153716,76.51913258556394],[-42.52895358821629,76.5171807877325],[-42.54247442101541,76.51641816502037],[-42.57869631331402,76.51360571309462],[-42.59272287453281,76.51366619724473],[-42.594612925348464,76.51219657285691],[-42.60948737379916,76.51342557696967],[-42.619363119661834,76.51332619427211],[-42.61753271551043,76.51101125968754],[-42.62395613402266,76.5103066657282],[-42.63915719803166,76.51204839107437],[-42.65551740429472,76.51089686651294],[-42.638512928563955,76.50958035841319],[-42.63266977297292,76.50722052124141],[-42.610251834904496,76.51016614629943],[-42.58652850775796,76.51017647814646],[-42.56890958380812,76.51122189659732],[-42.56018587156834,76.51314434615327],[-42.52982190628454,76.51117351645489],[-42.51414974217661,76.50928167388176],[-42.50755635638454,76.50678077431172],[-42.51526473568427,76.50583094645205],[-42.50657857203052,76.50345929717537],[-42.51319591852996,76.50289571447908],[-42.492939037588435,76.49936285153011],[-42.50161787244009,76.49762143394659],[-42.478175036277236,76.49526534557916],[-42.45716761187145,76.49501441337534],[-42.43921652800035,76.49361126969944],[-42.44180513368138,76.49164947900266],[-42.429464397906756,76.49067271031026],[-42.405459523962975,76.48787859849426],[-42.403907765778044,76.48719239774705],[-42.42123145164428,76.48685936473672],[-42.41490248727582,76.48524552843325],[-42.42637998746482,76.48503965613945],[-42.45012837968845,76.48697760895028],[-42.45466538206537,76.4856798119858],[-42.44240709805983,76.48382124409576],[-42.42550864923257,76.48266128349091],[-42.42981389722632,76.48120984958499],[-42.42122051908759,76.47925354648787],[-42.44928488569144,76.47996575978985],[-42.45191996430804,76.48060124582831],[-42.46615496444437,76.4804062507241],[-42.46479612434829,76.47877978614315],[-42.473970725462365,76.47868603392969],[-42.465640420737465,76.47834078459712],[-42.460221303589,76.47871799769648],[-42.454897188792295,76.48016910310221],[-42.4467956808346,76.47958970295514],[-42.4166994714432,76.47839698283016],[-42.415117294801654,76.47673533408388],[-42.39477567316794,76.47378196296613],[-42.40783415237528,76.47296142290836],[-42.41995331587489,76.47317211075377],[-42.41399478358716,76.4712602761653],[-42.39334381980221,76.47230614316044],[-42.39629899049451,76.47326164935474],[-42.363084488124905,76.47245554686985],[-42.34611233652448,76.47052378295865],[-42.31486766249553,76.47061105946024]]]}},{"type":"Feature","properties":{"prefecture":"高知県"},"geometry":{"type":"Polygon","coordinates":[[[-41.35318068278049,76.48885230066014],[-41.36542953226448,76.48906073131845],[-41.39832891526853,76.48889494889427],[-41.41206944520254,76.48930143319957],[-41.42749168827397,76.48930529389379],[-41.44619809147724,76.49060086350521],[-41.457979678977054,76.49089936812739],[-41.46380378809637,76.49156456129114],[-41.45012443442591,76.49250834272489],[-41.45739239161042,76.49471136573833],[-41.4868291859231,76.49579613525209],[-41.53715146604002,76.49688871468092],[-41.535497318540536,76.4988555449342],[-41.545332964979856,76.5019471473564],[-41.54473642367944,76.50433433541711],[-41.567642498899446,76.5078813071163],[-41.56881400083115,76.50971989914476],[-41.59932971305487,76.50976552434247],[-41.608035570979524,76.51132138494143],[-41.62865686653192,76.51195575477928],[-41.63557831318982,76.50957768885372],[-41.65165827690719,76.51015475923211],[-41.67670675603205,76.51312564529759],[-41.703388775852936,76.51778913774365],[-41.71293447926148,76.51804700463059],[-41.73633751896945,76.52020339796864],[-41.749924209265295,76.52091029344267],[-41.76311250812443,76.52285661060975],[-41.791839479163954,76.52560086410078],[-41.80567916438236,76.52823860622108],[-41.821287058529975,76.52885216948276],[-41.83916071898373,76.53081952302469],[-41.843397482789086,76.53031867480824],[-41.86363564594036,76.53293588760208],[-41.87741447815554,76.53164547734349],[-41.87591978689912,76.53066985226492],[-41.88564138340836,76.53097431664939],[-41.90327110188149,76.5328403026865],[-41.93083360579413,76.5349052760071],[-41.933201034622606,76.53420046548595],[-41.95344434985546,76.53649520810164],[-41.96442138826866,76.53585813639992],[-41.99297294965646,76.53932200432767],[-41.99518855610583,76.53668447662275],[-42.01200028857911,76.53684412104788],[-42.029842583806854,76.5392756245281],[-42.03011295103981,76.53679001876637],[-42.04311790400708,76.53550796324859],[-42.038096849887026,76.53305685185057],[-42.04569839793366,76.5299917939819],[-42.06185842575881,76.52835387993939],[-42.06108051654955,76.52450690934293],[-42.09245475098625,76.52391842175895],[-42.10690739441703,76.5141710222792],[-42.09225598724088,76.51177151160599],[-42.091382359261104,76.50854510455666],[-42.106645527367945,76.50735243378281],[-42.11803444528811,76.50131551266907],[-42.13733737878999,76.50091678033976],[-42.20191939734862,76.50262624726375],[-42.23780227635771,76.50508836577599],[-42.260372942383,76.5033839063922],[-42.248951555170265,76.49991901095157],[-42.24832243499052,76.49647474532922],[-42.226790793290725,76.49150007921678],[-42.22059208075661,76.4892913976994],[-42.204332693849956,76.48847210583322],[-42.190720738661454,76.48573821455948],[-42.19231015884321,76.48500368409657],[-42.217551855680824,76.4842076612673],[-42.24243677696325,76.48423457356222],[-42.260433334081796,76.48394264418883],[-42.26015035294277,76.48374836498174],[-42.26766022914834,76.48315248518453],[-42.26260879363744,76.48183663367614],[-42.28346906780611,76.48210123076974],[-42.28956028748172,76.48094671196955],[-42.309783010616144,76.4800651040176],[-42.34332033891856,76.48320500320418],[-42.35464286710107,76.48287392516625],[-42.342731445384764,76.48160562299032],[-42.331650370640496,76.47978455858595],[-42.32151540352573,76.47923686067735],[-42.31524656912707,76.47738413184176],[-42.32107081446696,76.47686957933853],[-42.308302176183375,76.47572543113975],[-42.307219309790725,76.474477109066],[-42.29685764732648,76.47255923593731],[-42.30284982337702,76.47124037347638],[-42.31486766249553,76.47061105946024],[-42.30830519868892,76.47022044297321],[-42.28498601686558,76.47016527323649],[-42.27705012599514,76.46857245708617],[-42.28527248191489,76.46842226905969],[-42.30673140101207,76.46740848212019],[-42.30574075915358,76.46609556880351],[-42.322985945313484,76.46483394689008],[-42.31242851251358,76.46354847379493],[-42.29403348202856,76.46351557287183],[-42.273832250492134,76.46402611349694],[-42.267243627051954,76.46309502934942],[-42.234161327480464,76.46171500085158],[-42.22499892279199,76.46120047164857],[-42.19055341785795,76.46274102762101],[-42.16319627244254,76.46239726484221],[-42.14709363226332,76.46171778336901],[-42.1293152828012,76.4604752030119],[-42.12645143728515,76.45961560571507],[-42.11064922964852,76.45905109716283],[-42.09833898606741,76.45923144893989],[-42.11093874123562,76.46188356772771],[-42.132751960474955,76.46259817911329],[-42.13730512459498,76.46385230086774],[-42.13729112411773,76.46551295529373],[-42.11836386928518,76.46521978068158],[-42.1108857252578,76.46726517960028],[-42.1197908625467,76.46820179570373],[-42.11879231250964,76.47022673813247],[-42.10891856500108,76.47188849814317],[-42.09427240468017,76.47235629532202],[-42.06540049056286,76.47182876240076],[-42.05214359475958,76.4738386743347],[-42.04007915881232,76.47408882792705],[-42.0251442016086,76.47603310190576],[-42.02124040792388,76.47682443267855],[-41.98148075047261,76.47962593148392],[-41.968804589501836,76.48217963996265],[-41.967105971085765,76.4837210767027],[-41.97778836220342,76.48601459164689],[-41.96889765669852,76.48685918147005],[-41.98032273460779,76.48809467826479],[-41.96177726997426,76.48917197423266],[-41.96215115087609,76.49116504229346],[-41.94621251811786,76.49231465988832],[-41.92783840992022,76.49212095125272],[-41.9165630522533,76.49365091554341],[-41.89134398301728,76.49357208037954],[-41.865160543597106,76.4944835607689],[-41.87013270372044,76.49515595273407],[-41.87151760383471,76.49579885357508],[-41.86712126695474,76.49658462029214],[-41.84656672400352,76.49690700320491],[-41.80215812075359,76.49881200040038],[-41.78205199997801,76.49994259246019],[-41.73712922733824,76.49944069389912],[-41.7049375627384,76.49845657101878],[-41.6838549051363,76.49621915794265],[-41.654757598539106,76.49502041941388],[-41.64030333311966,76.49395611721796],[-41.59383459945248,76.4915047530771],[-41.57970327683441,76.4902961838924],[-41.570497774761044,76.48877257666175],[-41.54739722808435,76.4874391806836],[-41.536156249847366,76.48697423943106],[-41.52525849737718,76.4864302554279],[-41.52032673614731,76.48490939490624],[-41.4998349324645,76.48379099131617],[-41.4754109900419,76.48214325491476],[-41.47104250069309,76.48095824291242],[-41.456498087597744,76.4809707403747],[-41.42848850252338,76.47889727467638],[-41.42616034162605,76.48057494817236],[-41.419604499726695,76.48195731513425],[-41.412729544860575,76.4844760686416],[-41.39894647891911,76.48578046164177],[-41.39487704913317,76.4864486280451],[-41.36693689385567,76.48833501341268],[-41.35318068278049,76.48885230066014]]]}},{"type":"Feature","properties":{"prefecture":"福岡県"},"geometry":{"type":"Polygon","coordinates":[[[-43.95718564229804,76.55913678350328],[-43.85723157178774,76.56023138284853],[-43.846692263887526,76.55918899442774],[-43.81901295584066,76.55980354790624],[-43.78330905770063,76.55731366252273],[-43.77106976175663,76.55727437770722],[-43.704407167355065,76.54821892136619],[-43.662848927191504,76.54173826723454],[-43.64976631237259,76.54075218033645],[-43.62579990391078,76.53372992968802],[-43.61906211154013,76.53365118068014],[-43.60917159872311,76.53310344681606],[-43.60125444812307,76.5367223855624],[-43.6004959051131,76.5366104397368],[-43.57087281480392,76.53773402567411],[-43.55160186940258,76.53534647142936],[-43.5409380684456,76.52742357934983],[-43.53594263618405,76.51772098804045],[-43.56617128364556,76.51718834210588],[-43.55874653063635,76.51275425934871],[-43.57306829561763,76.50807221888434],[-43.58538508069459,76.50911741445192],[-43.58395953162685,76.50736282289957],[-43.59579909298338,76.50661209648591],[-43.602387744771974,76.50734784721764],[-43.597690413677434,76.504513557966],[-43.61585059869063,76.50343569574302],[-43.6065957961626,76.49954760008497],[-43.60485643803699,76.49680507634412],[-43.58582373060962,76.49464529619394],[-43.579571105452686,76.49314311544626],[-43.57705431317451,76.49208012782235],[-43.57393870289275,76.49073531287188],[-43.581535507137666,76.48670907345964],[-43.547560499093066,76.48766075879921],[-43.53107431713657,76.48882493535048],[-43.53984735951268,76.49110581804624],[-43.515042685437805,76.49365249567462],[-43.50300536616843,76.49410517184175],[-43.50488536515106,76.49514362781666],[-43.49531920359394,76.49590896521079],[-43.47670722186436,76.49553609390756],[-43.45521495284868,76.49562274655487],[-43.44870619022842,76.49823715837194],[-43.43895182151383,76.49886309579603],[-43.42849402520329,76.49798846887514],[-43.410368160112434,76.49776452737997],[-43.392230984804804,76.4966880440248],[-43.38221619428091,76.49670049432503],[-43.35470412750329,76.4956737883737],[-43.34749487965621,76.49594196494398],[-43.33367322447159,76.49848782983882],[-43.34138290702207,76.50084527832497],[-43.355214207716884,76.50169586159532],[-43.342228939177154,76.50305988255394],[-43.35977115997951,76.50327085372432],[-43.3599274873949,76.50442609985932],[-43.342825008489235,76.5053675121186],[-43.3350948086245,76.50787073311582],[-43.3417237395694,76.5120713793533],[-43.35071399272019,76.51283057063081],[-43.33565491868731,76.5164209775316],[-43.319355758989126,76.51719245225176],[-43.31628006237187,76.52377379541151],[-43.311389252467784,76.52627054803395],[-43.29367743500182,76.52711112006062],[-43.27851710376744,76.53068990623623],[-43.2580133308354,76.53291721319793],[-43.252676606915614,76.53303260237632],[-43.22548368037387,76.53398194751128],[-43.20867086942792,76.5329559494115],[-43.1849269269129,76.53253139787948],[-43.163716047743165,76.53321173708935],[-43.16189372015677,76.5348048916537],[-43.1506854135503,76.53691092714628],[-43.160737816823804,76.53927655196878],[-43.15632075050507,76.54118462031585],[-43.16602019711702,76.54150972575034],[-43.18756109812523,76.54303119824264],[-43.198300869846435,76.54284521604785],[-43.20700618876301,76.54459515538939],[-43.238050417036945,76.55071769588012],[-43.27637882322193,76.55760166253809],[-43.27259860602185,76.55837470211188],[-43.30566061731668,76.56308204815626],[-43.32567677540087,76.56539161384488],[-43.316236256963045,76.5653407385026],[-43.307890928340015,76.56502116810135],[-43.30998075877791,76.5667872355051],[-43.318800805934565,76.56886352837927],[-43.310466816335385,76.5691231236116],[-43.32665042905917,76.57136526258834],[-43.35458996448693,76.57151225062964],[-43.35801294296442,76.57049368344504],[-43.36622730280166,76.57050634050069],[-43.37413460779137,76.57076470754838],[-43.396933151740754,76.5727836580134],[-43.4086797215245,76.57300030966242],[-43.42754080392874,76.57422049461776],[-43.4344761814314,76.57344100797239],[-43.45002487779061,76.57385260299924],[-43.471620603145546,76.57444894767609],[-43.47662494885327,76.5749156442399],[-43.46935891197483,76.57448197009944],[-43.43196093870604,76.57383515524832],[-43.440062695954644,76.5750200983562],[-43.483815061046506,76.5762768719937],[-43.509288510123774,76.57697260843322],[-43.526511482383555,76.5766770768027],[-43.532213465971225,76.57629759065382],[-43.550188171361214,76.57608356611443],[-43.57001894977024,76.57601552359674],[-43.61196206699644,76.57620825087231],[-43.626513401574066,76.57540680010993],[-43.654128489965544,76.57475373620031],[-43.65599746823111,76.57404685033435],[-43.67848164385995,76.57259297482425],[-43.66274610799988,76.57195637015555],[-43.66530906243474,76.5709596479439],[-43.679203923434606,76.56937278989585],[-43.69866234840396,76.56863088047913],[-43.710654543311286,76.56719763166807],[-43.68568190800805,76.56534213154097],[-43.70583698990554,76.56499464203539],[-43.705986854107614,76.56228231044223],[-43.70659906151401,76.56153627292356],[-43.73463165346528,76.56200448289769],[-43.743457653758725,76.56220740530182],[-43.76280074374742,76.56279874206835],[-43.77465490506889,76.5622174904593],[-43.80087725388023,76.56338906564503],[-43.828485216031304,76.56542947121812],[-43.83560419876326,76.56497466536547],[-43.86217638677487,76.5645566292633],[-43.86778631760303,76.56377555221454],[-43.90726073058862,76.56318304747231],[-43.877207659979945,76.56317456033582],[-43.86280934639371,76.5627625062624],[-43.89940297732421,76.56217023313548],[-43.94727630572801,76.56073787425393],[-43.95718564229804,76.55913678350328]]]}},{"type":"Feature","properties":{"prefecture":"佐賀県"},"geometry":{"type":"Polygon","coordinates":[[[-43.95718564229804,76.55913678350328],[-43.95983511778091,76.55776420357164],[-43.99422332246238,76.55638846501482],[-44.015842381959025,76.55605645355709],[-44.02898576609041,76.55611310879048],[-44.02680489499366,76.55685587097183],[-44.013937873131006,76.55794874577613],[-44.0178852988401,76.55820038990835],[-44.045991633330296,76.5572097723187],[-44.07502168483374,76.55502429579188],[-44.07897170703728,76.55397857834159],[-44.09673173360107,76.55260729689648],[-44.08901353705055,76.55144011350308],[-44.09668542736983,76.55007301070349],[-44.10390038265213,76.55101897357359],[-44.11431028469623,76.55062452921466],[-44.134434624208595,76.54755830312232],[-44.10273717092006,76.54666912886178],[-44.1342005677783,76.5401856746414],[-44.139597500528076,76.5372359325262],[-44.15263166371881,76.53936411120077],[-44.16095715555499,76.53831132635149],[-44.17636001621016,76.5343763387693],[-44.17024143721827,76.53310755760303],[-44.15684785023291,76.53102858327222],[-44.16291121680829,76.52910035552414],[-44.16017839159022,76.52754721456746],[-44.12885320934526,76.52712153362559],[-44.101569490560856,76.52712670197296],[-44.06386472469991,76.52822256436127],[-44.040916773474876,76.5235613094046],[-44.07745232222804,76.52308183187483],[-44.07788115799988,76.5213984710418],[-44.049457146589575,76.51856146889699],[-43.95796343346122,76.5107812272879],[-43.909162531680835,76.49856006134222],[-43.81219940808619,76.49174264826028],[-43.80849508224323,76.4916969961059],[-43.75655273356803,76.48635392224479],[-43.7439452150773,76.48331456146813],[-43.70205961365911,76.48019565173976],[-43.67689953648089,76.47967135843403],[-43.68049744140225,76.48359231138117],[-43.69583384662171,76.48885683582206],[-43.69863604572957,76.49025843462796],[-43.71399161935342,76.49299889642546],[-43.75737698922217,76.50483047996198],[-43.733411453826,76.50079804192256],[-43.715226405202536,76.50316648737191],[-43.6951042720578,76.5037150765397],[-43.70100010415475,76.50827212438399],[-43.679903285152356,76.50585611385848],[-43.64413182552783,76.49931824295305],[-43.64046425612706,76.49740183614999],[-43.60485643803699,76.49680507634412],[-43.6065957961626,76.49954760008497],[-43.61585059869063,76.50343569574302],[-43.597690413677434,76.504513557966],[-43.602387744771974,76.50734784721764],[-43.59579909298338,76.50661209648591],[-43.58395953162685,76.50736282289957],[-43.58538508069459,76.50911741445192],[-43.57306829561763,76.50807221888434],[-43.55874653063635,76.51275425934871],[-43.56617128364556,76.51718834210588],[-43.53594263618405,76.51772098804045],[-43.5409380684456,76.52742357934983],[-43.55160186940258,76.53534647142936],[-43.57087281480392,76.53773402567411],[-43.6004959051131,76.5366104397368],[-43.60125444812307,76.5367223855624],[-43.60917159872311,76.53310344681606],[-43.61906211154013,76.53365118068014],[-43.62579990391078,76.53372992968802],[-43.64976631237259,76.54075218033645],[-43.662848927191504,76.54173826723454],[-43.704407167355065,76.54821892136619],[-43.77106976175663,76.55727437770722],[-43.78330905770063,76.55731366252273],[-43.81901295584066,76.55980354790624],[-43.846692263887526,76.55918899442774],[-43.85723157178774,76.56023138284853],[-43.95718564229804,76.55913678350328]]]}},{"type":"Feature","properties":{"prefecture":"長崎県"},"geometry":{"type":"Polygon","coordinates":[[[-43.67689953648089,76.47967135843403],[-43.70205961365911,76.48019565173976],[-43.7439452150773,76.48331456146813],[-43.75655273356803,76.48635392224479],[-43.80849508224323,76.4916969961059],[-43.81219940808619,76.49174264826028],[-43.909162531680835,76.49856006134222],[-43.95796343346122,76.5107812272879],[-44.049457146589575,76.51856146889699],[-44.07788115799988,76.5213984710418],[-44.07745232222804,76.52308183187483],[-44.040916773474876,76.5235613094046],[-44.06386472469991,76.52822256436127],[-44.101569490560856,76.52712670197296],[-44.12885320934526,76.52712153362559],[-44.16017839159022,76.52754721456746],[-44.16291121680829,76.52910035552414],[-44.15684785023291,76.53102858327222],[-44.17024143721827,76.53310755760303],[-44.17636001621016,76.5343763387693],[-44.16095715555499,76.53831132635149],[-44.15263166371881,76.53936411120077],[-44.1477255477427,76.54188743124062],[-44.17872084567193,76.53927167427882],[-44.194203252430164,76.53742215628488],[-44.20728552674944,76.53717666192638],[-44.2072340909605,76.53937855108194],[-44.22884569358023,76.53668561150741],[-44.25451490471055,76.5366186749674],[-44.264180209425945,76.53292461150737],[-44.265577192755,76.53131281967163],[-44.24814596834234,76.53255972058946],[-44.26417400143279,76.53009029558523],[-44.28279199034063,76.52615158761144],[-44.28073797518457,76.52495930889904],[-44.265710947117554,76.52375326222959],[-44.248456643208335,76.52475334935924],[-44.2466656036751,76.52625441656454],[-44.24301628639777,76.52521815551388],[-44.24804520960178,76.52246203746463],[-44.239170801495874,76.52248624605454],[-44.235917304661726,76.52047240287514],[-44.25416505545263,76.51734439932943],[-44.22811905423847,76.51967973600745],[-44.224308090501715,76.52309066262166],[-44.21275932338247,76.52384179358114],[-44.219008794972645,76.5216823205546],[-44.200537508419856,76.52337869458968],[-44.18337804026407,76.52434661142995],[-44.17901856285443,76.5242602159904],[-44.17766833460351,76.52387613412361],[-44.18203316879037,76.52218411991227],[-44.188607530713256,76.52120742503084],[-44.18512975100691,76.51795973853059],[-44.158364034569786,76.51721544673072],[-44.12317924062356,76.51850881143658],[-44.0844515738512,76.5126353593192],[-44.004860725274504,76.4979028750529],[-43.99088771215842,76.48834124261964],[-44.00246761045565,76.48336134175189],[-43.996679012677525,76.47921444848708],[-43.97125736685704,76.47580387784983],[-43.944869845408284,76.4676424212876],[-43.85302259634683,76.45062847208919],[-43.89138551955615,76.45056387486311],[-43.959849925014645,76.46395528761353],[-43.97719840188361,76.46310345358181],[-44.034674398140695,76.46940036739838],[-44.100846486178604,76.46384000086478],[-44.11818926658563,76.45639458017854],[-44.19664114314202,76.46803676490055],[-44.19074606092795,76.48015934571367],[-44.21944554106984,76.48798902863062],[-44.17597629462878,76.49202293097557],[-44.19456888630136,76.49682686491869],[-44.176572873236566,76.50176941182816],[-44.20125866925465,76.50833976411225],[-44.23519210206979,76.51013915322298],[-44.21791390814491,76.5137066604577],[-44.247057209207945,76.51679154635792],[-44.28012002623919,76.50608412584766],[-44.28096552060583,76.50342734314586],[-44.29498719583541,76.49921953156938],[-44.29851721994585,76.49443673476596],[-44.291346563952324,76.49051393862766],[-44.28506257369801,76.48262429178571],[-44.277671590385886,76.47591717823654],[-44.257911952565784,76.46688818546251],[-44.22226352837644,76.45713822376348],[-44.225172973122014,76.45939381528048],[-44.198072615366584,76.45463496993871],[-44.18848700868373,76.45104473439838],[-44.14710739185811,76.44365750608786],[-44.10696264260883,76.43927464086234],[-44.068401324887866,76.43696356572809],[-44.086517075705665,76.4381765301594],[-44.093986534869515,76.43888879908157],[-44.115458599953286,76.4399243122587],[-44.0765441780755,76.43800994199383],[-44.05227203945613,76.43697471752374],[-44.05721027787478,76.4371010080797],[-44.01228143392223,76.43556658013541],[-43.98183965748888,76.43444553623816],[-43.9861497671301,76.43420471379953],[-43.93130231715994,76.43461373469037],[-43.9261255978322,76.43525090916509],[-43.88888156358918,76.43659039341983],[-43.84770098148976,76.43930763603673],[-43.77908714981137,76.4476717680504],[-43.75201729759867,76.45072068927361],[-43.736739336308794,76.4532862115369],[-43.71755622075061,76.45587582485638],[-43.717828874011836,76.45209864611778],[-43.727150419394036,76.45034088568191],[-43.779621081967335,76.44422819404559],[-43.78844275507292,76.44296934834149],[-43.79116806010675,76.4424725500566],[-43.76775960068824,76.44348646082575],[-43.76489640573548,76.44290915933908],[-43.739033200511166,76.4448166237663],[-43.71747558036348,76.4469421802619],[-43.69755584334977,76.44961523020474],[-43.68297813316355,76.45045242271625],[-43.65413416860542,76.45377998999187],[-43.64617189717407,76.45579582590821],[-43.650116349527906,76.45647878576463],[-43.631520729635355,76.46017194410442],[-43.62112270341713,76.46543786467537],[-43.62867468946159,76.47114118017653],[-43.63688937193632,76.47167061646459],[-43.6419081496951,76.4725763894584],[-43.66184911131247,76.47005154850895],[-43.668601220538,76.46986989871401],[-43.69512502340281,76.46371367930473],[-43.7000317483595,76.46570657411405],[-43.702330596537664,76.47071555000684],[-43.67907381955144,76.47579754554604],[-43.67689953648089,76.47967135843403]]]}},{"type":"Feature","properties":{"prefecture":"熊本県"},"geometry":{"type":"Polygon","coordinates":[[[-43.68308970138108,76.43193713791817],[-43.66742478264744,76.4315683509899],[-43.65830373413991,76.43094952897033],[-43.633444497488924,76.43116754010435],[-43.61026340847811,76.43170132457053],[-43.59896003537328,76.4321191784255],[-43.567149261044065,76.432497225019],[-43.555261857950754,76.43297827462092],[-43.538572112374446,76.43306542328324],[-43.53237041191787,76.43385211867464],[-43.520006788642,76.43388410528378],[-43.51189128563115,76.43313113096299],[-43.49242086219197,76.43299427282278],[-43.490093594108124,76.4326243833619],[-43.459846920343345,76.4318189119108],[-43.445211715987305,76.43155482612678],[-43.42314605173199,76.4313844059237],[-43.35506740727587,76.43029702620991],[-43.34183769030279,76.43080756830219],[-43.31858017156763,76.43088745707327],[-43.29113010477079,76.43008739998713],[-43.26494181768934,76.43167205913035],[-43.257169318852654,76.43214601573138],[-43.2335835758656,76.43218916343992],[-43.21912847815584,76.43162358407321],[-43.19449650658339,76.43154098655673],[-43.18590424613558,76.43193919515495],[-43.19059849828434,76.43378528668228],[-43.20149618919529,76.43391876327318],[-43.20973008884147,76.4351035218863],[-43.22576824036062,76.43537618024729],[-43.22136371805641,76.43718318091541],[-43.20829057764069,76.43709263857684],[-43.18618717204962,76.43879681014616],[-43.18099242145835,76.43994186035032],[-43.199995621441744,76.44096223634915],[-43.20585405584059,76.44451835586153],[-43.22323428262376,76.44450144084317],[-43.24272043946331,76.44764490631229],[-43.244293806835266,76.44887926251174],[-43.24784736169242,76.45316058311532],[-43.236979340944444,76.45353958710216],[-43.240550196516374,76.45572135825718],[-43.22667355650493,76.45611724916984],[-43.216919258580404,76.45843878884729],[-43.17904591357223,76.45795413999626],[-43.16852449539006,76.45929168154007],[-43.170510219536105,76.46209259354896],[-43.14587425713739,76.46447115780386],[-43.129831569902805,76.46390335881613],[-43.12741271019428,76.46624934458545],[-43.093136626527006,76.46796070267257],[-43.09403576729231,76.46849389930534],[-43.09362863705841,76.4697987677604],[-43.080794186462775,76.47198522592555],[-43.04425262192343,76.47130198763],[-43.08716400629494,76.47483754215185],[-43.09621214252264,76.47691818110529],[-43.10579859668614,76.48103841703963],[-43.096374871121576,76.4822063634343],[-43.124090460387,76.4862184985212],[-43.13046128950196,76.48933971071993],[-43.14361395122147,76.49124598662388],[-43.14603574771902,76.491851924743],[-43.158470000501836,76.4924072629275],[-43.15970414891335,76.49430986725797],[-43.16800205706826,76.49750391818647],[-43.19641250217883,76.50008323332341],[-43.20111880252123,76.50121806623966],[-43.21972389258984,76.50164421807298],[-43.24639686292936,76.50196924476923],[-43.2598440423325,76.5005686835079],[-43.27267011029339,76.5009484853766],[-43.28169286191896,76.49780838964081],[-43.25774886375702,76.49419308057064],[-43.258626263099906,76.49082613213758],[-43.26512072303002,76.49012583288156],[-43.28042885129345,76.49030323332114],[-43.289488058873495,76.49181175618477],[-43.32133339163827,76.49329541011748],[-43.327549943417736,76.4944328403165],[-43.35145386487717,76.49502734761069],[-43.35470412750329,76.4956737883737],[-43.38221619428091,76.49670049432503],[-43.392230984804804,76.4966880440248],[-43.410368160112434,76.49776452737997],[-43.42849402520329,76.49798846887514],[-43.43895182151383,76.49886309579603],[-43.44870619022842,76.49823715837194],[-43.45521495284868,76.49562274655487],[-43.47670722186436,76.49553609390756],[-43.49531920359394,76.49590896521079],[-43.50488536515106,76.49514362781666],[-43.50300536616843,76.49410517184175],[-43.515042685437805,76.49365249567462],[-43.53984735951268,76.49110581804624],[-43.53107431713657,76.48882493535048],[-43.547560499093066,76.48766075879921],[-43.581535507137666,76.48670907345964],[-43.574855079282116,76.48573480718784],[-43.57448519543878,76.48221484410739],[-43.57533488233905,76.48043622323722],[-43.55861653061507,76.47982236230222],[-43.535891505402404,76.47847130572553],[-43.53790542345892,76.47582613114535],[-43.51074154919765,76.47607976473137],[-43.50573297839916,76.47403602844966],[-43.48757351753524,76.47109039107588],[-43.49795465078404,76.46955887351554],[-43.49435442170332,76.4674353252157],[-43.495588507793194,76.46406689168359],[-43.522332963249355,76.46202423666942],[-43.544976049608564,76.45844462462146],[-43.570651992090575,76.45659333510778],[-43.60250178545149,76.45314853849875],[-43.596477076004184,76.45182291959297],[-43.56908217604627,76.45337694541541],[-43.547332577481775,76.45516337847212],[-43.48780831326794,76.4569511101005],[-43.48821053203237,76.45539926728624],[-43.51991031572018,76.45246250841001],[-43.54213570630157,76.44900589178182],[-43.564295742017336,76.44717309927421],[-43.545536836870795,76.44485441817523],[-43.54238426716313,76.44285559550599],[-43.565795548711044,76.44105249218366],[-43.596471453107036,76.43910541743969],[-43.61133583008601,76.43746102189155],[-43.607979762043854,76.43683179510144],[-43.61384801931941,76.43600573398885],[-43.633695740770214,76.43540640841587],[-43.6350097814341,76.43441201774705],[-43.65946519660192,76.43400169457358],[-43.67473845521358,76.43301785488859],[-43.68308970138108,76.43193713791817]]]}},{"type":"Feature","properties":{"prefecture":"大分県"},"geometry":{"type":"Polygon","coordinates":[[[-43.15632075050507,76.54118462031585],[-43.160737816823804,76.53927655196878],[-43.1506854135503,76.53691092714628],[-43.16189372015677,76.5348048916537],[-43.163716047743165,76.53321173708935],[-43.1849269269129,76.53253139787948],[-43.20867086942792,76.5329559494115],[-43.22548368037387,76.53398194751128],[-43.252676606915614,76.53303260237632],[-43.2580133308354,76.53291721319793],[-43.27851710376744,76.53068990623623],[-43.29367743500182,76.52711112006062],[-43.311389252467784,76.52627054803395],[-43.31628006237187,76.52377379541151],[-43.319355758989126,76.51719245225176],[-43.33565491868731,76.5164209775316],[-43.35071399272019,76.51283057063081],[-43.3417237395694,76.5120713793533],[-43.3350948086245,76.50787073311582],[-43.342825008489235,76.5053675121186],[-43.3599274873949,76.50442609985932],[-43.35977115997951,76.50327085372432],[-43.342228939177154,76.50305988255394],[-43.355214207716884,76.50169586159532],[-43.34138290702207,76.50084527832497],[-43.33367322447159,76.49848782983882],[-43.34749487965621,76.49594196494398],[-43.35470412750329,76.4956737883737],[-43.35145386487717,76.49502734761069],[-43.327549943417736,76.4944328403165],[-43.32133339163827,76.49329541011748],[-43.289488058873495,76.49181175618477],[-43.28042885129345,76.49030323332114],[-43.26512072303002,76.49012583288156],[-43.258626263099906,76.49082613213758],[-43.25774886375702,76.49419308057064],[-43.28169286191896,76.49780838964081],[-43.27267011029339,76.5009484853766],[-43.2598440423325,76.5005686835079],[-43.24639686292936,76.50196924476923],[-43.21972389258984,76.50164421807298],[-43.20111880252123,76.50121806623966],[-43.19641250217883,76.50008323332341],[-43.16800205706826,76.49750391818647],[-43.15970414891335,76.49430986725797],[-43.158470000501836,76.4924072629275],[-43.14603574771902,76.491851924743],[-43.14361395122147,76.49124598662388],[-43.13046128950196,76.48933971071993],[-43.124090460387,76.4862184985212],[-43.096374871121576,76.4822063634343],[-43.10579859668614,76.48103841703963],[-43.09621214252264,76.47691818110529],[-43.08716400629494,76.47483754215185],[-43.04425262192343,76.47130198763],[-43.03359671122596,76.47084021107091],[-43.02235549513617,76.46953465877247],[-42.98943101404535,76.46943115332068],[-42.9807151567194,76.47007889984653],[-42.95842793877909,76.47028053275164],[-42.93316677707022,76.46853572070144],[-42.93794674585996,76.46737863861576],[-42.92185968455242,76.46661003618037],[-42.90334169051511,76.4663289278114],[-42.8914364915417,76.46722639644706],[-42.843094534178796,76.4669300886324],[-42.82305242469939,76.46718813299108],[-42.81437903752292,76.4684137278552],[-42.809842625300334,76.47015846483744],[-42.78180752041998,76.47039280236085],[-42.77135007574784,76.46979993255539],[-42.743258171860774,76.46979905657156],[-42.751000564294316,76.46737203446517],[-42.74929070619994,76.4651695156869],[-42.72849969851462,76.46566181688547],[-42.737929273852785,76.46724027929355],[-42.72125647639391,76.46870772033712],[-42.701427798089256,76.4676819147742],[-42.69212112130387,76.46897506152455],[-42.677477688707405,76.4698778913725],[-42.69290745668933,76.47080392464788],[-42.6658108976674,76.47354261666013],[-42.67735535519738,76.47504354883583],[-42.664090245608556,76.47615311581902],[-42.690510417358745,76.47709775549475],[-42.70753939049481,76.47879173367082],[-42.726260495363775,76.48000418816524],[-42.71130915035875,76.4822980437921],[-42.70525152454829,76.48423160777361],[-42.681162112767936,76.48364674590319],[-42.670710691328395,76.48519757956998],[-42.70708060866251,76.48530881530857],[-42.73840962679436,76.48699905595302],[-42.716266304286385,76.48987672467787],[-42.73681518297242,76.49043293990445],[-42.74818106588363,76.4891753522832],[-42.76453759389386,76.49002261654603],[-42.76861493273914,76.49148800412499],[-42.762965509447,76.49361754125165],[-42.74956237333919,76.49578618672825],[-42.7278555896867,76.50256604301437],[-42.776856273154515,76.50152126021352],[-42.798486037401084,76.50229884227767],[-42.82070200770783,76.50392371201255],[-42.84854614472066,76.50665702498482],[-42.89712395488445,76.50554899323288],[-42.9124661133458,76.50419337185596],[-42.9567409525992,76.50626889419442],[-42.96244302306874,76.50719514136362],[-42.97073999671359,76.5145807855487],[-42.95552588548935,76.51680104958686],[-42.942989771618294,76.51532141739607],[-42.91743417698643,76.51425165272425],[-42.910116333649995,76.51668528894703],[-42.89866926985221,76.5167657660592],[-42.88233551383158,76.5168997781222],[-42.89001976046461,76.52186715024253],[-42.87519542579034,76.52148755068582],[-42.85000410524606,76.51932648194095],[-42.843519794540754,76.52289610008295],[-42.83408651429863,76.52391824978186],[-42.84327559486592,76.52679201067008],[-42.841771644337655,76.52874485482116],[-42.849231876834125,76.53160474370998],[-42.86972374811795,76.53400252052506],[-42.896013452632346,76.53751514722278],[-42.90330601214978,76.53733131213669],[-42.93961898267707,76.53952574427578],[-42.9625984339184,76.53935492656129],[-42.978975191547825,76.53937611297208],[-43.00586219987833,76.537737703069],[-43.02608266592845,76.5369117693672],[-43.02202507729317,76.53563504948036],[-43.027150446548035,76.53600601530415],[-43.08367512689957,76.53753635770141],[-43.10603574778323,76.53777304188701],[-43.11792967614833,76.53932884672972],[-43.136862305667876,76.53984325361492],[-43.15632075050507,76.54118462031585]]]}},{"type":"Feature","properties":{"prefecture":"宮崎県"},"geometry":{"type":"Polygon","coordinates":[[[-42.72849969851462,76.46566181688547],[-42.74929070619994,76.4651695156869],[-42.751000564294316,76.46737203446517],[-42.743258171860774,76.46979905657156],[-42.77135007574784,76.46979993255539],[-42.78180752041998,76.47039280236085],[-42.809842625300334,76.47015846483744],[-42.81437903752292,76.4684137278552],[-42.82305242469939,76.46718813299108],[-42.843094534178796,76.4669300886324],[-42.8914364915417,76.46722639644706],[-42.90334169051511,76.4663289278114],[-42.92185968455242,76.46661003618037],[-42.93794674585996,76.46737863861576],[-42.93316677707022,76.46853572070144],[-42.95842793877909,76.47028053275164],[-42.9807151567194,76.47007889984653],[-42.98943101404535,76.46943115332068],[-43.02235549513617,76.46953465877247],[-43.03359671122596,76.47084021107091],[-43.04425262192343,76.47130198763],[-43.080794186462775,76.47198522592555],[-43.09362863705841,76.4697987677604],[-43.09403576729231,76.46849389930534],[-43.093136626527006,76.46796070267257],[-43.12741271019428,76.46624934458545],[-43.129831569902805,76.46390335881613],[-43.14587425713739,76.46447115780386],[-43.170510219536105,76.46209259354896],[-43.16852449539006,76.45929168154007],[-43.17904591357223,76.45795413999626],[-43.216919258580404,76.45843878884729],[-43.22667355650493,76.45611724916984],[-43.240550196516374,76.45572135825718],[-43.236979340944444,76.45353958710216],[-43.24784736169242,76.45316058311532],[-43.244293806835266,76.44887926251174],[-43.24272043946331,76.44764490631229],[-43.22323428262376,76.44450144084317],[-43.20585405584059,76.44451835586153],[-43.199995621441744,76.44096223634915],[-43.18099242145835,76.43994186035032],[-43.18618717204962,76.43879681014616],[-43.20829057764069,76.43709263857684],[-43.22136371805641,76.43718318091541],[-43.22576824036062,76.43537618024729],[-43.20973008884147,76.4351035218863],[-43.20149618919529,76.43391876327318],[-43.19059849828434,76.43378528668228],[-43.18590424613558,76.43193919515495],[-43.19449650658339,76.43154098655673],[-43.21912847815584,76.43162358407321],[-43.2335835758656,76.43218916343992],[-43.257169318852654,76.43214601573138],[-43.26494181768934,76.43167205913035],[-43.29113010477079,76.43008739998713],[-43.31858017156763,76.43088745707327],[-43.34183769030279,76.43080756830219],[-43.35506740727587,76.43029702620991],[-43.42314605173199,76.4313844059237],[-43.445211715987305,76.43155482612678],[-43.45600451474513,76.43113220400238],[-43.45558118825113,76.43071026715447],[-43.43308025743926,76.4302068917264],[-43.403307425070544,76.42884150741847],[-43.39631379699085,76.42728716515398],[-43.37190754307681,76.4250826870858],[-43.340679080950764,76.42411685462132],[-43.328470768409936,76.423258037149],[-43.31073066130303,76.42093295434388],[-43.30200961524711,76.42075638212015],[-43.30187446981159,76.42074282663604],[-43.314410656625384,76.42057379387917],[-43.32409157931677,76.4168503189111],[-43.318320226213615,76.4161278291835],[-43.29449819454901,76.41577080760842],[-43.28575444599986,76.41459171820634],[-43.247241326674114,76.41366407846725],[-43.25196786979906,76.41247793005043],[-43.228214530343244,76.41154126615079],[-43.22823547665628,76.40943415338755],[-43.218372927205046,76.40839752529914],[-43.220524856723074,76.40699904068619],[-43.20284080412778,76.40450706798384],[-43.18901915737193,76.40605708708259],[-43.16285403434973,76.4041907980109],[-43.13990428851973,76.4046142099258],[-43.12932400965139,76.40407681307198],[-43.13176185964059,76.40346139538987],[-43.12114132630874,76.4020205006217],[-43.12728222786873,76.40060406879171],[-43.12765210416064,76.39860335152468],[-43.141692564963776,76.39795585973206],[-43.14985454092543,76.39589453145682],[-43.12527035737478,76.39559060842245],[-43.10475418865345,76.39486766007076],[-43.109772939819365,76.39383806277132],[-43.095319020756826,76.39288745704287],[-43.05416181367325,76.394216473214],[-43.03537236059149,76.3953948642637],[-43.03089383114494,76.39612636207372],[-43.03526436246631,76.39770086932599],[-43.02332281890697,76.39882073851192],[-43.02293966417488,76.40147097278121],[-42.99816426107687,76.40417313730896],[-42.97501397712105,76.40543113755082],[-42.97703090752061,76.40826703222005],[-42.96981758412424,76.40929533478757],[-42.96914626500265,76.41048732179249],[-42.95612480039473,76.41215759164096],[-42.974887320352565,76.41338188053666],[-42.976583513940966,76.41422094223299],[-42.97210207048991,76.41714927570445],[-42.95694184565426,76.42222580346271],[-42.94136832952664,76.42635764733652],[-42.93366007038016,76.42880457126071],[-42.92441468905325,76.43061564689962],[-42.91891622619616,76.43294437597334],[-42.89965034520544,76.43777950986718],[-42.89652173522648,76.43978814717865],[-42.8869907033925,76.44199045619625],[-42.86502946209442,76.44477142423642],[-42.86818524072923,76.44511927029096],[-42.8546571624365,76.44835584681174],[-42.84359309671579,76.44845175534493],[-42.8348492765302,76.44968888496051],[-42.852100834772656,76.45117123882467],[-42.847494044554146,76.45257547855061],[-42.82715702277494,76.45165902257509],[-42.81044937103548,76.45295233303547],[-42.833048631766815,76.45454700951787],[-42.83655102640765,76.45543808348658],[-42.82404905270141,76.45765754423165],[-42.80471863592574,76.45787562234425],[-42.78846784414911,76.4599705344789],[-42.794474496570714,76.46126469622078],[-42.76011654199449,76.46364040078966],[-42.72849969851462,76.46566181688547]]]}},{"type":"Feature","properties":{"prefecture":"鹿児島県"},"geometry":{"type":"Polygon","coordinates":[[[-43.14985454092543,76.39589453145682],[-43.141692564963776,76.39795585973206],[-43.12765210416064,76.39860335152468],[-43.12728222786873,76.40060406879171],[-43.12114132630874,76.4020205006217],[-43.13176185964059,76.40346139538987],[-43.12932400965139,76.40407681307198],[-43.13990428851973,76.4046142099258],[-43.16285403434973,76.4041907980109],[-43.18901915737193,76.40605708708259],[-43.20284080412778,76.40450706798384],[-43.220524856723074,76.40699904068619],[-43.218372927205046,76.40839752529914],[-43.22823547665628,76.40943415338755],[-43.228214530343244,76.41154126615079],[-43.25196786979906,76.41247793005043],[-43.247241326674114,76.41366407846725],[-43.28575444599986,76.41459171820634],[-43.29449819454901,76.41577080760842],[-43.318320226213615,76.4161278291835],[-43.32409157931677,76.4168503189111],[-43.314410656625384,76.42057379387917],[-43.30187446981159,76.42074282663604],[-43.30200961524711,76.42075638212015],[-43.31073066130303,76.42093295434388],[-43.328470768409936,76.423258037149],[-43.340679080950764,76.42411685462132],[-43.37190754307681,76.4250826870858],[-43.39631379699085,76.42728716515398],[-43.403307425070544,76.42884150741847],[-43.43308025743926,76.4302068917264],[-43.45558118825113,76.43071026715447],[-43.45600451474513,76.43113220400238],[-43.445211715987305,76.43155482612678],[-43.459846920343345,76.4318189119108],[-43.490093594108124,76.4326243833619],[-43.49242086219197,76.43299427282278],[-43.51189128563115,76.43313113096299],[-43.520006788642,76.43388410528378],[-43.53237041191787,76.43385211867464],[-43.538572112374446,76.43306542328324],[-43.555261857950754,76.43297827462092],[-43.567149261044065,76.432497225019],[-43.59896003537328,76.4321191784255],[-43.61026340847811,76.43170132457053],[-43.633444497488924,76.43116754010435],[-43.65830373413991,76.43094952897033],[-43.66742478264744,76.4315683509899],[-43.68308970138108,76.43193713791817],[-43.690046491872636,76.43087777859998],[-43.73322177178785,76.42935809572893],[-43.755158574317676,76.4295750240981],[-43.76620590351608,76.42940391818475],[-43.780240029691264,76.42909940070051],[-43.80331652028166,76.42817957355638],[-43.80706446549387,76.42724663073881],[-43.78986418372397,76.4274439353713],[-43.78901767739559,76.42618356489753],[-43.8046449939572,76.42517838500686],[-43.80546201977347,76.42465585574932],[-43.79245552635012,76.42426436925341],[-43.7840974519869,76.42233456552496],[-43.78260361429288,76.42166091034379],[-43.79333989860598,76.41983015091012],[-43.80187423433188,76.41907155467598],[-43.81696814050067,76.41623020267585],[-43.81373507774411,76.41517863853701],[-43.76916120012986,76.412305788406],[-43.743434192530486,76.40895082958288],[-43.731816156291536,76.40813278549342],[-43.721536327896146,76.40610136786823],[-43.716869485896424,76.40163839438605],[-43.72847053075445,76.39706295067435],[-43.75013417440193,76.39389007145184],[-43.774697456249704,76.39356929929342],[-43.79732643293347,76.3946608876149],[-43.810379943548455,76.39620349371013],[-43.82718456872784,76.39580251804055],[-43.816595173672404,76.3942611301906],[-43.80050257323747,76.39277325212974],[-43.79140892610013,76.3925136497916],[-43.76518376518523,76.38919978053676],[-43.778147910113184,76.38918878490907],[-43.76276252101567,76.38713926013627],[-43.73936906218088,76.38658140617011],[-43.726943658795875,76.38663271336591],[-43.70651002102618,76.38569165024707],[-43.673007184929425,76.38456461200747],[-43.63227996082571,76.383329489035],[-43.61394825298116,76.38300240854285],[-43.595111505463635,76.38225020322966],[-43.57875233069745,76.38139660490725],[-43.576890521537216,76.38043299794698],[-43.56216783975352,76.37995117400219],[-43.547060491284405,76.38015337447243],[-43.525332176084866,76.37954285580135],[-43.51536255739799,76.37999233173544],[-43.49878768831204,76.37988776879762],[-43.47746543276661,76.38072829366578],[-43.48282976627487,76.38129056898174],[-43.471294678143074,76.38197060195237],[-43.503311176094755,76.38237665872937],[-43.53015793926333,76.3837151758223],[-43.544509045951,76.38472394854426],[-43.57989175487965,76.39256372570892],[-43.5828877922964,76.3965571269746],[-43.56998795061281,76.39611306704379],[-43.562316724593686,76.39989865685355],[-43.549189059387494,76.40075113462204],[-43.54180739049187,76.40232400517154],[-43.54550585244469,76.40387672191613],[-43.51911263804003,76.40562569009839],[-43.50946056838418,76.40658814070588],[-43.51402661677586,76.4073617899275],[-43.51287437858631,76.40856101508022],[-43.48306858307457,76.41037705935958],[-43.47501513190471,76.41035942632203],[-43.46549544557361,76.41085159886119],[-43.44432064066306,76.41035102533263],[-43.4347460700296,76.40945961221273],[-43.38825642995931,76.40924817121906],[-43.364531091892296,76.40652455726435],[-43.38151297784253,76.40485421464433],[-43.39055870351812,76.40207783662756],[-43.4160606784825,76.40061778492405],[-43.44880413724479,76.40100814292789],[-43.44616320721367,76.40357788500236],[-43.46175554437892,76.40498627374316],[-43.504175044416534,76.40509269849748],[-43.525961124788445,76.40302946269944],[-43.49467647562172,76.40070465199545],[-43.45472959053043,76.40098899242106],[-43.447893016348154,76.39992872301413],[-43.45693209383127,76.39621308787055],[-43.45004988289664,76.39400218812162],[-43.427802188093445,76.39303580417587],[-43.40428421756113,76.39007944448805],[-43.39050951670876,76.38738789401118],[-43.37453165129817,76.38549924795988],[-43.382974199117484,76.38363673793302],[-43.38859346889194,76.38212873775947],[-43.403166281422216,76.38135241523962],[-43.413586514802105,76.38069563773483],[-43.40543306210454,76.38020156088525],[-43.4212194669249,76.37878098668858],[-43.44095529680446,76.37825094141338],[-43.477128363585294,76.37702536965442],[-43.46418569205481,76.37674071699539],[-43.46495636244187,76.37594204853836],[-43.47761998110504,76.37515541568108],[-43.46110198805648,76.37504129997235],[-43.44027070149162,76.37619726998538],[-43.41308721052057,76.3767037368235],[-43.38770438413468,76.37762291127547],[-43.366941659785,76.37807065998241],[-43.33739819587676,76.37849075213542],[-43.32210890245968,76.37910792717928],[-43.28311324822749,76.38041682431586],[-43.2759178711982,76.38147272292403],[-43.256116384517135,76.38259169549538],[-43.24549424092566,76.3841517530871],[-43.21621143501262,76.38465335171689],[-43.18798205228429,76.38660862624575],[-43.20767441539674,76.38682349957641],[-43.189927184869795,76.38870911457268],[-43.19125161558597,76.38927802194254],[-43.23819547851404,76.38934199197979],[-43.23231078276982,76.39102696122427],[-43.206416527428274,76.3940552841199],[-43.18653279525847,76.39501527938388],[-43.176755634611894,76.39614838661169],[-43.14985454092543,76.39589453145682]]]}},{"type":"Feature","properties":{"prefecture":"沖縄県"},"geometry":{"type":"Polygon","coordinates":[[[-45.2604577008172,76.15557808480625],[-45.237806605174455,76.15328532763436],[-45.233241265488,76.15145786856824],[-45.215397136521254,76.15028631602027],[-45.18314229452739,76.1489909472933],[-45.16526006235979,76.14838453559538],[-45.143054347908205,76.14731780432734],[-45.11822883995207,76.14620754824878],[-45.13095158615807,76.14684441700412],[-45.16779704027089,76.14906287239215],[-45.1774028674111,76.14986089139948],[-45.16999841163447,76.14946370239004],[-45.17189279456042,76.14973731296327],[-45.16647929700114,76.14927239675582],[-45.15879294907778,76.14851197317769],[-45.15946363456008,76.1483472695351],[-45.14248270816774,76.14647649692499],[-45.08077008555702,76.14278268553319],[-45.06449765760602,76.14150679538288],[-45.108814190534154,76.14367099521506],[-45.1397332953104,76.14615442271763],[-45.158468478305494,76.14850549133217],[-45.23504454651621,76.16143108812419],[-45.22619521450862,76.16064817638086],[-45.23183973393738,76.16224568266537],[-45.22214111467399,76.16314450780654],[-45.05036360845972,76.14288295524906],[-45.05366585112051,76.14880858673314],[-44.90590881409961,76.15345201738553],[-44.91951590633875,76.18593952767398],[-44.72294686165632,76.19533526100375],[-44.752544303576826,76.21703106414442],[-44.72995833619203,76.21419011880572],[-44.70715684937788,76.20321112931468],[-44.7043543359011,76.20760042604618],[-44.69428798486302,76.20627405266603],[-44.69870158953554,76.21061033425165],[-44.71742380917843,76.21837880725805],[-44.70757964971743,76.21632735380103],[-44.72079134291433,76.2221362083941],[-44.70418765811257,76.21814035602546],[-44.6793168226118,76.21425457845676],[-44.67849957874548,76.21752656703573],[-44.67430020061185,76.21776783195129],[-44.67611763503859,76.22168904367375],[-44.6715072022991,76.22144620172527],[-44.6797522502429,76.22497759129817],[-44.69101596614081,76.22742447418058],[-44.71964742620012,76.23123826359986],[-44.74361087443096,76.23376624506353],[-44.74476817615914,76.23218029994659],[-44.76322580028551,76.23308940770715],[-44.78095019956689,76.23500648980783],[-44.77102903333849,76.23350037254434],[-44.79620830150069,76.23655863686072],[-44.802511666592025,76.23735457998666],[-44.78761690316109,76.23525538897655],[-44.799198351240186,76.23700778302592],[-44.86592272687335,76.24538141896741],[-44.948133792909104,76.25026314908281],[-44.931728689075406,76.2482796336281],[-45.00872068705689,76.248879072977],[-45.07102200531001,76.2473284724483],[-45.12311105374979,76.24394909566857],[-45.139107850818256,76.2429404207747],[-45.12507094485258,76.24454262070368],[-45.159693964242095,76.24154490919638],[-45.15299492865757,76.24204937739115],[-45.10799355477476,76.24677006185038],[-44.93018680962357,76.24797070716848],[-44.955263794920086,76.22883422677896],[-45.08973836491249,76.19879767538804],[-45.143432190693325,76.18981107617707],[-45.26401249449838,76.19005067873194],[-45.275226329627976,76.18446423412003],[-45.2697647075503,76.17781661190305],[-45.270785483525444,76.1694063419776],[-45.281614486644386,76.17255746782446],[-45.28629200146931,76.17099402216161],[-45.30553065629441,76.17655580069682],[-45.2950452019947,76.17130141077237],[-45.25966158275843,76.16205840627646],[-45.24565749253556,76.15923010993328],[-45.216884459642635,76.15444086098498],[-45.232647775652595,76.15565267675731],[-45.24509729351888,76.15695425819897],[-45.25011038546746,76.1565754840511],[-45.25778637078378,76.15740260724674],[-45.26194635180563,76.15779615861547],[-45.248216500941304,76.15595783652613],[-45.266740130655386,76.1572758959442],[-45.271516059836934,76.15714574032495],[-45.2604577008172,76.15557808480625]]]}}]}