{
"type": "FeatureCollection",
"name": "pref_hex_merged_todouhuken",
"crs": { "type": "name", "properties": { "name": "urn:ogc:def:crs:EPSG::3857" } },
"features": [
{ "type": "Feature", "properties": { "N03_003": "あわら市", "N03_001": "福井県" }, "geometry": { "type": "Polygon", "coordinates": [ [ [ 15176944.180611709132791, 4332840.279012442566454 ], [ 15170007.861527897417545, 4344854.336083116009831 ], [ 15156135.223360270261765, 4344854.336083116009831 ], [ 15149198.904276458546519, 4332840.279012442566454 ], [ 15156135.223360270261765, 4320826.221941769123077 ], [ 15170007.861527897417545, 4320826.221941769123077 ], [ 15176944.180611709132791, 4332840.279012442566454 ] ] ] } },
{ "type": "Feature", "properties": { "N03_003": "いなべ市", "N03_001": "三重県" }, "geometry": { "type": "Polygon", "coordinates": [ [ [ 15218562.095114586874843, 4188671.594164359383285 ], [ 15211625.776030775159597, 4200685.651235032826662 ], [ 15197753.137863148003817, 4200685.651235032826662 ], [ 15190816.818779336288571, 4188671.594164359383285 ], [ 15197753.137863148003817, 4176657.537093685474247 ], [ 15211625.776030775159597, 4176657.537093685474247 ], [ 15218562.095114586874843, 4188671.594164359383285 ] ] ] } },
{ "type": "Feature", "properties": { "N03_003": "いわき市", "N03_001": "福島県" }, "geometry": { "type": "MultiPolygon", "coordinates": [ [ [ [ 15655550.197394803166389, 4416938.678507158532739 ], [ 15648613.878310991451144, 4428952.735577831976116 ], [ 15655550.197394803166389, 4440966.792648505419493 ], [ 15669422.83556243032217, 4440966.792648505419493 ], [ 15676359.154646242037416, 4428952.735577831976116 ], [ 15669422.83556243032217, 4416938.678507158532739 ], [ 15655550.197394803166389, 4416938.678507158532739 ] ] ], [ [ [ 15690231.792813869193196, 4428952.735577832907438 ], [ 15676359.154646242037416, 4428952.735577832907438 ], [ 15669422.83556243032217, 4440966.792648506350815 ], [ 15655550.197394803166389, 4440966.792648506350815 ], [ 15648613.878310991451144, 4452980.849719179794192 ], [ 15655550.197394803166389, 4464994.906789853237569 ], [ 15669422.83556243032217, 4464994.906789853237569 ], [ 15676359.154646242037416, 4452980.849719179794192 ], [ 15690231.792813869193196, 4452980.849719179794192 ], [ 15697168.111897680908442, 4464994.906789853237569 ], [ 15711040.750065308064222, 4464994.906789853237569 ], [ 15717977.069149119779468, 4452980.849719179794192 ], [ 15711040.750065308064222, 4440966.792648506350815 ], [ 15697168.111897680908442, 4440966.792648506350815 ], [ 15690231.792813869193196, 4428952.735577832907438 ] ] ], [ [ [ 15690231.792813869193196, 4452980.849719180725515 ], [ 15676359.154646242037416, 4452980.849719180725515 ], [ 15669422.83556243032217, 4464994.906789854168892 ], [ 15655550.197394803166389, 4464994.906789854168892 ], [ 15648613.878310991451144, 4477008.963860527612269 ], [ 15655550.197394803166389, 4489023.020931201055646 ], [ 15669422.83556243032217, 4489023.020931201055646 ], [ 15676359.154646242037416, 4477008.963860527612269 ], [ 15690231.792813869193196, 4477008.963860527612269 ], [ 15697168.111897680908442, 4464994.906789854168892 ], [ 15690231.792813869193196, 4452980.849719180725515 ] ] ] ] } },
{ "type": "Feature", "properties": { "N03_003": "うきは市", "N03_001": "福岡県" }, "geometry": { "type": "Polygon", "coordinates": [ [ [ 14573484.420319981873035, 3936376.395680211950094 ], [ 14566548.10123617015779, 3948390.452750885859132 ], [ 14552675.463068543002009, 3948390.452750885859132 ], [ 14545739.143984731286764, 3936376.395680211950094 ], [ 14552675.463068543002009, 3924362.338609538041055 ], [ 14566548.10123617015779, 3924362.338609538041055 ], [ 14573484.420319981873035, 3936376.395680211950094 ] ] ] } },
{ "type": "Feature", "properties": { "N03_003": "うるま市", "N03_001": "沖縄県" }, "geometry": { "type": "Polygon", "coordinates": [ [ [ 14261350.061548398807645, 3035322.11537968646735 ], [ 14254413.7424645870924, 3047336.172450360376388 ], [ 14240541.104296959936619, 3047336.172450360376388 ], [ 14233604.785213148221374, 3035322.11537968646735 ], [ 14240541.104296959936619, 3023308.058309012558311 ], [ 14254413.7424645870924, 3023308.058309012558311 ], [ 14261350.061548398807645, 3035322.11537968646735 ] ] ] } },
{ "type": "Feature", "properties": { "N03_003": "えびの市", "N03_001": "宮崎県" }, "geometry": { "type": "Polygon", "coordinates": [ [ [ 14573484.420319981873035, 3768179.596690780483186 ], [ 14566548.10123617015779, 3780193.653761454392225 ], [ 14552675.463068543002009, 3780193.653761454392225 ], [ 14545739.143984731286764, 3768179.596690780483186 ], [ 14552675.463068543002009, 3756165.539620106574148 ], [ 14566548.10123617015779, 3756165.539620106574148 ], [ 14573484.420319981873035, 3768179.596690780483186 ] ] ] } },
{ "type": "Feature", "properties": { "N03_003": "かすみがうら市", "N03_001": "茨城県" }, "geometry": { "type": "Polygon", "coordinates": [ [ [ 15634741.240143364295363, 4308812.1648710956797 ], [ 15627804.921059552580118, 4320826.221941769123077 ], [ 15613932.282891925424337, 4320826.221941769123077 ], [ 15606995.963808113709092, 4308812.1648710956797 ], [ 15613932.282891925424337, 4296798.107800422236323 ], [ 15627804.921059552580118, 4296798.107800422236323 ], [ 15634741.240143364295363, 4308812.1648710956797 ] ] ] } },
{ "type": "Feature", "properties": { "N03_003": "さいたま市", "N03_001": "埼玉県" }, "geometry": { "type": "Polygon", "coordinates": [ [ [ 15551505.411137608811259, 4284784.050729748792946 ], [ 15544569.092053797096014, 4296798.107800422236323 ], [ 15530696.453886169940233, 4296798.107800422236323 ], [ 15523760.134802358224988, 4284784.050729748792946 ], [ 15530696.453886169940233, 4272769.993659075349569 ], [ 15544569.092053797096014, 4272769.993659075349569 ], [ 15551505.411137608811259, 4284784.050729748792946 ] ] ] } },
{ "type": "Feature", "properties": { "N03_003": "さくら市", "N03_001": "栃木県" }, "geometry": { "type": "Polygon", "coordinates": [ [ [ 15593123.325640486553311, 4404924.621436485089362 ], [ 15586187.006556674838066, 4416938.678507158532739 ], [ 15572314.368389047682285, 4416938.678507158532739 ], [ 15565378.04930523596704, 4404924.621436485089362 ], [ 15572314.368389047682285, 4392910.564365811645985 ], [ 15586187.006556674838066, 4392910.564365811645985 ], [ 15593123.325640486553311, 4404924.621436485089362 ] ] ] } },
{ "type": "Feature", "properties": { "N03_003": "さぬき市", "N03_001": "香川県" }, "geometry": { "type": "Polygon", "coordinates": [ [ [ 14948045.650845881551504, 4056516.96638694871217 ], [ 14941109.331762069836259, 4068531.023457622621208 ], [ 14927236.693594442680478, 4068531.023457622621208 ], [ 14920300.374510630965233, 4056516.96638694871217 ], [ 14927236.693594442680478, 4044502.909316274803132 ], [ 14941109.331762069836259, 4044502.909316274803132 ], [ 14948045.650845881551504, 4056516.96638694871217 ] ] ] } },
{ "type": "Feature", "properties": { "N03_003": "たつの市", "N03_001": "兵庫県" }, "geometry": { "type": "Polygon", "coordinates": [ [ [ 14989663.565348759293556, 4128601.308810990769416 ], [ 14982727.246264947578311, 4116587.251740316860378 ], [ 14968854.60809732042253, 4116587.251740316860378 ], [ 14961918.289013508707285, 4128601.308810990769416 ], [ 14968854.60809732042253, 4140615.365881664678454 ], [ 14961918.289013508707285, 4152629.422952338121831 ], [ 14968854.60809732042253, 4164643.48002301203087 ], [ 14982727.246264947578311, 4164643.48002301203087 ], [ 14989663.565348759293556, 4152629.422952338121831 ], [ 14982727.246264947578311, 4140615.365881664678454 ], [ 14989663.565348759293556, 4128601.308810990769416 ] ] ] } },
{ "type": "Feature", "properties": { "N03_003": "つがる市", "N03_001": "青森県" }, "geometry": { "type": "Polygon", "coordinates": [ [ [ 15634741.240143364295363, 4981599.360828821547329 ], [ 15627804.921059552580118, 4969585.303758148103952 ], [ 15613932.282891925424337, 4969585.303758148103952 ], [ 15606995.963808113709092, 4981599.360828821547329 ], [ 15613932.282891925424337, 4993613.417899494990706 ], [ 15606995.963808113709092, 5005627.474970168434083 ], [ 15613932.282891925424337, 5017641.53204084187746 ], [ 15627804.921059552580118, 5017641.53204084187746 ], [ 15634741.240143364295363, 5005627.474970168434083 ], [ 15627804.921059552580118, 4993613.417899494990706 ], [ 15634741.240143364295363, 4981599.360828821547329 ] ] ] } },
{ "type": "Feature", "properties": { "N03_003": "つくば市", "N03_001": "茨城県" }, "geometry": { "type": "Polygon", "coordinates": [ [ [ 15613932.282891925424337, 4320826.221941769123077 ], [ 15606995.963808113709092, 4332840.279012442566454 ], [ 15593123.325640486553311, 4332840.279012442566454 ], [ 15586187.006556674838066, 4320826.221941769123077 ], [ 15593123.325640486553311, 4308812.1648710956797 ], [ 15606995.963808113709092, 4308812.1648710956797 ], [ 15613932.282891925424337, 4320826.221941769123077 ] ] ] } },
{ "type": "Feature", "properties": { "N03_003": "にかほ市", "N03_001": "秋田県" }, "geometry": { "type": "MultiPolygon", "coordinates": [ [ [ [ 15586187.006556674838066, 4729304.162344674579799 ], [ 15572314.368389047682285, 4729304.162344674579799 ], [ 15565378.04930523596704, 4741318.219415348023176 ], [ 15572314.368389047682285, 4753332.276486021466553 ], [ 15586187.006556674838066, 4753332.276486021466553 ], [ 15593123.325640486553311, 4741318.219415348023176 ], [ 15586187.006556674838066, 4729304.162344674579799 ] ] ], [ [ [ 15586187.006556674838066, 4753332.276486022397876 ], [ 15572314.368389047682285, 4753332.276486022397876 ], [ 15565378.04930523596704, 4765346.333556695841253 ], [ 15572314.368389047682285, 4777360.39062736928463 ], [ 15586187.006556674838066, 4777360.39062736928463 ], [ 15593123.325640486553311, 4765346.333556695841253 ], [ 15586187.006556674838066, 4753332.276486022397876 ] ] ] ] } },
{ "type": "Feature", "properties": { "N03_003": "ひたちなか市", "N03_001": "茨城県" }, "geometry": { "type": "Polygon", "coordinates": [ [ [ 15676359.154646242037416, 4356868.393153790384531 ], [ 15669422.83556243032217, 4368882.450224463827908 ], [ 15655550.197394803166389, 4368882.450224463827908 ], [ 15648613.878310991451144, 4356868.393153790384531 ], [ 15655550.197394803166389, 4344854.336083116941154 ], [ 15669422.83556243032217, 4344854.336083116941154 ], [ 15676359.154646242037416, 4356868.393153790384531 ] ] ] } },
{ "type": "Feature", "properties": { "N03_003": "むつ市", "N03_001": "青森県" }, "geometry": { "type": "MultiPolygon", "coordinates": [ [ [ [ 15697168.111897680908442, 5017641.532040842808783 ], [ 15690231.792813869193196, 5029655.58911151625216 ], [ 15697168.111897680908442, 5041669.646182189695537 ], [ 15711040.750065308064222, 5041669.646182189695537 ], [ 15717977.069149119779468, 5029655.58911151625216 ], [ 15711040.750065308064222, 5017641.532040842808783 ], [ 15697168.111897680908442, 5017641.532040842808783 ] ] ], [ [ [ 15676359.154646242037416, 5029655.589111517183483 ], [ 15669422.83556243032217, 5041669.64618219062686 ], [ 15676359.154646242037416, 5053683.703252864070237 ], [ 15690231.792813869193196, 5053683.703252864070237 ], [ 15697168.111897680908442, 5065697.760323537513614 ], [ 15690231.792813869193196, 5077711.817394210956991 ], [ 15697168.111897680908442, 5089725.874464884400368 ], [ 15711040.750065308064222, 5089725.874464884400368 ], [ 15717977.069149119779468, 5077711.817394210956991 ], [ 15711040.750065308064222, 5065697.760323537513614 ], [ 15717977.069149119779468, 5053683.703252864070237 ], [ 15731849.707316746935248, 5053683.703252864070237 ], [ 15738786.026400558650494, 5041669.64618219062686 ], [ 15731849.707316746935248, 5029655.589111517183483 ], [ 15717977.069149119779468, 5029655.589111517183483 ], [ 15711040.750065308064222, 5041669.64618219062686 ], [ 15697168.111897680908442, 5041669.64618219062686 ], [ 15690231.792813869193196, 5029655.589111517183483 ], [ 15676359.154646242037416, 5029655.589111517183483 ] ] ] ] } },
{ "type": "Feature", "properties": { "N03_003": "一宮市", "N03_001": "愛知県" }, "geometry": { "type": "Polygon", "coordinates": [ [ [ 15239371.052366025745869, 4200685.651235032826662 ], [ 15232434.733282214030623, 4212699.708305706270039 ], [ 15218562.095114586874843, 4212699.708305706270039 ], [ 15211625.776030775159597, 4200685.651235032826662 ], [ 15218562.095114586874843, 4188671.594164358917624 ], [ 15232434.733282214030623, 4188671.594164358917624 ], [ 15239371.052366025745869, 4200685.651235032826662 ] ] ] } },
{ "type": "Feature", "properties": { "N03_003": "一関市", "N03_001": "岩手県" }, "geometry": { "type": "MultiPolygon", "coordinates": [ [ [ [ 15731849.707316746935248, 4693261.991132653318346 ], [ 15717977.069149119779468, 4693261.991132653318346 ], [ 15711040.750065308064222, 4705276.048203326761723 ], [ 15697168.111897680908442, 4705276.048203326761723 ], [ 15690231.792813869193196, 4717290.1052740002051 ], [ 15697168.111897680908442, 4729304.162344673648477 ], [ 15711040.750065308064222, 4729304.162344673648477 ], [ 15717977.069149119779468, 4717290.1052740002051 ], [ 15731849.707316746935248, 4717290.1052740002051 ], [ 15738786.026400558650494, 4729304.162344673648477 ], [ 15752658.664568185806274, 4729304.162344673648477 ], [ 15759594.98365199752152, 4717290.1052740002051 ], [ 15752658.664568185806274, 4705276.048203326761723 ], [ 15738786.026400558650494, 4705276.048203326761723 ], [ 15731849.707316746935248, 4693261.991132653318346 ] ] ], [ [ [ 15717977.069149119779468, 4717290.105274001136422 ], [ 15711040.750065308064222, 4729304.162344674579799 ], [ 15717977.069149119779468, 4741318.219415348023176 ], [ 15731849.707316746935248, 4741318.219415348023176 ], [ 15738786.026400558650494, 4729304.162344674579799 ], [ 15731849.707316746935248, 4717290.105274001136422 ], [ 15717977.069149119779468, 4717290.105274001136422 ] ] ] ] } },
{ "type": "Feature", "properties": { "N03_003": "七尾市", "N03_001": "石川県" }, "geometry": { "type": "Polygon", "coordinates": [ [ [ 15274052.647785091772676, 4452980.849719179794192 ], [ 15280988.966868903487921, 4440966.792648506350815 ], [ 15274052.647785091772676, 4428952.735577832907438 ], [ 15260180.009617464616895, 4428952.735577832907438 ], [ 15253243.690533652901649, 4440966.792648506350815 ], [ 15239371.052366025745869, 4440966.792648506350815 ], [ 15232434.733282214030623, 4452980.849719179794192 ], [ 15239371.052366025745869, 4464994.906789853237569 ], [ 15253243.690533652901649, 4464994.906789853237569 ], [ 15260180.009617464616895, 4452980.849719179794192 ], [ 15274052.647785091772676, 4452980.849719179794192 ] ] ] } },
{ "type": "Feature", "properties": { "N03_003": "三原市", "N03_001": "広島県" }, "geometry": { "type": "Polygon", "coordinates": [ [ [ 14823191.907337248325348, 4080545.080528296064585 ], [ 14816255.588253436610103, 4092559.137598969973624 ], [ 14802382.950085809454322, 4092559.137598969973624 ], [ 14795446.631001997739077, 4080545.080528296064585 ], [ 14802382.950085809454322, 4068531.023457622155547 ], [ 14816255.588253436610103, 4068531.023457622155547 ], [ 14823191.907337248325348, 4080545.080528296064585 ] ] ] } },
{ "type": "Feature", "properties": { "N03_003": "三好市", "N03_001": "徳島県" }, "geometry": { "type": "Polygon", "coordinates": [ [ [ 14899491.417259192094207, 3996446.681033580098301 ], [ 14885618.779091564938426, 3996446.681033580098301 ], [ 14878682.460007753223181, 4008460.738104254007339 ], [ 14885618.779091564938426, 4020474.795174927450716 ], [ 14878682.460007753223181, 4032488.852245601359755 ], [ 14885618.779091564938426, 4044502.909316275268793 ], [ 14899491.417259192094207, 4044502.909316275268793 ], [ 14906427.736343003809452, 4032488.852245601359755 ], [ 14906427.736343003809452, 4032488.852245601825416 ], [ 14920300.374510630965233, 4032488.852245601825416 ], [ 14927236.693594442680478, 4020474.795174927916378 ], [ 14920300.374510630965233, 4008460.738104254007339 ], [ 14906427.736343003809452, 4008460.738104254007339 ], [ 14899491.417259192094207, 3996446.681033580098301 ] ] ] } },
{ "type": "Feature", "properties": { "N03_003": "三宅村", "N03_001": "東京都" }, "geometry": { "type": "Polygon", "coordinates": [ [ [ 15523760.134802358224988, 4020474.795174927450716 ], [ 15509887.496634731069207, 4020474.795174927450716 ], [ 15502951.177550919353962, 4032488.852245601359755 ], [ 15509887.496634731069207, 4044502.909316275268793 ], [ 15523760.134802358224988, 4044502.909316275268793 ], [ 15530696.453886169940233, 4056516.966386949177831 ], [ 15544569.092053797096014, 4056516.966386949177831 ], [ 15551505.411137608811259, 4044502.909316275268793 ], [ 15544569.092053797096014, 4032488.852245601359755 ], [ 15530696.453886169940233, 4032488.852245601359755 ], [ 15523760.134802358224988, 4020474.795174927450716 ] ] ] } },
{ "type": "Feature", "properties": { "N03_003": "三戸郡", "N03_001": "青森県" }, "geometry": { "type": "MultiPolygon", "coordinates": [ [ [ [ 15711040.750065308064222, 4897500.961334105581045 ], [ 15697168.111897680908442, 4897500.961334105581045 ], [ 15690231.792813869193196, 4909515.018404779024422 ], [ 15697168.111897680908442, 4921529.075475452467799 ], [ 15711040.750065308064222, 4921529.075475452467799 ], [ 15717977.069149119779468, 4909515.018404779024422 ], [ 15711040.750065308064222, 4897500.961334105581045 ] ] ], [ [ [ 15738786.026400558650494, 4921529.075475453399122 ], [ 15731849.707316746935248, 4909515.018404779955745 ], [ 15717977.069149119779468, 4909515.018404779955745 ], [ 15711040.750065308064222, 4921529.075475453399122 ], [ 15697168.111897680908442, 4921529.075475453399122 ], [ 15690231.792813869193196, 4933543.132546126842499 ], [ 15697168.111897680908442, 4945557.189616800285876 ], [ 15711040.750065308064222, 4945557.189616800285876 ], [ 15717977.069149119779468, 4933543.132546126842499 ], [ 15731849.707316746935248, 4933543.132546126842499 ], [ 15738786.026400558650494, 4921529.075475453399122 ] ] ] ] } },
{ "type": "Feature", "properties": { "N03_003": "三方上中郡", "N03_001": "福井県" }, "geometry": { "type": "Polygon", "coordinates": [ [ [ 15135326.266108831390738, 4236727.822447053156793 ], [ 15128389.947025019675493, 4248741.87951772660017 ], [ 15114517.308857392519712, 4248741.87951772660017 ], [ 15107580.989773580804467, 4236727.822447053156793 ], [ 15114517.308857392519712, 4224713.765376379713416 ], [ 15128389.947025019675493, 4224713.765376379713416 ], [ 15135326.266108831390738, 4236727.822447053156793 ] ] ] } },
{ "type": "Feature", "properties": { "N03_003": "三方郡", "N03_001": "福井県" }, "geometry": { "type": "Polygon", "coordinates": [ [ [ 15135326.266108831390738, 4260755.93658840097487 ], [ 15128389.947025019675493, 4272769.993659074418247 ], [ 15114517.308857392519712, 4272769.993659074418247 ], [ 15107580.989773580804467, 4260755.93658840097487 ], [ 15114517.308857392519712, 4248741.879517727531493 ], [ 15128389.947025019675493, 4248741.879517727531493 ], [ 15135326.266108831390738, 4260755.93658840097487 ] ] ] } },
{ "type": "Feature", "properties": { "N03_003": "三木市", "N03_001": "兵庫県" }, "geometry": { "type": "Polygon", "coordinates": [ [ [ 15052090.437103075906634, 4140615.365881664678454 ], [ 15045154.118019264191389, 4152629.422952338587493 ], [ 15031281.479851637035608, 4152629.422952338587493 ], [ 15024345.160767825320363, 4140615.365881664678454 ], [ 15031281.479851637035608, 4128601.308810990769416 ], [ 15045154.118019264191389, 4128601.308810990769416 ], [ 15052090.437103075906634, 4140615.365881664678454 ] ] ] } },
{ "type": "Feature", "properties": { "N03_003": "三条市", "N03_001": "新潟県" }, "geometry": { "type": "Polygon", "coordinates": [ [ [ 15502951.177550919353962, 4513051.1350725479424 ], [ 15509887.496634731069207, 4501037.078001874499023 ], [ 15502951.177550919353962, 4489023.020931201055646 ], [ 15489078.539383292198181, 4489023.020931201055646 ], [ 15482142.220299480482936, 4501037.078001874499023 ], [ 15468269.582131853327155, 4501037.078001874499023 ], [ 15461333.26304804161191, 4513051.1350725479424 ], [ 15468269.582131853327155, 4525065.192143221385777 ], [ 15482142.220299480482936, 4525065.192143221385777 ], [ 15489078.539383292198181, 4513051.1350725479424 ], [ 15502951.177550919353962, 4513051.1350725479424 ] ] ] } },
{ "type": "Feature", "properties": { "N03_003": "三次市", "N03_001": "広島県" }, "geometry": { "type": "Polygon", "coordinates": [ [ [ 14795446.631001997739077, 4104573.194669643417001 ], [ 14781573.992834370583296, 4104573.194669643417001 ], [ 14774637.673750558868051, 4116587.251740317326039 ], [ 14781573.992834370583296, 4128601.308810990769416 ], [ 14774637.673750558868051, 4140615.365881664678454 ], [ 14781573.992834370583296, 4152629.422952338587493 ], [ 14795446.631001997739077, 4152629.422952338587493 ], [ 14802382.950085809454322, 4140615.365881664678454 ], [ 14816255.588253436610103, 4140615.365881664678454 ], [ 14823191.907337248325348, 4128601.308810990769416 ], [ 14816255.588253436610103, 4116587.251740316860378 ], [ 14802382.950085809454322, 4116587.251740316860378 ], [ 14795446.631001997739077, 4104573.194669643417001 ] ] ] } },
{ "type": "Feature", "properties": { "N03_003": "三沢市", "N03_001": "青森県" }, "geometry": { "type": "Polygon", "coordinates": [ [ [ 15759594.98365199752152, 4981599.360828821547329 ], [ 15752658.664568185806274, 4993613.417899494990706 ], [ 15738786.026400558650494, 4993613.417899494990706 ], [ 15731849.707316746935248, 4981599.360828821547329 ], [ 15738786.026400558650494, 4969585.303758148103952 ], [ 15752658.664568185806274, 4969585.303758148103952 ], [ 15759594.98365199752152, 4981599.360828821547329 ] ] ] } },
{ "type": "Feature", "properties": { "N03_003": "三田市", "N03_001": "兵庫県" }, "geometry": { "type": "Polygon", "coordinates": [ [ [ 15072899.39435451477766, 4152629.422952338121831 ], [ 15065963.075270703062415, 4164643.48002301203087 ], [ 15052090.437103075906634, 4164643.48002301203087 ], [ 15045154.118019264191389, 4152629.422952338121831 ], [ 15052090.437103075906634, 4140615.365881664212793 ], [ 15065963.075270703062415, 4140615.365881664212793 ], [ 15072899.39435451477766, 4152629.422952338121831 ] ] ] } },
{ "type": "Feature", "properties": { "N03_003": "三笠市", "N03_001": "北海道" }, "geometry": { "type": "Polygon", "coordinates": [ [ [ 15822021.855406314134598, 5354035.130019705742598 ], [ 15815085.536322502419353, 5366049.187090379185975 ], [ 15801212.898154875263572, 5366049.187090379185975 ], [ 15794276.579071063548326, 5354035.130019705742598 ], [ 15801212.898154875263572, 5342021.072949032299221 ], [ 15815085.536322502419353, 5342021.072949032299221 ], [ 15822021.855406314134598, 5354035.130019705742598 ] ] ] } },
{ "type": "Feature", "properties": { "N03_003": "三豊市", "N03_001": "香川県" }, "geometry": { "type": "Polygon", "coordinates": [ [ [ 14899491.417259192094207, 4068531.023457622621208 ], [ 14906427.736343003809452, 4056516.96638694871217 ], [ 14899491.417259192094207, 4044502.909316274803132 ], [ 14885618.779091564938426, 4044502.909316274803132 ], [ 14878682.460007753223181, 4056516.96638694871217 ], [ 14864809.8218401260674, 4056516.96638694871217 ], [ 14857873.502756314352155, 4068531.023457622621208 ], [ 14864809.8218401260674, 4080545.080528296530247 ], [ 14878682.460007753223181, 4080545.080528296530247 ], [ 14885618.779091564938426, 4068531.023457622621208 ], [ 14899491.417259192094207, 4068531.023457622621208 ] ] ] } },
{ "type": "Feature", "properties": { "N03_003": "上伊那郡", "N03_001": "長野県" }, "geometry": { "type": "Polygon", "coordinates": [ [ [ 15364224.795874658972025, 4296798.107800422236323 ], [ 15357288.47679084725678, 4308812.1648710956797 ], [ 15343415.838623220100999, 4308812.1648710956797 ], [ 15336479.519539408385754, 4296798.107800422236323 ], [ 15343415.838623220100999, 4284784.050729748792946 ], [ 15357288.47679084725678, 4284784.050729748792946 ], [ 15364224.795874658972025, 4296798.107800422236323 ] ] ] } },
{ "type": "Feature", "properties": { "N03_003": "上北郡", "N03_001": "青森県" }, "geometry": { "type": "MultiPolygon", "coordinates": [ [ [ [ 15759594.98365199752152, 4957571.246687474660575 ], [ 15752658.664568185806274, 4945557.189616801217198 ], [ 15738786.026400558650494, 4945557.189616801217198 ], [ 15731849.707316746935248, 4957571.246687474660575 ], [ 15717977.069149119779468, 4957571.246687474660575 ], [ 15711040.750065308064222, 4969585.303758148103952 ], [ 15697168.111897680908442, 4969585.303758148103952 ], [ 15690231.792813869193196, 4981599.360828821547329 ], [ 15697168.111897680908442, 4993613.417899494990706 ], [ 15711040.750065308064222, 4993613.417899494990706 ], [ 15717977.069149119779468, 5005627.474970168434083 ], [ 15731849.707316746935248, 5005627.474970168434083 ], [ 15738786.026400558650494, 5017641.53204084187746 ], [ 15752658.664568185806274, 5017641.53204084187746 ], [ 15759594.98365199752152, 5005627.474970168434083 ], [ 15752658.664568185806274, 4993613.417899494990706 ], [ 15738786.026400558650494, 4993613.417899494990706 ], [ 15731849.707316746935248, 4981599.360828821547329 ], [ 15738786.026400558650494, 4969585.303758148103952 ], [ 15752658.664568185806274, 4969585.303758148103952 ], [ 15759594.98365199752152, 4957571.246687474660575 ] ] ], [ [ [ 15711040.750065308064222, 5017641.532040842808783 ], [ 15717977.069149119779468, 5029655.58911151625216 ], [ 15731849.707316746935248, 5029655.58911151625216 ], [ 15738786.026400558650494, 5041669.646182189695537 ], [ 15752658.664568185806274, 5041669.646182189695537 ], [ 15759594.98365199752152, 5029655.58911151625216 ], [ 15752658.664568185806274, 5017641.532040842808783 ], [ 15738786.026400558650494, 5017641.532040842808783 ], [ 15731849.707316746935248, 5005627.474970169365406 ], [ 15717977.069149119779468, 5005627.474970169365406 ], [ 15711040.750065308064222, 5017641.532040842808783 ] ] ] ] } },
{ "type": "Feature", "properties": { "N03_003": "上天草市", "N03_001": "熊本県" }, "geometry": { "type": "Polygon", "coordinates": [ [ [ 14531866.505817104130983, 3816235.824973475188017 ], [ 14524930.186733292415738, 3804221.767902801278979 ], [ 14511057.548565665259957, 3804221.767902801278979 ], [ 14504121.229481853544712, 3816235.824973475188017 ], [ 14511057.548565665259957, 3828249.882044148631394 ], [ 14504121.229481853544712, 3840263.939114822540432 ], [ 14511057.548565665259957, 3852277.996185496449471 ], [ 14524930.186733292415738, 3852277.996185496449471 ], [ 14531866.505817104130983, 3840263.939114822540432 ], [ 14524930.186733292415738, 3828249.882044148631394 ], [ 14531866.505817104130983, 3816235.824973475188017 ] ] ] } },
{ "type": "Feature", "properties": { "N03_003": "上山市", "N03_001": "山形県" }, "geometry": { "type": "Polygon", "coordinates": [ [ [ 15634741.240143364295363, 4597149.534567263908684 ], [ 15627804.921059552580118, 4609163.591637937352061 ], [ 15613932.282891925424337, 4609163.591637937352061 ], [ 15606995.963808113709092, 4597149.534567263908684 ], [ 15613932.282891925424337, 4585135.477496590465307 ], [ 15627804.921059552580118, 4585135.477496590465307 ], [ 15634741.240143364295363, 4597149.534567263908684 ] ] ] } },
{ "type": "Feature", "properties": { "N03_003": "上川郡", "N03_001": "北海道" }, "geometry": { "type": "MultiPolygon", "coordinates": [ [ [ [ 15884448.727160630747676, 5317992.958807684481144 ], [ 15898321.365328257903457, 5317992.958807684481144 ], [ 15905257.684412069618702, 5330007.015878357924521 ], [ 15919130.322579696774483, 5330007.015878357924521 ], [ 15926066.641663508489728, 5317992.958807684481144 ], [ 15919130.322579696774483, 5305978.901737011037767 ], [ 15905257.684412069618702, 5305978.901737011037767 ], [ 15898321.365328257903457, 5293964.84466633759439 ], [ 15884448.727160630747676, 5293964.84466633759439 ], [ 15877512.408076819032431, 5305978.901737011037767 ], [ 15884448.727160630747676, 5317992.958807684481144 ] ] ], [ [ [ 15884448.727160630747676, 5342021.072949032299221 ], [ 15877512.408076819032431, 5354035.130019705742598 ], [ 15884448.727160630747676, 5366049.187090379185975 ], [ 15877512.408076819032431, 5378063.244161052629352 ], [ 15863639.76990919187665, 5378063.244161052629352 ], [ 15856703.450825380161405, 5390077.301231726072729 ], [ 15863639.76990919187665, 5402091.358302399516106 ], [ 15877512.408076819032431, 5402091.358302399516106 ], [ 15884448.727160630747676, 5390077.301231726072729 ], [ 15898321.365328257903457, 5390077.301231726072729 ], [ 15905257.684412069618702, 5402091.358302399516106 ], [ 15919130.322579696774483, 5402091.358302399516106 ], [ 15926066.641663508489728, 5390077.301231726072729 ], [ 15919130.322579696774483, 5378063.244161052629352 ], [ 15926066.641663508489728, 5366049.187090379185975 ], [ 15919130.322579696774483, 5354035.130019705742598 ], [ 15926066.641663508489728, 5342021.072949032299221 ], [ 15919130.322579696774483, 5330007.015878358855844 ], [ 15905257.684412069618702, 5330007.015878358855844 ], [ 15898321.365328257903457, 5317992.958807685412467 ], [ 15884448.727160630747676, 5317992.958807685412467 ], [ 15877512.408076819032431, 5330007.015878358855844 ], [ 15884448.727160630747676, 5342021.072949032299221 ] ] ], [ [ [ 15842830.812657753005624, 5414105.415373073890805 ], [ 15856703.450825380161405, 5414105.415373073890805 ], [ 15863639.76990919187665, 5426119.472443747334182 ], [ 15877512.408076819032431, 5426119.472443747334182 ], [ 15884448.727160630747676, 5414105.415373073890805 ], [ 15898321.365328257903457, 5414105.415373073890805 ], [ 15905257.684412069618702, 5426119.472443747334182 ], [ 15919130.322579696774483, 5426119.472443747334182 ], [ 15926066.641663508489728, 5414105.415373073890805 ], [ 15939939.279831135645509, 5414105.415373073890805 ], [ 15946875.598914947360754, 5402091.358302400447428 ], [ 15939939.279831135645509, 5390077.301231727004051 ], [ 15926066.641663508489728, 5390077.301231727004051 ], [ 15919130.322579696774483, 5402091.358302400447428 ], [ 15905257.684412069618702, 5402091.358302400447428 ], [ 15898321.365328257903457, 5390077.301231727004051 ], [ 15884448.727160630747676, 5390077.301231727004051 ], [ 15877512.408076819032431, 5402091.358302400447428 ], [ 15863639.76990919187665, 5402091.358302400447428 ], [ 15856703.450825380161405, 5390077.301231727004051 ], [ 15842830.812657753005624, 5390077.301231727004051 ], [ 15835894.493573941290379, 5402091.358302400447428 ], [ 15842830.812657753005624, 5414105.415373073890805 ] ] ], [ [ [ 15856703.450825380161405, 5438133.529514421708882 ], [ 15842830.812657753005624, 5438133.529514421708882 ], [ 15835894.493573941290379, 5450147.586585095152259 ], [ 15842830.812657753005624, 5462161.643655768595636 ], [ 15835894.493573941290379, 5474175.700726442039013 ], [ 15842830.812657753005624, 5486189.75779711548239 ], [ 15856703.450825380161405, 5486189.75779711548239 ], [ 15863639.76990919187665, 5474175.700726442039013 ], [ 15877512.408076819032431, 5474175.700726442039013 ], [ 15884448.727160630747676, 5462161.643655768595636 ], [ 15898321.365328257903457, 5462161.643655768595636 ], [ 15905257.684412069618702, 5450147.586585095152259 ], [ 15919130.322579696774483, 5450147.586585095152259 ], [ 15926066.641663508489728, 5438133.529514421708882 ], [ 15919130.322579696774483, 5426119.472443748265505 ], [ 15905257.684412069618702, 5426119.472443748265505 ], [ 15898321.365328257903457, 5414105.415373074822128 ], [ 15884448.727160630747676, 5414105.415373074822128 ], [ 15877512.408076819032431, 5426119.472443748265505 ], [ 15863639.76990919187665, 5426119.472443748265505 ], [ 15856703.450825380161405, 5438133.529514421708882 ] ] ], [ [ [ 15898321.365328257903457, 5510217.871938463300467 ], [ 15905257.684412069618702, 5498203.81486778985709 ], [ 15898321.365328257903457, 5486189.757797116413713 ], [ 15884448.727160630747676, 5486189.757797116413713 ], [ 15877512.408076819032431, 5498203.81486778985709 ], [ 15884448.727160630747676, 5510217.871938463300467 ], [ 15898321.365328257903457, 5510217.871938463300467 ] ] ], [ [ [ 15898321.365328257903457, 5534245.986079811118543 ], [ 15905257.684412069618702, 5522231.929009137675166 ], [ 15898321.365328257903457, 5510217.871938464231789 ], [ 15884448.727160630747676, 5510217.871938464231789 ], [ 15877512.408076819032431, 5522231.929009137675166 ], [ 15884448.727160630747676, 5534245.986079811118543 ], [ 15898321.365328257903457, 5534245.986079811118543 ] ] ] ] } },
{ "type": "Feature", "properties": { "N03_003": "上水内郡", "N03_001": "長野県" }, "geometry": { "type": "Polygon", "coordinates": [ [ [ 15405842.710377536714077, 4416938.678507158532739 ], [ 15398906.391293724998832, 4428952.735577831976116 ], [ 15385033.753126097843051, 4428952.735577831976116 ], [ 15378097.434042286127806, 4416938.678507158532739 ], [ 15385033.753126097843051, 4404924.621436485089362 ], [ 15398906.391293724998832, 4404924.621436485089362 ], [ 15405842.710377536714077, 4416938.678507158532739 ] ] ] } },
{ "type": "Feature", "properties": { "N03_003": "上浮穴郡", "N03_001": "愛媛県" }, "geometry": { "type": "Polygon", "coordinates": [ [ [ 14823191.907337248325348, 3984432.623962906654924 ], [ 14816255.588253436610103, 3996446.681033580563962 ], [ 14802382.950085809454322, 3996446.681033580563962 ], [ 14795446.631001997739077, 3984432.623962906654924 ], [ 14802382.950085809454322, 3972418.566892232745886 ], [ 14816255.588253436610103, 3972418.566892232745886 ], [ 14823191.907337248325348, 3984432.623962906654924 ] ] ] } },
{ "type": "Feature", "properties": { "N03_003": "上田市", "N03_001": "長野県" }, "geometry": { "type": "MultiPolygon", "coordinates": [ [ [ [ 15398906.391293724998832, 4332840.279012443497777 ], [ 15385033.753126097843051, 4332840.279012443497777 ], [ 15378097.434042286127806, 4344854.336083116941154 ], [ 15385033.753126097843051, 4356868.393153790384531 ], [ 15398906.391293724998832, 4356868.393153790384531 ], [ 15405842.710377536714077, 4344854.336083116941154 ], [ 15398906.391293724998832, 4332840.279012443497777 ] ] ], [ [ [ 15398906.391293724998832, 4356868.393153791315854 ], [ 15385033.753126097843051, 4356868.393153791315854 ], [ 15378097.434042286127806, 4368882.450224464759231 ], [ 15385033.753126097843051, 4380896.507295138202608 ], [ 15398906.391293724998832, 4380896.507295138202608 ], [ 15405842.710377536714077, 4368882.450224464759231 ], [ 15398906.391293724998832, 4356868.393153791315854 ] ] ] ] } },
{ "type": "Feature", "properties": { "N03_003": "上益城郡", "N03_001": "熊本県" }, "geometry": { "type": "Polygon", "coordinates": [ [ [ 14573484.420319981873035, 3864292.053256170358509 ], [ 14587357.058487609028816, 3864292.053256170358509 ], [ 14587357.058487609028816, 3864292.053256169892848 ], [ 14594293.377571420744061, 3876306.110326843801886 ], [ 14608166.015739047899842, 3876306.110326843801886 ], [ 14615102.334822859615088, 3864292.053256169892848 ], [ 14608166.015739047899842, 3852277.996185495983809 ], [ 14594293.377571420744061, 3852277.996185495983809 ], [ 14594293.377571420744061, 3852277.996185496449471 ], [ 14587357.058487609028816, 3840263.939114822540432 ], [ 14573484.420319981873035, 3840263.939114822540432 ], [ 14566548.10123617015779, 3852277.996185495983809 ], [ 14552675.463068543002009, 3852277.996185495983809 ], [ 14545739.143984731286764, 3864292.053256169892848 ], [ 14552675.463068543002009, 3876306.110326843801886 ], [ 14566548.10123617015779, 3876306.110326843801886 ], [ 14573484.420319981873035, 3864292.053256169892848 ], [ 14573484.420319981873035, 3864292.053256170358509 ] ] ] } },
{ "type": "Feature", "properties": { "N03_003": "上磯郡", "N03_001": "北海道" }, "geometry": { "type": "MultiPolygon", "coordinates": [ [ [ [ 15648613.878310991451144, 5101739.931535557843745 ], [ 15655550.197394803166389, 5089725.874464884400368 ], [ 15648613.878310991451144, 5077711.817394210956991 ], [ 15634741.240143364295363, 5077711.817394210956991 ], [ 15627804.921059552580118, 5089725.874464884400368 ], [ 15613932.282891925424337, 5089725.874464884400368 ], [ 15606995.963808113709092, 5101739.931535557843745 ], [ 15613932.282891925424337, 5113753.988606231287122 ], [ 15627804.921059552580118, 5113753.988606231287122 ], [ 15634741.240143364295363, 5101739.931535557843745 ], [ 15648613.878310991451144, 5101739.931535557843745 ] ] ], [ [ [ 15634741.240143364295363, 5101739.931535558775067 ], [ 15627804.921059552580118, 5113753.988606232218444 ], [ 15634741.240143364295363, 5125768.045676905661821 ], [ 15648613.878310991451144, 5125768.045676905661821 ], [ 15655550.197394803166389, 5113753.988606232218444 ], [ 15648613.878310991451144, 5101739.931535558775067 ], [ 15634741.240143364295363, 5101739.931535558775067 ] ] ] ] } },
{ "type": "Feature", "properties": { "N03_003": "上越市", "N03_001": "新潟県" }, "geometry": { "type": "MultiPolygon", "coordinates": [ [ [ [ 15364224.795874658972025, 4440966.792648506350815 ], [ 15357288.47679084725678, 4452980.849719179794192 ], [ 15364224.795874658972025, 4464994.906789853237569 ], [ 15378097.434042286127806, 4464994.906789853237569 ], [ 15385033.753126097843051, 4452980.849719179794192 ], [ 15378097.434042286127806, 4440966.792648506350815 ], [ 15364224.795874658972025, 4440966.792648506350815 ] ] ], [ [ [ 15405842.710377536714077, 4440966.792648506350815 ], [ 15398906.391293724998832, 4452980.849719179794192 ], [ 15405842.710377536714077, 4464994.906789853237569 ], [ 15419715.348545163869858, 4464994.906789853237569 ], [ 15426651.667628975585103, 4452980.849719179794192 ], [ 15419715.348545163869858, 4440966.792648506350815 ], [ 15405842.710377536714077, 4440966.792648506350815 ] ] ], [ [ [ 15385033.753126097843051, 4452980.849719180725515 ], [ 15378097.434042286127806, 4464994.906789854168892 ], [ 15385033.753126097843051, 4477008.963860527612269 ], [ 15398906.391293724998832, 4477008.963860527612269 ], [ 15405842.710377536714077, 4489023.020931201055646 ], [ 15419715.348545163869858, 4489023.020931201055646 ], [ 15426651.667628975585103, 4477008.963860527612269 ], [ 15419715.348545163869858, 4464994.906789854168892 ], [ 15405842.710377536714077, 4464994.906789854168892 ], [ 15398906.391293724998832, 4452980.849719180725515 ], [ 15385033.753126097843051, 4452980.849719180725515 ] ] ] ] } },
{ "type": "Feature", "properties": { "N03_003": "上野原市", "N03_001": "山梨県" }, "geometry": { "type": "Polygon", "coordinates": [ [ [ 15489078.539383292198181, 4248741.879517727531493 ], [ 15482142.220299480482936, 4260755.93658840097487 ], [ 15468269.582131853327155, 4260755.93658840097487 ], [ 15461333.26304804161191, 4248741.879517727531493 ], [ 15468269.582131853327155, 4236727.822447054088116 ], [ 15482142.220299480482936, 4236727.822447054088116 ], [ 15489078.539383292198181, 4248741.879517727531493 ] ] ] } },
{ "type": "Feature", "properties": { "N03_003": "上閉伊郡", "N03_001": "岩手県" }, "geometry": { "type": "Polygon", "coordinates": [ [ [ 15801212.898154875263572, 4789374.447698042728007 ], [ 15794276.579071063548326, 4801388.504768716171384 ], [ 15780403.940903436392546, 4801388.504768716171384 ], [ 15773467.6218196246773, 4789374.447698042728007 ], [ 15780403.940903436392546, 4777360.39062736928463 ], [ 15794276.579071063548326, 4777360.39062736928463 ], [ 15801212.898154875263572, 4789374.447698042728007 ] ] ] } },
{ "type": "Feature", "properties": { "N03_003": "下伊那郡", "N03_001": "長野県" }, "geometry": { "type": "MultiPolygon", "coordinates": [ [ [ [ 15364224.795874658972025, 4200685.651235032826662 ], [ 15357288.47679084725678, 4188671.594164358917624 ], [ 15343415.838623220100999, 4188671.594164358917624 ], [ 15336479.519539408385754, 4200685.651235032826662 ], [ 15322606.881371781229973, 4200685.651235032826662 ], [ 15315670.562287969514728, 4212699.708305706270039 ], [ 15322606.881371781229973, 4224713.765376379713416 ], [ 15336479.519539408385754, 4224713.765376379713416 ], [ 15343415.838623220100999, 4212699.708305706270039 ], [ 15357288.47679084725678, 4212699.708305706270039 ], [ 15364224.795874658972025, 4200685.651235032826662 ] ] ], [ [ [ 15364224.795874658972025, 4224713.765376379713416 ], [ 15357288.47679084725678, 4236727.822447053156793 ], [ 15364224.795874658972025, 4248741.87951772660017 ], [ 15378097.434042286127806, 4248741.87951772660017 ], [ 15385033.753126097843051, 4236727.822447053156793 ], [ 15378097.434042286127806, 4224713.765376379713416 ], [ 15364224.795874658972025, 4224713.765376379713416 ] ] ], [ [ [ 15343415.838623220100999, 4236727.822447054088116 ], [ 15336479.519539408385754, 4248741.879517727531493 ], [ 15343415.838623220100999, 4260755.93658840097487 ], [ 15357288.47679084725678, 4260755.93658840097487 ], [ 15364224.795874658972025, 4248741.879517727531493 ], [ 15357288.47679084725678, 4236727.822447054088116 ], [ 15343415.838623220100999, 4236727.822447054088116 ] ] ] ] } },
{ "type": "Feature", "properties": { "N03_003": "下北郡", "N03_001": "青森県" }, "geometry": { "type": "MultiPolygon", "coordinates": [ [ [ [ 15655550.197394803166389, 5041669.64618219062686 ], [ 15648613.878310991451144, 5053683.703252864070237 ], [ 15655550.197394803166389, 5065697.760323537513614 ], [ 15669422.83556243032217, 5065697.760323537513614 ], [ 15676359.154646242037416, 5077711.817394210956991 ], [ 15669422.83556243032217, 5089725.874464884400368 ], [ 15676359.154646242037416, 5101739.931535557843745 ], [ 15690231.792813869193196, 5101739.931535557843745 ], [ 15697168.111897680908442, 5089725.874464884400368 ], [ 15690231.792813869193196, 5077711.817394210956991 ], [ 15697168.111897680908442, 5065697.760323537513614 ], [ 15690231.792813869193196, 5053683.703252864070237 ], [ 15676359.154646242037416, 5053683.703252864070237 ], [ 15669422.83556243032217, 5041669.64618219062686 ], [ 15655550.197394803166389, 5041669.64618219062686 ] ] ], [ [ [ 15731849.707316746935248, 5053683.703252864070237 ], [ 15717977.069149119779468, 5053683.703252864070237 ], [ 15711040.750065308064222, 5065697.760323537513614 ], [ 15717977.069149119779468, 5077711.817394210956991 ], [ 15731849.707316746935248, 5077711.817394210956991 ], [ 15738786.026400558650494, 5089725.874464884400368 ], [ 15752658.664568185806274, 5089725.874464884400368 ], [ 15759594.98365199752152, 5077711.817394210956991 ], [ 15752658.664568185806274, 5065697.760323537513614 ], [ 15759594.98365199752152, 5053683.703252864070237 ], [ 15752658.664568185806274, 5041669.64618219062686 ], [ 15738786.026400558650494, 5041669.64618219062686 ], [ 15731849.707316746935248, 5053683.703252864070237 ] ] ] ] } },
{ "type": "Feature", "properties": { "N03_003": "下呂市", "N03_001": "岐阜県" }, "geometry": { "type": "Polygon", "coordinates": [ [ [ 15274052.647785091772676, 4260755.936588401906192 ], [ 15260180.009617464616895, 4260755.936588401906192 ], [ 15253243.690533652901649, 4272769.993659075349569 ], [ 15260180.009617464616895, 4284784.050729748792946 ], [ 15253243.690533652901649, 4296798.107800422236323 ], [ 15260180.009617464616895, 4308812.1648710956797 ], [ 15274052.647785091772676, 4308812.1648710956797 ], [ 15280988.966868903487921, 4296798.107800422236323 ], [ 15294861.605036530643702, 4296798.107800422236323 ], [ 15301797.924120342358947, 4284784.050729748792946 ], [ 15294861.605036530643702, 4272769.993659075349569 ], [ 15280988.966868903487921, 4272769.993659075349569 ], [ 15274052.647785091772676, 4260755.936588401906192 ] ] ] } },
{ "type": "Feature", "properties": { "N03_003": "下新川郡", "N03_001": "富山県" }, "geometry": { "type": "Polygon", "coordinates": [ [ [ 15322606.881371781229973, 4440966.792648506350815 ], [ 15315670.562287969514728, 4452980.849719179794192 ], [ 15301797.924120342358947, 4452980.849719179794192 ], [ 15294861.605036530643702, 4440966.792648506350815 ], [ 15301797.924120342358947, 4428952.735577832907438 ], [ 15315670.562287969514728, 4428952.735577832907438 ], [ 15322606.881371781229973, 4440966.792648506350815 ] ] ] } },
{ "type": "Feature", "properties": { "N03_003": "下水内郡", "N03_001": "長野県" }, "geometry": { "type": "Polygon", "coordinates": [ [ [ 15447460.624880414456129, 4416938.678507158532739 ], [ 15440524.305796602740884, 4428952.735577831976116 ], [ 15426651.667628975585103, 4428952.735577831976116 ], [ 15419715.348545163869858, 4416938.678507158532739 ], [ 15426651.667628975585103, 4404924.621436485089362 ], [ 15440524.305796602740884, 4404924.621436485089362 ], [ 15447460.624880414456129, 4416938.678507158532739 ] ] ] } },
{ "type": "Feature", "properties": { "N03_003": "下閉伊郡", "N03_001": "岩手県" }, "geometry": { "type": "MultiPolygon", "coordinates": [ [ [ [ 15801212.898154875263572, 4765346.333556695841253 ], [ 15794276.579071063548326, 4777360.39062736928463 ], [ 15801212.898154875263572, 4789374.447698042728007 ], [ 15815085.536322502419353, 4789374.447698042728007 ], [ 15822021.855406314134598, 4777360.39062736928463 ], [ 15815085.536322502419353, 4765346.333556695841253 ], [ 15801212.898154875263572, 4765346.333556695841253 ] ] ], [ [ [ 15773467.6218196246773, 4837430.675980737432837 ], [ 15780403.940903436392546, 4849444.733051410876215 ], [ 15794276.579071063548326, 4849444.733051410876215 ], [ 15801212.898154875263572, 4837430.675980737432837 ], [ 15794276.579071063548326, 4825416.61891006398946 ], [ 15780403.940903436392546, 4825416.61891006398946 ], [ 15773467.6218196246773, 4837430.675980737432837 ] ] ], [ [ [ 15752658.664568185806274, 4849444.733051411807537 ], [ 15759594.98365199752152, 4861458.790122085250914 ], [ 15773467.6218196246773, 4861458.790122085250914 ], [ 15780403.940903436392546, 4873472.847192758694291 ], [ 15794276.579071063548326, 4873472.847192758694291 ], [ 15801212.898154875263572, 4885486.904263432137668 ], [ 15815085.536322502419353, 4885486.904263432137668 ], [ 15822021.855406314134598, 4873472.847192758694291 ], [ 15815085.536322502419353, 4861458.790122085250914 ], [ 15822021.855406314134598, 4849444.733051411807537 ], [ 15815085.536322502419353, 4837430.67598073836416 ], [ 15801212.898154875263572, 4837430.67598073836416 ], [ 15794276.579071063548326, 4849444.733051411807537 ], [ 15780403.940903436392546, 4849444.733051411807537 ], [ 15773467.6218196246773, 4837430.67598073836416 ], [ 15759594.98365199752152, 4837430.67598073836416 ], [ 15752658.664568185806274, 4849444.733051411807537 ] ] ] ] } },
{ "type": "Feature", "properties": { "N03_003": "下関市", "N03_001": "山口県" }, "geometry": { "type": "Polygon", "coordinates": [ [ [ 14594293.377571420744061, 4044502.909316275268793 ], [ 14587357.058487609028816, 4032488.852245601359755 ], [ 14573484.420319981873035, 4032488.852245601359755 ], [ 14566548.10123617015779, 4044502.909316275268793 ], [ 14573484.420319981873035, 4056516.96638694871217 ], [ 14566548.10123617015779, 4068531.023457622621208 ], [ 14573484.420319981873035, 4080545.080528296530247 ], [ 14587357.058487609028816, 4080545.080528296530247 ], [ 14594293.377571420744061, 4068531.023457622621208 ], [ 14587357.058487609028816, 4056516.96638694871217 ], [ 14594293.377571420744061, 4044502.909316275268793 ] ] ] } },
{ "type": "Feature", "properties": { "N03_003": "下高井郡", "N03_001": "長野県" }, "geometry": { "type": "Polygon", "coordinates": [ [ [ 15426651.667628975585103, 4404924.621436485089362 ], [ 15419715.348545163869858, 4416938.678507158532739 ], [ 15405842.710377536714077, 4416938.678507158532739 ], [ 15398906.391293724998832, 4404924.621436485089362 ], [ 15405842.710377536714077, 4392910.564365811645985 ], [ 15419715.348545163869858, 4392910.564365811645985 ], [ 15426651.667628975585103, 4404924.621436485089362 ] ] ] } },
{ "type": "Feature", "properties": { "N03_003": "与謝郡", "N03_001": "京都府" }, "geometry": { "type": "MultiPolygon", "coordinates": [ [ [ [ 15045154.118019264191389, 4224713.765376379713416 ], [ 15031281.479851637035608, 4224713.765376379713416 ], [ 15024345.160767825320363, 4236727.822447053156793 ], [ 15031281.479851637035608, 4248741.87951772660017 ], [ 15045154.118019264191389, 4248741.87951772660017 ], [ 15052090.437103075906634, 4236727.822447053156793 ], [ 15045154.118019264191389, 4224713.765376379713416 ] ] ], [ [ [ 15065963.075270703062415, 4260755.936588401906192 ], [ 15052090.437103075906634, 4260755.936588401906192 ], [ 15045154.118019264191389, 4272769.993659075349569 ], [ 15052090.437103075906634, 4284784.050729748792946 ], [ 15065963.075270703062415, 4284784.050729748792946 ], [ 15072899.39435451477766, 4272769.993659075349569 ], [ 15065963.075270703062415, 4260755.936588401906192 ] ] ] ] } },
{ "type": "Feature", "properties": { "N03_003": "世羅郡", "N03_001": "広島県" }, "geometry": { "type": "Polygon", "coordinates": [ [ [ 14823191.907337248325348, 4104573.194669643417001 ], [ 14816255.588253436610103, 4116587.251740317326039 ], [ 14802382.950085809454322, 4116587.251740317326039 ], [ 14795446.631001997739077, 4104573.194669643417001 ], [ 14802382.950085809454322, 4092559.137598969507962 ], [ 14816255.588253436610103, 4092559.137598969507962 ], [ 14823191.907337248325348, 4104573.194669643417001 ] ] ] } },
{ "type": "Feature", "properties": { "N03_003": "中川郡", "N03_001": "北海道" }, "geometry": { "type": "MultiPolygon", "coordinates": [ [ [ [ 15863639.76990919187665, 5522231.929009137675166 ], [ 15856703.450825380161405, 5534245.986079811118543 ], [ 15842830.812657753005624, 5534245.986079811118543 ], [ 15835894.493573941290379, 5546260.04315048456192 ], [ 15822021.855406314134598, 5546260.04315048456192 ], [ 15815085.536322502419353, 5558274.100221158005297 ], [ 15801212.898154875263572, 5558274.100221158005297 ], [ 15794276.579071063548326, 5570288.157291831448674 ], [ 15801212.898154875263572, 5582302.214362504892051 ], [ 15815085.536322502419353, 5582302.214362504892051 ], [ 15822021.855406314134598, 5594316.271433178335428 ], [ 15835894.493573941290379, 5594316.271433178335428 ], [ 15842830.812657753005624, 5582302.214362504892051 ], [ 15856703.450825380161405, 5582302.214362504892051 ], [ 15863639.76990919187665, 5570288.157291831448674 ], [ 15877512.408076819032431, 5570288.157291831448674 ], [ 15884448.727160630747676, 5558274.100221158005297 ], [ 15877512.408076819032431, 5546260.04315048456192 ], [ 15884448.727160630747676, 5534245.986079811118543 ], [ 15877512.408076819032431, 5522231.929009137675166 ], [ 15863639.76990919187665, 5522231.929009137675166 ] ] ], [ [ [ 15801212.898154875263572, 5606330.328503852710128 ], [ 15815085.536322502419353, 5606330.328503852710128 ], [ 15822021.855406314134598, 5594316.271433179266751 ], [ 15815085.536322502419353, 5582302.214362505823374 ], [ 15801212.898154875263572, 5582302.214362505823374 ], [ 15794276.579071063548326, 5594316.271433179266751 ], [ 15801212.898154875263572, 5606330.328503852710128 ] ] ], [ [ [ 15946875.598914947360754, 5257922.673454316332936 ], [ 15939939.279831135645509, 5269936.730524989776313 ], [ 15946875.598914947360754, 5281950.78759566321969 ], [ 15939939.279831135645509, 5293964.844666336663067 ], [ 15946875.598914947360754, 5305978.901737010106444 ], [ 15960748.237082574516535, 5305978.901737010106444 ], [ 15967684.55616638623178, 5293964.844666336663067 ], [ 15981557.194334013387561, 5293964.844666336663067 ], [ 15988493.513417825102806, 5281950.78759566321969 ], [ 15981557.194334013387561, 5269936.730524989776313 ], [ 15988493.513417825102806, 5257922.673454316332936 ], [ 15981557.194334013387561, 5245908.616383642889559 ], [ 15967684.55616638623178, 5245908.616383642889559 ], [ 15960748.237082574516535, 5233894.559312969446182 ], [ 15946875.598914947360754, 5233894.559312969446182 ], [ 15939939.279831135645509, 5245908.616383642889559 ], [ 15946875.598914947360754, 5257922.673454316332936 ] ] ], [ [ [ 15967684.55616638623178, 5317992.958807684481144 ], [ 15981557.194334013387561, 5317992.958807684481144 ], [ 15988493.513417825102806, 5305978.901737011037767 ], [ 15981557.194334013387561, 5293964.84466633759439 ], [ 15967684.55616638623178, 5293964.84466633759439 ], [ 15960748.237082574516535, 5305978.901737011037767 ], [ 15967684.55616638623178, 5317992.958807684481144 ] ] ], [ [ [ 15967684.55616638623178, 5342021.072949032299221 ], [ 15981557.194334013387561, 5342021.072949032299221 ], [ 15988493.513417825102806, 5354035.130019705742598 ], [ 16002366.151585452258587, 5354035.130019705742598 ], [ 16009302.470669263973832, 5342021.072949032299221 ], [ 16002366.151585452258587, 5330007.015878358855844 ], [ 15988493.513417825102806, 5330007.015878358855844 ], [ 15981557.194334013387561, 5317992.958807685412467 ], [ 15967684.55616638623178, 5317992.958807685412467 ], [ 15960748.237082574516535, 5330007.015878358855844 ], [ 15967684.55616638623178, 5342021.072949032299221 ] ] ] ] } },
{ "type": "Feature", "properties": { "N03_003": "中新川郡", "N03_001": "富山県" }, "geometry": { "type": "Polygon", "coordinates": [ [ [ 15336479.519539408385754, 4392910.564365811645985 ], [ 15343415.838623220100999, 4380896.507295138202608 ], [ 15336479.519539408385754, 4368882.450224464759231 ], [ 15322606.881371781229973, 4368882.450224464759231 ], [ 15315670.562287969514728, 4380896.507295138202608 ], [ 15301797.924120342358947, 4380896.507295138202608 ], [ 15294861.605036530643702, 4392910.564365811645985 ], [ 15280988.966868903487921, 4392910.564365811645985 ], [ 15274052.647785091772676, 4404924.621436485089362 ], [ 15280988.966868903487921, 4416938.678507158532739 ], [ 15294861.605036530643702, 4416938.678507158532739 ], [ 15301797.924120342358947, 4404924.621436485089362 ], [ 15315670.562287969514728, 4404924.621436485089362 ], [ 15322606.881371781229973, 4392910.564365811645985 ], [ 15336479.519539408385754, 4392910.564365811645985 ] ] ] } },
{ "type": "Feature", "properties": { "N03_003": "中津川市", "N03_001": "岐阜県" }, "geometry": { "type": "MultiPolygon", "coordinates": [ [ [ [ 15315670.562287969514728, 4212699.708305706270039 ], [ 15301797.924120342358947, 4212699.708305706270039 ], [ 15294861.605036530643702, 4224713.765376379713416 ], [ 15301797.924120342358947, 4236727.822447053156793 ], [ 15315670.562287969514728, 4236727.822447053156793 ], [ 15322606.881371781229973, 4224713.765376379713416 ], [ 15315670.562287969514728, 4212699.708305706270039 ] ] ], [ [ [ 15322606.881371781229973, 4248741.879517727531493 ], [ 15315670.562287969514728, 4236727.822447054088116 ], [ 15301797.924120342358947, 4236727.822447054088116 ], [ 15294861.605036530643702, 4248741.879517727531493 ], [ 15280988.966868903487921, 4248741.879517727531493 ], [ 15274052.647785091772676, 4260755.93658840097487 ], [ 15280988.966868903487921, 4272769.993659074418247 ], [ 15294861.605036530643702, 4272769.993659074418247 ], [ 15301797.924120342358947, 4260755.93658840097487 ], [ 15315670.562287969514728, 4260755.93658840097487 ], [ 15322606.881371781229973, 4248741.879517727531493 ] ] ] ] } },
{ "type": "Feature", "properties": { "N03_003": "中津市", "N03_001": "大分県" }, "geometry": { "type": "Polygon", "coordinates": [ [ [ 14615102.334822859615088, 3960404.509821559302509 ], [ 14608166.015739047899842, 3972418.566892233211547 ], [ 14594293.377571420744061, 3972418.566892233211547 ], [ 14587357.058487609028816, 3960404.509821559302509 ], [ 14594293.377571420744061, 3948390.452750885393471 ], [ 14608166.015739047899842, 3948390.452750885393471 ], [ 14615102.334822859615088, 3960404.509821559302509 ] ] ] } },
{ "type": "Feature", "properties": { "N03_003": "中津軽郡", "N03_001": "青森県" }, "geometry": { "type": "Polygon", "coordinates": [ [ [ 15634741.240143364295363, 4933543.132546126842499 ], [ 15627804.921059552580118, 4945557.189616800285876 ], [ 15613932.282891925424337, 4945557.189616800285876 ], [ 15606995.963808113709092, 4933543.132546126842499 ], [ 15613932.282891925424337, 4921529.075475453399122 ], [ 15627804.921059552580118, 4921529.075475453399122 ], [ 15634741.240143364295363, 4933543.132546126842499 ] ] ] } },
{ "type": "Feature", "properties": { "N03_003": "中頭郡", "N03_001": "沖縄県" }, "geometry": { "type": "Polygon", "coordinates": [ [ [ 14240541.104296959936619, 3047336.172450359910727 ], [ 14233604.785213148221374, 3059350.229521033819765 ], [ 14219732.147045521065593, 3059350.229521033819765 ], [ 14212795.827961709350348, 3047336.172450359910727 ], [ 14219732.147045521065593, 3035322.115379686001688 ], [ 14233604.785213148221374, 3035322.115379686001688 ], [ 14240541.104296959936619, 3047336.172450359910727 ] ] ] } },
{ "type": "Feature", "properties": { "N03_003": "中魚沼郡", "N03_001": "新潟県" }, "geometry": { "type": "Polygon", "coordinates": [ [ [ 15447460.624880414456129, 4440966.792648506350815 ], [ 15440524.305796602740884, 4452980.849719179794192 ], [ 15426651.667628975585103, 4452980.849719179794192 ], [ 15419715.348545163869858, 4440966.792648506350815 ], [ 15426651.667628975585103, 4428952.735577832907438 ], [ 15440524.305796602740884, 4428952.735577832907438 ], [ 15447460.624880414456129, 4440966.792648506350815 ] ] ] } },
{ "type": "Feature", "properties": { "N03_003": "串間市", "N03_001": "宮崎県" }, "geometry": { "type": "Polygon", "coordinates": [ [ [ 14635911.292074298486114, 3684081.197196064982563 ], [ 14628974.972990486770868, 3696095.254266738891602 ], [ 14615102.334822859615088, 3696095.254266738891602 ], [ 14608166.015739047899842, 3684081.197196064982563 ], [ 14615102.334822859615088, 3672067.140125391073525 ], [ 14628974.972990486770868, 3672067.140125391073525 ], [ 14635911.292074298486114, 3684081.197196064982563 ] ] ] } },
{ "type": "Feature", "properties": { "N03_003": "丹波市", "N03_001": "兵庫県" }, "geometry": { "type": "Polygon", "coordinates": [ [ [ 15052090.437103075906634, 4188671.594164359383285 ], [ 15045154.118019264191389, 4200685.651235032826662 ], [ 15031281.479851637035608, 4200685.651235032826662 ], [ 15024345.160767825320363, 4188671.594164359383285 ], [ 15031281.479851637035608, 4176657.537093685474247 ], [ 15045154.118019264191389, 4176657.537093685474247 ], [ 15052090.437103075906634, 4188671.594164359383285 ] ] ] } },
{ "type": "Feature", "properties": { "N03_003": "丹波篠山市", "N03_001": "兵庫県" }, "geometry": { "type": "Polygon", "coordinates": [ [ [ 15045154.118019264191389, 4152629.422952338121831 ], [ 15031281.479851637035608, 4152629.422952338121831 ], [ 15024345.160767825320363, 4164643.48002301203087 ], [ 15031281.479851637035608, 4176657.537093685939908 ], [ 15045154.118019264191389, 4176657.537093685939908 ], [ 15052090.437103075906634, 4188671.594164359383285 ], [ 15065963.075270703062415, 4188671.594164359383285 ], [ 15072899.39435451477766, 4176657.537093685474247 ], [ 15065963.075270703062415, 4164643.480023011565208 ], [ 15052090.437103075906634, 4164643.480023011565208 ], [ 15045154.118019264191389, 4152629.422952338121831 ] ] ] } },
{ "type": "Feature", "properties": { "N03_003": "丹生郡", "N03_001": "福井県" }, "geometry": { "type": "Polygon", "coordinates": [ [ [ 15156135.223360270261765, 4296798.107800422236323 ], [ 15149198.904276458546519, 4308812.1648710956797 ], [ 15135326.266108831390738, 4308812.1648710956797 ], [ 15128389.947025019675493, 4296798.107800422236323 ], [ 15135326.266108831390738, 4284784.050729748792946 ], [ 15149198.904276458546519, 4284784.050729748792946 ], [ 15156135.223360270261765, 4296798.107800422236323 ] ] ] } },
{ "type": "Feature", "properties": { "N03_003": "久慈市", "N03_001": "岩手県" }, "geometry": { "type": "Polygon", "coordinates": [ [ [ 15759594.98365199752152, 4861458.790122085250914 ], [ 15752658.664568185806274, 4873472.847192758694291 ], [ 15759594.98365199752152, 4885486.904263432137668 ], [ 15752658.664568185806274, 4897500.961334105581045 ], [ 15759594.98365199752152, 4909515.018404779024422 ], [ 15773467.6218196246773, 4909515.018404779024422 ], [ 15780403.940903436392546, 4921529.075475452467799 ], [ 15794276.579071063548326, 4921529.075475452467799 ], [ 15801212.898154875263572, 4909515.018404779024422 ], [ 15794276.579071063548326, 4897500.961334105581045 ], [ 15801212.898154875263572, 4885486.904263432137668 ], [ 15794276.579071063548326, 4873472.847192758694291 ], [ 15780403.940903436392546, 4873472.847192758694291 ], [ 15773467.6218196246773, 4861458.790122085250914 ], [ 15759594.98365199752152, 4861458.790122085250914 ] ] ] } },
{ "type": "Feature", "properties": { "N03_003": "久慈郡", "N03_001": "茨城県" }, "geometry": { "type": "Polygon", "coordinates": [ [ [ 15634741.240143364295363, 4404924.621436485089362 ], [ 15627804.921059552580118, 4416938.678507158532739 ], [ 15613932.282891925424337, 4416938.678507158532739 ], [ 15606995.963808113709092, 4404924.621436485089362 ], [ 15613932.282891925424337, 4392910.564365811645985 ], [ 15627804.921059552580118, 4392910.564365811645985 ], [ 15634741.240143364295363, 4404924.621436485089362 ] ] ] } },
{ "type": "Feature", "properties": { "N03_003": "久留米市", "N03_001": "福岡県" }, "geometry": { "type": "Polygon", "coordinates": [ [ [ 14552675.463068543002009, 3948390.452750885859132 ], [ 14545739.143984731286764, 3960404.50982155976817 ], [ 14531866.505817104130983, 3960404.50982155976817 ], [ 14524930.186733292415738, 3948390.452750885859132 ], [ 14531866.505817104130983, 3936376.395680211950094 ], [ 14545739.143984731286764, 3936376.395680211950094 ], [ 14552675.463068543002009, 3948390.452750885859132 ] ] ] } },
{ "type": "Feature", "properties": { "N03_003": "久米郡", "N03_001": "岡山県" }, "geometry": { "type": "Polygon", "coordinates": [ [ [ 14927236.693594442680478, 4164643.48002301203087 ], [ 14920300.374510630965233, 4176657.537093685939908 ], [ 14906427.736343003809452, 4176657.537093685939908 ], [ 14899491.417259192094207, 4164643.48002301203087 ], [ 14906427.736343003809452, 4152629.422952338121831 ], [ 14920300.374510630965233, 4152629.422952338121831 ], [ 14927236.693594442680478, 4164643.48002301203087 ] ] ] } },
{ "type": "Feature", "properties": { "N03_003": "久遠郡", "N03_001": "北海道" }, "geometry": { "type": "MultiPolygon", "coordinates": [ [ [ [ 15551505.411137608811259, 5173824.273959600366652 ], [ 15544569.092053797096014, 5185838.331030273810029 ], [ 15551505.411137608811259, 5197852.388100947253406 ], [ 15565378.04930523596704, 5197852.388100947253406 ], [ 15572314.368389047682285, 5209866.445171620696783 ], [ 15586187.006556674838066, 5209866.445171620696783 ], [ 15593123.325640486553311, 5197852.388100947253406 ], [ 15586187.006556674838066, 5185838.331030273810029 ], [ 15572314.368389047682285, 5185838.331030273810029 ], [ 15565378.04930523596704, 5173824.273959600366652 ], [ 15551505.411137608811259, 5173824.273959600366652 ] ] ], [ [ [ 15544569.092053797096014, 5209866.445171621628106 ], [ 15551505.411137608811259, 5221880.502242295071483 ], [ 15565378.04930523596704, 5221880.502242295071483 ], [ 15572314.368389047682285, 5233894.55931296851486 ], [ 15586187.006556674838066, 5233894.55931296851486 ], [ 15593123.325640486553311, 5221880.502242295071483 ], [ 15586187.006556674838066, 5209866.445171621628106 ], [ 15572314.368389047682285, 5209866.445171621628106 ], [ 15565378.04930523596704, 5197852.388100948184729 ], [ 15551505.411137608811259, 5197852.388100948184729 ], [ 15544569.092053797096014, 5209866.445171621628106 ] ] ], [ [ [ 15544569.092053797096014, 5233894.559312969446182 ], [ 15551505.411137608811259, 5245908.616383642889559 ], [ 15565378.04930523596704, 5245908.616383642889559 ], [ 15572314.368389047682285, 5257922.673454316332936 ], [ 15586187.006556674838066, 5257922.673454316332936 ], [ 15593123.325640486553311, 5245908.616383642889559 ], [ 15586187.006556674838066, 5233894.559312969446182 ], [ 15572314.368389047682285, 5233894.559312969446182 ], [ 15565378.04930523596704, 5221880.502242296002805 ], [ 15551505.411137608811259, 5221880.502242296002805 ], [ 15544569.092053797096014, 5233894.559312969446182 ] ] ] ] } },
{ "type": "Feature", "properties": { "N03_003": "九戸郡", "N03_001": "岩手県" }, "geometry": { "type": "MultiPolygon", "coordinates": [ [ [ [ 15759594.98365199752152, 4885486.904263432137668 ], [ 15752658.664568185806274, 4873472.847192758694291 ], [ 15738786.026400558650494, 4873472.847192758694291 ], [ 15731849.707316746935248, 4885486.904263432137668 ], [ 15738786.026400558650494, 4897500.961334105581045 ], [ 15731849.707316746935248, 4909515.018404779024422 ], [ 15738786.026400558650494, 4921529.075475452467799 ], [ 15752658.664568185806274, 4921529.075475452467799 ], [ 15759594.98365199752152, 4909515.018404779024422 ], [ 15752658.664568185806274, 4897500.961334105581045 ], [ 15759594.98365199752152, 4885486.904263432137668 ] ] ], [ [ [ 15759594.98365199752152, 4909515.018404779955745 ], [ 15752658.664568185806274, 4921529.075475453399122 ], [ 15759594.98365199752152, 4933543.132546126842499 ], [ 15773467.6218196246773, 4933543.132546126842499 ], [ 15780403.940903436392546, 4921529.075475453399122 ], [ 15773467.6218196246773, 4909515.018404779955745 ], [ 15759594.98365199752152, 4909515.018404779955745 ] ] ] ] } },
{ "type": "Feature", "properties": { "N03_003": "亀山市", "N03_001": "三重県" }, "geometry": { "type": "Polygon", "coordinates": [ [ [ 15197753.137863148003817, 4152629.422952338121831 ], [ 15190816.818779336288571, 4164643.48002301203087 ], [ 15176944.180611709132791, 4164643.48002301203087 ], [ 15170007.861527897417545, 4152629.422952338121831 ], [ 15176944.180611709132791, 4140615.365881664212793 ], [ 15190816.818779336288571, 4140615.365881664212793 ], [ 15197753.137863148003817, 4152629.422952338121831 ] ] ] } },
{ "type": "Feature", "properties": { "N03_003": "亀岡市", "N03_001": "京都府" }, "geometry": { "type": "Polygon", "coordinates": [ [ [ 15093708.351605953648686, 4164643.48002301203087 ], [ 15086772.032522141933441, 4176657.537093685939908 ], [ 15072899.39435451477766, 4176657.537093685939908 ], [ 15065963.075270703062415, 4164643.48002301203087 ], [ 15072899.39435451477766, 4152629.422952338121831 ], [ 15086772.032522141933441, 4152629.422952338121831 ], [ 15093708.351605953648686, 4164643.48002301203087 ] ] ] } },
{ "type": "Feature", "properties": { "N03_003": "亀田郡", "N03_001": "北海道" }, "geometry": { "type": "Polygon", "coordinates": [ [ [ 15676359.154646242037416, 5149796.159818253479898 ], [ 15669422.83556243032217, 5161810.216888926923275 ], [ 15655550.197394803166389, 5161810.216888926923275 ], [ 15648613.878310991451144, 5149796.159818253479898 ], [ 15655550.197394803166389, 5137782.102747580036521 ], [ 15669422.83556243032217, 5137782.102747580036521 ], [ 15676359.154646242037416, 5149796.159818253479898 ] ] ] } },
{ "type": "Feature", "properties": { "N03_003": "二戸郡", "N03_001": "岩手県" }, "geometry": { "type": "Polygon", "coordinates": [ [ [ 15738786.026400558650494, 4897500.961334105581045 ], [ 15731849.707316746935248, 4909515.018404779024422 ], [ 15717977.069149119779468, 4909515.018404779024422 ], [ 15711040.750065308064222, 4897500.961334105581045 ], [ 15717977.069149119779468, 4885486.904263432137668 ], [ 15731849.707316746935248, 4885486.904263432137668 ], [ 15738786.026400558650494, 4897500.961334105581045 ] ] ] } },
{ "type": "Feature", "properties": { "N03_003": "二本松市", "N03_001": "福島県" }, "geometry": { "type": "Polygon", "coordinates": [ [ [ 15648613.878310991451144, 4525065.192143221385777 ], [ 15655550.197394803166389, 4513051.1350725479424 ], [ 15648613.878310991451144, 4501037.078001874499023 ], [ 15634741.240143364295363, 4501037.078001874499023 ], [ 15627804.921059552580118, 4513051.1350725479424 ], [ 15613932.282891925424337, 4513051.1350725479424 ], [ 15606995.963808113709092, 4525065.192143221385777 ], [ 15613932.282891925424337, 4537079.249213894829154 ], [ 15627804.921059552580118, 4537079.249213894829154 ], [ 15634741.240143364295363, 4525065.192143221385777 ], [ 15648613.878310991451144, 4525065.192143221385777 ] ] ] } },
{ "type": "Feature", "properties": { "N03_003": "二海郡", "N03_001": "北海道" }, "geometry": { "type": "MultiPolygon", "coordinates": [ [ [ [ 15572314.368389047682285, 5161810.216888926923275 ], [ 15565378.04930523596704, 5173824.273959600366652 ], [ 15572314.368389047682285, 5185838.331030273810029 ], [ 15586187.006556674838066, 5185838.331030273810029 ], [ 15593123.325640486553311, 5197852.388100947253406 ], [ 15606995.963808113709092, 5197852.388100947253406 ], [ 15613932.282891925424337, 5209866.445171620696783 ], [ 15627804.921059552580118, 5209866.445171620696783 ], [ 15634741.240143364295363, 5197852.388100947253406 ], [ 15627804.921059552580118, 5185838.331030273810029 ], [ 15634741.240143364295363, 5173824.273959600366652 ], [ 15627804.921059552580118, 5161810.216888926923275 ], [ 15613932.282891925424337, 5161810.216888926923275 ], [ 15606995.963808113709092, 5173824.273959600366652 ], [ 15593123.325640486553311, 5173824.273959600366652 ], [ 15586187.006556674838066, 5161810.216888926923275 ], [ 15572314.368389047682285, 5161810.216888926923275 ] ] ], [ [ [ 15586187.006556674838066, 5209866.445171621628106 ], [ 15593123.325640486553311, 5221880.502242295071483 ], [ 15606995.963808113709092, 5221880.502242295071483 ], [ 15613932.282891925424337, 5209866.445171621628106 ], [ 15606995.963808113709092, 5197852.388100948184729 ], [ 15593123.325640486553311, 5197852.388100948184729 ], [ 15586187.006556674838066, 5209866.445171621628106 ] ] ] ] } },
{ "type": "Feature", "properties": { "N03_003": "五島市", "N03_001": "長崎県" }, "geometry": { "type": "Polygon", "coordinates": [ [ [ 14302967.976051276549697, 3828249.882044148631394 ], [ 14296031.656967464834452, 3840263.939114822540432 ], [ 14302967.976051276549697, 3852277.996185496449471 ], [ 14316840.614218903705478, 3852277.996185496449471 ], [ 14323776.933302715420723, 3864292.053256170358509 ], [ 14337649.571470342576504, 3864292.053256170358509 ], [ 14337649.571470342576504, 3864292.053256169892848 ], [ 14344585.890554154291749, 3876306.110326843801886 ], [ 14358458.52872178144753, 3876306.110326843801886 ], [ 14365394.847805593162775, 3864292.053256169892848 ], [ 14358458.52872178144753, 3852277.996185496449471 ], [ 14365394.847805593162775, 3840263.939114822540432 ], [ 14358458.52872178144753, 3828249.882044148631394 ], [ 14344585.890554154291749, 3828249.882044148631394 ], [ 14337649.571470342576504, 3840263.939114822540432 ], [ 14323776.933302715420723, 3840263.939114822540432 ], [ 14316840.614218903705478, 3828249.882044148631394 ], [ 14302967.976051276549697, 3828249.882044148631394 ] ] ] } },
{ "type": "Feature", "properties": { "N03_003": "五所川原市", "N03_001": "青森県" }, "geometry": { "type": "MultiPolygon", "coordinates": [ [ [ [ 15648613.878310991451144, 4981599.360828821547329 ], [ 15634741.240143364295363, 4981599.360828821547329 ], [ 15627804.921059552580118, 4993613.417899494990706 ], [ 15634741.240143364295363, 5005627.474970168434083 ], [ 15648613.878310991451144, 5005627.474970168434083 ], [ 15655550.197394803166389, 4993613.417899494990706 ], [ 15648613.878310991451144, 4981599.360828821547329 ] ] ], [ [ [ 15627804.921059552580118, 5017641.532040842808783 ], [ 15613932.282891925424337, 5017641.532040842808783 ], [ 15606995.963808113709092, 5029655.58911151625216 ], [ 15613932.282891925424337, 5041669.646182189695537 ], [ 15627804.921059552580118, 5041669.646182189695537 ], [ 15634741.240143364295363, 5029655.58911151625216 ], [ 15627804.921059552580118, 5017641.532040842808783 ] ] ] ] } },
{ "type": "Feature", "properties": { "N03_003": "五條市", "N03_001": "奈良県" }, "geometry": { "type": "Polygon", "coordinates": [ [ [ 15114517.308857392519712, 4080545.080528296064585 ], [ 15107580.989773580804467, 4092559.137598969973624 ], [ 15093708.351605953648686, 4092559.137598969973624 ], [ 15086772.032522141933441, 4080545.080528296064585 ], [ 15093708.351605953648686, 4068531.023457622155547 ], [ 15107580.989773580804467, 4068531.023457622155547 ], [ 15114517.308857392519712, 4080545.080528296064585 ] ] ] } },
{ "type": "Feature", "properties": { "N03_003": "五泉市", "N03_001": "新潟県" }, "geometry": { "type": "Polygon", "coordinates": [ [ [ 15509887.496634731069207, 4525065.192143221385777 ], [ 15502951.177550919353962, 4537079.249213894829154 ], [ 15489078.539383292198181, 4537079.249213894829154 ], [ 15482142.220299480482936, 4525065.192143221385777 ], [ 15489078.539383292198181, 4513051.1350725479424 ], [ 15502951.177550919353962, 4513051.1350725479424 ], [ 15509887.496634731069207, 4525065.192143221385777 ] ] ] } },
{ "type": "Feature", "properties": { "N03_003": "亘理郡", "N03_001": "宮城県" }, "geometry": { "type": "Polygon", "coordinates": [ [ [ 15697168.111897680908442, 4585135.477496590465307 ], [ 15690231.792813869193196, 4597149.534567263908684 ], [ 15676359.154646242037416, 4597149.534567263908684 ], [ 15669422.83556243032217, 4585135.477496590465307 ], [ 15676359.154646242037416, 4573121.42042591702193 ], [ 15690231.792813869193196, 4573121.42042591702193 ], [ 15697168.111897680908442, 4585135.477496590465307 ] ] ] } },
{ "type": "Feature", "properties": { "N03_003": "京丹後市", "N03_001": "京都府" }, "geometry": { "type": "Polygon", "coordinates": [ [ [ 15024345.160767825320363, 4236727.822447054088116 ], [ 15010472.522600198164582, 4236727.822447054088116 ], [ 15003536.203516386449337, 4248741.879517727531493 ], [ 15010472.522600198164582, 4260755.93658840097487 ], [ 15024345.160767825320363, 4260755.93658840097487 ], [ 15031281.479851637035608, 4272769.993659074418247 ], [ 15045154.118019264191389, 4272769.993659074418247 ], [ 15052090.437103075906634, 4260755.93658840097487 ], [ 15045154.118019264191389, 4248741.879517727531493 ], [ 15031281.479851637035608, 4248741.879517727531493 ], [ 15024345.160767825320363, 4236727.822447054088116 ] ] ] } },
{ "type": "Feature", "properties": { "N03_003": "京都市", "N03_001": "京都府" }, "geometry": { "type": "Polygon", "coordinates": [ [ [ 15135326.266108831390738, 4164643.48002301203087 ], [ 15128389.947025019675493, 4152629.422952338121831 ], [ 15114517.308857392519712, 4152629.422952338121831 ], [ 15107580.989773580804467, 4164643.480023011565208 ], [ 15093708.351605953648686, 4164643.480023011565208 ], [ 15086772.032522141933441, 4176657.537093685474247 ], [ 15093708.351605953648686, 4188671.594164359383285 ], [ 15107580.989773580804467, 4188671.594164359383285 ], [ 15114517.308857392519712, 4200685.651235032826662 ], [ 15128389.947025019675493, 4200685.651235032826662 ], [ 15135326.266108831390738, 4188671.594164359383285 ], [ 15128389.947025019675493, 4176657.537093685474247 ], [ 15135326.266108831390738, 4164643.48002301203087 ] ] ] } },
{ "type": "Feature", "properties": { "N03_003": "仁多郡", "N03_001": "島根県" }, "geometry": { "type": "Polygon", "coordinates": [ [ [ 14823191.907337248325348, 4176657.537093685474247 ], [ 14816255.588253436610103, 4188671.594164359383285 ], [ 14802382.950085809454322, 4188671.594164359383285 ], [ 14795446.631001997739077, 4176657.537093685474247 ], [ 14802382.950085809454322, 4164643.480023011565208 ], [ 14816255.588253436610103, 4164643.480023011565208 ], [ 14823191.907337248325348, 4176657.537093685474247 ] ] ] } },
{ "type": "Feature", "properties": { "N03_003": "今治市", "N03_001": "愛媛県" }, "geometry": { "type": "Polygon", "coordinates": [ [ [ 14823191.907337248325348, 4032488.852245601359755 ], [ 14816255.588253436610103, 4020474.795174927450716 ], [ 14802382.950085809454322, 4020474.795174927450716 ], [ 14795446.631001997739077, 4032488.852245601359755 ], [ 14781573.992834370583296, 4032488.852245601359755 ], [ 14774637.673750558868051, 4044502.909316275268793 ], [ 14781573.992834370583296, 4056516.966386949177831 ], [ 14795446.631001997739077, 4056516.966386949177831 ], [ 14795446.631001997739077, 4056516.96638694871217 ], [ 14802382.950085809454322, 4068531.023457622621208 ], [ 14816255.588253436610103, 4068531.023457622621208 ], [ 14823191.907337248325348, 4056516.96638694871217 ], [ 14816255.588253436610103, 4044502.909316274803132 ], [ 14823191.907337248325348, 4032488.852245601359755 ] ] ] } },
{ "type": "Feature", "properties": { "N03_003": "仙北市", "N03_001": "秋田県" }, "geometry": { "type": "MultiPolygon", "coordinates": [ [ [ [ 15655550.197394803166389, 4801388.504768716171384 ], [ 15648613.878310991451144, 4813402.561839389614761 ], [ 15655550.197394803166389, 4825416.618910063058138 ], [ 15669422.83556243032217, 4825416.618910063058138 ], [ 15676359.154646242037416, 4813402.561839389614761 ], [ 15669422.83556243032217, 4801388.504768716171384 ], [ 15655550.197394803166389, 4801388.504768716171384 ] ] ], [ [ [ 15634741.240143364295363, 4813402.561839390546083 ], [ 15627804.921059552580118, 4825416.61891006398946 ], [ 15634741.240143364295363, 4837430.675980737432837 ], [ 15648613.878310991451144, 4837430.675980737432837 ], [ 15655550.197394803166389, 4849444.733051410876215 ], [ 15669422.83556243032217, 4849444.733051410876215 ], [ 15676359.154646242037416, 4837430.675980737432837 ], [ 15669422.83556243032217, 4825416.61891006398946 ], [ 15655550.197394803166389, 4825416.61891006398946 ], [ 15648613.878310991451144, 4813402.561839390546083 ], [ 15634741.240143364295363, 4813402.561839390546083 ] ] ], [ [ [ 15655550.197394803166389, 4849444.733051411807537 ], [ 15648613.878310991451144, 4861458.790122085250914 ], [ 15655550.197394803166389, 4873472.847192758694291 ], [ 15669422.83556243032217, 4873472.847192758694291 ], [ 15676359.154646242037416, 4861458.790122085250914 ], [ 15669422.83556243032217, 4849444.733051411807537 ], [ 15655550.197394803166389, 4849444.733051411807537 ] ] ] ] } },
{ "type": "Feature", "properties": { "N03_003": "仙台市", "N03_001": "宮城県" }, "geometry": { "type": "Polygon", "coordinates": [ [ [ 15690231.792813869193196, 4621177.648708610795438 ], [ 15697168.111897680908442, 4609163.591637937352061 ], [ 15690231.792813869193196, 4597149.534567263908684 ], [ 15676359.154646242037416, 4597149.534567263908684 ], [ 15669422.83556243032217, 4609163.591637937352061 ], [ 15655550.197394803166389, 4609163.591637937352061 ], [ 15648613.878310991451144, 4621177.648708610795438 ], [ 15655550.197394803166389, 4633191.705779284238815 ], [ 15669422.83556243032217, 4633191.705779284238815 ], [ 15676359.154646242037416, 4621177.648708610795438 ], [ 15690231.792813869193196, 4621177.648708610795438 ] ] ] } },
{ "type": "Feature", "properties": { "N03_003": "仲多度郡", "N03_001": "香川県" }, "geometry": { "type": "Polygon", "coordinates": [ [ [ 14927236.693594442680478, 4044502.909316275268793 ], [ 14920300.374510630965233, 4056516.966386949177831 ], [ 14906427.736343003809452, 4056516.966386949177831 ], [ 14899491.417259192094207, 4044502.909316275268793 ], [ 14906427.736343003809452, 4032488.852245601359755 ], [ 14920300.374510630965233, 4032488.852245601359755 ], [ 14927236.693594442680478, 4044502.909316275268793 ] ] ] } },
{ "type": "Feature", "properties": { "N03_003": "伊万里市", "N03_001": "佐賀県" }, "geometry": { "type": "Polygon", "coordinates": [ [ [ 14469439.634062787517905, 3924362.338609538506716 ], [ 14462503.31497897580266, 3936376.395680212415755 ], [ 14448630.676811348646879, 3936376.395680212415755 ], [ 14441694.357727536931634, 3924362.338609538506716 ], [ 14448630.676811348646879, 3912348.281538864597678 ], [ 14462503.31497897580266, 3912348.281538864597678 ], [ 14469439.634062787517905, 3924362.338609538506716 ] ] ] } },
{ "type": "Feature", "properties": { "N03_003": "伊予市", "N03_001": "愛媛県" }, "geometry": { "type": "Polygon", "coordinates": [ [ [ 14781573.992834370583296, 3984432.623962906654924 ], [ 14774637.673750558868051, 3996446.681033580563962 ], [ 14760765.03558293171227, 3996446.681033580563962 ], [ 14753828.716499119997025, 3984432.623962906654924 ], [ 14760765.03558293171227, 3972418.566892232745886 ], [ 14774637.673750558868051, 3972418.566892232745886 ], [ 14781573.992834370583296, 3984432.623962906654924 ] ] ] } },
{ "type": "Feature", "properties": { "N03_003": "伊佐市", "N03_001": "鹿児島県" }, "geometry": { "type": "Polygon", "coordinates": [ [ [ 14552675.463068543002009, 3756165.539620107039809 ], [ 14545739.143984731286764, 3744151.482549433130771 ], [ 14531866.505817104130983, 3744151.482549433130771 ], [ 14524930.186733292415738, 3756165.539620107039809 ], [ 14531866.505817104130983, 3768179.596690780948848 ], [ 14524930.186733292415738, 3780193.653761454392225 ], [ 14531866.505817104130983, 3792207.710832128301263 ], [ 14545739.143984731286764, 3792207.710832128301263 ], [ 14552675.463068543002009, 3780193.653761454392225 ], [ 14545739.143984731286764, 3768179.596690780948848 ], [ 14552675.463068543002009, 3756165.539620107039809 ] ] ] } },
{ "type": "Feature", "properties": { "N03_003": "伊具郡", "N03_001": "宮城県" }, "geometry": { "type": "Polygon", "coordinates": [ [ [ 15690231.792813869193196, 4573121.42042591702193 ], [ 15697168.111897680908442, 4561107.363355243578553 ], [ 15690231.792813869193196, 4549093.306284570135176 ], [ 15676359.154646242037416, 4549093.306284570135176 ], [ 15669422.83556243032217, 4561107.363355243578553 ], [ 15655550.197394803166389, 4561107.363355243578553 ], [ 15648613.878310991451144, 4573121.42042591702193 ], [ 15655550.197394803166389, 4585135.477496590465307 ], [ 15669422.83556243032217, 4585135.477496590465307 ], [ 15676359.154646242037416, 4573121.42042591702193 ], [ 15690231.792813869193196, 4573121.42042591702193 ] ] ] } },
{ "type": "Feature", "properties": { "N03_003": "伊勢市", "N03_001": "三重県" }, "geometry": { "type": "Polygon", "coordinates": [ [ [ 15239371.052366025745869, 4104573.194669643417001 ], [ 15232434.733282214030623, 4116587.251740317326039 ], [ 15218562.095114586874843, 4116587.251740317326039 ], [ 15211625.776030775159597, 4104573.194669643417001 ], [ 15218562.095114586874843, 4092559.137598969507962 ], [ 15232434.733282214030623, 4092559.137598969507962 ], [ 15239371.052366025745869, 4104573.194669643417001 ] ] ] } },
{ "type": "Feature", "properties": { "N03_003": "伊東市", "N03_001": "静岡県" }, "geometry": { "type": "Polygon", "coordinates": [ [ [ 15509887.496634731069207, 4140615.365881664678454 ], [ 15502951.177550919353962, 4128601.308810990769416 ], [ 15489078.539383292198181, 4128601.308810990769416 ], [ 15482142.220299480482936, 4140615.365881664678454 ], [ 15489078.539383292198181, 4152629.422952338121831 ], [ 15482142.220299480482936, 4164643.48002301203087 ], [ 15489078.539383292198181, 4176657.537093685939908 ], [ 15502951.177550919353962, 4176657.537093685939908 ], [ 15509887.496634731069207, 4164643.48002301203087 ], [ 15502951.177550919353962, 4152629.422952338587493 ], [ 15509887.496634731069207, 4140615.365881664678454 ] ] ] } },
{ "type": "Feature", "properties": { "N03_003": "伊豆の国市", "N03_001": "静岡県" }, "geometry": { "type": "Polygon", "coordinates": [ [ [ 15489078.539383292198181, 4176657.537093685474247 ], [ 15482142.220299480482936, 4188671.594164359383285 ], [ 15468269.582131853327155, 4188671.594164359383285 ], [ 15461333.26304804161191, 4176657.537093685474247 ], [ 15468269.582131853327155, 4164643.480023011565208 ], [ 15482142.220299480482936, 4164643.480023011565208 ], [ 15489078.539383292198181, 4176657.537093685474247 ] ] ] } },
{ "type": "Feature", "properties": { "N03_003": "伊豆市", "N03_001": "静岡県" }, "geometry": { "type": "Polygon", "coordinates": [ [ [ 15489078.539383292198181, 4152629.422952338121831 ], [ 15482142.220299480482936, 4164643.48002301203087 ], [ 15468269.582131853327155, 4164643.48002301203087 ], [ 15461333.26304804161191, 4152629.422952338121831 ], [ 15468269.582131853327155, 4140615.365881664212793 ], [ 15482142.220299480482936, 4140615.365881664212793 ], [ 15489078.539383292198181, 4152629.422952338121831 ] ] ] } },
{ "type": "Feature", "properties": { "N03_003": "伊賀市", "N03_001": "三重県" }, "geometry": { "type": "Polygon", "coordinates": [ [ [ 15176944.180611709132791, 4116587.251740317326039 ], [ 15170007.861527897417545, 4104573.194669643417001 ], [ 15156135.223360270261765, 4104573.194669643417001 ], [ 15149198.904276458546519, 4116587.251740317326039 ], [ 15156135.223360270261765, 4128601.308810990769416 ], [ 15149198.904276458546519, 4140615.365881664678454 ], [ 15156135.223360270261765, 4152629.422952338587493 ], [ 15170007.861527897417545, 4152629.422952338587493 ], [ 15176944.180611709132791, 4140615.365881664678454 ], [ 15170007.861527897417545, 4128601.308810990769416 ], [ 15176944.180611709132791, 4116587.251740317326039 ] ] ] } },
{ "type": "Feature", "properties": { "N03_003": "伊達市", "N03_001": "北海道" }, "geometry": { "type": "MultiPolygon", "coordinates": [ [ [ [ 15669422.83556243032217, 4537079.249213895760477 ], [ 15655550.197394803166389, 4537079.249213895760477 ], [ 15648613.878310991451144, 4549093.306284569203854 ], [ 15655550.197394803166389, 4561107.363355242647231 ], [ 15669422.83556243032217, 4561107.363355242647231 ], [ 15676359.154646242037416, 4549093.306284569203854 ], [ 15669422.83556243032217, 4537079.249213895760477 ] ] ], [ [ [ 15676359.154646242037416, 5221880.502242296002805 ], [ 15669422.83556243032217, 5233894.559312969446182 ], [ 15676359.154646242037416, 5245908.616383642889559 ], [ 15690231.792813869193196, 5245908.616383642889559 ], [ 15697168.111897680908442, 5233894.559312969446182 ], [ 15690231.792813869193196, 5221880.502242296002805 ], [ 15676359.154646242037416, 5221880.502242296002805 ] ] ], [ [ [ 15697168.111897680908442, 5257922.673454316332936 ], [ 15690231.792813869193196, 5269936.730524989776313 ], [ 15697168.111897680908442, 5281950.78759566321969 ], [ 15711040.750065308064222, 5281950.78759566321969 ], [ 15717977.069149119779468, 5269936.730524989776313 ], [ 15711040.750065308064222, 5257922.673454316332936 ], [ 15697168.111897680908442, 5257922.673454316332936 ] ] ] ] } },
{ "type": "Feature", "properties": { "N03_003": "伊達郡", "N03_001": "福島県" }, "geometry": { "type": "Polygon", "coordinates": [ [ [ 15655550.197394803166389, 4561107.363355243578553 ], [ 15648613.878310991451144, 4573121.42042591702193 ], [ 15634741.240143364295363, 4573121.42042591702193 ], [ 15627804.921059552580118, 4561107.363355243578553 ], [ 15634741.240143364295363, 4549093.306284570135176 ], [ 15648613.878310991451144, 4549093.306284570135176 ], [ 15655550.197394803166389, 4561107.363355243578553 ] ] ] } },
{ "type": "Feature", "properties": { "N03_003": "伊那市", "N03_001": "長野県" }, "geometry": { "type": "MultiPolygon", "coordinates": [ [ [ [ 15378097.434042286127806, 4248741.879517727531493 ], [ 15364224.795874658972025, 4248741.879517727531493 ], [ 15357288.47679084725678, 4260755.93658840097487 ], [ 15364224.795874658972025, 4272769.993659074418247 ], [ 15378097.434042286127806, 4272769.993659074418247 ], [ 15385033.753126097843051, 4260755.93658840097487 ], [ 15378097.434042286127806, 4248741.879517727531493 ] ] ], [ [ [ 15343415.838623220100999, 4260755.936588401906192 ], [ 15336479.519539408385754, 4272769.993659075349569 ], [ 15343415.838623220100999, 4284784.050729748792946 ], [ 15357288.47679084725678, 4284784.050729748792946 ], [ 15364224.795874658972025, 4296798.107800422236323 ], [ 15378097.434042286127806, 4296798.107800422236323 ], [ 15385033.753126097843051, 4284784.050729748792946 ], [ 15378097.434042286127806, 4272769.993659075349569 ], [ 15364224.795874658972025, 4272769.993659075349569 ], [ 15357288.47679084725678, 4260755.936588401906192 ], [ 15343415.838623220100999, 4260755.936588401906192 ] ] ] ] } },
{ "type": "Feature", "properties": { "N03_003": "伊都郡", "N03_001": "和歌山県" }, "geometry": { "type": "Polygon", "coordinates": [ [ [ 15114517.308857392519712, 4056516.96638694871217 ], [ 15107580.989773580804467, 4068531.023457622621208 ], [ 15093708.351605953648686, 4068531.023457622621208 ], [ 15086772.032522141933441, 4056516.96638694871217 ], [ 15093708.351605953648686, 4044502.909316274803132 ], [ 15107580.989773580804467, 4044502.909316274803132 ], [ 15114517.308857392519712, 4056516.96638694871217 ] ] ] } },
{ "type": "Feature", "properties": { "N03_003": "会津若松市", "N03_001": "福島県" }, "geometry": { "type": "Polygon", "coordinates": [ [ [ 15593123.325640486553311, 4501037.078001874499023 ], [ 15586187.006556674838066, 4513051.1350725479424 ], [ 15572314.368389047682285, 4513051.1350725479424 ], [ 15565378.04930523596704, 4501037.078001874499023 ], [ 15572314.368389047682285, 4489023.020931201055646 ], [ 15586187.006556674838066, 4489023.020931201055646 ], [ 15593123.325640486553311, 4501037.078001874499023 ] ] ] } },
{ "type": "Feature", "properties": { "N03_003": "佐世保市", "N03_001": "長崎県" }, "geometry": { "type": "MultiPolygon", "coordinates": [ [ [ [ 14448630.676811348646879, 3912348.281538864597678 ], [ 14441694.357727536931634, 3900334.22446819068864 ], [ 14427821.719559909775853, 3900334.22446819068864 ], [ 14420885.400476098060608, 3912348.281538864597678 ], [ 14427821.719559909775853, 3924362.338609538041055 ], [ 14420885.400476098060608, 3936376.395680211950094 ], [ 14427821.719559909775853, 3948390.452750885859132 ], [ 14441694.357727536931634, 3948390.452750885859132 ], [ 14448630.676811348646879, 3936376.395680211950094 ], [ 14441694.357727536931634, 3924362.338609538041055 ], [ 14448630.676811348646879, 3912348.281538864597678 ] ] ], [ [ [ 14365394.847805593162775, 3912348.281538864597678 ], [ 14358458.52872178144753, 3924362.338609538506716 ], [ 14365394.847805593162775, 3936376.395680212415755 ], [ 14379267.485973220318556, 3936376.395680212415755 ], [ 14386203.805057032033801, 3924362.338609538506716 ], [ 14379267.485973220318556, 3912348.281538864597678 ], [ 14365394.847805593162775, 3912348.281538864597678 ] ] ] ] } },
{ "type": "Feature", "properties": { "N03_003": "佐久市", "N03_001": "長野県" }, "geometry": { "type": "Polygon", "coordinates": [ [ [ 15426651.667628975585103, 4332840.279012442566454 ], [ 15419715.348545163869858, 4344854.336083116009831 ], [ 15405842.710377536714077, 4344854.336083116009831 ], [ 15398906.391293724998832, 4332840.279012442566454 ], [ 15405842.710377536714077, 4320826.221941769123077 ], [ 15419715.348545163869858, 4320826.221941769123077 ], [ 15426651.667628975585103, 4332840.279012442566454 ] ] ] } },
{ "type": "Feature", "properties": { "N03_003": "佐伯市", "N03_001": "大分県" }, "geometry": { "type": "Polygon", "coordinates": [ [ [ 14698338.163828615099192, 3864292.053256169892848 ], [ 14691401.844744803383946, 3852277.996185495983809 ], [ 14677529.206577176228166, 3852277.996185495983809 ], [ 14670592.88749336451292, 3864292.053256169892848 ], [ 14656720.24932573735714, 3864292.053256169892848 ], [ 14649783.930241925641894, 3876306.110326843801886 ], [ 14656720.24932573735714, 3888320.167397517710924 ], [ 14670592.88749336451292, 3888320.167397517710924 ], [ 14677529.206577176228166, 3900334.224468191154301 ], [ 14691401.844744803383946, 3900334.224468191154301 ], [ 14698338.163828615099192, 3888320.167397517245263 ], [ 14691401.844744803383946, 3876306.110326843336225 ], [ 14698338.163828615099192, 3864292.053256169892848 ] ] ] } },
{ "type": "Feature", "properties": { "N03_003": "佐渡市", "N03_001": "新潟県" }, "geometry": { "type": "Polygon", "coordinates": [ [ [ 15385033.753126097843051, 4549093.306284570135176 ], [ 15378097.434042286127806, 4561107.363355243578553 ], [ 15385033.753126097843051, 4573121.42042591702193 ], [ 15378097.434042286127806, 4585135.477496590465307 ], [ 15385033.753126097843051, 4597149.534567263908684 ], [ 15378097.434042286127806, 4609163.591637937352061 ], [ 15385033.753126097843051, 4621177.648708610795438 ], [ 15398906.391293724998832, 4621177.648708610795438 ], [ 15405842.710377536714077, 4633191.705779284238815 ], [ 15419715.348545163869858, 4633191.705779284238815 ], [ 15426651.667628975585103, 4621177.648708610795438 ], [ 15419715.348545163869858, 4609163.591637937352061 ], [ 15426651.667628975585103, 4597149.534567263908684 ], [ 15440524.305796602740884, 4597149.534567263908684 ], [ 15447460.624880414456129, 4585135.477496590465307 ], [ 15440524.305796602740884, 4573121.42042591702193 ], [ 15426651.667628975585103, 4573121.42042591702193 ], [ 15419715.348545163869858, 4561107.363355243578553 ], [ 15405842.710377536714077, 4561107.363355243578553 ], [ 15398906.391293724998832, 4549093.306284570135176 ], [ 15385033.753126097843051, 4549093.306284570135176 ] ] ] } },
{ "type": "Feature", "properties": { "N03_003": "佐用郡", "N03_001": "兵庫県" }, "geometry": { "type": "Polygon", "coordinates": [ [ [ 14968854.60809732042253, 4164643.48002301203087 ], [ 14961918.289013508707285, 4176657.537093685939908 ], [ 14948045.650845881551504, 4176657.537093685939908 ], [ 14941109.331762069836259, 4164643.48002301203087 ], [ 14948045.650845881551504, 4152629.422952338121831 ], [ 14961918.289013508707285, 4152629.422952338121831 ], [ 14968854.60809732042253, 4164643.48002301203087 ] ] ] } },
{ "type": "Feature", "properties": { "N03_003": "佐賀市", "N03_001": "佐賀県" }, "geometry": { "type": "Polygon", "coordinates": [ [ [ 14511057.548565665259957, 3924362.338609538506716 ], [ 14504121.229481853544712, 3912348.281538864597678 ], [ 14490248.591314226388931, 3912348.281538864597678 ], [ 14483312.272230414673686, 3924362.338609538506716 ], [ 14490248.591314226388931, 3936376.395680212415755 ], [ 14483312.272230414673686, 3948390.452750885859132 ], [ 14490248.591314226388931, 3960404.50982155976817 ], [ 14504121.229481853544712, 3960404.50982155976817 ], [ 14511057.548565665259957, 3948390.452750885859132 ], [ 14504121.229481853544712, 3936376.395680212415755 ], [ 14511057.548565665259957, 3924362.338609538506716 ] ] ] } },
{ "type": "Feature", "properties": { "N03_003": "佐野市", "N03_001": "栃木県" }, "geometry": { "type": "Polygon", "coordinates": [ [ [ 15551505.411137608811259, 4356868.393153790384531 ], [ 15544569.092053797096014, 4368882.450224463827908 ], [ 15530696.453886169940233, 4368882.450224463827908 ], [ 15523760.134802358224988, 4356868.393153790384531 ], [ 15530696.453886169940233, 4344854.336083116941154 ], [ 15544569.092053797096014, 4344854.336083116941154 ], [ 15551505.411137608811259, 4356868.393153790384531 ] ] ] } },
{ "type": "Feature", "properties": { "N03_003": "余市郡", "N03_001": "北海道" }, "geometry": { "type": "Polygon", "coordinates": [ [ [ 15690231.792813869193196, 5342021.072949032299221 ], [ 15697168.111897680908442, 5330007.015878358855844 ], [ 15690231.792813869193196, 5317992.958807685412467 ], [ 15676359.154646242037416, 5317992.958807685412467 ], [ 15669422.83556243032217, 5330007.015878358855844 ], [ 15655550.197394803166389, 5330007.015878358855844 ], [ 15648613.878310991451144, 5342021.072949032299221 ], [ 15655550.197394803166389, 5354035.130019705742598 ], [ 15669422.83556243032217, 5354035.130019705742598 ], [ 15676359.154646242037416, 5342021.072949032299221 ], [ 15690231.792813869193196, 5342021.072949032299221 ] ] ] } },
{ "type": "Feature", "properties": { "N03_003": "倉吉市", "N03_001": "鳥取県" }, "geometry": { "type": "Polygon", "coordinates": [ [ [ 14878682.460007753223181, 4200685.651235032826662 ], [ 14864809.8218401260674, 4200685.651235032826662 ], [ 14857873.502756314352155, 4212699.708305706270039 ], [ 14864809.8218401260674, 4224713.765376379713416 ], [ 14878682.460007753223181, 4224713.765376379713416 ], [ 14885618.779091564938426, 4236727.822447053156793 ], [ 14899491.417259192094207, 4236727.822447053156793 ], [ 14906427.736343003809452, 4224713.765376379713416 ], [ 14899491.417259192094207, 4212699.708305706270039 ], [ 14885618.779091564938426, 4212699.708305706270039 ], [ 14878682.460007753223181, 4200685.651235032826662 ] ] ] } },
{ "type": "Feature", "properties": { "N03_003": "倉敷市", "N03_001": "岡山県" }, "geometry": { "type": "Polygon", "coordinates": [ [ [ 14906427.736343003809452, 4104573.194669643417001 ], [ 14899491.417259192094207, 4116587.251740317326039 ], [ 14885618.779091564938426, 4116587.251740317326039 ], [ 14878682.460007753223181, 4104573.194669643417001 ], [ 14885618.779091564938426, 4092559.137598969507962 ], [ 14899491.417259192094207, 4092559.137598969507962 ], [ 14906427.736343003809452, 4104573.194669643417001 ] ] ] } },
{ "type": "Feature", "properties": { "N03_003": "備前市", "N03_001": "岡山県" }, "geometry": { "type": "Polygon", "coordinates": [ [ [ 14948045.650845881551504, 4128601.308810991235077 ], [ 14961918.289013508707285, 4128601.308810991235077 ], [ 14968854.60809732042253, 4116587.251740317326039 ], [ 14961918.289013508707285, 4104573.194669643417001 ], [ 14948045.650845881551504, 4104573.194669643417001 ], [ 14941109.331762069836259, 4116587.251740316860378 ], [ 14927236.693594442680478, 4116587.251740316860378 ], [ 14920300.374510630965233, 4128601.308810990769416 ], [ 14927236.693594442680478, 4140615.365881664678454 ], [ 14941109.331762069836259, 4140615.365881664678454 ], [ 14948045.650845881551504, 4128601.308810990769416 ], [ 14948045.650845881551504, 4128601.308810991235077 ] ] ] } },
{ "type": "Feature", "properties": { "N03_003": "児湯郡", "N03_001": "宮崎県" }, "geometry": { "type": "Polygon", "coordinates": [ [ [ 14635911.292074298486114, 3756165.539620106574148 ], [ 14628974.972990486770868, 3768179.596690780483186 ], [ 14635911.292074298486114, 3780193.653761453926563 ], [ 14628974.972990486770868, 3792207.710832127835602 ], [ 14615102.334822859615088, 3792207.710832127835602 ], [ 14608166.015739047899842, 3780193.653761453926563 ], [ 14594293.377571420744061, 3780193.653761453926563 ], [ 14587357.058487609028816, 3792207.710832127835602 ], [ 14594293.377571420744061, 3804221.76790280174464 ], [ 14608166.015739047899842, 3804221.76790280174464 ], [ 14615102.334822859615088, 3816235.824973475653678 ], [ 14628974.972990486770868, 3816235.824973475653678 ], [ 14635911.292074298486114, 3804221.76790280174464 ], [ 14649783.930241925641894, 3804221.76790280174464 ], [ 14656720.24932573735714, 3792207.710832127835602 ], [ 14649783.930241925641894, 3780193.653761453926563 ], [ 14656720.24932573735714, 3768179.596690780483186 ], [ 14649783.930241925641894, 3756165.539620106574148 ], [ 14635911.292074298486114, 3756165.539620106574148 ] ] ] } },
{ "type": "Feature", "properties": { "N03_003": "八丈町", "N03_001": "東京都" }, "geometry": { "type": "Polygon", "coordinates": [ [ [ 15572314.368389047682285, 3912348.281538864597678 ], [ 15565378.04930523596704, 3924362.338609538506716 ], [ 15551505.411137608811259, 3924362.338609538506716 ], [ 15544569.092053797096014, 3912348.281538864597678 ], [ 15551505.411137608811259, 3900334.22446819068864 ], [ 15565378.04930523596704, 3900334.22446819068864 ], [ 15572314.368389047682285, 3912348.281538864597678 ] ] ] } },
{ "type": "Feature", "properties": { "N03_003": "八代市", "N03_001": "熊本県" }, "geometry": { "type": "Polygon", "coordinates": [ [ [ 14545739.143984731286764, 3816235.824973475188017 ], [ 14531866.505817104130983, 3816235.824973475188017 ], [ 14524930.186733292415738, 3828249.882044149097055 ], [ 14531866.505817104130983, 3840263.939114823006094 ], [ 14545739.143984731286764, 3840263.939114823006094 ], [ 14545739.143984731286764, 3840263.939114822540432 ], [ 14552675.463068543002009, 3852277.996185496449471 ], [ 14566548.10123617015779, 3852277.996185496449471 ], [ 14573484.420319981873035, 3840263.939114822540432 ], [ 14573484.420319981873035, 3840263.939114823006094 ], [ 14587357.058487609028816, 3840263.939114823006094 ], [ 14594293.377571420744061, 3828249.882044149097055 ], [ 14587357.058487609028816, 3816235.824973475188017 ], [ 14573484.420319981873035, 3816235.824973475188017 ], [ 14566548.10123617015779, 3828249.882044148631394 ], [ 14552675.463068543002009, 3828249.882044148631394 ], [ 14545739.143984731286764, 3816235.824973475188017 ] ] ] } },
{ "type": "Feature", "properties": { "N03_003": "八女市", "N03_001": "福岡県" }, "geometry": { "type": "Polygon", "coordinates": [ [ [ 14566548.10123617015779, 3924362.338609538506716 ], [ 14573484.420319981873035, 3912348.281538864597678 ], [ 14566548.10123617015779, 3900334.22446819068864 ], [ 14552675.463068543002009, 3900334.22446819068864 ], [ 14545739.143984731286764, 3912348.281538864597678 ], [ 14531866.505817104130983, 3912348.281538864597678 ], [ 14524930.186733292415738, 3924362.338609538506716 ], [ 14531866.505817104130983, 3936376.395680212415755 ], [ 14545739.143984731286764, 3936376.395680212415755 ], [ 14552675.463068543002009, 3924362.338609538506716 ], [ 14566548.10123617015779, 3924362.338609538506716 ] ] ] } },
{ "type": "Feature", "properties": { "N03_003": "八尾市", "N03_001": "大阪府" }, "geometry": { "type": "Polygon", "coordinates": [ [ [ 15114517.308857392519712, 4104573.194669643417001 ], [ 15107580.989773580804467, 4116587.251740317326039 ], [ 15093708.351605953648686, 4116587.251740317326039 ], [ 15086772.032522141933441, 4104573.194669643417001 ], [ 15093708.351605953648686, 4092559.137598969507962 ], [ 15107580.989773580804467, 4092559.137598969507962 ], [ 15114517.308857392519712, 4104573.194669643417001 ] ] ] } },
{ "type": "Feature", "properties": { "N03_003": "八幡平市", "N03_001": "岩手県" }, "geometry": { "type": "Polygon", "coordinates": [ [ [ 15676359.154646242037416, 4837430.67598073836416 ], [ 15669422.83556243032217, 4849444.733051411807537 ], [ 15676359.154646242037416, 4861458.790122085250914 ], [ 15669422.83556243032217, 4873472.847192758694291 ], [ 15676359.154646242037416, 4885486.904263432137668 ], [ 15690231.792813869193196, 4885486.904263432137668 ], [ 15697168.111897680908442, 4897500.961334105581045 ], [ 15711040.750065308064222, 4897500.961334105581045 ], [ 15717977.069149119779468, 4885486.904263432137668 ], [ 15711040.750065308064222, 4873472.847192758694291 ], [ 15717977.069149119779468, 4861458.790122085250914 ], [ 15711040.750065308064222, 4849444.733051411807537 ], [ 15697168.111897680908442, 4849444.733051411807537 ], [ 15690231.792813869193196, 4837430.67598073836416 ], [ 15676359.154646242037416, 4837430.67598073836416 ] ] ] } },
{ "type": "Feature", "properties": { "N03_003": "八戸市", "N03_001": "青森県" }, "geometry": { "type": "MultiPolygon", "coordinates": [ [ [ [ 15752658.664568185806274, 4921529.075475453399122 ], [ 15738786.026400558650494, 4921529.075475453399122 ], [ 15731849.707316746935248, 4933543.132546126842499 ], [ 15738786.026400558650494, 4945557.189616800285876 ], [ 15752658.664568185806274, 4945557.189616800285876 ], [ 15759594.98365199752152, 4933543.132546126842499 ], [ 15752658.664568185806274, 4921529.075475453399122 ] ] ], [ [ [ 15773467.6218196246773, 4933543.132546127773821 ], [ 15759594.98365199752152, 4933543.132546127773821 ], [ 15752658.664568185806274, 4945557.189616801217198 ], [ 15759594.98365199752152, 4957571.246687474660575 ], [ 15773467.6218196246773, 4957571.246687474660575 ], [ 15780403.940903436392546, 4945557.189616801217198 ], [ 15773467.6218196246773, 4933543.132546127773821 ] ] ] ] } },
{ "type": "Feature", "properties": { "N03_003": "八王子市", "N03_001": "東京都" }, "geometry": { "type": "Polygon", "coordinates": [ [ [ 15523760.134802358224988, 4260755.93658840097487 ], [ 15530696.453886169940233, 4248741.879517727531493 ], [ 15523760.134802358224988, 4236727.822447054088116 ], [ 15509887.496634731069207, 4236727.822447054088116 ], [ 15502951.177550919353962, 4248741.879517727531493 ], [ 15489078.539383292198181, 4248741.879517727531493 ], [ 15482142.220299480482936, 4260755.93658840097487 ], [ 15489078.539383292198181, 4272769.993659074418247 ], [ 15502951.177550919353962, 4272769.993659074418247 ], [ 15509887.496634731069207, 4260755.93658840097487 ], [ 15523760.134802358224988, 4260755.93658840097487 ] ] ] } },
{ "type": "Feature", "properties": { "N03_003": "八重山郡", "N03_001": "沖縄県" }, "geometry": { "type": "MultiPolygon", "coordinates": [ [ [ [ 13775807.725681493058801, 2746984.745683517772704 ], [ 13761935.08751386590302, 2746984.745683517772704 ], [ 13754998.768430054187775, 2758998.802754191681743 ], [ 13761935.08751386590302, 2771012.85982486512512 ], [ 13754998.768430054187775, 2783026.916895539034158 ], [ 13761935.08751386590302, 2795040.973966212943196 ], [ 13754998.768430054187775, 2807055.031036886386573 ], [ 13761935.08751386590302, 2819069.088107560295612 ], [ 13775807.725681493058801, 2819069.088107560295612 ], [ 13782744.044765304774046, 2807055.031036886386573 ], [ 13782744.044765304774046, 2807055.031036886852235 ], [ 13796616.682932931929827, 2807055.031036886852235 ], [ 13803553.002016743645072, 2795040.973966212943196 ], [ 13817425.640184370800853, 2795040.973966212943196 ], [ 13824361.959268182516098, 2783026.916895539034158 ], [ 13817425.640184370800853, 2771012.85982486512512 ], [ 13803553.002016743645072, 2771012.85982486512512 ], [ 13796616.682932931929827, 2783026.916895539034158 ], [ 13782744.044765304774046, 2783026.916895539034158 ], [ 13775807.725681493058801, 2771012.85982486512512 ], [ 13782744.044765304774046, 2758998.802754191681743 ], [ 13775807.725681493058801, 2746984.745683517772704 ] ] ], [ [ [ 13671762.939424298703671, 2807055.031036886386573 ], [ 13678699.258508110418916, 2819069.088107560295612 ], [ 13692571.896675737574697, 2819069.088107560295612 ], [ 13699508.215759549289942, 2807055.031036886386573 ], [ 13692571.896675737574697, 2795040.973966212477535 ], [ 13678699.258508110418916, 2795040.973966212477535 ], [ 13671762.939424298703671, 2807055.031036886386573 ] ] ] ] } },
{ "type": "Feature", "properties": { "N03_003": "八頭郡", "N03_001": "鳥取県" }, "geometry": { "type": "Polygon", "coordinates": [ [ [ 14968854.60809732042253, 4212699.708305706270039 ], [ 14961918.289013508707285, 4224713.765376379713416 ], [ 14948045.650845881551504, 4224713.765376379713416 ], [ 14941109.331762069836259, 4212699.708305706270039 ], [ 14948045.650845881551504, 4200685.651235032826662 ], [ 14961918.289013508707285, 4200685.651235032826662 ], [ 14968854.60809732042253, 4212699.708305706270039 ] ] ] } },
{ "type": "Feature", "properties": { "N03_003": "出水市", "N03_001": "鹿児島県" }, "geometry": { "type": "Polygon", "coordinates": [ [ [ 14524930.186733292415738, 3780193.653761454392225 ], [ 14531866.505817104130983, 3768179.596690780483186 ], [ 14524930.186733292415738, 3756165.539620106574148 ], [ 14511057.548565665259957, 3756165.539620106574148 ], [ 14504121.229481853544712, 3768179.596690780483186 ], [ 14490248.591314226388931, 3768179.596690780483186 ], [ 14483312.272230414673686, 3780193.653761454392225 ], [ 14490248.591314226388931, 3792207.710832128301263 ], [ 14504121.229481853544712, 3792207.710832128301263 ], [ 14511057.548565665259957, 3780193.653761454392225 ], [ 14524930.186733292415738, 3780193.653761454392225 ] ] ] } },
{ "type": "Feature", "properties": { "N03_003": "出雲市", "N03_001": "島根県" }, "geometry": { "type": "Polygon", "coordinates": [ [ [ 14760765.03558293171227, 4188671.594164358917624 ], [ 14753828.716499119997025, 4200685.651235032826662 ], [ 14760765.03558293171227, 4212699.708305706270039 ], [ 14753828.716499119997025, 4224713.765376379713416 ], [ 14760765.03558293171227, 4236727.822447053156793 ], [ 14774637.673750558868051, 4236727.822447053156793 ], [ 14781573.992834370583296, 4248741.87951772660017 ], [ 14795446.631001997739077, 4248741.87951772660017 ], [ 14802382.950085809454322, 4236727.822447053156793 ], [ 14795446.631001997739077, 4224713.765376379713416 ], [ 14802382.950085809454322, 4212699.708305706270039 ], [ 14795446.631001997739077, 4200685.651235032826662 ], [ 14781573.992834370583296, 4200685.651235032826662 ], [ 14774637.673750558868051, 4188671.594164358917624 ], [ 14760765.03558293171227, 4188671.594164358917624 ] ] ] } },
{ "type": "Feature", "properties": { "N03_003": "函館市", "N03_001": "北海道" }, "geometry": { "type": "MultiPolygon", "coordinates": [ [ [ [ 15697168.111897680908442, 5137782.102747579105198 ], [ 15711040.750065308064222, 5137782.102747579105198 ], [ 15717977.069149119779468, 5125768.045676905661821 ], [ 15711040.750065308064222, 5113753.988606232218444 ], [ 15697168.111897680908442, 5113753.988606232218444 ], [ 15690231.792813869193196, 5101739.931535558775067 ], [ 15676359.154646242037416, 5101739.931535558775067 ], [ 15669422.83556243032217, 5113753.988606232218444 ], [ 15655550.197394803166389, 5113753.988606232218444 ], [ 15648613.878310991451144, 5125768.045676905661821 ], [ 15655550.197394803166389, 5137782.102747579105198 ], [ 15669422.83556243032217, 5137782.102747579105198 ], [ 15676359.154646242037416, 5125768.045676905661821 ], [ 15690231.792813869193196, 5125768.045676905661821 ], [ 15697168.111897680908442, 5137782.102747579105198 ] ] ], [ [ [ 15669422.83556243032217, 5137782.102747580036521 ], [ 15676359.154646242037416, 5149796.159818253479898 ], [ 15669422.83556243032217, 5161810.216888926923275 ], [ 15676359.154646242037416, 5173824.273959600366652 ], [ 15690231.792813869193196, 5173824.273959600366652 ], [ 15697168.111897680908442, 5161810.216888926923275 ], [ 15711040.750065308064222, 5161810.216888926923275 ], [ 15717977.069149119779468, 5149796.159818253479898 ], [ 15731849.707316746935248, 5149796.159818253479898 ], [ 15738786.026400558650494, 5137782.102747580036521 ], [ 15731849.707316746935248, 5125768.045676906593144 ], [ 15717977.069149119779468, 5125768.045676906593144 ], [ 15711040.750065308064222, 5137782.102747580036521 ], [ 15697168.111897680908442, 5137782.102747580036521 ], [ 15690231.792813869193196, 5125768.045676906593144 ], [ 15676359.154646242037416, 5125768.045676906593144 ], [ 15669422.83556243032217, 5137782.102747580036521 ] ] ] ] } },
{ "type": "Feature", "properties": { "N03_003": "刈田郡", "N03_001": "宮城県" }, "geometry": { "type": "Polygon", "coordinates": [ [ [ 15655550.197394803166389, 4585135.477496590465307 ], [ 15648613.878310991451144, 4597149.534567263908684 ], [ 15634741.240143364295363, 4597149.534567263908684 ], [ 15627804.921059552580118, 4585135.477496590465307 ], [ 15634741.240143364295363, 4573121.42042591702193 ], [ 15648613.878310991451144, 4573121.42042591702193 ], [ 15655550.197394803166389, 4585135.477496590465307 ] ] ] } },
{ "type": "Feature", "properties": { "N03_003": "刈谷市", "N03_001": "愛知県" }, "geometry": { "type": "Polygon", "coordinates": [ [ [ 15260180.009617464616895, 4164643.48002301203087 ], [ 15253243.690533652901649, 4176657.537093685939908 ], [ 15239371.052366025745869, 4176657.537093685939908 ], [ 15232434.733282214030623, 4164643.48002301203087 ], [ 15239371.052366025745869, 4152629.422952338121831 ], [ 15253243.690533652901649, 4152629.422952338121831 ], [ 15260180.009617464616895, 4164643.48002301203087 ] ] ] } },
{ "type": "Feature", "properties": { "N03_003": "別府市", "N03_001": "大分県" }, "geometry": { "type": "Polygon", "coordinates": [ [ [ 14656720.24932573735714, 3936376.395680211950094 ], [ 14649783.930241925641894, 3948390.452750885859132 ], [ 14635911.292074298486114, 3948390.452750885859132 ], [ 14628974.972990486770868, 3936376.395680211950094 ], [ 14635911.292074298486114, 3924362.338609538041055 ], [ 14649783.930241925641894, 3924362.338609538041055 ], [ 14656720.24932573735714, 3936376.395680211950094 ] ] ] } },
{ "type": "Feature", "properties": { "N03_003": "利尻郡", "N03_001": "北海道" }, "geometry": { "type": "Polygon", "coordinates": [ [ [ 15738786.026400558650494, 5642372.499715873971581 ], [ 15731849.707316746935248, 5630358.442645200528204 ], [ 15717977.069149119779468, 5630358.442645200528204 ], [ 15711040.750065308064222, 5642372.499715873971581 ], [ 15697168.111897680908442, 5642372.499715873971581 ], [ 15690231.792813869193196, 5654386.556786547414958 ], [ 15697168.111897680908442, 5666400.613857220858335 ], [ 15711040.750065308064222, 5666400.613857220858335 ], [ 15717977.069149119779468, 5678414.670927894301713 ], [ 15731849.707316746935248, 5678414.670927894301713 ], [ 15738786.026400558650494, 5666400.613857220858335 ], [ 15731849.707316746935248, 5654386.556786547414958 ], [ 15738786.026400558650494, 5642372.499715873971581 ] ] ] } },
{ "type": "Feature", "properties": { "N03_003": "利根郡", "N03_001": "群馬県" }, "geometry": { "type": "Polygon", "coordinates": [ [ [ 15447460.624880414456129, 4392910.564365811645985 ], [ 15440524.305796602740884, 4404924.621436485089362 ], [ 15447460.624880414456129, 4416938.678507158532739 ], [ 15461333.26304804161191, 4416938.678507158532739 ], [ 15468269.582131853327155, 4428952.735577831976116 ], [ 15482142.220299480482936, 4428952.735577831976116 ], [ 15489078.539383292198181, 4440966.792648505419493 ], [ 15502951.177550919353962, 4440966.792648505419493 ], [ 15509887.496634731069207, 4428952.735577831976116 ], [ 15502951.177550919353962, 4416938.678507158532739 ], [ 15509887.496634731069207, 4404924.621436485089362 ], [ 15502951.177550919353962, 4392910.564365811645985 ], [ 15489078.539383292198181, 4392910.564365811645985 ], [ 15482142.220299480482936, 4404924.621436485089362 ], [ 15468269.582131853327155, 4404924.621436485089362 ], [ 15461333.26304804161191, 4392910.564365811645985 ], [ 15447460.624880414456129, 4392910.564365811645985 ] ] ] } },
{ "type": "Feature", "properties": { "N03_003": "前橋市", "N03_001": "群馬県" }, "geometry": { "type": "Polygon", "coordinates": [ [ [ 15509887.496634731069207, 4356868.393153790384531 ], [ 15502951.177550919353962, 4368882.450224463827908 ], [ 15489078.539383292198181, 4368882.450224463827908 ], [ 15482142.220299480482936, 4356868.393153790384531 ], [ 15489078.539383292198181, 4344854.336083116941154 ], [ 15502951.177550919353962, 4344854.336083116941154 ], [ 15509887.496634731069207, 4356868.393153790384531 ] ] ] } },
{ "type": "Feature", "properties": { "N03_003": "加古川市", "N03_001": "兵庫県" }, "geometry": { "type": "Polygon", "coordinates": [ [ [ 15031281.479851637035608, 4128601.308810990769416 ], [ 15024345.160767825320363, 4140615.365881664678454 ], [ 15010472.522600198164582, 4140615.365881664678454 ], [ 15003536.203516386449337, 4128601.308810990769416 ], [ 15010472.522600198164582, 4116587.251740316860378 ], [ 15024345.160767825320363, 4116587.251740316860378 ], [ 15031281.479851637035608, 4128601.308810990769416 ] ] ] } },
{ "type": "Feature", "properties": { "N03_003": "加美郡", "N03_001": "宮城県" }, "geometry": { "type": "Polygon", "coordinates": [ [ [ 15676359.154646242037416, 4669233.876991306431592 ], [ 15669422.83556243032217, 4681247.934061979874969 ], [ 15655550.197394803166389, 4681247.934061979874969 ], [ 15648613.878310991451144, 4669233.876991306431592 ], [ 15655550.197394803166389, 4657219.819920632988214 ], [ 15669422.83556243032217, 4657219.819920632988214 ], [ 15676359.154646242037416, 4669233.876991306431592 ] ] ] } },
{ "type": "Feature", "properties": { "N03_003": "加茂郡", "N03_001": "岐阜県" }, "geometry": { "type": "MultiPolygon", "coordinates": [ [ [ [ 15274052.647785091772676, 4212699.708305706270039 ], [ 15260180.009617464616895, 4212699.708305706270039 ], [ 15253243.690533652901649, 4224713.765376379713416 ], [ 15260180.009617464616895, 4236727.822447053156793 ], [ 15274052.647785091772676, 4236727.822447053156793 ], [ 15280988.966868903487921, 4248741.87951772660017 ], [ 15294861.605036530643702, 4248741.87951772660017 ], [ 15301797.924120342358947, 4236727.822447053156793 ], [ 15294861.605036530643702, 4224713.765376379713416 ], [ 15280988.966868903487921, 4224713.765376379713416 ], [ 15274052.647785091772676, 4212699.708305706270039 ] ] ], [ [ [ 15260180.009617464616895, 4236727.822447054088116 ], [ 15253243.690533652901649, 4248741.879517727531493 ], [ 15260180.009617464616895, 4260755.93658840097487 ], [ 15274052.647785091772676, 4260755.93658840097487 ], [ 15280988.966868903487921, 4248741.879517727531493 ], [ 15274052.647785091772676, 4236727.822447054088116 ], [ 15260180.009617464616895, 4236727.822447054088116 ] ] ] ] } },
{ "type": "Feature", "properties": { "N03_003": "加西市", "N03_001": "兵庫県" }, "geometry": { "type": "Polygon", "coordinates": [ [ [ 15031281.479851637035608, 4152629.422952338121831 ], [ 15024345.160767825320363, 4164643.48002301203087 ], [ 15010472.522600198164582, 4164643.48002301203087 ], [ 15003536.203516386449337, 4152629.422952338121831 ], [ 15010472.522600198164582, 4140615.365881664212793 ], [ 15024345.160767825320363, 4140615.365881664212793 ], [ 15031281.479851637035608, 4152629.422952338121831 ] ] ] } },
{ "type": "Feature", "properties": { "N03_003": "加賀市", "N03_001": "石川県" }, "geometry": { "type": "MultiPolygon", "coordinates": [ [ [ [ 15190816.818779336288571, 4308812.1648710956797 ], [ 15176944.180611709132791, 4308812.1648710956797 ], [ 15170007.861527897417545, 4320826.221941769123077 ], [ 15176944.180611709132791, 4332840.279012442566454 ], [ 15190816.818779336288571, 4332840.279012442566454 ], [ 15197753.137863148003817, 4320826.221941769123077 ], [ 15190816.818779336288571, 4308812.1648710956797 ] ] ], [ [ [ 15190816.818779336288571, 4332840.279012443497777 ], [ 15176944.180611709132791, 4332840.279012443497777 ], [ 15170007.861527897417545, 4344854.336083116941154 ], [ 15176944.180611709132791, 4356868.393153790384531 ], [ 15190816.818779336288571, 4356868.393153790384531 ], [ 15197753.137863148003817, 4344854.336083116941154 ], [ 15190816.818779336288571, 4332840.279012443497777 ] ] ] ] } },
{ "type": "Feature", "properties": { "N03_003": "加賀郡", "N03_001": "岡山県" }, "geometry": { "type": "Polygon", "coordinates": [ [ [ 14906427.736343003809452, 4152629.422952338121831 ], [ 14899491.417259192094207, 4164643.48002301203087 ], [ 14885618.779091564938426, 4164643.48002301203087 ], [ 14878682.460007753223181, 4152629.422952338121831 ], [ 14885618.779091564938426, 4140615.365881664212793 ], [ 14899491.417259192094207, 4140615.365881664212793 ], [ 14906427.736343003809452, 4152629.422952338121831 ] ] ] } },
{ "type": "Feature", "properties": { "N03_003": "加須市", "N03_001": "埼玉県" }, "geometry": { "type": "Polygon", "coordinates": [ [ [ 15551505.411137608811259, 4308812.1648710956797 ], [ 15544569.092053797096014, 4320826.221941769123077 ], [ 15530696.453886169940233, 4320826.221941769123077 ], [ 15523760.134802358224988, 4308812.1648710956797 ], [ 15530696.453886169940233, 4296798.107800422236323 ], [ 15544569.092053797096014, 4296798.107800422236323 ], [ 15551505.411137608811259, 4308812.1648710956797 ] ] ] } },
{ "type": "Feature", "properties": { "N03_003": "勇払郡", "N03_001": "北海道" }, "geometry": { "type": "MultiPolygon", "coordinates": [ [ [ [ 15773467.6218196246773, 5245908.616383642889559 ], [ 15780403.940903436392546, 5257922.673454316332936 ], [ 15773467.6218196246773, 5269936.730524989776313 ], [ 15780403.940903436392546, 5281950.78759566321969 ], [ 15773467.6218196246773, 5293964.844666336663067 ], [ 15780403.940903436392546, 5305978.901737010106444 ], [ 15794276.579071063548326, 5305978.901737010106444 ], [ 15801212.898154875263572, 5293964.844666336663067 ], [ 15815085.536322502419353, 5293964.844666336663067 ], [ 15822021.855406314134598, 5305978.901737010106444 ], [ 15835894.493573941290379, 5305978.901737010106444 ], [ 15842830.812657753005624, 5293964.844666336663067 ], [ 15835894.493573941290379, 5281950.78759566321969 ], [ 15842830.812657753005624, 5269936.730524989776313 ], [ 15835894.493573941290379, 5257922.673454316332936 ], [ 15822021.855406314134598, 5257922.673454316332936 ], [ 15815085.536322502419353, 5245908.616383642889559 ], [ 15801212.898154875263572, 5245908.616383642889559 ], [ 15794276.579071063548326, 5233894.559312969446182 ], [ 15780403.940903436392546, 5233894.559312969446182 ], [ 15773467.6218196246773, 5245908.616383642889559 ] ] ], [ [ [ 15842830.812657753005624, 5317992.958807684481144 ], [ 15856703.450825380161405, 5317992.958807684481144 ], [ 15863639.76990919187665, 5330007.015878357924521 ], [ 15877512.408076819032431, 5330007.015878357924521 ], [ 15884448.727160630747676, 5317992.958807684481144 ], [ 15877512.408076819032431, 5305978.901737011037767 ], [ 15863639.76990919187665, 5305978.901737011037767 ], [ 15856703.450825380161405, 5293964.84466633759439 ], [ 15842830.812657753005624, 5293964.84466633759439 ], [ 15835894.493573941290379, 5305978.901737011037767 ], [ 15842830.812657753005624, 5317992.958807684481144 ] ] ] ] } },
{ "type": "Feature", "properties": { "N03_003": "勝山市", "N03_001": "福井県" }, "geometry": { "type": "Polygon", "coordinates": [ [ [ 15218562.095114586874843, 4308812.1648710956797 ], [ 15211625.776030775159597, 4320826.221941769123077 ], [ 15197753.137863148003817, 4320826.221941769123077 ], [ 15190816.818779336288571, 4308812.1648710956797 ], [ 15197753.137863148003817, 4296798.107800422236323 ], [ 15211625.776030775159597, 4296798.107800422236323 ], [ 15218562.095114586874843, 4308812.1648710956797 ] ] ] } },
{ "type": "Feature", "properties": { "N03_003": "勝浦市", "N03_001": "千葉県" }, "geometry": { "type": "Polygon", "coordinates": [ [ [ 15634741.240143364295363, 4188671.594164359383285 ], [ 15627804.921059552580118, 4200685.651235032826662 ], [ 15613932.282891925424337, 4200685.651235032826662 ], [ 15606995.963808113709092, 4188671.594164359383285 ], [ 15613932.282891925424337, 4176657.537093685474247 ], [ 15627804.921059552580118, 4176657.537093685474247 ], [ 15634741.240143364295363, 4188671.594164359383285 ] ] ] } },
{ "type": "Feature", "properties": { "N03_003": "勝田郡", "N03_001": "岡山県" }, "geometry": { "type": "Polygon", "coordinates": [ [ [ 14948045.650845881551504, 4176657.537093685474247 ], [ 14941109.331762069836259, 4188671.594164359383285 ], [ 14927236.693594442680478, 4188671.594164359383285 ], [ 14920300.374510630965233, 4176657.537093685474247 ], [ 14927236.693594442680478, 4164643.480023011565208 ], [ 14941109.331762069836259, 4164643.480023011565208 ], [ 14948045.650845881551504, 4176657.537093685474247 ] ] ] } },
{ "type": "Feature", "properties": { "N03_003": "北上市", "N03_001": "岩手県" }, "geometry": { "type": "Polygon", "coordinates": [ [ [ 15711040.750065308064222, 4777360.39062736928463 ], [ 15717977.069149119779468, 4765346.333556695841253 ], [ 15711040.750065308064222, 4753332.276486022397876 ], [ 15697168.111897680908442, 4753332.276486022397876 ], [ 15690231.792813869193196, 4765346.333556695841253 ], [ 15676359.154646242037416, 4765346.333556695841253 ], [ 15669422.83556243032217, 4777360.39062736928463 ], [ 15676359.154646242037416, 4789374.447698042728007 ], [ 15690231.792813869193196, 4789374.447698042728007 ], [ 15697168.111897680908442, 4777360.39062736928463 ], [ 15711040.750065308064222, 4777360.39062736928463 ] ] ] } },
{ "type": "Feature", "properties": { "N03_003": "北九州市", "N03_001": "福岡県" }, "geometry": { "type": "Polygon", "coordinates": [ [ [ 14566548.10123617015779, 3996446.681033580098301 ], [ 14552675.463068543002009, 3996446.681033580098301 ], [ 14545739.143984731286764, 4008460.738104254007339 ], [ 14552675.463068543002009, 4020474.795174927916378 ], [ 14566548.10123617015779, 4020474.795174927916378 ], [ 14573484.420319981873035, 4032488.852245601825416 ], [ 14587357.058487609028816, 4032488.852245601825416 ], [ 14594293.377571420744061, 4020474.795174927916378 ], [ 14587357.058487609028816, 4008460.738104254007339 ], [ 14573484.420319981873035, 4008460.738104254007339 ], [ 14566548.10123617015779, 3996446.681033580098301 ] ] ] } },
{ "type": "Feature", "properties": { "N03_003": "北佐久郡", "N03_001": "長野県" }, "geometry": { "type": "Polygon", "coordinates": [ [ [ 15447460.624880414456129, 4344854.336083116941154 ], [ 15440524.305796602740884, 4356868.393153790384531 ], [ 15426651.667628975585103, 4356868.393153790384531 ], [ 15419715.348545163869858, 4344854.336083116941154 ], [ 15426651.667628975585103, 4332840.279012443497777 ], [ 15440524.305796602740884, 4332840.279012443497777 ], [ 15447460.624880414456129, 4344854.336083116941154 ] ] ] } },
{ "type": "Feature", "properties": { "N03_003": "北宇和郡", "N03_001": "愛媛県" }, "geometry": { "type": "Polygon", "coordinates": [ [ [ 14781573.992834370583296, 3936376.395680211950094 ], [ 14774637.673750558868051, 3948390.452750885859132 ], [ 14760765.03558293171227, 3948390.452750885859132 ], [ 14753828.716499119997025, 3936376.395680211950094 ], [ 14760765.03558293171227, 3924362.338609538041055 ], [ 14774637.673750558868051, 3924362.338609538041055 ], [ 14781573.992834370583296, 3936376.395680211950094 ] ] ] } },
{ "type": "Feature", "properties": { "N03_003": "北安曇郡", "N03_001": "長野県" }, "geometry": { "type": "Polygon", "coordinates": [ [ [ 15364224.795874658972025, 4392910.564365811645985 ], [ 15357288.47679084725678, 4380896.507295138202608 ], [ 15343415.838623220100999, 4380896.507295138202608 ], [ 15336479.519539408385754, 4392910.564365811645985 ], [ 15343415.838623220100999, 4404924.621436485089362 ], [ 15336479.519539408385754, 4416938.678507158532739 ], [ 15343415.838623220100999, 4428952.735577831976116 ], [ 15357288.47679084725678, 4428952.735577831976116 ], [ 15364224.795874658972025, 4416938.678507158532739 ], [ 15357288.47679084725678, 4404924.621436485089362 ], [ 15364224.795874658972025, 4392910.564365811645985 ] ] ] } },
{ "type": "Feature", "properties": { "N03_003": "北斗市", "N03_001": "北海道" }, "geometry": { "type": "Polygon", "coordinates": [ [ [ 15655550.197394803166389, 5137782.102747580036521 ], [ 15648613.878310991451144, 5149796.159818253479898 ], [ 15634741.240143364295363, 5149796.159818253479898 ], [ 15627804.921059552580118, 5137782.102747580036521 ], [ 15634741.240143364295363, 5125768.045676906593144 ], [ 15648613.878310991451144, 5125768.045676906593144 ], [ 15655550.197394803166389, 5137782.102747580036521 ] ] ] } },
{ "type": "Feature", "properties": { "N03_003": "北杜市", "N03_001": "山梨県" }, "geometry": { "type": "Polygon", "coordinates": [ [ [ 15398906.391293724998832, 4260755.936588401906192 ], [ 15385033.753126097843051, 4260755.936588401906192 ], [ 15378097.434042286127806, 4272769.993659075349569 ], [ 15385033.753126097843051, 4284784.050729748792946 ], [ 15398906.391293724998832, 4284784.050729748792946 ], [ 15405842.710377536714077, 4296798.107800422236323 ], [ 15419715.348545163869858, 4296798.107800422236323 ], [ 15426651.667628975585103, 4284784.050729748792946 ], [ 15419715.348545163869858, 4272769.993659075349569 ], [ 15405842.710377536714077, 4272769.993659075349569 ], [ 15398906.391293724998832, 4260755.936588401906192 ] ] ] } },
{ "type": "Feature", "properties": { "N03_003": "北津軽郡", "N03_001": "青森県" }, "geometry": { "type": "MultiPolygon", "coordinates": [ [ [ [ 15648613.878310991451144, 4957571.246687474660575 ], [ 15634741.240143364295363, 4957571.246687474660575 ], [ 15627804.921059552580118, 4969585.303758148103952 ], [ 15634741.240143364295363, 4981599.360828821547329 ], [ 15648613.878310991451144, 4981599.360828821547329 ], [ 15655550.197394803166389, 4969585.303758148103952 ], [ 15648613.878310991451144, 4957571.246687474660575 ] ] ], [ [ [ 15627804.921059552580118, 5041669.64618219062686 ], [ 15613932.282891925424337, 5041669.64618219062686 ], [ 15606995.963808113709092, 5053683.703252864070237 ], [ 15613932.282891925424337, 5065697.760323537513614 ], [ 15627804.921059552580118, 5065697.760323537513614 ], [ 15634741.240143364295363, 5053683.703252864070237 ], [ 15627804.921059552580118, 5041669.64618219062686 ] ] ] ] } },
{ "type": "Feature", "properties": { "N03_003": "北牟婁郡", "N03_001": "三重県" }, "geometry": { "type": "Polygon", "coordinates": [ [ [ 15176944.180611709132791, 4044502.909316275268793 ], [ 15170007.861527897417545, 4056516.966386949177831 ], [ 15156135.223360270261765, 4056516.966386949177831 ], [ 15149198.904276458546519, 4044502.909316275268793 ], [ 15156135.223360270261765, 4032488.852245601359755 ], [ 15170007.861527897417545, 4032488.852245601359755 ], [ 15176944.180611709132791, 4044502.909316275268793 ] ] ] } },
{ "type": "Feature", "properties": { "N03_003": "北秋田市", "N03_001": "秋田県" }, "geometry": { "type": "Polygon", "coordinates": [ [ [ 15655550.197394803166389, 4849444.733051411807537 ], [ 15648613.878310991451144, 4837430.67598073836416 ], [ 15634741.240143364295363, 4837430.67598073836416 ], [ 15627804.921059552580118, 4849444.733051411807537 ], [ 15634741.240143364295363, 4861458.790122085250914 ], [ 15627804.921059552580118, 4873472.847192758694291 ], [ 15613932.282891925424337, 4873472.847192758694291 ], [ 15606995.963808113709092, 4885486.904263432137668 ], [ 15613932.282891925424337, 4897500.961334105581045 ], [ 15627804.921059552580118, 4897500.961334105581045 ], [ 15634741.240143364295363, 4885486.904263432137668 ], [ 15648613.878310991451144, 4885486.904263432137668 ], [ 15655550.197394803166389, 4873472.847192758694291 ], [ 15648613.878310991451144, 4861458.790122085250914 ], [ 15655550.197394803166389, 4849444.733051411807537 ] ] ] } },
{ "type": "Feature", "properties": { "N03_003": "北秋田郡", "N03_001": "秋田県" }, "geometry": { "type": "Polygon", "coordinates": [ [ [ 15634741.240143364295363, 4861458.790122085250914 ], [ 15627804.921059552580118, 4873472.847192758694291 ], [ 15613932.282891925424337, 4873472.847192758694291 ], [ 15606995.963808113709092, 4861458.790122085250914 ], [ 15613932.282891925424337, 4849444.733051411807537 ], [ 15627804.921059552580118, 4849444.733051411807537 ], [ 15634741.240143364295363, 4861458.790122085250914 ] ] ] } },
{ "type": "Feature", "properties": { "N03_003": "北茨城市", "N03_001": "茨城県" }, "geometry": { "type": "Polygon", "coordinates": [ [ [ 15697168.111897680908442, 4416938.678507158532739 ], [ 15690231.792813869193196, 4428952.735577831976116 ], [ 15676359.154646242037416, 4428952.735577831976116 ], [ 15669422.83556243032217, 4416938.678507158532739 ], [ 15676359.154646242037416, 4404924.621436485089362 ], [ 15690231.792813869193196, 4404924.621436485089362 ], [ 15697168.111897680908442, 4416938.678507158532739 ] ] ] } },
{ "type": "Feature", "properties": { "N03_003": "北見市", "N03_001": "北海道" }, "geometry": { "type": "MultiPolygon", "coordinates": [ [ [ [ 15946875.598914947360754, 5402091.358302400447428 ], [ 15939939.279831135645509, 5414105.415373073890805 ], [ 15946875.598914947360754, 5426119.472443747334182 ], [ 15960748.237082574516535, 5426119.472443747334182 ], [ 15967684.55616638623178, 5414105.415373073890805 ], [ 15960748.237082574516535, 5402091.358302400447428 ], [ 15946875.598914947360754, 5402091.358302400447428 ] ] ], [ [ [ 15960748.237082574516535, 5426119.472443748265505 ], [ 15967684.55616638623178, 5438133.529514421708882 ], [ 15981557.194334013387561, 5438133.529514421708882 ], [ 15988493.513417825102806, 5450147.586585095152259 ], [ 16002366.151585452258587, 5450147.586585095152259 ], [ 16009302.470669263973832, 5462161.643655768595636 ], [ 16023175.108836891129613, 5462161.643655768595636 ], [ 16030111.427920702844858, 5450147.586585095152259 ], [ 16023175.108836891129613, 5438133.529514421708882 ], [ 16030111.427920702844858, 5426119.472443748265505 ], [ 16023175.108836891129613, 5414105.415373074822128 ], [ 16009302.470669263973832, 5414105.415373074822128 ], [ 16002366.151585452258587, 5426119.472443748265505 ], [ 15988493.513417825102806, 5426119.472443748265505 ], [ 15981557.194334013387561, 5414105.415373074822128 ], [ 15967684.55616638623178, 5414105.415373074822128 ], [ 15960748.237082574516535, 5426119.472443748265505 ] ] ], [ [ [ 16023175.108836891129613, 5486189.75779711548239 ], [ 16030111.427920702844858, 5498203.814867788925767 ], [ 16043984.066088330000639, 5498203.814867788925767 ], [ 16050920.385172141715884, 5486189.75779711548239 ], [ 16043984.066088330000639, 5474175.700726442039013 ], [ 16030111.427920702844858, 5474175.700726442039013 ], [ 16023175.108836891129613, 5486189.75779711548239 ] ] ], [ [ [ 16002366.151585452258587, 5498203.81486778985709 ], [ 16009302.470669263973832, 5510217.871938463300467 ], [ 16023175.108836891129613, 5510217.871938463300467 ], [ 16030111.427920702844858, 5498203.81486778985709 ], [ 16023175.108836891129613, 5486189.757797116413713 ], [ 16009302.470669263973832, 5486189.757797116413713 ], [ 16002366.151585452258587, 5498203.81486778985709 ] ] ] ] } },
{ "type": "Feature", "properties": { "N03_003": "北設楽郡", "N03_001": "愛知県" }, "geometry": { "type": "Polygon", "coordinates": [ [ [ 15315670.562287969514728, 4164643.480023011565208 ], [ 15301797.924120342358947, 4164643.480023011565208 ], [ 15294861.605036530643702, 4176657.537093685474247 ], [ 15301797.924120342358947, 4188671.594164359383285 ], [ 15315670.562287969514728, 4188671.594164359383285 ], [ 15322606.881371781229973, 4200685.651235032826662 ], [ 15336479.519539408385754, 4200685.651235032826662 ], [ 15343415.838623220100999, 4188671.594164359383285 ], [ 15336479.519539408385754, 4176657.537093685474247 ], [ 15322606.881371781229973, 4176657.537093685474247 ], [ 15315670.562287969514728, 4164643.480023011565208 ] ] ] } },
{ "type": "Feature", "properties": { "N03_003": "北諸県郡", "N03_001": "宮崎県" }, "geometry": { "type": "Polygon", "coordinates": [ [ [ 14615102.334822859615088, 3720123.368408085778356 ], [ 14608166.015739047899842, 3732137.425478759687394 ], [ 14594293.377571420744061, 3732137.425478759687394 ], [ 14587357.058487609028816, 3720123.368408085778356 ], [ 14594293.377571420744061, 3708109.311337411869317 ], [ 14608166.015739047899842, 3708109.311337411869317 ], [ 14615102.334822859615088, 3720123.368408085778356 ] ] ] } },
{ "type": "Feature", "properties": { "N03_003": "十勝郡", "N03_001": "北海道" }, "geometry": { "type": "MultiPolygon", "coordinates": [ [ [ [ 15988493.513417825102806, 5257922.673454316332936 ], [ 15981557.194334013387561, 5269936.730524989776313 ], [ 15988493.513417825102806, 5281950.78759566321969 ], [ 15981557.194334013387561, 5293964.844666336663067 ], [ 15988493.513417825102806, 5305978.901737010106444 ], [ 16002366.151585452258587, 5305978.901737010106444 ], [ 16009302.470669263973832, 5293964.844666336663067 ], [ 16023175.108836891129613, 5293964.844666336663067 ], [ 16030111.427920702844858, 5281950.78759566321969 ], [ 16023175.108836891129613, 5269936.730524989776313 ], [ 16009302.470669263973832, 5269936.730524989776313 ], [ 16002366.151585452258587, 5257922.673454316332936 ], [ 15988493.513417825102806, 5257922.673454316332936 ] ] ], [ [ [ 15988493.513417825102806, 5305978.901737011037767 ], [ 15981557.194334013387561, 5317992.958807684481144 ], [ 15988493.513417825102806, 5330007.015878357924521 ], [ 16002366.151585452258587, 5330007.015878357924521 ], [ 16009302.470669263973832, 5317992.958807684481144 ], [ 16002366.151585452258587, 5305978.901737011037767 ], [ 15988493.513417825102806, 5305978.901737011037767 ] ] ] ] } },
{ "type": "Feature", "properties": { "N03_003": "十和田市", "N03_001": "青森県" }, "geometry": { "type": "Polygon", "coordinates": [ [ [ 15690231.792813869193196, 4933543.132546127773821 ], [ 15676359.154646242037416, 4933543.132546127773821 ], [ 15669422.83556243032217, 4945557.189616801217198 ], [ 15676359.154646242037416, 4957571.246687474660575 ], [ 15690231.792813869193196, 4957571.246687474660575 ], [ 15697168.111897680908442, 4969585.303758148103952 ], [ 15711040.750065308064222, 4969585.303758148103952 ], [ 15717977.069149119779468, 4957571.246687474660575 ], [ 15731849.707316746935248, 4957571.246687474660575 ], [ 15738786.026400558650494, 4945557.189616801217198 ], [ 15731849.707316746935248, 4933543.132546127773821 ], [ 15717977.069149119779468, 4933543.132546127773821 ], [ 15711040.750065308064222, 4945557.189616801217198 ], [ 15697168.111897680908442, 4945557.189616801217198 ], [ 15690231.792813869193196, 4933543.132546127773821 ] ] ] } },
{ "type": "Feature", "properties": { "N03_003": "十日町市", "N03_001": "新潟県" }, "geometry": { "type": "MultiPolygon", "coordinates": [ [ [ [ 15461333.26304804161191, 4440966.792648506350815 ], [ 15447460.624880414456129, 4440966.792648506350815 ], [ 15440524.305796602740884, 4452980.849719179794192 ], [ 15447460.624880414456129, 4464994.906789853237569 ], [ 15461333.26304804161191, 4464994.906789853237569 ], [ 15468269.582131853327155, 4452980.849719179794192 ], [ 15461333.26304804161191, 4440966.792648506350815 ] ] ], [ [ [ 15440524.305796602740884, 4452980.849719180725515 ], [ 15426651.667628975585103, 4452980.849719180725515 ], [ 15419715.348545163869858, 4464994.906789854168892 ], [ 15426651.667628975585103, 4477008.963860527612269 ], [ 15440524.305796602740884, 4477008.963860527612269 ], [ 15447460.624880414456129, 4464994.906789854168892 ], [ 15440524.305796602740884, 4452980.849719180725515 ] ] ] ] } },
{ "type": "Feature", "properties": { "N03_003": "千歳市", "N03_001": "北海道" }, "geometry": { "type": "MultiPolygon", "coordinates": [ [ [ [ 15731849.707316746935248, 5269936.730524989776313 ], [ 15717977.069149119779468, 5269936.730524989776313 ], [ 15711040.750065308064222, 5281950.78759566321969 ], [ 15717977.069149119779468, 5293964.844666336663067 ], [ 15731849.707316746935248, 5293964.844666336663067 ], [ 15738786.026400558650494, 5281950.78759566321969 ], [ 15731849.707316746935248, 5269936.730524989776313 ] ] ], [ [ [ 15773467.6218196246773, 5269936.730524989776313 ], [ 15759594.98365199752152, 5269936.730524989776313 ], [ 15752658.664568185806274, 5281950.78759566321969 ], [ 15759594.98365199752152, 5293964.844666336663067 ], [ 15773467.6218196246773, 5293964.844666336663067 ], [ 15780403.940903436392546, 5281950.78759566321969 ], [ 15773467.6218196246773, 5269936.730524989776313 ] ] ] ] } },
{ "type": "Feature", "properties": { "N03_003": "千葉市", "N03_001": "千葉県" }, "geometry": { "type": "Polygon", "coordinates": [ [ [ 15613932.282891925424337, 4248741.879517727531493 ], [ 15606995.963808113709092, 4260755.93658840097487 ], [ 15593123.325640486553311, 4260755.93658840097487 ], [ 15586187.006556674838066, 4248741.879517727531493 ], [ 15593123.325640486553311, 4236727.822447054088116 ], [ 15606995.963808113709092, 4236727.822447054088116 ], [ 15613932.282891925424337, 4248741.879517727531493 ] ] ] } },
{ "type": "Feature", "properties": { "N03_003": "南あわじ市", "N03_001": "兵庫県" }, "geometry": { "type": "Polygon", "coordinates": [ [ [ 15010472.522600198164582, 4044502.909316275268793 ], [ 15003536.203516386449337, 4032488.852245601359755 ], [ 14989663.565348759293556, 4032488.852245601359755 ], [ 14982727.246264947578311, 4044502.909316275268793 ], [ 14989663.565348759293556, 4056516.96638694871217 ], [ 14982727.246264947578311, 4068531.023457622621208 ], [ 14989663.565348759293556, 4080545.080528296530247 ], [ 15003536.203516386449337, 4080545.080528296530247 ], [ 15010472.522600198164582, 4068531.023457622621208 ], [ 15003536.203516386449337, 4056516.96638694871217 ], [ 15010472.522600198164582, 4044502.909316275268793 ] ] ] } },
{ "type": "Feature", "properties": { "N03_003": "南さつま市", "N03_001": "鹿児島県" }, "geometry": { "type": "Polygon", "coordinates": [ [ [ 14511057.548565665259957, 3660053.083054717630148 ], [ 14504121.229481853544712, 3648039.02598404372111 ], [ 14490248.591314226388931, 3648039.02598404372111 ], [ 14483312.272230414673686, 3660053.083054717630148 ], [ 14490248.591314226388931, 3672067.140125391073525 ], [ 14483312.272230414673686, 3684081.197196064982563 ], [ 14490248.591314226388931, 3696095.254266738891602 ], [ 14504121.229481853544712, 3696095.254266738891602 ], [ 14511057.548565665259957, 3684081.197196064982563 ], [ 14504121.229481853544712, 3672067.140125391539186 ], [ 14511057.548565665259957, 3660053.083054717630148 ] ] ] } },
{ "type": "Feature", "properties": { "N03_003": "南丹市", "N03_001": "京都府" }, "geometry": { "type": "Polygon", "coordinates": [ [ [ 15086772.032522141933441, 4176657.537093685474247 ], [ 15072899.39435451477766, 4176657.537093685474247 ], [ 15065963.075270703062415, 4188671.594164359383285 ], [ 15072899.39435451477766, 4200685.651235032826662 ], [ 15086772.032522141933441, 4200685.651235032826662 ], [ 15093708.351605953648686, 4212699.708305706270039 ], [ 15107580.989773580804467, 4212699.708305706270039 ], [ 15114517.308857392519712, 4200685.651235032826662 ], [ 15107580.989773580804467, 4188671.594164358917624 ], [ 15093708.351605953648686, 4188671.594164358917624 ], [ 15086772.032522141933441, 4176657.537093685474247 ] ] ] } },
{ "type": "Feature", "properties": { "N03_003": "南九州市", "N03_001": "鹿児島県" }, "geometry": { "type": "Polygon", "coordinates": [ [ [ 14531866.505817104130983, 3672067.140125391073525 ], [ 14524930.186733292415738, 3684081.197196064982563 ], [ 14511057.548565665259957, 3684081.197196064982563 ], [ 14504121.229481853544712, 3672067.140125391073525 ], [ 14511057.548565665259957, 3660053.083054717164487 ], [ 14524930.186733292415738, 3660053.083054717164487 ], [ 14531866.505817104130983, 3672067.140125391073525 ] ] ] } },
{ "type": "Feature", "properties": { "N03_003": "南会津郡", "N03_001": "福島県" }, "geometry": { "type": "MultiPolygon", "coordinates": [ [ [ [ 15502951.177550919353962, 4440966.792648506350815 ], [ 15509887.496634731069207, 4452980.849719179794192 ], [ 15523760.134802358224988, 4452980.849719179794192 ], [ 15530696.453886169940233, 4464994.906789853237569 ], [ 15544569.092053797096014, 4464994.906789853237569 ], [ 15551505.411137608811259, 4452980.849719179794192 ], [ 15544569.092053797096014, 4440966.792648506350815 ], [ 15530696.453886169940233, 4440966.792648506350815 ], [ 15523760.134802358224988, 4428952.735577832907438 ], [ 15509887.496634731069207, 4428952.735577832907438 ], [ 15502951.177550919353962, 4440966.792648506350815 ] ] ], [ [ [ 15502951.177550919353962, 4464994.906789854168892 ], [ 15489078.539383292198181, 4464994.906789854168892 ], [ 15482142.220299480482936, 4477008.963860527612269 ], [ 15489078.539383292198181, 4489023.020931201055646 ], [ 15502951.177550919353962, 4489023.020931201055646 ], [ 15509887.496634731069207, 4501037.078001874499023 ], [ 15523760.134802358224988, 4501037.078001874499023 ], [ 15530696.453886169940233, 4489023.020931201055646 ], [ 15544569.092053797096014, 4489023.020931201055646 ], [ 15551505.411137608811259, 4477008.963860527612269 ], [ 15565378.04930523596704, 4477008.963860527612269 ], [ 15572314.368389047682285, 4489023.020931201055646 ], [ 15586187.006556674838066, 4489023.020931201055646 ], [ 15593123.325640486553311, 4477008.963860527612269 ], [ 15586187.006556674838066, 4464994.906789854168892 ], [ 15572314.368389047682285, 4464994.906789854168892 ], [ 15565378.04930523596704, 4452980.849719180725515 ], [ 15551505.411137608811259, 4452980.849719180725515 ], [ 15544569.092053797096014, 4464994.906789854168892 ], [ 15530696.453886169940233, 4464994.906789854168892 ], [ 15523760.134802358224988, 4452980.849719180725515 ], [ 15509887.496634731069207, 4452980.849719180725515 ], [ 15502951.177550919353962, 4464994.906789854168892 ] ] ] ] } },
{ "type": "Feature", "properties": { "N03_003": "南佐久郡", "N03_001": "長野県" }, "geometry": { "type": "Polygon", "coordinates": [ [ [ 15440524.305796602740884, 4308812.1648710956797 ], [ 15447460.624880414456129, 4296798.107800422236323 ], [ 15440524.305796602740884, 4284784.050729748792946 ], [ 15426651.667628975585103, 4284784.050729748792946 ], [ 15419715.348545163869858, 4296798.107800422236323 ], [ 15405842.710377536714077, 4296798.107800422236323 ], [ 15398906.391293724998832, 4308812.1648710956797 ], [ 15405842.710377536714077, 4320826.221941769123077 ], [ 15419715.348545163869858, 4320826.221941769123077 ], [ 15426651.667628975585103, 4308812.1648710956797 ], [ 15440524.305796602740884, 4308812.1648710956797 ] ] ] } },
{ "type": "Feature", "properties": { "N03_003": "南城市", "N03_001": "沖縄県" }, "geometry": { "type": "Polygon", "coordinates": [ [ [ 14240541.104296959936619, 3023308.058309012558311 ], [ 14233604.785213148221374, 3035322.11537968646735 ], [ 14219732.147045521065593, 3035322.11537968646735 ], [ 14212795.827961709350348, 3023308.058309012558311 ], [ 14219732.147045521065593, 3011294.001238338649273 ], [ 14233604.785213148221374, 3011294.001238338649273 ], [ 14240541.104296959936619, 3023308.058309012558311 ] ] ] } },
{ "type": "Feature", "properties": { "N03_003": "南宇和郡", "N03_001": "愛媛県" }, "geometry": { "type": "Polygon", "coordinates": [ [ [ 14753828.716499119997025, 3864292.053256169892848 ], [ 14739956.078331492841244, 3864292.053256169892848 ], [ 14733019.759247681125998, 3876306.110326843801886 ], [ 14739956.078331492841244, 3888320.167397517710924 ], [ 14753828.716499119997025, 3888320.167397517710924 ], [ 14760765.03558293171227, 3900334.224468191154301 ], [ 14774637.673750558868051, 3900334.224468191154301 ], [ 14781573.992834370583296, 3888320.167397517245263 ], [ 14774637.673750558868051, 3876306.110326843336225 ], [ 14760765.03558293171227, 3876306.110326843336225 ], [ 14753828.716499119997025, 3864292.053256169892848 ] ] ] } },
{ "type": "Feature", "properties": { "N03_003": "南島原市", "N03_001": "長崎県" }, "geometry": { "type": "Polygon", "coordinates": [ [ [ 14511057.548565665259957, 3852277.996185496449471 ], [ 14504121.229481853544712, 3864292.053256170358509 ], [ 14490248.591314226388931, 3864292.053256170358509 ], [ 14483312.272230414673686, 3852277.996185496449471 ], [ 14490248.591314226388931, 3840263.939114822540432 ], [ 14504121.229481853544712, 3840263.939114822540432 ], [ 14511057.548565665259957, 3852277.996185496449471 ] ] ] } },
{ "type": "Feature", "properties": { "N03_003": "南巨摩郡", "N03_001": "山梨県" }, "geometry": { "type": "MultiPolygon", "coordinates": [ [ [ [ 15426651.667628975585103, 4212699.708305706270039 ], [ 15419715.348545163869858, 4200685.651235032826662 ], [ 15405842.710377536714077, 4200685.651235032826662 ], [ 15398906.391293724998832, 4212699.708305706270039 ], [ 15385033.753126097843051, 4212699.708305706270039 ], [ 15378097.434042286127806, 4224713.765376379713416 ], [ 15385033.753126097843051, 4236727.822447053156793 ], [ 15398906.391293724998832, 4236727.822447053156793 ], [ 15405842.710377536714077, 4248741.87951772660017 ], [ 15419715.348545163869858, 4248741.87951772660017 ], [ 15426651.667628975585103, 4236727.822447053156793 ], [ 15419715.348545163869858, 4224713.765376379713416 ], [ 15426651.667628975585103, 4212699.708305706270039 ] ] ], [ [ [ 15385033.753126097843051, 4236727.822447054088116 ], [ 15378097.434042286127806, 4248741.879517727531493 ], [ 15385033.753126097843051, 4260755.93658840097487 ], [ 15398906.391293724998832, 4260755.93658840097487 ], [ 15405842.710377536714077, 4248741.879517727531493 ], [ 15398906.391293724998832, 4236727.822447054088116 ], [ 15385033.753126097843051, 4236727.822447054088116 ] ] ] ] } },
{ "type": "Feature", "properties": { "N03_003": "南房総市", "N03_001": "千葉県" }, "geometry": { "type": "Polygon", "coordinates": [ [ [ 15572314.368389047682285, 4176657.537093685939908 ], [ 15586187.006556674838066, 4176657.537093685939908 ], [ 15593123.325640486553311, 4164643.48002301203087 ], [ 15586187.006556674838066, 4152629.422952338121831 ], [ 15572314.368389047682285, 4152629.422952338121831 ], [ 15565378.04930523596704, 4164643.480023011565208 ], [ 15551505.411137608811259, 4164643.480023011565208 ], [ 15544569.092053797096014, 4176657.537093685474247 ], [ 15551505.411137608811259, 4188671.594164359383285 ], [ 15565378.04930523596704, 4188671.594164359383285 ], [ 15572314.368389047682285, 4176657.537093685474247 ], [ 15572314.368389047682285, 4176657.537093685939908 ] ] ] } },
{ "type": "Feature", "properties": { "N03_003": "南条郡", "N03_001": "福井県" }, "geometry": { "type": "MultiPolygon", "coordinates": [ [ [ [ 15170007.861527897417545, 4248741.879517727531493 ], [ 15156135.223360270261765, 4248741.879517727531493 ], [ 15149198.904276458546519, 4260755.93658840097487 ], [ 15156135.223360270261765, 4272769.993659074418247 ], [ 15170007.861527897417545, 4272769.993659074418247 ], [ 15176944.180611709132791, 4260755.93658840097487 ], [ 15170007.861527897417545, 4248741.879517727531493 ] ] ], [ [ [ 15149198.904276458546519, 4260755.936588401906192 ], [ 15135326.266108831390738, 4260755.936588401906192 ], [ 15128389.947025019675493, 4272769.993659075349569 ], [ 15135326.266108831390738, 4284784.050729748792946 ], [ 15149198.904276458546519, 4284784.050729748792946 ], [ 15156135.223360270261765, 4272769.993659075349569 ], [ 15149198.904276458546519, 4260755.936588401906192 ] ] ] ] } },
{ "type": "Feature", "properties": { "N03_003": "南松浦郡", "N03_001": "長崎県" }, "geometry": { "type": "Polygon", "coordinates": [ [ [ 14386203.805057032033801, 3876306.110326843801886 ], [ 14379267.485973220318556, 3864292.053256169892848 ], [ 14365394.847805593162775, 3864292.053256169892848 ], [ 14358458.52872178144753, 3876306.110326843336225 ], [ 14344585.890554154291749, 3876306.110326843336225 ], [ 14337649.571470342576504, 3888320.167397517245263 ], [ 14344585.890554154291749, 3900334.224468191154301 ], [ 14358458.52872178144753, 3900334.224468191154301 ], [ 14365394.847805593162775, 3912348.281538865063339 ], [ 14379267.485973220318556, 3912348.281538865063339 ], [ 14386203.805057032033801, 3900334.224468191154301 ], [ 14379267.485973220318556, 3888320.167397517710924 ], [ 14386203.805057032033801, 3876306.110326843801886 ] ] ] } },
{ "type": "Feature", "properties": { "N03_003": "南牟婁郡", "N03_001": "三重県" }, "geometry": { "type": "Polygon", "coordinates": [ [ [ 15156135.223360270261765, 4008460.738104254007339 ], [ 15149198.904276458546519, 4020474.795174927916378 ], [ 15135326.266108831390738, 4020474.795174927916378 ], [ 15128389.947025019675493, 4008460.738104254007339 ], [ 15135326.266108831390738, 3996446.681033580098301 ], [ 15149198.904276458546519, 3996446.681033580098301 ], [ 15156135.223360270261765, 4008460.738104254007339 ] ] ] } },
{ "type": "Feature", "properties": { "N03_003": "南相馬市", "N03_001": "福島県" }, "geometry": { "type": "MultiPolygon", "coordinates": [ [ [ [ 15711040.750065308064222, 4513051.1350725479424 ], [ 15697168.111897680908442, 4513051.1350725479424 ], [ 15690231.792813869193196, 4525065.192143221385777 ], [ 15697168.111897680908442, 4537079.249213894829154 ], [ 15711040.750065308064222, 4537079.249213894829154 ], [ 15717977.069149119779468, 4525065.192143221385777 ], [ 15711040.750065308064222, 4513051.1350725479424 ] ] ], [ [ [ 15690231.792813869193196, 4525065.1921432223171 ], [ 15676359.154646242037416, 4525065.1921432223171 ], [ 15669422.83556243032217, 4537079.249213895760477 ], [ 15676359.154646242037416, 4549093.306284569203854 ], [ 15690231.792813869193196, 4549093.306284569203854 ], [ 15697168.111897680908442, 4537079.249213895760477 ], [ 15690231.792813869193196, 4525065.1921432223171 ] ] ] ] } },
{ "type": "Feature", "properties": { "N03_003": "南砺市", "N03_001": "富山県" }, "geometry": { "type": "MultiPolygon", "coordinates": [ [ [ [ 15253243.690533652901649, 4344854.336083116941154 ], [ 15239371.052366025745869, 4344854.336083116941154 ], [ 15232434.733282214030623, 4356868.393153790384531 ], [ 15239371.052366025745869, 4368882.450224463827908 ], [ 15253243.690533652901649, 4368882.450224463827908 ], [ 15260180.009617464616895, 4356868.393153790384531 ], [ 15253243.690533652901649, 4344854.336083116941154 ] ] ], [ [ [ 15253243.690533652901649, 4368882.450224464759231 ], [ 15239371.052366025745869, 4368882.450224464759231 ], [ 15232434.733282214030623, 4380896.507295138202608 ], [ 15239371.052366025745869, 4392910.564365811645985 ], [ 15253243.690533652901649, 4392910.564365811645985 ], [ 15260180.009617464616895, 4380896.507295138202608 ], [ 15253243.690533652901649, 4368882.450224464759231 ] ] ] ] } },
{ "type": "Feature", "properties": { "N03_003": "南秋田郡", "N03_001": "秋田県" }, "geometry": { "type": "Polygon", "coordinates": [ [ [ 15606995.963808113709092, 4861458.790122085250914 ], [ 15613932.282891925424337, 4849444.733051411807537 ], [ 15606995.963808113709092, 4837430.67598073836416 ], [ 15593123.325640486553311, 4837430.67598073836416 ], [ 15586187.006556674838066, 4849444.733051411807537 ], [ 15572314.368389047682285, 4849444.733051411807537 ], [ 15565378.04930523596704, 4861458.790122085250914 ], [ 15572314.368389047682285, 4873472.847192758694291 ], [ 15586187.006556674838066, 4873472.847192758694291 ], [ 15593123.325640486553311, 4861458.790122085250914 ], [ 15606995.963808113709092, 4861458.790122085250914 ] ] ] } },
{ "type": "Feature", "properties": { "N03_003": "南都留郡", "N03_001": "山梨県" }, "geometry": { "type": "Polygon", "coordinates": [ [ [ 15447460.624880414456129, 4224713.765376379713416 ], [ 15440524.305796602740884, 4236727.822447053156793 ], [ 15426651.667628975585103, 4236727.822447053156793 ], [ 15419715.348545163869858, 4224713.765376379713416 ], [ 15426651.667628975585103, 4212699.708305706270039 ], [ 15440524.305796602740884, 4212699.708305706270039 ], [ 15447460.624880414456129, 4224713.765376379713416 ] ] ] } },
{ "type": "Feature", "properties": { "N03_003": "南魚沼市", "N03_001": "新潟県" }, "geometry": { "type": "Polygon", "coordinates": [ [ [ 15489078.539383292198181, 4440966.792648506350815 ], [ 15482142.220299480482936, 4452980.849719179794192 ], [ 15468269.582131853327155, 4452980.849719179794192 ], [ 15461333.26304804161191, 4440966.792648506350815 ], [ 15468269.582131853327155, 4428952.735577832907438 ], [ 15482142.220299480482936, 4428952.735577832907438 ], [ 15489078.539383292198181, 4440966.792648506350815 ] ] ] } },
{ "type": "Feature", "properties": { "N03_003": "南魚沼郡", "N03_001": "新潟県" }, "geometry": { "type": "Polygon", "coordinates": [ [ [ 15468269.582131853327155, 4428952.735577831976116 ], [ 15461333.26304804161191, 4440966.792648505419493 ], [ 15447460.624880414456129, 4440966.792648505419493 ], [ 15440524.305796602740884, 4428952.735577831976116 ], [ 15447460.624880414456129, 4416938.678507158532739 ], [ 15461333.26304804161191, 4416938.678507158532739 ], [ 15468269.582131853327155, 4428952.735577831976116 ] ] ] } },
{ "type": "Feature", "properties": { "N03_003": "印西市", "N03_001": "千葉県" }, "geometry": { "type": "Polygon", "coordinates": [ [ [ 15613932.282891925424337, 4272769.993659075349569 ], [ 15606995.963808113709092, 4284784.050729748792946 ], [ 15593123.325640486553311, 4284784.050729748792946 ], [ 15586187.006556674838066, 4272769.993659075349569 ], [ 15593123.325640486553311, 4260755.936588401906192 ], [ 15606995.963808113709092, 4260755.936588401906192 ], [ 15613932.282891925424337, 4272769.993659075349569 ] ] ] } },
{ "type": "Feature", "properties": { "N03_003": "厚岸郡", "N03_001": "北海道" }, "geometry": { "type": "MultiPolygon", "coordinates": [ [ [ [ 16154965.171429336071014, 5330007.015878357924521 ], [ 16168837.809596963226795, 5330007.015878357924521 ], [ 16175774.12868077494204, 5317992.958807684481144 ], [ 16168837.809596963226795, 5305978.901737011037767 ], [ 16154965.171429336071014, 5305978.901737011037767 ], [ 16148028.852345524355769, 5293964.84466633759439 ], [ 16134156.214177897199988, 5293964.84466633759439 ], [ 16127219.895094085484743, 5305978.901737011037767 ], [ 16113347.256926458328962, 5305978.901737011037767 ], [ 16106410.937842646613717, 5317992.958807684481144 ], [ 16113347.256926458328962, 5330007.015878357924521 ], [ 16127219.895094085484743, 5330007.015878357924521 ], [ 16134156.214177897199988, 5317992.958807684481144 ], [ 16148028.852345524355769, 5317992.958807684481144 ], [ 16154965.171429336071014, 5330007.015878357924521 ] ] ], [ [ [ 16154965.171429336071014, 5354035.130019705742598 ], [ 16168837.809596963226795, 5354035.130019705742598 ], [ 16175774.12868077494204, 5342021.072949032299221 ], [ 16168837.809596963226795, 5330007.015878358855844 ], [ 16154965.171429336071014, 5330007.015878358855844 ], [ 16148028.852345524355769, 5317992.958807685412467 ], [ 16134156.214177897199988, 5317992.958807685412467 ], [ 16127219.895094085484743, 5330007.015878358855844 ], [ 16113347.256926458328962, 5330007.015878358855844 ], [ 16106410.937842646613717, 5342021.072949032299221 ], [ 16113347.256926458328962, 5354035.130019705742598 ], [ 16127219.895094085484743, 5354035.130019705742598 ], [ 16134156.214177897199988, 5342021.072949032299221 ], [ 16148028.852345524355769, 5342021.072949032299221 ], [ 16154965.171429336071014, 5354035.130019705742598 ] ] ] ] } },
{ "type": "Feature", "properties": { "N03_003": "厚木市", "N03_001": "神奈川県" }, "geometry": { "type": "Polygon", "coordinates": [ [ [ 15530696.453886169940233, 4224713.765376379713416 ], [ 15523760.134802358224988, 4236727.822447053156793 ], [ 15509887.496634731069207, 4236727.822447053156793 ], [ 15502951.177550919353962, 4224713.765376379713416 ], [ 15509887.496634731069207, 4212699.708305706270039 ], [ 15523760.134802358224988, 4212699.708305706270039 ], [ 15530696.453886169940233, 4224713.765376379713416 ] ] ] } },
{ "type": "Feature", "properties": { "N03_003": "双葉郡", "N03_001": "福島県" }, "geometry": { "type": "Polygon", "coordinates": [ [ [ 15717977.069149119779468, 4477008.963860527612269 ], [ 15711040.750065308064222, 4464994.906789854168892 ], [ 15697168.111897680908442, 4464994.906789854168892 ], [ 15690231.792813869193196, 4477008.963860527612269 ], [ 15676359.154646242037416, 4477008.963860527612269 ], [ 15669422.83556243032217, 4489023.020931201055646 ], [ 15676359.154646242037416, 4501037.078001874499023 ], [ 15669422.83556243032217, 4513051.1350725479424 ], [ 15676359.154646242037416, 4525065.192143221385777 ], [ 15690231.792813869193196, 4525065.192143221385777 ], [ 15697168.111897680908442, 4513051.1350725479424 ], [ 15711040.750065308064222, 4513051.1350725479424 ], [ 15717977.069149119779468, 4501037.078001874499023 ], [ 15711040.750065308064222, 4489023.020931201055646 ], [ 15717977.069149119779468, 4477008.963860527612269 ] ] ] } },
{ "type": "Feature", "properties": { "N03_003": "古宇郡", "N03_001": "北海道" }, "geometry": { "type": "Polygon", "coordinates": [ [ [ 15648613.878310991451144, 5342021.072949032299221 ], [ 15655550.197394803166389, 5330007.015878358855844 ], [ 15648613.878310991451144, 5317992.958807685412467 ], [ 15634741.240143364295363, 5317992.958807685412467 ], [ 15627804.921059552580118, 5330007.015878358855844 ], [ 15613932.282891925424337, 5330007.015878358855844 ], [ 15606995.963808113709092, 5342021.072949032299221 ], [ 15613932.282891925424337, 5354035.130019705742598 ], [ 15627804.921059552580118, 5354035.130019705742598 ], [ 15634741.240143364295363, 5342021.072949032299221 ], [ 15648613.878310991451144, 5342021.072949032299221 ] ] ] } },
{ "type": "Feature", "properties": { "N03_003": "古河市", "N03_001": "茨城県" }, "geometry": { "type": "Polygon", "coordinates": [ [ [ 15572314.368389047682285, 4320826.221941769123077 ], [ 15565378.04930523596704, 4332840.279012442566454 ], [ 15551505.411137608811259, 4332840.279012442566454 ], [ 15544569.092053797096014, 4320826.221941769123077 ], [ 15551505.411137608811259, 4308812.1648710956797 ], [ 15565378.04930523596704, 4308812.1648710956797 ], [ 15572314.368389047682285, 4320826.221941769123077 ] ] ] } },
{ "type": "Feature", "properties": { "N03_003": "吉野郡", "N03_001": "奈良県" }, "geometry": { "type": "Polygon", "coordinates": [ [ [ 15156135.223360270261765, 4032488.852245601359755 ], [ 15149198.904276458546519, 4020474.795174927450716 ], [ 15135326.266108831390738, 4020474.795174927450716 ], [ 15128389.947025019675493, 4008460.738104254007339 ], [ 15114517.308857392519712, 4008460.738104254007339 ], [ 15107580.989773580804467, 4020474.795174927450716 ], [ 15093708.351605953648686, 4020474.795174927450716 ], [ 15086772.032522141933441, 4032488.852245601359755 ], [ 15093708.351605953648686, 4044502.909316275268793 ], [ 15107580.989773580804467, 4044502.909316275268793 ], [ 15114517.308857392519712, 4056516.96638694871217 ], [ 15107580.989773580804467, 4068531.023457622621208 ], [ 15114517.308857392519712, 4080545.080528296530247 ], [ 15128389.947025019675493, 4080545.080528296530247 ], [ 15135326.266108831390738, 4092559.137598969973624 ], [ 15149198.904276458546519, 4092559.137598969973624 ], [ 15156135.223360270261765, 4080545.080528296064585 ], [ 15149198.904276458546519, 4068531.023457622155547 ], [ 15156135.223360270261765, 4056516.96638694871217 ], [ 15149198.904276458546519, 4044502.909316275268793 ], [ 15156135.223360270261765, 4032488.852245601359755 ] ] ] } },
{ "type": "Feature", "properties": { "N03_003": "名古屋市", "N03_001": "愛知県" }, "geometry": { "type": "Polygon", "coordinates": [ [ [ 15232434.733282214030623, 4164643.480023011565208 ], [ 15218562.095114586874843, 4164643.480023011565208 ], [ 15211625.776030775159597, 4176657.537093685474247 ], [ 15218562.095114586874843, 4188671.594164359383285 ], [ 15232434.733282214030623, 4188671.594164359383285 ], [ 15239371.052366025745869, 4200685.651235032826662 ], [ 15253243.690533652901649, 4200685.651235032826662 ], [ 15260180.009617464616895, 4188671.594164359383285 ], [ 15253243.690533652901649, 4176657.537093685474247 ], [ 15239371.052366025745869, 4176657.537093685474247 ], [ 15232434.733282214030623, 4164643.480023011565208 ] ] ] } },
{ "type": "Feature", "properties": { "N03_003": "名寄市", "N03_001": "北海道" }, "geometry": { "type": "MultiPolygon", "coordinates": [ [ [ [ 15877512.408076819032431, 5498203.81486778985709 ], [ 15863639.76990919187665, 5498203.81486778985709 ], [ 15856703.450825380161405, 5510217.871938463300467 ], [ 15863639.76990919187665, 5522231.929009136743844 ], [ 15877512.408076819032431, 5522231.929009136743844 ], [ 15884448.727160630747676, 5510217.871938463300467 ], [ 15877512.408076819032431, 5498203.81486778985709 ] ] ], [ [ [ 15856703.450825380161405, 5510217.871938464231789 ], [ 15842830.812657753005624, 5510217.871938464231789 ], [ 15835894.493573941290379, 5522231.929009137675166 ], [ 15842830.812657753005624, 5534245.986079811118543 ], [ 15856703.450825380161405, 5534245.986079811118543 ], [ 15863639.76990919187665, 5522231.929009137675166 ], [ 15856703.450825380161405, 5510217.871938464231789 ] ] ] ] } },
{ "type": "Feature", "properties": { "N03_003": "名西郡", "N03_001": "徳島県" }, "geometry": { "type": "Polygon", "coordinates": [ [ [ 14968854.60809732042253, 4020474.795174927916378 ], [ 14961918.289013508707285, 4032488.852245601825416 ], [ 14948045.650845881551504, 4032488.852245601825416 ], [ 14941109.331762069836259, 4020474.795174927916378 ], [ 14948045.650845881551504, 4008460.738104254007339 ], [ 14961918.289013508707285, 4008460.738104254007339 ], [ 14968854.60809732042253, 4020474.795174927916378 ] ] ] } },
{ "type": "Feature", "properties": { "N03_003": "君津市", "N03_001": "千葉県" }, "geometry": { "type": "Polygon", "coordinates": [ [ [ 15613932.282891925424337, 4200685.651235032826662 ], [ 15606995.963808113709092, 4212699.708305706270039 ], [ 15593123.325640486553311, 4212699.708305706270039 ], [ 15586187.006556674838066, 4200685.651235032826662 ], [ 15593123.325640486553311, 4188671.594164358917624 ], [ 15606995.963808113709092, 4188671.594164358917624 ], [ 15613932.282891925424337, 4200685.651235032826662 ] ] ] } },
{ "type": "Feature", "properties": { "N03_003": "吾妻郡", "N03_001": "群馬県" }, "geometry": { "type": "MultiPolygon", "coordinates": [ [ [ [ 15405842.710377536714077, 4344854.336083116941154 ], [ 15398906.391293724998832, 4356868.393153790384531 ], [ 15405842.710377536714077, 4368882.450224463827908 ], [ 15419715.348545163869858, 4368882.450224463827908 ], [ 15426651.667628975585103, 4356868.393153790384531 ], [ 15419715.348545163869858, 4344854.336083116941154 ], [ 15405842.710377536714077, 4344854.336083116941154 ] ] ], [ [ [ 15426651.667628975585103, 4356868.393153791315854 ], [ 15419715.348545163869858, 4368882.450224464759231 ], [ 15405842.710377536714077, 4368882.450224464759231 ], [ 15398906.391293724998832, 4380896.507295138202608 ], [ 15405842.710377536714077, 4392910.564365811645985 ], [ 15419715.348545163869858, 4392910.564365811645985 ], [ 15426651.667628975585103, 4404924.621436485089362 ], [ 15440524.305796602740884, 4404924.621436485089362 ], [ 15447460.624880414456129, 4392910.564365811645985 ], [ 15461333.26304804161191, 4392910.564365811645985 ], [ 15468269.582131853327155, 4380896.507295138202608 ], [ 15461333.26304804161191, 4368882.450224464759231 ], [ 15447460.624880414456129, 4368882.450224464759231 ], [ 15440524.305796602740884, 4356868.393153791315854 ], [ 15426651.667628975585103, 4356868.393153791315854 ] ] ] ] } },
{ "type": "Feature", "properties": { "N03_003": "吾川郡", "N03_001": "高知県" }, "geometry": { "type": "Polygon", "coordinates": [ [ [ 14837064.545504875481129, 3960404.509821559302509 ], [ 14823191.907337248325348, 3960404.509821559302509 ], [ 14816255.588253436610103, 3972418.566892233211547 ], [ 14823191.907337248325348, 3984432.623962907120585 ], [ 14816255.588253436610103, 3996446.681033580563962 ], [ 14823191.907337248325348, 4008460.738104254473001 ], [ 14837064.545504875481129, 4008460.738104254473001 ], [ 14844000.864588687196374, 3996446.681033580563962 ], [ 14857873.502756314352155, 3996446.681033580563962 ], [ 14864809.8218401260674, 3984432.623962906654924 ], [ 14857873.502756314352155, 3972418.566892232745886 ], [ 14844000.864588687196374, 3972418.566892232745886 ], [ 14837064.545504875481129, 3960404.509821559302509 ] ] ] } },
{ "type": "Feature", "properties": { "N03_003": "呉市", "N03_001": "広島県" }, "geometry": { "type": "Polygon", "coordinates": [ [ [ 14753828.716499119997025, 4032488.852245601359755 ], [ 14739956.078331492841244, 4032488.852245601359755 ], [ 14733019.759247681125998, 4044502.909316275268793 ], [ 14739956.078331492841244, 4056516.966386949177831 ], [ 14753828.716499119997025, 4056516.966386949177831 ], [ 14753828.716499119997025, 4056516.96638694871217 ], [ 14760765.03558293171227, 4068531.023457622621208 ], [ 14774637.673750558868051, 4068531.023457622621208 ], [ 14781573.992834370583296, 4056516.96638694871217 ], [ 14774637.673750558868051, 4044502.909316274803132 ], [ 14760765.03558293171227, 4044502.909316274803132 ], [ 14753828.716499119997025, 4032488.852245601359755 ] ] ] } },
{ "type": "Feature", "properties": { "N03_003": "周南市", "N03_001": "山口県" }, "geometry": { "type": "Polygon", "coordinates": [ [ [ 14656720.24932573735714, 4008460.738104254007339 ], [ 14649783.930241925641894, 4020474.795174927916378 ], [ 14656720.24932573735714, 4032488.852245601359755 ], [ 14649783.930241925641894, 4044502.909316275268793 ], [ 14656720.24932573735714, 4056516.966386949177831 ], [ 14670592.88749336451292, 4056516.966386949177831 ], [ 14670592.88749336451292, 4056516.96638694871217 ], [ 14677529.206577176228166, 4068531.023457622621208 ], [ 14691401.844744803383946, 4068531.023457622621208 ], [ 14698338.163828615099192, 4056516.96638694871217 ], [ 14691401.844744803383946, 4044502.909316275268793 ], [ 14698338.163828615099192, 4032488.852245601359755 ], [ 14691401.844744803383946, 4020474.795174927450716 ], [ 14677529.206577176228166, 4020474.795174927450716 ], [ 14670592.88749336451292, 4008460.738104254007339 ], [ 14656720.24932573735714, 4008460.738104254007339 ] ] ] } },
{ "type": "Feature", "properties": { "N03_003": "和歌山市", "N03_001": "和歌山県" }, "geometry": { "type": "Polygon", "coordinates": [ [ [ 15072899.39435451477766, 4056516.96638694871217 ], [ 15065963.075270703062415, 4068531.023457622621208 ], [ 15052090.437103075906634, 4068531.023457622621208 ], [ 15045154.118019264191389, 4056516.96638694871217 ], [ 15052090.437103075906634, 4044502.909316274803132 ], [ 15065963.075270703062415, 4044502.909316274803132 ], [ 15072899.39435451477766, 4056516.96638694871217 ] ] ] } },
{ "type": "Feature", "properties": { "N03_003": "和賀郡", "N03_001": "岩手県" }, "geometry": { "type": "MultiPolygon", "coordinates": [ [ [ [ 15690231.792813869193196, 4741318.219415348954499 ], [ 15676359.154646242037416, 4741318.219415348954499 ], [ 15669422.83556243032217, 4753332.276486022397876 ], [ 15676359.154646242037416, 4765346.333556695841253 ], [ 15690231.792813869193196, 4765346.333556695841253 ], [ 15697168.111897680908442, 4753332.276486022397876 ], [ 15690231.792813869193196, 4741318.219415348954499 ] ] ], [ [ [ 15669422.83556243032217, 4777360.39062736928463 ], [ 15655550.197394803166389, 4777360.39062736928463 ], [ 15648613.878310991451144, 4789374.447698042728007 ], [ 15655550.197394803166389, 4801388.504768716171384 ], [ 15669422.83556243032217, 4801388.504768716171384 ], [ 15676359.154646242037416, 4789374.447698042728007 ], [ 15669422.83556243032217, 4777360.39062736928463 ] ] ] ] } },
{ "type": "Feature", "properties": { "N03_003": "唐津市", "N03_001": "佐賀県" }, "geometry": { "type": "Polygon", "coordinates": [ [ [ 14490248.591314226388931, 3936376.395680211950094 ], [ 14483312.272230414673686, 3924362.338609538041055 ], [ 14469439.634062787517905, 3924362.338609538041055 ], [ 14462503.31497897580266, 3936376.395680211950094 ], [ 14448630.676811348646879, 3936376.395680211950094 ], [ 14441694.357727536931634, 3948390.452750885859132 ], [ 14448630.676811348646879, 3960404.50982155976817 ], [ 14441694.357727536931634, 3972418.566892233211547 ], [ 14448630.676811348646879, 3984432.623962907120585 ], [ 14462503.31497897580266, 3984432.623962907120585 ], [ 14469439.634062787517905, 3972418.566892233211547 ], [ 14483312.272230414673686, 3972418.566892233211547 ], [ 14490248.591314226388931, 3960404.509821559302509 ], [ 14483312.272230414673686, 3948390.452750885859132 ], [ 14490248.591314226388931, 3936376.395680211950094 ] ] ] } },
{ "type": "Feature", "properties": { "N03_003": "喜多方市", "N03_001": "福島県" }, "geometry": { "type": "Polygon", "coordinates": [ [ [ 15565378.04930523596704, 4525065.1921432223171 ], [ 15551505.411137608811259, 4525065.1921432223171 ], [ 15544569.092053797096014, 4537079.249213895760477 ], [ 15551505.411137608811259, 4549093.306284569203854 ], [ 15565378.04930523596704, 4549093.306284569203854 ], [ 15572314.368389047682285, 4561107.363355242647231 ], [ 15586187.006556674838066, 4561107.363355242647231 ], [ 15593123.325640486553311, 4549093.306284569203854 ], [ 15586187.006556674838066, 4537079.249213895760477 ], [ 15572314.368389047682285, 4537079.249213895760477 ], [ 15565378.04930523596704, 4525065.1921432223171 ] ] ] } },
{ "type": "Feature", "properties": { "N03_003": "喜多郡", "N03_001": "愛媛県" }, "geometry": { "type": "Polygon", "coordinates": [ [ [ 14802382.950085809454322, 3972418.566892233211547 ], [ 14795446.631001997739077, 3984432.623962907120585 ], [ 14781573.992834370583296, 3984432.623962907120585 ], [ 14774637.673750558868051, 3972418.566892233211547 ], [ 14781573.992834370583296, 3960404.509821559302509 ], [ 14795446.631001997739077, 3960404.509821559302509 ], [ 14802382.950085809454322, 3972418.566892233211547 ] ] ] } },
{ "type": "Feature", "properties": { "N03_003": "嘉麻市", "N03_001": "福岡県" }, "geometry": { "type": "Polygon", "coordinates": [ [ [ 14573484.420319981873035, 3960404.509821559302509 ], [ 14566548.10123617015779, 3972418.566892233211547 ], [ 14552675.463068543002009, 3972418.566892233211547 ], [ 14545739.143984731286764, 3960404.509821559302509 ], [ 14552675.463068543002009, 3948390.452750885393471 ], [ 14566548.10123617015779, 3948390.452750885393471 ], [ 14573484.420319981873035, 3960404.509821559302509 ] ] ] } },
{ "type": "Feature", "properties": { "N03_003": "四万十市", "N03_001": "高知県" }, "geometry": { "type": "Polygon", "coordinates": [ [ [ 14816255.588253436610103, 3900334.224468191154301 ], [ 14823191.907337248325348, 3888320.167397517245263 ], [ 14816255.588253436610103, 3876306.110326843336225 ], [ 14802382.950085809454322, 3876306.110326843336225 ], [ 14795446.631001997739077, 3888320.167397517245263 ], [ 14781573.992834370583296, 3888320.167397517245263 ], [ 14774637.673750558868051, 3900334.224468191154301 ], [ 14781573.992834370583296, 3912348.281538865063339 ], [ 14795446.631001997739077, 3912348.281538865063339 ], [ 14802382.950085809454322, 3900334.224468191154301 ], [ 14816255.588253436610103, 3900334.224468191154301 ] ] ] } },
{ "type": "Feature", "properties": { "N03_003": "四国中央市", "N03_001": "愛媛県" }, "geometry": { "type": "Polygon", "coordinates": [ [ [ 14878682.460007753223181, 4032488.852245601825416 ], [ 14885618.779091564938426, 4020474.795174927916378 ], [ 14878682.460007753223181, 4008460.738104254007339 ], [ 14864809.8218401260674, 4008460.738104254007339 ], [ 14857873.502756314352155, 4020474.795174927450716 ], [ 14844000.864588687196374, 4020474.795174927450716 ], [ 14837064.545504875481129, 4032488.852245601359755 ], [ 14844000.864588687196374, 4044502.909316275268793 ], [ 14857873.502756314352155, 4044502.909316275268793 ], [ 14864809.8218401260674, 4032488.852245601825416 ], [ 14878682.460007753223181, 4032488.852245601825416 ] ] ] } },
{ "type": "Feature", "properties": { "N03_003": "四日市市", "N03_001": "三重県" }, "geometry": { "type": "Polygon", "coordinates": [ [ [ 15218562.095114586874843, 4164643.48002301203087 ], [ 15211625.776030775159597, 4176657.537093685939908 ], [ 15197753.137863148003817, 4176657.537093685939908 ], [ 15190816.818779336288571, 4164643.48002301203087 ], [ 15197753.137863148003817, 4152629.422952338121831 ], [ 15211625.776030775159597, 4152629.422952338121831 ], [ 15218562.095114586874843, 4164643.48002301203087 ] ] ] } },
{ "type": "Feature", "properties": { "N03_003": "国後郡", "N03_001": "北海道" }, "geometry": { "type": "MultiPolygon", "coordinates": [ [ [ [ 16196583.085932213813066, 5426119.472443747334182 ], [ 16210455.724099840968847, 5426119.472443747334182 ], [ 16217392.043183652684093, 5414105.415373073890805 ], [ 16210455.724099840968847, 5402091.358302400447428 ], [ 16196583.085932213813066, 5402091.358302400447428 ], [ 16189646.766848402097821, 5414105.415373073890805 ], [ 16196583.085932213813066, 5426119.472443747334182 ] ] ], [ [ [ 16175774.12868077494204, 5438133.529514421708882 ], [ 16168837.809596963226795, 5450147.586585095152259 ], [ 16175774.12868077494204, 5462161.643655768595636 ], [ 16189646.766848402097821, 5462161.643655768595636 ], [ 16196583.085932213813066, 5474175.700726442039013 ], [ 16210455.724099840968847, 5474175.700726442039013 ], [ 16217392.043183652684093, 5486189.75779711548239 ], [ 16231264.681351279839873, 5486189.75779711548239 ], [ 16238201.000435091555119, 5498203.814867788925767 ], [ 16252073.638602718710899, 5498203.814867788925767 ], [ 16259009.957686530426145, 5486189.75779711548239 ], [ 16252073.638602718710899, 5474175.700726442039013 ], [ 16238201.000435091555119, 5474175.700726442039013 ], [ 16231264.681351279839873, 5462161.643655768595636 ], [ 16238201.000435091555119, 5450147.586585095152259 ], [ 16231264.681351279839873, 5438133.529514421708882 ], [ 16217392.043183652684093, 5438133.529514421708882 ], [ 16210455.724099840968847, 5426119.472443748265505 ], [ 16196583.085932213813066, 5426119.472443748265505 ], [ 16189646.766848402097821, 5414105.415373074822128 ], [ 16175774.12868077494204, 5414105.415373074822128 ], [ 16168837.809596963226795, 5426119.472443748265505 ], [ 16175774.12868077494204, 5438133.529514421708882 ] ] ], [ [ [ 16217392.043183652684093, 5510217.871938463300467 ], [ 16231264.681351279839873, 5510217.871938463300467 ], [ 16238201.000435091555119, 5522231.929009136743844 ], [ 16252073.638602718710899, 5522231.929009136743844 ], [ 16259009.957686530426145, 5510217.871938463300467 ], [ 16272882.595854157581925, 5510217.871938463300467 ], [ 16279818.914937969297171, 5522231.929009136743844 ], [ 16293691.553105596452951, 5522231.929009136743844 ], [ 16300627.872189408168197, 5510217.871938463300467 ], [ 16293691.553105596452951, 5498203.81486778985709 ], [ 16279818.914937969297171, 5498203.81486778985709 ], [ 16272882.595854157581925, 5486189.757797116413713 ], [ 16259009.957686530426145, 5486189.757797116413713 ], [ 16252073.638602718710899, 5498203.81486778985709 ], [ 16238201.000435091555119, 5498203.81486778985709 ], [ 16231264.681351279839873, 5486189.757797116413713 ], [ 16217392.043183652684093, 5486189.757797116413713 ], [ 16210455.724099840968847, 5498203.81486778985709 ], [ 16217392.043183652684093, 5510217.871938463300467 ] ] ], [ [ [ 16259009.957686530426145, 5534245.986079811118543 ], [ 16252073.638602718710899, 5546260.04315048456192 ], [ 16259009.957686530426145, 5558274.100221158005297 ], [ 16272882.595854157581925, 5558274.100221158005297 ], [ 16279818.914937969297171, 5546260.04315048456192 ], [ 16293691.553105596452951, 5546260.04315048456192 ], [ 16300627.872189408168197, 5534245.986079811118543 ], [ 16314500.510357035323977, 5534245.986079811118543 ], [ 16321436.829440847039223, 5522231.929009137675166 ], [ 16314500.510357035323977, 5510217.871938464231789 ], [ 16300627.872189408168197, 5510217.871938464231789 ], [ 16293691.553105596452951, 5522231.929009137675166 ], [ 16279818.914937969297171, 5522231.929009137675166 ], [ 16272882.595854157581925, 5510217.871938464231789 ], [ 16259009.957686530426145, 5510217.871938464231789 ], [ 16252073.638602718710899, 5522231.929009137675166 ], [ 16259009.957686530426145, 5534245.986079811118543 ] ] ] ] } },
{ "type": "Feature", "properties": { "N03_003": "国東市", "N03_001": "大分県" }, "geometry": { "type": "Polygon", "coordinates": [ [ [ 14677529.206577176228166, 3948390.452750885859132 ], [ 14670592.88749336451292, 3936376.395680211950094 ], [ 14656720.24932573735714, 3936376.395680211950094 ], [ 14649783.930241925641894, 3948390.452750885859132 ], [ 14656720.24932573735714, 3960404.509821559302509 ], [ 14649783.930241925641894, 3972418.566892233211547 ], [ 14656720.24932573735714, 3984432.623962907120585 ], [ 14670592.88749336451292, 3984432.623962907120585 ], [ 14677529.206577176228166, 3972418.566892233211547 ], [ 14670592.88749336451292, 3960404.50982155976817 ], [ 14677529.206577176228166, 3948390.452750885859132 ] ] ] } },
{ "type": "Feature", "properties": { "N03_003": "国頭郡", "N03_001": "沖縄県" }, "geometry": { "type": "Polygon", "coordinates": [ [ [ 14240541.104296959936619, 3047336.172450359910727 ], [ 14233604.785213148221374, 3059350.229521033354104 ], [ 14219732.147045521065593, 3059350.229521033354104 ], [ 14212795.827961709350348, 3071364.286591707263142 ], [ 14219732.147045521065593, 3083378.343662380706519 ], [ 14212795.827961709350348, 3095392.400733054615557 ], [ 14219732.147045521065593, 3107406.457803728524595 ], [ 14233604.785213148221374, 3107406.457803728524595 ], [ 14240541.104296959936619, 3095392.400733054615557 ], [ 14240541.104296959936619, 3095392.400733055081218 ], [ 14254413.7424645870924, 3095392.400733055081218 ], [ 14261350.061548398807645, 3107406.457803728524595 ], [ 14275222.699716025963426, 3107406.457803728524595 ], [ 14282159.018799837678671, 3119420.514874402433634 ], [ 14296031.656967464834452, 3119420.514874402433634 ], [ 14302967.976051276549697, 3107406.457803728524595 ], [ 14296031.656967464834452, 3095392.400733054615557 ], [ 14302967.976051276549697, 3083378.34366238117218 ], [ 14296031.656967464834452, 3071364.286591707263142 ], [ 14282159.018799837678671, 3071364.286591707263142 ], [ 14275222.699716025963426, 3059350.229521033354104 ], [ 14261350.061548398807645, 3059350.229521033354104 ], [ 14261350.061548398807645, 3059350.229521033819765 ], [ 14254413.7424645870924, 3047336.172450359910727 ], [ 14240541.104296959936619, 3047336.172450359910727 ] ] ] } },
{ "type": "Feature", "properties": { "N03_003": "土佐市", "N03_001": "高知県" }, "geometry": { "type": "Polygon", "coordinates": [ [ [ 14864809.8218401260674, 3960404.509821559302509 ], [ 14857873.502756314352155, 3972418.566892233211547 ], [ 14844000.864588687196374, 3972418.566892233211547 ], [ 14837064.545504875481129, 3960404.509821559302509 ], [ 14844000.864588687196374, 3948390.452750885393471 ], [ 14857873.502756314352155, 3948390.452750885393471 ], [ 14864809.8218401260674, 3960404.509821559302509 ] ] ] } },
{ "type": "Feature", "properties": { "N03_003": "土佐清水市", "N03_001": "高知県" }, "geometry": { "type": "Polygon", "coordinates": [ [ [ 14795446.631001997739077, 3840263.939114822540432 ], [ 14781573.992834370583296, 3840263.939114822540432 ], [ 14774637.673750558868051, 3852277.996185496449471 ], [ 14781573.992834370583296, 3864292.053256169892848 ], [ 14774637.673750558868051, 3876306.110326843801886 ], [ 14781573.992834370583296, 3888320.167397517710924 ], [ 14795446.631001997739077, 3888320.167397517710924 ], [ 14802382.950085809454322, 3876306.110326843801886 ], [ 14816255.588253436610103, 3876306.110326843801886 ], [ 14823191.907337248325348, 3864292.053256169892848 ], [ 14816255.588253436610103, 3852277.996185495983809 ], [ 14802382.950085809454322, 3852277.996185495983809 ], [ 14802382.950085809454322, 3852277.996185496449471 ], [ 14795446.631001997739077, 3840263.939114822540432 ] ] ] } },
{ "type": "Feature", "properties": { "N03_003": "土佐郡", "N03_001": "高知県" }, "geometry": { "type": "Polygon", "coordinates": [ [ [ 14864809.8218401260674, 4008460.738104254007339 ], [ 14857873.502756314352155, 4020474.795174927916378 ], [ 14844000.864588687196374, 4020474.795174927916378 ], [ 14837064.545504875481129, 4008460.738104254007339 ], [ 14844000.864588687196374, 3996446.681033580098301 ], [ 14857873.502756314352155, 3996446.681033580098301 ], [ 14864809.8218401260674, 4008460.738104254007339 ] ] ] } },
{ "type": "Feature", "properties": { "N03_003": "坂出市", "N03_001": "香川県" }, "geometry": { "type": "Polygon", "coordinates": [ [ [ 14906427.736343003809452, 4080545.080528296064585 ], [ 14899491.417259192094207, 4092559.137598969973624 ], [ 14885618.779091564938426, 4092559.137598969973624 ], [ 14878682.460007753223181, 4080545.080528296064585 ], [ 14885618.779091564938426, 4068531.023457622155547 ], [ 14899491.417259192094207, 4068531.023457622155547 ], [ 14906427.736343003809452, 4080545.080528296064585 ] ] ] } },
{ "type": "Feature", "properties": { "N03_003": "垂水市", "N03_001": "鹿児島県" }, "geometry": { "type": "Polygon", "coordinates": [ [ [ 14573484.420319981873035, 3696095.25426673842594 ], [ 14566548.10123617015779, 3708109.311337412334979 ], [ 14552675.463068543002009, 3708109.311337412334979 ], [ 14545739.143984731286764, 3696095.25426673842594 ], [ 14552675.463068543002009, 3684081.197196064516902 ], [ 14566548.10123617015779, 3684081.197196064516902 ], [ 14573484.420319981873035, 3696095.25426673842594 ] ] ] } },
{ "type": "Feature", "properties": { "N03_003": "堺市", "N03_001": "大阪府" }, "geometry": { "type": "Polygon", "coordinates": [ [ [ 15093708.351605953648686, 4092559.137598969973624 ], [ 15086772.032522141933441, 4104573.194669643882662 ], [ 15072899.39435451477766, 4104573.194669643882662 ], [ 15065963.075270703062415, 4092559.137598969973624 ], [ 15072899.39435451477766, 4080545.080528296064585 ], [ 15086772.032522141933441, 4080545.080528296064585 ], [ 15093708.351605953648686, 4092559.137598969973624 ] ] ] } },
{ "type": "Feature", "properties": { "N03_003": "塩谷郡", "N03_001": "栃木県" }, "geometry": { "type": "Polygon", "coordinates": [ [ [ 15572314.368389047682285, 4416938.678507158532739 ], [ 15565378.04930523596704, 4428952.735577831976116 ], [ 15551505.411137608811259, 4428952.735577831976116 ], [ 15544569.092053797096014, 4416938.678507158532739 ], [ 15551505.411137608811259, 4404924.621436485089362 ], [ 15565378.04930523596704, 4404924.621436485089362 ], [ 15572314.368389047682285, 4416938.678507158532739 ] ] ] } },
{ "type": "Feature", "properties": { "N03_003": "増毛郡", "N03_001": "北海道" }, "geometry": { "type": "Polygon", "coordinates": [ [ [ 15759594.98365199752152, 5438133.529514421708882 ], [ 15752658.664568185806274, 5450147.586585095152259 ], [ 15738786.026400558650494, 5450147.586585095152259 ], [ 15731849.707316746935248, 5438133.529514421708882 ], [ 15738786.026400558650494, 5426119.472443748265505 ], [ 15752658.664568185806274, 5426119.472443748265505 ], [ 15759594.98365199752152, 5438133.529514421708882 ] ] ] } },
{ "type": "Feature", "properties": { "N03_003": "士別市", "N03_001": "北海道" }, "geometry": { "type": "MultiPolygon", "coordinates": [ [ [ [ 15884448.727160630747676, 5462161.643655768595636 ], [ 15877512.408076819032431, 5474175.700726442039013 ], [ 15863639.76990919187665, 5474175.700726442039013 ], [ 15856703.450825380161405, 5486189.75779711548239 ], [ 15863639.76990919187665, 5498203.814867788925767 ], [ 15877512.408076819032431, 5498203.814867788925767 ], [ 15884448.727160630747676, 5486189.75779711548239 ], [ 15898321.365328257903457, 5486189.75779711548239 ], [ 15905257.684412069618702, 5474175.700726442039013 ], [ 15898321.365328257903457, 5462161.643655768595636 ], [ 15884448.727160630747676, 5462161.643655768595636 ] ] ], [ [ [ 15822021.855406314134598, 5474175.700726442039013 ], [ 15815085.536322502419353, 5486189.75779711548239 ], [ 15822021.855406314134598, 5498203.814867788925767 ], [ 15835894.493573941290379, 5498203.814867788925767 ], [ 15842830.812657753005624, 5486189.75779711548239 ], [ 15835894.493573941290379, 5474175.700726442039013 ], [ 15822021.855406314134598, 5474175.700726442039013 ] ] ], [ [ [ 15842830.812657753005624, 5486189.757797116413713 ], [ 15835894.493573941290379, 5498203.81486778985709 ], [ 15842830.812657753005624, 5510217.871938463300467 ], [ 15856703.450825380161405, 5510217.871938463300467 ], [ 15863639.76990919187665, 5498203.81486778985709 ], [ 15856703.450825380161405, 5486189.757797116413713 ], [ 15842830.812657753005624, 5486189.757797116413713 ] ] ] ] } },
{ "type": "Feature", "properties": { "N03_003": "壱岐市", "N03_001": "長崎県" }, "geometry": { "type": "Polygon", "coordinates": [ [ [ 14441694.357727536931634, 3972418.566892232745886 ], [ 14427821.719559909775853, 3972418.566892232745886 ], [ 14420885.400476098060608, 3984432.623962906654924 ], [ 14427821.719559909775853, 3996446.681033580563962 ], [ 14420885.400476098060608, 4008460.738104254007339 ], [ 14427821.719559909775853, 4020474.795174927916378 ], [ 14441694.357727536931634, 4020474.795174927916378 ], [ 14448630.676811348646879, 4008460.738104254007339 ], [ 14448630.676811348646879, 4008460.738104254473001 ], [ 14462503.31497897580266, 4008460.738104254473001 ], [ 14469439.634062787517905, 3996446.681033580563962 ], [ 14462503.31497897580266, 3984432.623962906654924 ], [ 14448630.676811348646879, 3984432.623962906654924 ], [ 14441694.357727536931634, 3972418.566892232745886 ] ] ] } },
{ "type": "Feature", "properties": { "N03_003": "夕張市", "N03_001": "北海道" }, "geometry": { "type": "MultiPolygon", "coordinates": [ [ [ [ 15801212.898154875263572, 5293964.84466633759439 ], [ 15794276.579071063548326, 5305978.901737011037767 ], [ 15801212.898154875263572, 5317992.958807684481144 ], [ 15815085.536322502419353, 5317992.958807684481144 ], [ 15822021.855406314134598, 5330007.015878357924521 ], [ 15835894.493573941290379, 5330007.015878357924521 ], [ 15842830.812657753005624, 5317992.958807684481144 ], [ 15835894.493573941290379, 5305978.901737011037767 ], [ 15822021.855406314134598, 5305978.901737011037767 ], [ 15815085.536322502419353, 5293964.84466633759439 ], [ 15801212.898154875263572, 5293964.84466633759439 ] ] ], [ [ [ 15801212.898154875263572, 5317992.958807685412467 ], [ 15794276.579071063548326, 5330007.015878358855844 ], [ 15801212.898154875263572, 5342021.072949032299221 ], [ 15815085.536322502419353, 5342021.072949032299221 ], [ 15822021.855406314134598, 5354035.130019705742598 ], [ 15835894.493573941290379, 5354035.130019705742598 ], [ 15842830.812657753005624, 5342021.072949032299221 ], [ 15835894.493573941290379, 5330007.015878358855844 ], [ 15822021.855406314134598, 5330007.015878358855844 ], [ 15815085.536322502419353, 5317992.958807685412467 ], [ 15801212.898154875263572, 5317992.958807685412467 ] ] ] ] } },
{ "type": "Feature", "properties": { "N03_003": "夕張郡", "N03_001": "北海道" }, "geometry": { "type": "Polygon", "coordinates": [ [ [ 15773467.6218196246773, 5293964.84466633759439 ], [ 15759594.98365199752152, 5293964.84466633759439 ], [ 15752658.664568185806274, 5305978.901737011037767 ], [ 15759594.98365199752152, 5317992.958807684481144 ], [ 15773467.6218196246773, 5317992.958807684481144 ], [ 15780403.940903436392546, 5330007.015878357924521 ], [ 15794276.579071063548326, 5330007.015878357924521 ], [ 15801212.898154875263572, 5317992.958807684481144 ], [ 15794276.579071063548326, 5305978.901737011037767 ], [ 15780403.940903436392546, 5305978.901737011037767 ], [ 15773467.6218196246773, 5293964.84466633759439 ] ] ] } },
{ "type": "Feature", "properties": { "N03_003": "多可郡", "N03_001": "兵庫県" }, "geometry": { "type": "Polygon", "coordinates": [ [ [ 15031281.479851637035608, 4176657.537093685474247 ], [ 15024345.160767825320363, 4188671.594164359383285 ], [ 15010472.522600198164582, 4188671.594164359383285 ], [ 15003536.203516386449337, 4176657.537093685474247 ], [ 15010472.522600198164582, 4164643.480023011565208 ], [ 15024345.160767825320363, 4164643.480023011565208 ], [ 15031281.479851637035608, 4176657.537093685474247 ] ] ] } },
{ "type": "Feature", "properties": { "N03_003": "多気郡", "N03_001": "三重県" }, "geometry": { "type": "Polygon", "coordinates": [ [ [ 15170007.861527897417545, 4056516.96638694871217 ], [ 15156135.223360270261765, 4056516.96638694871217 ], [ 15149198.904276458546519, 4068531.023457622621208 ], [ 15156135.223360270261765, 4080545.080528296530247 ], [ 15170007.861527897417545, 4080545.080528296530247 ], [ 15170007.861527897417545, 4080545.080528296064585 ], [ 15176944.180611709132791, 4092559.137598969973624 ], [ 15190816.818779336288571, 4092559.137598969973624 ], [ 15197753.137863148003817, 4080545.080528296064585 ], [ 15190816.818779336288571, 4068531.023457622155547 ], [ 15176944.180611709132791, 4068531.023457622155547 ], [ 15170007.861527897417545, 4056516.96638694871217 ] ] ] } },
{ "type": "Feature", "properties": { "N03_003": "多野郡", "N03_001": "群馬県" }, "geometry": { "type": "Polygon", "coordinates": [ [ [ 15468269.582131853327155, 4308812.1648710956797 ], [ 15461333.26304804161191, 4320826.221941769123077 ], [ 15447460.624880414456129, 4320826.221941769123077 ], [ 15440524.305796602740884, 4308812.1648710956797 ], [ 15447460.624880414456129, 4296798.107800422236323 ], [ 15461333.26304804161191, 4296798.107800422236323 ], [ 15468269.582131853327155, 4308812.1648710956797 ] ] ] } },
{ "type": "Feature", "properties": { "N03_003": "大仙市", "N03_001": "秋田県" }, "geometry": { "type": "Polygon", "coordinates": [ [ [ 15627804.921059552580118, 4777360.39062736928463 ], [ 15613932.282891925424337, 4777360.39062736928463 ], [ 15606995.963808113709092, 4789374.447698042728007 ], [ 15613932.282891925424337, 4801388.504768716171384 ], [ 15606995.963808113709092, 4813402.561839389614761 ], [ 15613932.282891925424337, 4825416.618910063058138 ], [ 15627804.921059552580118, 4825416.618910063058138 ], [ 15634741.240143364295363, 4813402.561839389614761 ], [ 15648613.878310991451144, 4813402.561839389614761 ], [ 15655550.197394803166389, 4801388.504768716171384 ], [ 15648613.878310991451144, 4789374.447698042728007 ], [ 15634741.240143364295363, 4789374.447698042728007 ], [ 15627804.921059552580118, 4777360.39062736928463 ] ] ] } },
{ "type": "Feature", "properties": { "N03_003": "大分市", "N03_001": "大分県" }, "geometry": { "type": "Polygon", "coordinates": [ [ [ 14649783.930241925641894, 3900334.22446819068864 ], [ 14635911.292074298486114, 3900334.22446819068864 ], [ 14628974.972990486770868, 3912348.281538864597678 ], [ 14635911.292074298486114, 3924362.338609538506716 ], [ 14649783.930241925641894, 3924362.338609538506716 ], [ 14656720.24932573735714, 3936376.395680212415755 ], [ 14670592.88749336451292, 3936376.395680212415755 ], [ 14670592.88749336451292, 3936376.395680211950094 ], [ 14677529.206577176228166, 3948390.452750885859132 ], [ 14691401.844744803383946, 3948390.452750885859132 ], [ 14698338.163828615099192, 3936376.395680211950094 ], [ 14691401.844744803383946, 3924362.338609538041055 ], [ 14677529.206577176228166, 3924362.338609538041055 ], [ 14677529.206577176228166, 3924362.338609538506716 ], [ 14670592.88749336451292, 3912348.281538864597678 ], [ 14656720.24932573735714, 3912348.281538864597678 ], [ 14649783.930241925641894, 3900334.22446819068864 ] ] ] } },
{ "type": "Feature", "properties": { "N03_003": "大垣市", "N03_001": "岐阜県" }, "geometry": { "type": "Polygon", "coordinates": [ [ [ 15190816.818779336288571, 4188671.594164358917624 ], [ 15176944.180611709132791, 4188671.594164358917624 ], [ 15170007.861527897417545, 4200685.651235032826662 ], [ 15176944.180611709132791, 4212699.708305706270039 ], [ 15190816.818779336288571, 4212699.708305706270039 ], [ 15197753.137863148003817, 4224713.765376379713416 ], [ 15211625.776030775159597, 4224713.765376379713416 ], [ 15218562.095114586874843, 4212699.708305706270039 ], [ 15211625.776030775159597, 4200685.651235032826662 ], [ 15197753.137863148003817, 4200685.651235032826662 ], [ 15190816.818779336288571, 4188671.594164358917624 ] ] ] } },
{ "type": "Feature", "properties": { "N03_003": "大島町", "N03_001": "東京都" }, "geometry": { "type": "Polygon", "coordinates": [ [ [ 15530696.453886169940233, 4128601.308810990769416 ], [ 15523760.134802358224988, 4140615.365881664678454 ], [ 15509887.496634731069207, 4140615.365881664678454 ], [ 15502951.177550919353962, 4128601.308810990769416 ], [ 15509887.496634731069207, 4116587.251740316860378 ], [ 15523760.134802358224988, 4116587.251740316860378 ], [ 15530696.453886169940233, 4128601.308810990769416 ] ] ] } },
{ "type": "Feature", "properties": { "N03_003": "大島郡", "N03_001": "山口県" }, "geometry": { "type": "MultiPolygon", "coordinates": [ [ [ [ 14275222.699716025963426, 3131434.571945075877011 ], [ 14282159.018799837678671, 3143448.629015749786049 ], [ 14296031.656967464834452, 3143448.629015749786049 ], [ 14302967.976051276549697, 3131434.571945075877011 ], [ 14296031.656967464834452, 3119420.514874401967973 ], [ 14282159.018799837678671, 3119420.514874401967973 ], [ 14275222.699716025963426, 3131434.571945075877011 ] ] ], [ [ [ 14302967.976051276549697, 3179490.800227770581841 ], [ 14316840.614218903705478, 3179490.800227770581841 ], [ 14323776.933302715420723, 3191504.85729844449088 ], [ 14337649.571470342576504, 3191504.85729844449088 ], [ 14344585.890554154291749, 3179490.800227770581841 ], [ 14337649.571470342576504, 3167476.743157096672803 ], [ 14323776.933302715420723, 3167476.743157096672803 ], [ 14316840.614218903705478, 3155462.686086422763765 ], [ 14302967.976051276549697, 3155462.686086422763765 ], [ 14296031.656967464834452, 3167476.743157096672803 ], [ 14302967.976051276549697, 3179490.800227770581841 ] ] ], [ [ [ 14337649.571470342576504, 3215532.971439791377634 ], [ 14344585.890554154291749, 3227547.028510464821011 ], [ 14337649.571470342576504, 3239561.085581138730049 ], [ 14344585.890554154291749, 3251575.142651812639087 ], [ 14358458.52872178144753, 3251575.142651812639087 ], [ 14365394.847805593162775, 3263589.199722486548126 ], [ 14358458.52872178144753, 3275603.256793159991503 ], [ 14365394.847805593162775, 3287617.313863833900541 ], [ 14379267.485973220318556, 3287617.313863833900541 ], [ 14386203.805057032033801, 3299631.370934507343918 ], [ 14400076.443224659189582, 3299631.370934507343918 ], [ 14407012.762308470904827, 3287617.31386383343488 ], [ 14400076.443224659189582, 3275603.256793159525841 ], [ 14407012.762308470904827, 3263589.199722486082464 ], [ 14400076.443224659189582, 3251575.142651812173426 ], [ 14386203.805057032033801, 3251575.142651812173426 ], [ 14386203.805057032033801, 3251575.142651812639087 ], [ 14379267.485973220318556, 3239561.085581138730049 ], [ 14386203.805057032033801, 3227547.028510465286672 ], [ 14379267.485973220318556, 3215532.971439791377634 ], [ 14365394.847805593162775, 3215532.971439791377634 ], [ 14358458.52872178144753, 3203518.914369117468596 ], [ 14344585.890554154291749, 3203518.914369117468596 ], [ 14337649.571470342576504, 3215532.971439791377634 ] ] ], [ [ [ 14469439.634062787517905, 3299631.370934507343918 ], [ 14483312.272230414673686, 3299631.370934507343918 ], [ 14490248.591314226388931, 3287617.31386383343488 ], [ 14483312.272230414673686, 3275603.256793159525841 ], [ 14469439.634062787517905, 3275603.256793159525841 ], [ 14462503.31497897580266, 3287617.31386383343488 ], [ 14469439.634062787517905, 3299631.370934507343918 ] ] ], [ [ [ 14719147.121080053970218, 4020474.795174927916378 ], [ 14733019.759247681125998, 4020474.795174927916378 ], [ 14739956.078331492841244, 4032488.852245601825416 ], [ 14753828.716499119997025, 4032488.852245601825416 ], [ 14760765.03558293171227, 4020474.795174927916378 ], [ 14753828.716499119997025, 4008460.738104254007339 ], [ 14739956.078331492841244, 4008460.738104254007339 ], [ 14733019.759247681125998, 3996446.681033580098301 ], [ 14719147.121080053970218, 3996446.681033580098301 ], [ 14712210.801996242254972, 4008460.738104254007339 ], [ 14719147.121080053970218, 4020474.795174927916378 ] ] ] ] } },
{ "type": "Feature", "properties": { "N03_003": "大崎市", "N03_001": "宮城県" }, "geometry": { "type": "MultiPolygon", "coordinates": [ [ [ [ 15697168.111897680908442, 4633191.705779285170138 ], [ 15690231.792813869193196, 4645205.762849958613515 ], [ 15697168.111897680908442, 4657219.819920632056892 ], [ 15711040.750065308064222, 4657219.819920632056892 ], [ 15717977.069149119779468, 4645205.762849958613515 ], [ 15711040.750065308064222, 4633191.705779285170138 ], [ 15697168.111897680908442, 4633191.705779285170138 ] ] ], [ [ [ 15676359.154646242037416, 4645205.762849959544837 ], [ 15669422.83556243032217, 4657219.819920632988214 ], [ 15676359.154646242037416, 4669233.876991306431592 ], [ 15669422.83556243032217, 4681247.934061979874969 ], [ 15655550.197394803166389, 4681247.934061979874969 ], [ 15648613.878310991451144, 4693261.991132653318346 ], [ 15655550.197394803166389, 4705276.048203326761723 ], [ 15669422.83556243032217, 4705276.048203326761723 ], [ 15676359.154646242037416, 4693261.991132653318346 ], [ 15690231.792813869193196, 4693261.991132653318346 ], [ 15697168.111897680908442, 4681247.934061979874969 ], [ 15711040.750065308064222, 4681247.934061979874969 ], [ 15717977.069149119779468, 4669233.876991306431592 ], [ 15711040.750065308064222, 4657219.819920632988214 ], [ 15697168.111897680908442, 4657219.819920632988214 ], [ 15690231.792813869193196, 4645205.762849959544837 ], [ 15676359.154646242037416, 4645205.762849959544837 ] ] ] ] } },
{ "type": "Feature", "properties": { "N03_003": "大沼郡", "N03_001": "福島県" }, "geometry": { "type": "Polygon", "coordinates": [ [ [ 15565378.04930523596704, 4501037.078001874499023 ], [ 15572314.368389047682285, 4489023.020931201055646 ], [ 15565378.04930523596704, 4477008.963860527612269 ], [ 15551505.411137608811259, 4477008.963860527612269 ], [ 15544569.092053797096014, 4489023.020931201055646 ], [ 15530696.453886169940233, 4489023.020931201055646 ], [ 15523760.134802358224988, 4501037.078001874499023 ], [ 15530696.453886169940233, 4513051.1350725479424 ], [ 15544569.092053797096014, 4513051.1350725479424 ], [ 15551505.411137608811259, 4501037.078001874499023 ], [ 15565378.04930523596704, 4501037.078001874499023 ] ] ] } },
{ "type": "Feature", "properties": { "N03_003": "大洲市", "N03_001": "愛媛県" }, "geometry": { "type": "Polygon", "coordinates": [ [ [ 14774637.673750558868051, 3972418.566892233211547 ], [ 14781573.992834370583296, 3960404.509821559302509 ], [ 14774637.673750558868051, 3948390.452750885393471 ], [ 14760765.03558293171227, 3948390.452750885393471 ], [ 14753828.716499119997025, 3960404.509821559302509 ], [ 14739956.078331492841244, 3960404.509821559302509 ], [ 14733019.759247681125998, 3972418.566892233211547 ], [ 14739956.078331492841244, 3984432.623962907120585 ], [ 14753828.716499119997025, 3984432.623962907120585 ], [ 14760765.03558293171227, 3972418.566892233211547 ], [ 14774637.673750558868051, 3972418.566892233211547 ] ] ] } },
{ "type": "Feature", "properties": { "N03_003": "大田区", "N03_001": "東京都" }, "geometry": { "type": "Polygon", "coordinates": [ [ [ 15572314.368389047682285, 4248741.879517727531493 ], [ 15565378.04930523596704, 4260755.93658840097487 ], [ 15551505.411137608811259, 4260755.93658840097487 ], [ 15544569.092053797096014, 4248741.879517727531493 ], [ 15551505.411137608811259, 4236727.822447054088116 ], [ 15565378.04930523596704, 4236727.822447054088116 ], [ 15572314.368389047682285, 4248741.879517727531493 ] ] ] } },
{ "type": "Feature", "properties": { "N03_003": "大田原市", "N03_001": "栃木県" }, "geometry": { "type": "Polygon", "coordinates": [ [ [ 15613932.282891925424337, 4416938.678507158532739 ], [ 15606995.963808113709092, 4428952.735577831976116 ], [ 15593123.325640486553311, 4428952.735577831976116 ], [ 15586187.006556674838066, 4416938.678507158532739 ], [ 15593123.325640486553311, 4404924.621436485089362 ], [ 15606995.963808113709092, 4404924.621436485089362 ], [ 15613932.282891925424337, 4416938.678507158532739 ] ] ] } },
{ "type": "Feature", "properties": { "N03_003": "大田市", "N03_001": "島根県" }, "geometry": { "type": "Polygon", "coordinates": [ [ [ 14760765.03558293171227, 4188671.594164359383285 ], [ 14753828.716499119997025, 4200685.651235032826662 ], [ 14739956.078331492841244, 4200685.651235032826662 ], [ 14733019.759247681125998, 4188671.594164359383285 ], [ 14739956.078331492841244, 4176657.537093685474247 ], [ 14753828.716499119997025, 4176657.537093685474247 ], [ 14760765.03558293171227, 4188671.594164359383285 ] ] ] } },
{ "type": "Feature", "properties": { "N03_003": "大町市", "N03_001": "長野県" }, "geometry": { "type": "MultiPolygon", "coordinates": [ [ [ [ 15336479.519539408385754, 4344854.336083116941154 ], [ 15322606.881371781229973, 4344854.336083116941154 ], [ 15315670.562287969514728, 4356868.393153790384531 ], [ 15322606.881371781229973, 4368882.450224463827908 ], [ 15336479.519539408385754, 4368882.450224463827908 ], [ 15343415.838623220100999, 4356868.393153790384531 ], [ 15336479.519539408385754, 4344854.336083116941154 ] ] ], [ [ [ 15357288.47679084725678, 4356868.393153791315854 ], [ 15343415.838623220100999, 4356868.393153791315854 ], [ 15336479.519539408385754, 4368882.450224464759231 ], [ 15343415.838623220100999, 4380896.507295138202608 ], [ 15357288.47679084725678, 4380896.507295138202608 ], [ 15364224.795874658972025, 4368882.450224464759231 ], [ 15357288.47679084725678, 4356868.393153791315854 ] ] ] ] } },
{ "type": "Feature", "properties": { "N03_003": "大船渡市", "N03_001": "岩手県" }, "geometry": { "type": "MultiPolygon", "coordinates": [ [ [ [ 15794276.579071063548326, 4705276.048203326761723 ], [ 15780403.940903436392546, 4705276.048203326761723 ], [ 15773467.6218196246773, 4717290.1052740002051 ], [ 15780403.940903436392546, 4729304.162344673648477 ], [ 15794276.579071063548326, 4729304.162344673648477 ], [ 15801212.898154875263572, 4717290.1052740002051 ], [ 15794276.579071063548326, 4705276.048203326761723 ] ] ], [ [ [ 15794276.579071063548326, 4729304.162344674579799 ], [ 15780403.940903436392546, 4729304.162344674579799 ], [ 15773467.6218196246773, 4741318.219415348023176 ], [ 15780403.940903436392546, 4753332.276486021466553 ], [ 15794276.579071063548326, 4753332.276486021466553 ], [ 15801212.898154875263572, 4741318.219415348023176 ], [ 15794276.579071063548326, 4729304.162344674579799 ] ] ] ] } },
{ "type": "Feature", "properties": { "N03_003": "大野市", "N03_001": "福井県" }, "geometry": { "type": "Polygon", "coordinates": [ [ [ 15218562.095114586874843, 4284784.050729748792946 ], [ 15211625.776030775159597, 4296798.107800422236323 ], [ 15197753.137863148003817, 4296798.107800422236323 ], [ 15190816.818779336288571, 4284784.050729748792946 ], [ 15197753.137863148003817, 4272769.993659075349569 ], [ 15211625.776030775159597, 4272769.993659075349569 ], [ 15218562.095114586874843, 4284784.050729748792946 ] ] ] } },
{ "type": "Feature", "properties": { "N03_003": "大野郡", "N03_001": "岐阜県" }, "geometry": { "type": "Polygon", "coordinates": [ [ [ 15260180.009617464616895, 4332840.279012442566454 ], [ 15253243.690533652901649, 4344854.336083116009831 ], [ 15239371.052366025745869, 4344854.336083116009831 ], [ 15232434.733282214030623, 4332840.279012442566454 ], [ 15239371.052366025745869, 4320826.221941769123077 ], [ 15253243.690533652901649, 4320826.221941769123077 ], [ 15260180.009617464616895, 4332840.279012442566454 ] ] ] } },
{ "type": "Feature", "properties": { "N03_003": "大阪市", "N03_001": "大阪府" }, "geometry": { "type": "Polygon", "coordinates": [ [ [ 15093708.351605953648686, 4116587.251740317326039 ], [ 15086772.032522141933441, 4128601.308810991235077 ], [ 15072899.39435451477766, 4128601.308810991235077 ], [ 15065963.075270703062415, 4116587.251740317326039 ], [ 15072899.39435451477766, 4104573.194669643417001 ], [ 15086772.032522141933441, 4104573.194669643417001 ], [ 15093708.351605953648686, 4116587.251740317326039 ] ] ] } },
{ "type": "Feature", "properties": { "N03_003": "大飯郡", "N03_001": "福井県" }, "geometry": { "type": "Polygon", "coordinates": [ [ [ 15114517.308857392519712, 4224713.765376379713416 ], [ 15107580.989773580804467, 4236727.822447053156793 ], [ 15093708.351605953648686, 4236727.822447053156793 ], [ 15086772.032522141933441, 4224713.765376379713416 ], [ 15093708.351605953648686, 4212699.708305706270039 ], [ 15107580.989773580804467, 4212699.708305706270039 ], [ 15114517.308857392519712, 4224713.765376379713416 ] ] ] } },
{ "type": "Feature", "properties": { "N03_003": "大館市", "N03_001": "秋田県" }, "geometry": { "type": "MultiPolygon", "coordinates": [ [ [ [ 15676359.154646242037416, 4885486.904263432137668 ], [ 15669422.83556243032217, 4873472.847192758694291 ], [ 15655550.197394803166389, 4873472.847192758694291 ], [ 15648613.878310991451144, 4885486.904263432137668 ], [ 15634741.240143364295363, 4885486.904263432137668 ], [ 15627804.921059552580118, 4897500.961334105581045 ], [ 15634741.240143364295363, 4909515.018404779024422 ], [ 15648613.878310991451144, 4909515.018404779024422 ], [ 15655550.197394803166389, 4921529.075475452467799 ], [ 15669422.83556243032217, 4921529.075475452467799 ], [ 15676359.154646242037416, 4909515.018404779024422 ], [ 15669422.83556243032217, 4897500.961334105581045 ], [ 15676359.154646242037416, 4885486.904263432137668 ] ] ], [ [ [ 15634741.240143364295363, 4909515.018404779955745 ], [ 15627804.921059552580118, 4921529.075475453399122 ], [ 15634741.240143364295363, 4933543.132546126842499 ], [ 15648613.878310991451144, 4933543.132546126842499 ], [ 15655550.197394803166389, 4921529.075475453399122 ], [ 15648613.878310991451144, 4909515.018404779955745 ], [ 15634741.240143364295363, 4909515.018404779955745 ] ] ] ] } },
{ "type": "Feature", "properties": { "N03_003": "天塩郡", "N03_001": "北海道" }, "geometry": { "type": "MultiPolygon", "coordinates": [ [ [ [ 15794276.579071063548326, 5546260.04315048456192 ], [ 15801212.898154875263572, 5558274.100221158005297 ], [ 15815085.536322502419353, 5558274.100221158005297 ], [ 15822021.855406314134598, 5546260.04315048456192 ], [ 15815085.536322502419353, 5534245.986079811118543 ], [ 15801212.898154875263572, 5534245.986079811118543 ], [ 15794276.579071063548326, 5546260.04315048456192 ] ] ], [ [ [ 15773467.6218196246773, 5582302.214362504892051 ], [ 15780403.940903436392546, 5594316.271433178335428 ], [ 15794276.579071063548326, 5594316.271433178335428 ], [ 15801212.898154875263572, 5582302.214362504892051 ], [ 15794276.579071063548326, 5570288.157291831448674 ], [ 15780403.940903436392546, 5570288.157291831448674 ], [ 15773467.6218196246773, 5582302.214362504892051 ] ] ], [ [ [ 15773467.6218196246773, 5606330.328503852710128 ], [ 15780403.940903436392546, 5618344.385574526153505 ], [ 15794276.579071063548326, 5618344.385574526153505 ], [ 15801212.898154875263572, 5606330.328503852710128 ], [ 15794276.579071063548326, 5594316.271433179266751 ], [ 15780403.940903436392546, 5594316.271433179266751 ], [ 15773467.6218196246773, 5606330.328503852710128 ] ] ], [ [ [ 15752658.664568185806274, 5618344.385574527084827 ], [ 15759594.98365199752152, 5630358.442645200528204 ], [ 15752658.664568185806274, 5642372.499715873971581 ], [ 15759594.98365199752152, 5654386.556786547414958 ], [ 15773467.6218196246773, 5654386.556786547414958 ], [ 15780403.940903436392546, 5666400.613857220858335 ], [ 15794276.579071063548326, 5666400.613857220858335 ], [ 15801212.898154875263572, 5654386.556786547414958 ], [ 15815085.536322502419353, 5654386.556786547414958 ], [ 15822021.855406314134598, 5642372.499715873971581 ], [ 15815085.536322502419353, 5630358.442645200528204 ], [ 15822021.855406314134598, 5618344.385574527084827 ], [ 15815085.536322502419353, 5606330.32850385364145 ], [ 15801212.898154875263572, 5606330.32850385364145 ], [ 15794276.579071063548326, 5618344.385574527084827 ], [ 15780403.940903436392546, 5618344.385574527084827 ], [ 15773467.6218196246773, 5606330.32850385364145 ], [ 15759594.98365199752152, 5606330.32850385364145 ], [ 15752658.664568185806274, 5618344.385574527084827 ] ] ] ] } },
{ "type": "Feature", "properties": { "N03_003": "天草市", "N03_001": "熊本県" }, "geometry": { "type": "Polygon", "coordinates": [ [ [ 14469439.634062787517905, 3780193.653761453926563 ], [ 14462503.31497897580266, 3792207.710832127835602 ], [ 14469439.634062787517905, 3804221.767902801278979 ], [ 14462503.31497897580266, 3816235.824973475188017 ], [ 14469439.634062787517905, 3828249.882044149097055 ], [ 14483312.272230414673686, 3828249.882044149097055 ], [ 14490248.591314226388931, 3840263.939114823006094 ], [ 14504121.229481853544712, 3840263.939114823006094 ], [ 14511057.548565665259957, 3828249.882044149097055 ], [ 14504121.229481853544712, 3816235.824973475653678 ], [ 14511057.548565665259957, 3804221.76790280174464 ], [ 14504121.229481853544712, 3792207.710832127835602 ], [ 14490248.591314226388931, 3792207.710832127835602 ], [ 14483312.272230414673686, 3780193.653761453926563 ], [ 14469439.634062787517905, 3780193.653761453926563 ] ] ] } },
{ "type": "Feature", "properties": { "N03_003": "天草郡", "N03_001": "熊本県" }, "geometry": { "type": "Polygon", "coordinates": [ [ [ 14490248.591314226388931, 3840263.939114822540432 ], [ 14483312.272230414673686, 3852277.996185496449471 ], [ 14469439.634062787517905, 3852277.996185496449471 ], [ 14462503.31497897580266, 3840263.939114822540432 ], [ 14469439.634062787517905, 3828249.882044148631394 ], [ 14483312.272230414673686, 3828249.882044148631394 ], [ 14490248.591314226388931, 3840263.939114822540432 ] ] ] } },
{ "type": "Feature", "properties": { "N03_003": "太田市", "N03_001": "群馬県" }, "geometry": { "type": "Polygon", "coordinates": [ [ [ 15530696.453886169940233, 4344854.336083116941154 ], [ 15523760.134802358224988, 4356868.393153790384531 ], [ 15509887.496634731069207, 4356868.393153790384531 ], [ 15502951.177550919353962, 4344854.336083116941154 ], [ 15509887.496634731069207, 4332840.279012443497777 ], [ 15523760.134802358224988, 4332840.279012443497777 ], [ 15530696.453886169940233, 4344854.336083116941154 ] ] ] } },
{ "type": "Feature", "properties": { "N03_003": "奄美市", "N03_001": "鹿児島県" }, "geometry": { "type": "Polygon", "coordinates": [ [ [ 14427821.719559909775853, 3275603.256793159991503 ], [ 14420885.400476098060608, 3263589.199722486082464 ], [ 14407012.762308470904827, 3263589.199722486082464 ], [ 14400076.443224659189582, 3275603.256793159991503 ], [ 14407012.762308470904827, 3287617.31386383343488 ], [ 14400076.443224659189582, 3299631.370934507343918 ], [ 14407012.762308470904827, 3311645.428005181252956 ], [ 14420885.400476098060608, 3311645.428005181252956 ], [ 14427821.719559909775853, 3323659.485075854696333 ], [ 14441694.357727536931634, 3323659.485075854696333 ], [ 14448630.676811348646879, 3311645.428005180787295 ], [ 14441694.357727536931634, 3299631.370934506878257 ], [ 14427821.719559909775853, 3299631.370934506878257 ], [ 14420885.400476098060608, 3287617.31386383343488 ], [ 14427821.719559909775853, 3275603.256793159991503 ] ] ] } },
{ "type": "Feature", "properties": { "N03_003": "奈良市", "N03_001": "奈良県" }, "geometry": { "type": "Polygon", "coordinates": [ [ [ 15135326.266108831390738, 4116587.251740317326039 ], [ 15128389.947025019675493, 4128601.308810991235077 ], [ 15114517.308857392519712, 4128601.308810991235077 ], [ 15107580.989773580804467, 4116587.251740317326039 ], [ 15114517.308857392519712, 4104573.194669643417001 ], [ 15128389.947025019675493, 4104573.194669643417001 ], [ 15135326.266108831390738, 4116587.251740317326039 ] ] ] } },
{ "type": "Feature", "properties": { "N03_003": "奥尻郡", "N03_001": "北海道" }, "geometry": { "type": "Polygon", "coordinates": [ [ [ 15509887.496634731069207, 5149796.159818253479898 ], [ 15502951.177550919353962, 5161810.216888926923275 ], [ 15509887.496634731069207, 5173824.273959600366652 ], [ 15502951.177550919353962, 5185838.331030273810029 ], [ 15509887.496634731069207, 5197852.388100947253406 ], [ 15523760.134802358224988, 5197852.388100947253406 ], [ 15530696.453886169940233, 5209866.445171620696783 ], [ 15544569.092053797096014, 5209866.445171620696783 ], [ 15551505.411137608811259, 5197852.388100947253406 ], [ 15544569.092053797096014, 5185838.331030273810029 ], [ 15551505.411137608811259, 5173824.273959600366652 ], [ 15544569.092053797096014, 5161810.216888926923275 ], [ 15530696.453886169940233, 5161810.216888926923275 ], [ 15523760.134802358224988, 5149796.159818253479898 ], [ 15509887.496634731069207, 5149796.159818253479898 ] ] ] } },
{ "type": "Feature", "properties": { "N03_003": "奥州市", "N03_001": "岩手県" }, "geometry": { "type": "MultiPolygon", "coordinates": [ [ [ [ 15690231.792813869193196, 4717290.105274001136422 ], [ 15676359.154646242037416, 4717290.105274001136422 ], [ 15669422.83556243032217, 4729304.162344674579799 ], [ 15676359.154646242037416, 4741318.219415348023176 ], [ 15690231.792813869193196, 4741318.219415348023176 ], [ 15697168.111897680908442, 4753332.276486021466553 ], [ 15711040.750065308064222, 4753332.276486021466553 ], [ 15717977.069149119779468, 4741318.219415348023176 ], [ 15711040.750065308064222, 4729304.162344674579799 ], [ 15697168.111897680908442, 4729304.162344674579799 ], [ 15690231.792813869193196, 4717290.105274001136422 ] ] ], [ [ [ 15717977.069149119779468, 4741318.219415348954499 ], [ 15711040.750065308064222, 4753332.276486022397876 ], [ 15717977.069149119779468, 4765346.333556695841253 ], [ 15731849.707316746935248, 4765346.333556695841253 ], [ 15738786.026400558650494, 4753332.276486022397876 ], [ 15731849.707316746935248, 4741318.219415348954499 ], [ 15717977.069149119779468, 4741318.219415348954499 ] ] ] ] } },
{ "type": "Feature", "properties": { "N03_003": "妙高市", "N03_001": "新潟県" }, "geometry": { "type": "MultiPolygon", "coordinates": [ [ [ [ 15378097.434042286127806, 4416938.678507158532739 ], [ 15364224.795874658972025, 4416938.678507158532739 ], [ 15357288.47679084725678, 4428952.735577831976116 ], [ 15364224.795874658972025, 4440966.792648505419493 ], [ 15378097.434042286127806, 4440966.792648505419493 ], [ 15385033.753126097843051, 4428952.735577831976116 ], [ 15378097.434042286127806, 4416938.678507158532739 ] ] ], [ [ [ 15398906.391293724998832, 4428952.735577832907438 ], [ 15385033.753126097843051, 4428952.735577832907438 ], [ 15378097.434042286127806, 4440966.792648506350815 ], [ 15385033.753126097843051, 4452980.849719179794192 ], [ 15398906.391293724998832, 4452980.849719179794192 ], [ 15405842.710377536714077, 4440966.792648506350815 ], [ 15398906.391293724998832, 4428952.735577832907438 ] ] ] ] } },
{ "type": "Feature", "properties": { "N03_003": "姫路市", "N03_001": "兵庫県" }, "geometry": { "type": "Polygon", "coordinates": [ [ [ 15010472.522600198164582, 4140615.365881664678454 ], [ 15003536.203516386449337, 4152629.422952338587493 ], [ 14989663.565348759293556, 4152629.422952338587493 ], [ 14982727.246264947578311, 4140615.365881664678454 ], [ 14989663.565348759293556, 4128601.308810990769416 ], [ 15003536.203516386449337, 4128601.308810990769416 ], [ 15010472.522600198164582, 4140615.365881664678454 ] ] ] } },
{ "type": "Feature", "properties": { "N03_003": "姶良市", "N03_001": "鹿児島県" }, "geometry": { "type": "Polygon", "coordinates": [ [ [ 14552675.463068543002009, 3732137.425478759687394 ], [ 14545739.143984731286764, 3744151.482549433596432 ], [ 14531866.505817104130983, 3744151.482549433596432 ], [ 14524930.186733292415738, 3732137.425478759687394 ], [ 14531866.505817104130983, 3720123.368408085778356 ], [ 14545739.143984731286764, 3720123.368408085778356 ], [ 14552675.463068543002009, 3732137.425478759687394 ] ] ] } },
{ "type": "Feature", "properties": { "N03_003": "嬉野市", "N03_001": "佐賀県" }, "geometry": { "type": "Polygon", "coordinates": [ [ [ 14490248.591314226388931, 3912348.281538864597678 ], [ 14483312.272230414673686, 3924362.338609538506716 ], [ 14469439.634062787517905, 3924362.338609538506716 ], [ 14462503.31497897580266, 3912348.281538864597678 ], [ 14469439.634062787517905, 3900334.22446819068864 ], [ 14483312.272230414673686, 3900334.22446819068864 ], [ 14490248.591314226388931, 3912348.281538864597678 ] ] ] } },
{ "type": "Feature", "properties": { "N03_003": "宇佐市", "N03_001": "大分県" }, "geometry": { "type": "Polygon", "coordinates": [ [ [ 14635911.292074298486114, 3948390.452750885859132 ], [ 14628974.972990486770868, 3936376.395680211950094 ], [ 14615102.334822859615088, 3936376.395680211950094 ], [ 14608166.015739047899842, 3948390.452750885859132 ], [ 14615102.334822859615088, 3960404.50982155976817 ], [ 14608166.015739047899842, 3972418.566892233211547 ], [ 14615102.334822859615088, 3984432.623962907120585 ], [ 14628974.972990486770868, 3984432.623962907120585 ], [ 14635911.292074298486114, 3972418.566892233211547 ], [ 14628974.972990486770868, 3960404.50982155976817 ], [ 14635911.292074298486114, 3948390.452750885859132 ] ] ] } },
{ "type": "Feature", "properties": { "N03_003": "宇和島市", "N03_001": "愛媛県" }, "geometry": { "type": "Polygon", "coordinates": [ [ [ 14753828.716499119997025, 3888320.167397517245263 ], [ 14739956.078331492841244, 3888320.167397517245263 ], [ 14733019.759247681125998, 3900334.224468191154301 ], [ 14739956.078331492841244, 3912348.281538864597678 ], [ 14733019.759247681125998, 3924362.338609538506716 ], [ 14739956.078331492841244, 3936376.395680212415755 ], [ 14753828.716499119997025, 3936376.395680212415755 ], [ 14760765.03558293171227, 3924362.338609538506716 ], [ 14774637.673750558868051, 3924362.338609538506716 ], [ 14781573.992834370583296, 3912348.281538864597678 ], [ 14774637.673750558868051, 3900334.22446819068864 ], [ 14760765.03558293171227, 3900334.22446819068864 ], [ 14753828.716499119997025, 3888320.167397517245263 ] ] ] } },
{ "type": "Feature", "properties": { "N03_003": "宇土市", "N03_001": "熊本県" }, "geometry": { "type": "Polygon", "coordinates": [ [ [ 14552675.463068543002009, 3852277.996185496449471 ], [ 14545739.143984731286764, 3864292.053256170358509 ], [ 14531866.505817104130983, 3864292.053256170358509 ], [ 14524930.186733292415738, 3852277.996185496449471 ], [ 14531866.505817104130983, 3840263.939114822540432 ], [ 14545739.143984731286764, 3840263.939114822540432 ], [ 14552675.463068543002009, 3852277.996185496449471 ] ] ] } },
{ "type": "Feature", "properties": { "N03_003": "宇部市", "N03_001": "山口県" }, "geometry": { "type": "Polygon", "coordinates": [ [ [ 14635911.292074298486114, 4020474.795174927916378 ], [ 14628974.972990486770868, 4032488.852245601825416 ], [ 14615102.334822859615088, 4032488.852245601825416 ], [ 14608166.015739047899842, 4020474.795174927916378 ], [ 14615102.334822859615088, 4008460.738104254007339 ], [ 14628974.972990486770868, 4008460.738104254007339 ], [ 14635911.292074298486114, 4020474.795174927916378 ] ] ] } },
{ "type": "Feature", "properties": { "N03_003": "宇都宮市", "N03_001": "栃木県" }, "geometry": { "type": "Polygon", "coordinates": [ [ [ 15593123.325640486553311, 4380896.507295138202608 ], [ 15586187.006556674838066, 4392910.564365811645985 ], [ 15572314.368389047682285, 4392910.564365811645985 ], [ 15565378.04930523596704, 4380896.507295138202608 ], [ 15572314.368389047682285, 4368882.450224464759231 ], [ 15586187.006556674838066, 4368882.450224464759231 ], [ 15593123.325640486553311, 4380896.507295138202608 ] ] ] } },
{ "type": "Feature", "properties": { "N03_003": "宇陀市", "N03_001": "奈良県" }, "geometry": { "type": "Polygon", "coordinates": [ [ [ 15156135.223360270261765, 4104573.194669643417001 ], [ 15149198.904276458546519, 4116587.251740317326039 ], [ 15135326.266108831390738, 4116587.251740317326039 ], [ 15128389.947025019675493, 4104573.194669643417001 ], [ 15135326.266108831390738, 4092559.137598969507962 ], [ 15149198.904276458546519, 4092559.137598969507962 ], [ 15156135.223360270261765, 4104573.194669643417001 ] ] ] } },
{ "type": "Feature", "properties": { "N03_003": "安曇野市", "N03_001": "長野県" }, "geometry": { "type": "Polygon", "coordinates": [ [ [ 15364224.795874658972025, 4344854.336083116941154 ], [ 15357288.47679084725678, 4356868.393153790384531 ], [ 15343415.838623220100999, 4356868.393153790384531 ], [ 15336479.519539408385754, 4344854.336083116941154 ], [ 15343415.838623220100999, 4332840.279012443497777 ], [ 15357288.47679084725678, 4332840.279012443497777 ], [ 15364224.795874658972025, 4344854.336083116941154 ] ] ] } },
{ "type": "Feature", "properties": { "N03_003": "安来市", "N03_001": "島根県" }, "geometry": { "type": "Polygon", "coordinates": [ [ [ 14844000.864588687196374, 4212699.708305706270039 ], [ 14837064.545504875481129, 4224713.765376379713416 ], [ 14823191.907337248325348, 4224713.765376379713416 ], [ 14816255.588253436610103, 4212699.708305706270039 ], [ 14823191.907337248325348, 4200685.651235032826662 ], [ 14837064.545504875481129, 4200685.651235032826662 ], [ 14844000.864588687196374, 4212699.708305706270039 ] ] ] } },
{ "type": "Feature", "properties": { "N03_003": "安芸市", "N03_001": "高知県" }, "geometry": { "type": "Polygon", "coordinates": [ [ [ 14927236.693594442680478, 3972418.566892233211547 ], [ 14920300.374510630965233, 3984432.623962907120585 ], [ 14906427.736343003809452, 3984432.623962907120585 ], [ 14899491.417259192094207, 3972418.566892233211547 ], [ 14906427.736343003809452, 3960404.509821559302509 ], [ 14920300.374510630965233, 3960404.509821559302509 ], [ 14927236.693594442680478, 3972418.566892233211547 ] ] ] } },
{ "type": "Feature", "properties": { "N03_003": "安芸郡", "N03_001": "広島県" }, "geometry": { "type": "Polygon", "coordinates": [ [ [ 14920300.374510630965233, 3936376.395680211950094 ], [ 14906427.736343003809452, 3936376.395680211950094 ], [ 14899491.417259192094207, 3948390.452750885859132 ], [ 14906427.736343003809452, 3960404.50982155976817 ], [ 14920300.374510630965233, 3960404.50982155976817 ], [ 14920300.374510630965233, 3960404.509821559302509 ], [ 14927236.693594442680478, 3972418.566892232745886 ], [ 14920300.374510630965233, 3984432.623962906654924 ], [ 14927236.693594442680478, 3996446.681033580563962 ], [ 14941109.331762069836259, 3996446.681033580563962 ], [ 14948045.650845881551504, 3984432.623962906654924 ], [ 14941109.331762069836259, 3972418.566892232745886 ], [ 14948045.650845881551504, 3960404.509821559302509 ], [ 14941109.331762069836259, 3948390.452750885393471 ], [ 14927236.693594442680478, 3948390.452750885393471 ], [ 14927236.693594442680478, 3948390.452750885859132 ], [ 14920300.374510630965233, 3936376.395680211950094 ] ] ] } },
{ "type": "Feature", "properties": { "N03_003": "安芸高田市", "N03_001": "広島県" }, "geometry": { "type": "Polygon", "coordinates": [ [ [ 14781573.992834370583296, 4128601.308810990769416 ], [ 14774637.673750558868051, 4140615.365881664678454 ], [ 14760765.03558293171227, 4140615.365881664678454 ], [ 14753828.716499119997025, 4128601.308810990769416 ], [ 14760765.03558293171227, 4116587.251740316860378 ], [ 14774637.673750558868051, 4116587.251740316860378 ], [ 14781573.992834370583296, 4128601.308810990769416 ] ] ] } },
{ "type": "Feature", "properties": { "N03_003": "宍粟市", "N03_001": "兵庫県" }, "geometry": { "type": "Polygon", "coordinates": [ [ [ 14989663.565348759293556, 4176657.537093685474247 ], [ 14982727.246264947578311, 4164643.480023011565208 ], [ 14968854.60809732042253, 4164643.480023011565208 ], [ 14961918.289013508707285, 4176657.537093685474247 ], [ 14968854.60809732042253, 4188671.594164359383285 ], [ 14961918.289013508707285, 4200685.651235032826662 ], [ 14968854.60809732042253, 4212699.708305706270039 ], [ 14982727.246264947578311, 4212699.708305706270039 ], [ 14989663.565348759293556, 4200685.651235032826662 ], [ 14982727.246264947578311, 4188671.594164359383285 ], [ 14989663.565348759293556, 4176657.537093685474247 ] ] ] } },
{ "type": "Feature", "properties": { "N03_003": "宗谷郡", "N03_001": "北海道" }, "geometry": { "type": "Polygon", "coordinates": [ [ [ 15842830.812657753005624, 5654386.556786547414958 ], [ 15835894.493573941290379, 5642372.499715873971581 ], [ 15822021.855406314134598, 5642372.499715873971581 ], [ 15815085.536322502419353, 5654386.556786547414958 ], [ 15801212.898154875263572, 5654386.556786547414958 ], [ 15794276.579071063548326, 5666400.613857220858335 ], [ 15801212.898154875263572, 5678414.670927894301713 ], [ 15815085.536322502419353, 5678414.670927894301713 ], [ 15822021.855406314134598, 5690428.72799856774509 ], [ 15835894.493573941290379, 5690428.72799856774509 ], [ 15842830.812657753005624, 5678414.670927894301713 ], [ 15835894.493573941290379, 5666400.613857220858335 ], [ 15842830.812657753005624, 5654386.556786547414958 ] ] ] } },
{ "type": "Feature", "properties": { "N03_003": "室戸市", "N03_001": "高知県" }, "geometry": { "type": "Polygon", "coordinates": [ [ [ 14948045.650845881551504, 3936376.395680211950094 ], [ 14941109.331762069836259, 3948390.452750885859132 ], [ 14927236.693594442680478, 3948390.452750885859132 ], [ 14920300.374510630965233, 3936376.395680211950094 ], [ 14927236.693594442680478, 3924362.338609538041055 ], [ 14941109.331762069836259, 3924362.338609538041055 ], [ 14948045.650845881551504, 3936376.395680211950094 ] ] ] } },
{ "type": "Feature", "properties": { "N03_003": "室蘭市", "N03_001": "北海道" }, "geometry": { "type": "Polygon", "coordinates": [ [ [ 15697168.111897680908442, 5209866.445171621628106 ], [ 15690231.792813869193196, 5221880.502242295071483 ], [ 15676359.154646242037416, 5221880.502242295071483 ], [ 15669422.83556243032217, 5209866.445171621628106 ], [ 15676359.154646242037416, 5197852.388100948184729 ], [ 15690231.792813869193196, 5197852.388100948184729 ], [ 15697168.111897680908442, 5209866.445171621628106 ] ] ] } },
{ "type": "Feature", "properties": { "N03_003": "宮古島市", "N03_001": "沖縄県" }, "geometry": { "type": "Polygon", "coordinates": [ [ [ 13970024.66002825461328, 2843097.202248907648027 ], [ 13963088.340944442898035, 2831083.145178233738989 ], [ 13949215.702776815742254, 2831083.145178233738989 ], [ 13942279.383693004027009, 2843097.202248907648027 ], [ 13942279.383693004027009, 2843097.202248907182366 ], [ 13928406.745525376871228, 2843097.202248907182366 ], [ 13921470.426441565155983, 2855111.259319581091404 ], [ 13928406.745525376871228, 2867125.316390255000442 ], [ 13942279.383693004027009, 2867125.316390255000442 ], [ 13949215.702776815742254, 2879139.373460928909481 ], [ 13963088.340944442898035, 2879139.373460928909481 ], [ 13970024.66002825461328, 2867125.316390255000442 ], [ 13963088.340944442898035, 2855111.259319581091404 ], [ 13970024.66002825461328, 2843097.202248907648027 ] ] ] } },
{ "type": "Feature", "properties": { "N03_003": "宮古市", "N03_001": "岩手県" }, "geometry": { "type": "MultiPolygon", "coordinates": [ [ [ [ 15773467.6218196246773, 4789374.447698042728007 ], [ 15759594.98365199752152, 4789374.447698042728007 ], [ 15752658.664568185806274, 4801388.504768716171384 ], [ 15738786.026400558650494, 4801388.504768716171384 ], [ 15731849.707316746935248, 4813402.561839389614761 ], [ 15738786.026400558650494, 4825416.618910063058138 ], [ 15752658.664568185806274, 4825416.618910063058138 ], [ 15759594.98365199752152, 4813402.561839389614761 ], [ 15773467.6218196246773, 4813402.561839389614761 ], [ 15780403.940903436392546, 4825416.618910063058138 ], [ 15794276.579071063548326, 4825416.618910063058138 ], [ 15801212.898154875263572, 4813402.561839389614761 ], [ 15815085.536322502419353, 4813402.561839389614761 ], [ 15822021.855406314134598, 4801388.504768716171384 ], [ 15815085.536322502419353, 4789374.447698042728007 ], [ 15801212.898154875263572, 4789374.447698042728007 ], [ 15794276.579071063548326, 4801388.504768716171384 ], [ 15780403.940903436392546, 4801388.504768716171384 ], [ 15773467.6218196246773, 4789374.447698042728007 ] ] ], [ [ [ 15752658.664568185806274, 4825416.61891006398946 ], [ 15759594.98365199752152, 4837430.675980737432837 ], [ 15773467.6218196246773, 4837430.675980737432837 ], [ 15780403.940903436392546, 4825416.61891006398946 ], [ 15773467.6218196246773, 4813402.561839390546083 ], [ 15759594.98365199752152, 4813402.561839390546083 ], [ 15752658.664568185806274, 4825416.61891006398946 ] ] ], [ [ [ 15794276.579071063548326, 4825416.61891006398946 ], [ 15801212.898154875263572, 4837430.675980737432837 ], [ 15815085.536322502419353, 4837430.675980737432837 ], [ 15822021.855406314134598, 4825416.61891006398946 ], [ 15815085.536322502419353, 4813402.561839390546083 ], [ 15801212.898154875263572, 4813402.561839390546083 ], [ 15794276.579071063548326, 4825416.61891006398946 ] ] ] ] } },
{ "type": "Feature", "properties": { "N03_003": "宮古郡", "N03_001": "沖縄県" }, "geometry": { "type": "Polygon", "coordinates": [ [ [ 13900661.469190126284957, 2843097.202248907648027 ], [ 13907597.788273938000202, 2831083.145178233738989 ], [ 13900661.469190126284957, 2819069.08810755982995 ], [ 13886788.831022499129176, 2819069.08810755982995 ], [ 13879852.511938687413931, 2831083.145178233738989 ], [ 13865979.87377106025815, 2831083.145178233738989 ], [ 13859043.554687248542905, 2843097.202248907648027 ], [ 13865979.87377106025815, 2855111.259319581557065 ], [ 13879852.511938687413931, 2855111.259319581557065 ], [ 13886788.831022499129176, 2843097.202248907648027 ], [ 13900661.469190126284957, 2843097.202248907648027 ] ] ] } },
{ "type": "Feature", "properties": { "N03_003": "宮城郡", "N03_001": "宮城県" }, "geometry": { "type": "Polygon", "coordinates": [ [ [ 15717977.069149119779468, 4621177.648708610795438 ], [ 15711040.750065308064222, 4633191.705779284238815 ], [ 15697168.111897680908442, 4633191.705779284238815 ], [ 15690231.792813869193196, 4621177.648708610795438 ], [ 15697168.111897680908442, 4609163.591637937352061 ], [ 15711040.750065308064222, 4609163.591637937352061 ], [ 15717977.069149119779468, 4621177.648708610795438 ] ] ] } },
{ "type": "Feature", "properties": { "N03_003": "宮崎市", "N03_001": "宮崎県" }, "geometry": { "type": "Polygon", "coordinates": [ [ [ 14628974.972990486770868, 3720123.368408085778356 ], [ 14615102.334822859615088, 3720123.368408085778356 ], [ 14608166.015739047899842, 3732137.425478759687394 ], [ 14615102.334822859615088, 3744151.482549433130771 ], [ 14608166.015739047899842, 3756165.539620107039809 ], [ 14615102.334822859615088, 3768179.596690780948848 ], [ 14628974.972990486770868, 3768179.596690780948848 ], [ 14635911.292074298486114, 3756165.539620107039809 ], [ 14649783.930241925641894, 3756165.539620107039809 ], [ 14656720.24932573735714, 3744151.482549433130771 ], [ 14649783.930241925641894, 3732137.425478759221733 ], [ 14635911.292074298486114, 3732137.425478759221733 ], [ 14635911.292074298486114, 3732137.425478759687394 ], [ 14628974.972990486770868, 3720123.368408085778356 ] ] ] } },
{ "type": "Feature", "properties": { "N03_003": "宮津市", "N03_001": "京都府" }, "geometry": { "type": "Polygon", "coordinates": [ [ [ 15072899.39435451477766, 4248741.879517727531493 ], [ 15065963.075270703062415, 4260755.93658840097487 ], [ 15052090.437103075906634, 4260755.93658840097487 ], [ 15045154.118019264191389, 4248741.879517727531493 ], [ 15052090.437103075906634, 4236727.822447054088116 ], [ 15065963.075270703062415, 4236727.822447054088116 ], [ 15072899.39435451477766, 4248741.879517727531493 ] ] ] } },
{ "type": "Feature", "properties": { "N03_003": "宮若市", "N03_001": "福岡県" }, "geometry": { "type": "Polygon", "coordinates": [ [ [ 14552675.463068543002009, 3996446.681033580563962 ], [ 14545739.143984731286764, 4008460.738104254473001 ], [ 14531866.505817104130983, 4008460.738104254473001 ], [ 14524930.186733292415738, 3996446.681033580563962 ], [ 14531866.505817104130983, 3984432.623962906654924 ], [ 14545739.143984731286764, 3984432.623962906654924 ], [ 14552675.463068543002009, 3996446.681033580563962 ] ] ] } },
{ "type": "Feature", "properties": { "N03_003": "宿毛市", "N03_001": "高知県" }, "geometry": { "type": "Polygon", "coordinates": [ [ [ 14760765.03558293171227, 3852277.996185496449471 ], [ 14753828.716499119997025, 3864292.053256170358509 ], [ 14739956.078331492841244, 3864292.053256170358509 ], [ 14733019.759247681125998, 3852277.996185496449471 ], [ 14739956.078331492841244, 3840263.939114822540432 ], [ 14753828.716499119997025, 3840263.939114822540432 ], [ 14760765.03558293171227, 3852277.996185496449471 ] ] ] } },
{ "type": "Feature", "properties": { "N03_003": "富士宮市", "N03_001": "静岡県" }, "geometry": { "type": "Polygon", "coordinates": [ [ [ 15447460.624880414456129, 4200685.651235032826662 ], [ 15440524.305796602740884, 4212699.708305706270039 ], [ 15426651.667628975585103, 4212699.708305706270039 ], [ 15419715.348545163869858, 4200685.651235032826662 ], [ 15426651.667628975585103, 4188671.594164358917624 ], [ 15440524.305796602740884, 4188671.594164358917624 ], [ 15447460.624880414456129, 4200685.651235032826662 ] ] ] } },
{ "type": "Feature", "properties": { "N03_003": "富士市", "N03_001": "静岡県" }, "geometry": { "type": "Polygon", "coordinates": [ [ [ 15447460.624880414456129, 4176657.537093685474247 ], [ 15440524.305796602740884, 4188671.594164359383285 ], [ 15426651.667628975585103, 4188671.594164359383285 ], [ 15419715.348545163869858, 4176657.537093685474247 ], [ 15426651.667628975585103, 4164643.480023011565208 ], [ 15440524.305796602740884, 4164643.480023011565208 ], [ 15447460.624880414456129, 4176657.537093685474247 ] ] ] } },
{ "type": "Feature", "properties": { "N03_003": "富山市", "N03_001": "富山県" }, "geometry": { "type": "Polygon", "coordinates": [ [ [ 15260180.009617464616895, 4356868.393153791315854 ], [ 15253243.690533652901649, 4368882.450224464759231 ], [ 15260180.009617464616895, 4380896.507295138202608 ], [ 15253243.690533652901649, 4392910.564365811645985 ], [ 15260180.009617464616895, 4404924.621436485089362 ], [ 15274052.647785091772676, 4404924.621436485089362 ], [ 15280988.966868903487921, 4392910.564365811645985 ], [ 15294861.605036530643702, 4392910.564365811645985 ], [ 15301797.924120342358947, 4380896.507295138202608 ], [ 15315670.562287969514728, 4380896.507295138202608 ], [ 15322606.881371781229973, 4368882.450224464759231 ], [ 15315670.562287969514728, 4356868.393153791315854 ], [ 15301797.924120342358947, 4356868.393153791315854 ], [ 15294861.605036530643702, 4368882.450224464759231 ], [ 15280988.966868903487921, 4368882.450224464759231 ], [ 15274052.647785091772676, 4356868.393153791315854 ], [ 15260180.009617464616895, 4356868.393153791315854 ] ] ] } },
{ "type": "Feature", "properties": { "N03_003": "富津市", "N03_001": "千葉県" }, "geometry": { "type": "Polygon", "coordinates": [ [ [ 15593123.325640486553311, 4188671.594164359383285 ], [ 15586187.006556674838066, 4200685.651235032826662 ], [ 15572314.368389047682285, 4200685.651235032826662 ], [ 15565378.04930523596704, 4188671.594164359383285 ], [ 15572314.368389047682285, 4176657.537093685474247 ], [ 15586187.006556674838066, 4176657.537093685474247 ], [ 15593123.325640486553311, 4188671.594164359383285 ] ] ] } },
{ "type": "Feature", "properties": { "N03_003": "富良野市", "N03_001": "北海道" }, "geometry": { "type": "Polygon", "coordinates": [ [ [ 15856703.450825380161405, 5342021.072949032299221 ], [ 15842830.812657753005624, 5342021.072949032299221 ], [ 15835894.493573941290379, 5354035.130019705742598 ], [ 15842830.812657753005624, 5366049.187090379185975 ], [ 15856703.450825380161405, 5366049.187090379185975 ], [ 15863639.76990919187665, 5378063.244161052629352 ], [ 15877512.408076819032431, 5378063.244161052629352 ], [ 15884448.727160630747676, 5366049.187090379185975 ], [ 15877512.408076819032431, 5354035.130019705742598 ], [ 15863639.76990919187665, 5354035.130019705742598 ], [ 15856703.450825380161405, 5342021.072949032299221 ] ] ] } },
{ "type": "Feature", "properties": { "N03_003": "富里市", "N03_001": "千葉県" }, "geometry": { "type": "Polygon", "coordinates": [ [ [ 15634741.240143364295363, 4260755.93658840097487 ], [ 15627804.921059552580118, 4272769.993659074418247 ], [ 15613932.282891925424337, 4272769.993659074418247 ], [ 15606995.963808113709092, 4260755.93658840097487 ], [ 15613932.282891925424337, 4248741.879517727531493 ], [ 15627804.921059552580118, 4248741.879517727531493 ], [ 15634741.240143364295363, 4260755.93658840097487 ] ] ] } },
{ "type": "Feature", "properties": { "N03_003": "対馬市", "N03_001": "長崎県" }, "geometry": { "type": "Polygon", "coordinates": [ [ [ 14365394.847805593162775, 4032488.852245601359755 ], [ 14358458.52872178144753, 4044502.909316275268793 ], [ 14365394.847805593162775, 4056516.96638694871217 ], [ 14358458.52872178144753, 4068531.023457622621208 ], [ 14365394.847805593162775, 4080545.080528296530247 ], [ 14379267.485973220318556, 4080545.080528296530247 ], [ 14379267.485973220318556, 4080545.080528296064585 ], [ 14386203.805057032033801, 4092559.137598969507962 ], [ 14379267.485973220318556, 4104573.194669643417001 ], [ 14386203.805057032033801, 4116587.251740317326039 ], [ 14400076.443224659189582, 4116587.251740317326039 ], [ 14407012.762308470904827, 4128601.308810991235077 ], [ 14420885.400476098060608, 4128601.308810991235077 ], [ 14427821.719559909775853, 4116587.251740317326039 ], [ 14420885.400476098060608, 4104573.194669643417001 ], [ 14427821.719559909775853, 4092559.137598969973624 ], [ 14420885.400476098060608, 4080545.080528296064585 ], [ 14407012.762308470904827, 4080545.080528296064585 ], [ 14400076.443224659189582, 4068531.023457622155547 ], [ 14407012.762308470904827, 4056516.96638694871217 ], [ 14400076.443224659189582, 4044502.909316274803132 ], [ 14386203.805057032033801, 4044502.909316274803132 ], [ 14379267.485973220318556, 4032488.852245601359755 ], [ 14365394.847805593162775, 4032488.852245601359755 ] ] ] } },
{ "type": "Feature", "properties": { "N03_003": "寿都郡", "N03_001": "北海道" }, "geometry": { "type": "Polygon", "coordinates": [ [ [ 15648613.878310991451144, 5269936.730524989776313 ], [ 15655550.197394803166389, 5257922.673454316332936 ], [ 15648613.878310991451144, 5245908.616383642889559 ], [ 15634741.240143364295363, 5245908.616383642889559 ], [ 15627804.921059552580118, 5257922.673454316332936 ], [ 15613932.282891925424337, 5257922.673454316332936 ], [ 15606995.963808113709092, 5269936.730524989776313 ], [ 15613932.282891925424337, 5281950.78759566321969 ], [ 15627804.921059552580118, 5281950.78759566321969 ], [ 15634741.240143364295363, 5269936.730524989776313 ], [ 15648613.878310991451144, 5269936.730524989776313 ] ] ] } },
{ "type": "Feature", "properties": { "N03_003": "射水市", "N03_001": "富山県" }, "geometry": { "type": "Polygon", "coordinates": [ [ [ 15280988.966868903487921, 4416938.678507158532739 ], [ 15274052.647785091772676, 4428952.735577831976116 ], [ 15260180.009617464616895, 4428952.735577831976116 ], [ 15253243.690533652901649, 4416938.678507158532739 ], [ 15260180.009617464616895, 4404924.621436485089362 ], [ 15274052.647785091772676, 4404924.621436485089362 ], [ 15280988.966868903487921, 4416938.678507158532739 ] ] ] } },
{ "type": "Feature", "properties": { "N03_003": "小千谷市", "N03_001": "新潟県" }, "geometry": { "type": "Polygon", "coordinates": [ [ [ 15468269.582131853327155, 4477008.963860527612269 ], [ 15461333.26304804161191, 4489023.020931201055646 ], [ 15447460.624880414456129, 4489023.020931201055646 ], [ 15440524.305796602740884, 4477008.963860527612269 ], [ 15447460.624880414456129, 4464994.906789854168892 ], [ 15461333.26304804161191, 4464994.906789854168892 ], [ 15468269.582131853327155, 4477008.963860527612269 ] ] ] } },
{ "type": "Feature", "properties": { "N03_003": "小山市", "N03_001": "栃木県" }, "geometry": { "type": "Polygon", "coordinates": [ [ [ 15572314.368389047682285, 4344854.336083116941154 ], [ 15565378.04930523596704, 4356868.393153790384531 ], [ 15551505.411137608811259, 4356868.393153790384531 ], [ 15544569.092053797096014, 4344854.336083116941154 ], [ 15551505.411137608811259, 4332840.279012443497777 ], [ 15565378.04930523596704, 4332840.279012443497777 ], [ 15572314.368389047682285, 4344854.336083116941154 ] ] ] } },
{ "type": "Feature", "properties": { "N03_003": "小林市", "N03_001": "宮崎県" }, "geometry": { "type": "Polygon", "coordinates": [ [ [ 14587357.058487609028816, 3744151.482549433130771 ], [ 14573484.420319981873035, 3744151.482549433130771 ], [ 14566548.10123617015779, 3756165.539620107039809 ], [ 14573484.420319981873035, 3768179.596690780483186 ], [ 14566548.10123617015779, 3780193.653761454392225 ], [ 14573484.420319981873035, 3792207.710832128301263 ], [ 14587357.058487609028816, 3792207.710832128301263 ], [ 14594293.377571420744061, 3780193.653761454392225 ], [ 14608166.015739047899842, 3780193.653761454392225 ], [ 14615102.334822859615088, 3768179.596690780483186 ], [ 14608166.015739047899842, 3756165.539620106574148 ], [ 14594293.377571420744061, 3756165.539620106574148 ], [ 14594293.377571420744061, 3756165.539620107039809 ], [ 14587357.058487609028816, 3744151.482549433130771 ] ] ] } },
{ "type": "Feature", "properties": { "N03_003": "小樽市", "N03_001": "北海道" }, "geometry": { "type": "Polygon", "coordinates": [ [ [ 15711040.750065308064222, 5354035.130019705742598 ], [ 15717977.069149119779468, 5342021.072949032299221 ], [ 15711040.750065308064222, 5330007.015878358855844 ], [ 15697168.111897680908442, 5330007.015878358855844 ], [ 15690231.792813869193196, 5342021.072949032299221 ], [ 15676359.154646242037416, 5342021.072949032299221 ], [ 15669422.83556243032217, 5354035.130019705742598 ], [ 15676359.154646242037416, 5366049.187090379185975 ], [ 15690231.792813869193196, 5366049.187090379185975 ], [ 15697168.111897680908442, 5354035.130019705742598 ], [ 15711040.750065308064222, 5354035.130019705742598 ] ] ] } },
{ "type": "Feature", "properties": { "N03_003": "小浜市", "N03_001": "福井県" }, "geometry": { "type": "Polygon", "coordinates": [ [ [ 15114517.308857392519712, 4248741.879517727531493 ], [ 15107580.989773580804467, 4260755.93658840097487 ], [ 15093708.351605953648686, 4260755.93658840097487 ], [ 15086772.032522141933441, 4248741.879517727531493 ], [ 15093708.351605953648686, 4236727.822447054088116 ], [ 15107580.989773580804467, 4236727.822447054088116 ], [ 15114517.308857392519712, 4248741.879517727531493 ] ] ] } },
{ "type": "Feature", "properties": { "N03_003": "小田原市", "N03_001": "神奈川県" }, "geometry": { "type": "Polygon", "coordinates": [ [ [ 15509887.496634731069207, 4188671.594164359383285 ], [ 15502951.177550919353962, 4200685.651235032826662 ], [ 15489078.539383292198181, 4200685.651235032826662 ], [ 15482142.220299480482936, 4188671.594164359383285 ], [ 15489078.539383292198181, 4176657.537093685474247 ], [ 15502951.177550919353962, 4176657.537093685474247 ], [ 15509887.496634731069207, 4188671.594164359383285 ] ] ] } },
{ "type": "Feature", "properties": { "N03_003": "小田郡", "N03_001": "岡山県" }, "geometry": { "type": "Polygon", "coordinates": [ [ [ 14885618.779091564938426, 4116587.251740317326039 ], [ 14878682.460007753223181, 4128601.308810991235077 ], [ 14864809.8218401260674, 4128601.308810991235077 ], [ 14857873.502756314352155, 4116587.251740317326039 ], [ 14864809.8218401260674, 4104573.194669643417001 ], [ 14878682.460007753223181, 4104573.194669643417001 ], [ 14885618.779091564938426, 4116587.251740317326039 ] ] ] } },
{ "type": "Feature", "properties": { "N03_003": "小県郡", "N03_001": "長野県" }, "geometry": { "type": "Polygon", "coordinates": [ [ [ 15405842.710377536714077, 4320826.221941769123077 ], [ 15398906.391293724998832, 4332840.279012442566454 ], [ 15385033.753126097843051, 4332840.279012442566454 ], [ 15378097.434042286127806, 4320826.221941769123077 ], [ 15385033.753126097843051, 4308812.1648710956797 ], [ 15398906.391293724998832, 4308812.1648710956797 ], [ 15405842.710377536714077, 4320826.221941769123077 ] ] ] } },
{ "type": "Feature", "properties": { "N03_003": "小笠原村", "N03_001": "東京都" }, "geometry": { "type": "MultiPolygon", "coordinates": [ [ [ [ 15731849.707316746935248, 2843097.202248907182366 ], [ 15717977.069149119779468, 2843097.202248907182366 ], [ 15711040.750065308064222, 2855111.259319581091404 ], [ 15717977.069149119779468, 2867125.316390255000442 ], [ 15731849.707316746935248, 2867125.316390255000442 ], [ 15738786.026400558650494, 2855111.259319581091404 ], [ 15731849.707316746935248, 2843097.202248907182366 ] ] ], [ [ [ 15822021.855406314134598, 3071364.286591707263142 ], [ 15815085.536322502419353, 3083378.34366238117218 ], [ 15822021.855406314134598, 3095392.400733055081218 ], [ 15835894.493573941290379, 3095392.400733055081218 ], [ 15842830.812657753005624, 3083378.34366238117218 ], [ 15835894.493573941290379, 3071364.286591707263142 ], [ 15822021.855406314134598, 3071364.286591707263142 ] ] ], [ [ [ 15822021.855406314134598, 3119420.514874401967973 ], [ 15815085.536322502419353, 3131434.571945075877011 ], [ 15822021.855406314134598, 3143448.629015749786049 ], [ 15835894.493573941290379, 3143448.629015749786049 ], [ 15842830.812657753005624, 3131434.571945075877011 ], [ 15835894.493573941290379, 3119420.514874401967973 ], [ 15822021.855406314134598, 3119420.514874401967973 ] ] ] ] } },
{ "type": "Feature", "properties": { "N03_003": "小美玉市", "N03_001": "茨城県" }, "geometry": { "type": "Polygon", "coordinates": [ [ [ 15634741.240143364295363, 4332840.279012442566454 ], [ 15627804.921059552580118, 4344854.336083116009831 ], [ 15613932.282891925424337, 4344854.336083116009831 ], [ 15606995.963808113709092, 4332840.279012442566454 ], [ 15613932.282891925424337, 4320826.221941769123077 ], [ 15627804.921059552580118, 4320826.221941769123077 ], [ 15634741.240143364295363, 4332840.279012442566454 ] ] ] } },
{ "type": "Feature", "properties": { "N03_003": "小豆郡", "N03_001": "香川県" }, "geometry": { "type": "Polygon", "coordinates": [ [ [ 14948045.650845881551504, 4104573.194669643882662 ], [ 14961918.289013508707285, 4104573.194669643882662 ], [ 14968854.60809732042253, 4092559.137598969973624 ], [ 14961918.289013508707285, 4080545.080528296064585 ], [ 14948045.650845881551504, 4080545.080528296064585 ], [ 14941109.331762069836259, 4092559.137598969507962 ], [ 14927236.693594442680478, 4092559.137598969507962 ], [ 14920300.374510630965233, 4104573.194669643417001 ], [ 14927236.693594442680478, 4116587.251740317326039 ], [ 14941109.331762069836259, 4116587.251740317326039 ], [ 14948045.650845881551504, 4104573.194669643417001 ], [ 14948045.650845881551504, 4104573.194669643882662 ] ] ] } },
{ "type": "Feature", "properties": { "N03_003": "尾花沢市", "N03_001": "山形県" }, "geometry": { "type": "Polygon", "coordinates": [ [ [ 15655550.197394803166389, 4657219.819920632988214 ], [ 15648613.878310991451144, 4669233.876991306431592 ], [ 15634741.240143364295363, 4669233.876991306431592 ], [ 15627804.921059552580118, 4657219.819920632988214 ], [ 15634741.240143364295363, 4645205.762849959544837 ], [ 15648613.878310991451144, 4645205.762849959544837 ], [ 15655550.197394803166389, 4657219.819920632988214 ] ] ] } },
{ "type": "Feature", "properties": { "N03_003": "尾道市", "N03_001": "広島県" }, "geometry": { "type": "Polygon", "coordinates": [ [ [ 14844000.864588687196374, 4068531.023457622621208 ], [ 14837064.545504875481129, 4056516.96638694871217 ], [ 14823191.907337248325348, 4056516.96638694871217 ], [ 14816255.588253436610103, 4068531.023457622621208 ], [ 14823191.907337248325348, 4080545.080528296064585 ], [ 14816255.588253436610103, 4092559.137598969973624 ], [ 14823191.907337248325348, 4104573.194669643882662 ], [ 14837064.545504875481129, 4104573.194669643882662 ], [ 14844000.864588687196374, 4092559.137598969973624 ], [ 14837064.545504875481129, 4080545.080528296064585 ], [ 14844000.864588687196374, 4068531.023457622621208 ] ] ] } },
{ "type": "Feature", "properties": { "N03_003": "尾鷲市", "N03_001": "三重県" }, "geometry": { "type": "Polygon", "coordinates": [ [ [ 15176944.180611709132791, 4020474.795174927916378 ], [ 15170007.861527897417545, 4032488.852245601825416 ], [ 15156135.223360270261765, 4032488.852245601825416 ], [ 15149198.904276458546519, 4020474.795174927916378 ], [ 15156135.223360270261765, 4008460.738104254007339 ], [ 15170007.861527897417545, 4008460.738104254007339 ], [ 15176944.180611709132791, 4020474.795174927916378 ] ] ] } },
{ "type": "Feature", "properties": { "N03_003": "山口市", "N03_001": "山口県" }, "geometry": { "type": "Polygon", "coordinates": [ [ [ 14628974.972990486770868, 4032488.852245601359755 ], [ 14615102.334822859615088, 4032488.852245601359755 ], [ 14608166.015739047899842, 4044502.909316275268793 ], [ 14615102.334822859615088, 4056516.966386949177831 ], [ 14628974.972990486770868, 4056516.966386949177831 ], [ 14628974.972990486770868, 4056516.96638694871217 ], [ 14635911.292074298486114, 4068531.023457622621208 ], [ 14649783.930241925641894, 4068531.023457622621208 ], [ 14656720.24932573735714, 4080545.080528296530247 ], [ 14670592.88749336451292, 4080545.080528296530247 ], [ 14677529.206577176228166, 4068531.023457622621208 ], [ 14670592.88749336451292, 4056516.96638694871217 ], [ 14656720.24932573735714, 4056516.96638694871217 ], [ 14649783.930241925641894, 4044502.909316274803132 ], [ 14635911.292074298486114, 4044502.909316274803132 ], [ 14628974.972990486770868, 4032488.852245601359755 ] ] ] } },
{ "type": "Feature", "properties": { "N03_003": "山形市", "N03_001": "山形県" }, "geometry": { "type": "Polygon", "coordinates": [ [ [ 15634741.240143364295363, 4621177.648708610795438 ], [ 15627804.921059552580118, 4633191.705779284238815 ], [ 15613932.282891925424337, 4633191.705779284238815 ], [ 15606995.963808113709092, 4621177.648708610795438 ], [ 15613932.282891925424337, 4609163.591637937352061 ], [ 15627804.921059552580118, 4609163.591637937352061 ], [ 15634741.240143364295363, 4621177.648708610795438 ] ] ] } },
{ "type": "Feature", "properties": { "N03_003": "山本郡", "N03_001": "秋田県" }, "geometry": { "type": "MultiPolygon", "coordinates": [ [ [ [ 15613932.282891925424337, 4873472.847192758694291 ], [ 15606995.963808113709092, 4861458.790122085250914 ], [ 15593123.325640486553311, 4861458.790122085250914 ], [ 15586187.006556674838066, 4873472.847192758694291 ], [ 15572314.368389047682285, 4873472.847192758694291 ], [ 15565378.04930523596704, 4885486.904263432137668 ], [ 15572314.368389047682285, 4897500.961334105581045 ], [ 15565378.04930523596704, 4909515.018404779024422 ], [ 15572314.368389047682285, 4921529.075475452467799 ], [ 15586187.006556674838066, 4921529.075475452467799 ], [ 15593123.325640486553311, 4909515.018404779024422 ], [ 15586187.006556674838066, 4897500.961334105581045 ], [ 15593123.325640486553311, 4885486.904263432137668 ], [ 15606995.963808113709092, 4885486.904263432137668 ], [ 15613932.282891925424337, 4873472.847192758694291 ] ] ], [ [ [ 15606995.963808113709092, 4909515.018404779024422 ], [ 15613932.282891925424337, 4921529.075475452467799 ], [ 15627804.921059552580118, 4921529.075475452467799 ], [ 15634741.240143364295363, 4909515.018404779024422 ], [ 15627804.921059552580118, 4897500.961334105581045 ], [ 15613932.282891925424337, 4897500.961334105581045 ], [ 15606995.963808113709092, 4909515.018404779024422 ] ] ], [ [ [ 15586187.006556674838066, 4921529.075475453399122 ], [ 15593123.325640486553311, 4933543.132546126842499 ], [ 15606995.963808113709092, 4933543.132546126842499 ], [ 15613932.282891925424337, 4921529.075475453399122 ], [ 15606995.963808113709092, 4909515.018404779955745 ], [ 15593123.325640486553311, 4909515.018404779955745 ], [ 15586187.006556674838066, 4921529.075475453399122 ] ] ] ] } },
{ "type": "Feature", "properties": { "N03_003": "山梨市", "N03_001": "山梨県" }, "geometry": { "type": "Polygon", "coordinates": [ [ [ 15447460.624880414456129, 4272769.993659075349569 ], [ 15440524.305796602740884, 4284784.050729748792946 ], [ 15426651.667628975585103, 4284784.050729748792946 ], [ 15419715.348545163869858, 4272769.993659075349569 ], [ 15426651.667628975585103, 4260755.936588401906192 ], [ 15440524.305796602740884, 4260755.936588401906192 ], [ 15447460.624880414456129, 4272769.993659075349569 ] ] ] } },
{ "type": "Feature", "properties": { "N03_003": "山武市", "N03_001": "千葉県" }, "geometry": { "type": "Polygon", "coordinates": [ [ [ 15655550.197394803166389, 4248741.879517727531493 ], [ 15648613.878310991451144, 4260755.93658840097487 ], [ 15634741.240143364295363, 4260755.93658840097487 ], [ 15627804.921059552580118, 4248741.879517727531493 ], [ 15634741.240143364295363, 4236727.822447054088116 ], [ 15648613.878310991451144, 4236727.822447054088116 ], [ 15655550.197394803166389, 4248741.879517727531493 ] ] ] } },
{ "type": "Feature", "properties": { "N03_003": "山県市", "N03_001": "岐阜県" }, "geometry": { "type": "Polygon", "coordinates": [ [ [ 15239371.052366025745869, 4248741.879517727531493 ], [ 15232434.733282214030623, 4260755.93658840097487 ], [ 15218562.095114586874843, 4260755.93658840097487 ], [ 15211625.776030775159597, 4248741.879517727531493 ], [ 15218562.095114586874843, 4236727.822447054088116 ], [ 15232434.733282214030623, 4236727.822447054088116 ], [ 15239371.052366025745869, 4248741.879517727531493 ] ] ] } },
{ "type": "Feature", "properties": { "N03_003": "山県郡", "N03_001": "広島県" }, "geometry": { "type": "Polygon", "coordinates": [ [ [ 14733019.759247681125998, 4092559.137598969507962 ], [ 14719147.121080053970218, 4092559.137598969507962 ], [ 14712210.801996242254972, 4104573.194669643417001 ], [ 14719147.121080053970218, 4116587.251740316860378 ], [ 14712210.801996242254972, 4128601.308810990769416 ], [ 14719147.121080053970218, 4140615.365881664678454 ], [ 14733019.759247681125998, 4140615.365881664678454 ], [ 14739956.078331492841244, 4128601.308810990769416 ], [ 14739956.078331492841244, 4128601.308810991235077 ], [ 14753828.716499119997025, 4128601.308810991235077 ], [ 14760765.03558293171227, 4116587.251740317326039 ], [ 14753828.716499119997025, 4104573.194669643417001 ], [ 14739956.078331492841244, 4104573.194669643417001 ], [ 14733019.759247681125998, 4092559.137598969507962 ] ] ] } },
{ "type": "Feature", "properties": { "N03_003": "山越郡", "N03_001": "北海道" }, "geometry": { "type": "MultiPolygon", "coordinates": [ [ [ [ 15627804.921059552580118, 5209866.445171621628106 ], [ 15613932.282891925424337, 5209866.445171621628106 ], [ 15606995.963808113709092, 5221880.502242295071483 ], [ 15613932.282891925424337, 5233894.55931296851486 ], [ 15627804.921059552580118, 5233894.55931296851486 ], [ 15634741.240143364295363, 5221880.502242295071483 ], [ 15627804.921059552580118, 5209866.445171621628106 ] ] ], [ [ [ 15627804.921059552580118, 5233894.559312969446182 ], [ 15613932.282891925424337, 5233894.559312969446182 ], [ 15606995.963808113709092, 5245908.616383642889559 ], [ 15613932.282891925424337, 5257922.673454316332936 ], [ 15627804.921059552580118, 5257922.673454316332936 ], [ 15634741.240143364295363, 5245908.616383642889559 ], [ 15627804.921059552580118, 5233894.559312969446182 ] ] ] ] } },
{ "type": "Feature", "properties": { "N03_003": "山陽小野田市", "N03_001": "山口県" }, "geometry": { "type": "Polygon", "coordinates": [ [ [ 14615102.334822859615088, 4032488.852245601359755 ], [ 14608166.015739047899842, 4044502.909316275268793 ], [ 14594293.377571420744061, 4044502.909316275268793 ], [ 14587357.058487609028816, 4032488.852245601359755 ], [ 14594293.377571420744061, 4020474.795174927450716 ], [ 14608166.015739047899842, 4020474.795174927450716 ], [ 14615102.334822859615088, 4032488.852245601359755 ] ] ] } },
{ "type": "Feature", "properties": { "N03_003": "岐阜市", "N03_001": "岐阜県" }, "geometry": { "type": "Polygon", "coordinates": [ [ [ 15239371.052366025745869, 4224713.765376379713416 ], [ 15232434.733282214030623, 4236727.822447053156793 ], [ 15218562.095114586874843, 4236727.822447053156793 ], [ 15211625.776030775159597, 4224713.765376379713416 ], [ 15218562.095114586874843, 4212699.708305706270039 ], [ 15232434.733282214030623, 4212699.708305706270039 ], [ 15239371.052366025745869, 4224713.765376379713416 ] ] ] } },
{ "type": "Feature", "properties": { "N03_003": "岡山市", "N03_001": "岡山県" }, "geometry": { "type": "Polygon", "coordinates": [ [ [ 14927236.693594442680478, 4116587.251740317326039 ], [ 14920300.374510630965233, 4104573.194669643417001 ], [ 14906427.736343003809452, 4104573.194669643417001 ], [ 14899491.417259192094207, 4116587.251740316860378 ], [ 14885618.779091564938426, 4116587.251740316860378 ], [ 14878682.460007753223181, 4128601.308810990769416 ], [ 14885618.779091564938426, 4140615.365881664678454 ], [ 14899491.417259192094207, 4140615.365881664678454 ], [ 14906427.736343003809452, 4152629.422952338587493 ], [ 14920300.374510630965233, 4152629.422952338587493 ], [ 14927236.693594442680478, 4140615.365881664678454 ], [ 14920300.374510630965233, 4128601.308810991235077 ], [ 14927236.693594442680478, 4116587.251740317326039 ] ] ] } },
{ "type": "Feature", "properties": { "N03_003": "岡崎市", "N03_001": "愛知県" }, "geometry": { "type": "Polygon", "coordinates": [ [ [ 15274052.647785091772676, 4140615.365881664212793 ], [ 15260180.009617464616895, 4140615.365881664212793 ], [ 15253243.690533652901649, 4152629.422952338121831 ], [ 15260180.009617464616895, 4164643.48002301203087 ], [ 15274052.647785091772676, 4164643.48002301203087 ], [ 15280988.966868903487921, 4176657.537093685939908 ], [ 15294861.605036530643702, 4176657.537093685939908 ], [ 15301797.924120342358947, 4164643.48002301203087 ], [ 15294861.605036530643702, 4152629.422952338121831 ], [ 15280988.966868903487921, 4152629.422952338121831 ], [ 15274052.647785091772676, 4140615.365881664212793 ] ] ] } },
{ "type": "Feature", "properties": { "N03_003": "岩内郡", "N03_001": "北海道" }, "geometry": { "type": "Polygon", "coordinates": [ [ [ 15648613.878310991451144, 5293964.84466633759439 ], [ 15634741.240143364295363, 5293964.84466633759439 ], [ 15627804.921059552580118, 5305978.901737011037767 ], [ 15634741.240143364295363, 5317992.958807684481144 ], [ 15648613.878310991451144, 5317992.958807684481144 ], [ 15655550.197394803166389, 5330007.015878357924521 ], [ 15669422.83556243032217, 5330007.015878357924521 ], [ 15676359.154646242037416, 5317992.958807684481144 ], [ 15669422.83556243032217, 5305978.901737011037767 ], [ 15655550.197394803166389, 5305978.901737011037767 ], [ 15648613.878310991451144, 5293964.84466633759439 ] ] ] } },
{ "type": "Feature", "properties": { "N03_003": "岩国市", "N03_001": "山口県" }, "geometry": { "type": "Polygon", "coordinates": [ [ [ 14739956.078331492841244, 4032488.852245601359755 ], [ 14733019.759247681125998, 4020474.795174927450716 ], [ 14719147.121080053970218, 4020474.795174927450716 ], [ 14712210.801996242254972, 4032488.852245601359755 ], [ 14698338.163828615099192, 4032488.852245601359755 ], [ 14691401.844744803383946, 4044502.909316275268793 ], [ 14698338.163828615099192, 4056516.96638694871217 ], [ 14691401.844744803383946, 4068531.023457622621208 ], [ 14698338.163828615099192, 4080545.080528296530247 ], [ 14712210.801996242254972, 4080545.080528296530247 ], [ 14719147.121080053970218, 4068531.023457622621208 ], [ 14733019.759247681125998, 4068531.023457622621208 ], [ 14739956.078331492841244, 4056516.96638694871217 ], [ 14733019.759247681125998, 4044502.909316275268793 ], [ 14739956.078331492841244, 4032488.852245601359755 ] ] ] } },
{ "type": "Feature", "properties": { "N03_003": "岩手郡", "N03_001": "岩手県" }, "geometry": { "type": "MultiPolygon", "coordinates": [ [ [ [ 15676359.154646242037416, 4789374.447698042728007 ], [ 15669422.83556243032217, 4801388.504768716171384 ], [ 15676359.154646242037416, 4813402.561839389614761 ], [ 15690231.792813869193196, 4813402.561839389614761 ], [ 15697168.111897680908442, 4801388.504768716171384 ], [ 15690231.792813869193196, 4789374.447698042728007 ], [ 15676359.154646242037416, 4789374.447698042728007 ] ] ], [ [ [ 15676359.154646242037416, 4813402.561839390546083 ], [ 15669422.83556243032217, 4825416.61891006398946 ], [ 15676359.154646242037416, 4837430.675980737432837 ], [ 15690231.792813869193196, 4837430.675980737432837 ], [ 15697168.111897680908442, 4825416.61891006398946 ], [ 15690231.792813869193196, 4813402.561839390546083 ], [ 15676359.154646242037416, 4813402.561839390546083 ] ] ], [ [ [ 15717977.069149119779468, 4837430.67598073836416 ], [ 15711040.750065308064222, 4849444.733051411807537 ], [ 15717977.069149119779468, 4861458.790122085250914 ], [ 15711040.750065308064222, 4873472.847192758694291 ], [ 15717977.069149119779468, 4885486.904263432137668 ], [ 15731849.707316746935248, 4885486.904263432137668 ], [ 15738786.026400558650494, 4873472.847192758694291 ], [ 15752658.664568185806274, 4873472.847192758694291 ], [ 15759594.98365199752152, 4861458.790122085250914 ], [ 15752658.664568185806274, 4849444.733051411807537 ], [ 15738786.026400558650494, 4849444.733051411807537 ], [ 15731849.707316746935248, 4837430.67598073836416 ], [ 15717977.069149119779468, 4837430.67598073836416 ] ] ] ] } },
{ "type": "Feature", "properties": { "N03_003": "岩美郡", "N03_001": "鳥取県" }, "geometry": { "type": "Polygon", "coordinates": [ [ [ 14968854.60809732042253, 4236727.822447053156793 ], [ 14961918.289013508707285, 4248741.87951772660017 ], [ 14948045.650845881551504, 4248741.87951772660017 ], [ 14941109.331762069836259, 4236727.822447053156793 ], [ 14948045.650845881551504, 4224713.765376379713416 ], [ 14961918.289013508707285, 4224713.765376379713416 ], [ 14968854.60809732042253, 4236727.822447053156793 ] ] ] } },
{ "type": "Feature", "properties": { "N03_003": "岩船郡", "N03_001": "新潟県" }, "geometry": { "type": "MultiPolygon", "coordinates": [ [ [ [ 15544569.092053797096014, 4585135.477496590465307 ], [ 15530696.453886169940233, 4585135.477496590465307 ], [ 15523760.134802358224988, 4597149.534567263908684 ], [ 15530696.453886169940233, 4609163.591637937352061 ], [ 15544569.092053797096014, 4609163.591637937352061 ], [ 15551505.411137608811259, 4597149.534567263908684 ], [ 15544569.092053797096014, 4585135.477496590465307 ] ] ], [ [ [ 15502951.177550919353962, 4633191.705779285170138 ], [ 15489078.539383292198181, 4633191.705779285170138 ], [ 15482142.220299480482936, 4645205.762849958613515 ], [ 15489078.539383292198181, 4657219.819920632056892 ], [ 15502951.177550919353962, 4657219.819920632056892 ], [ 15509887.496634731069207, 4645205.762849958613515 ], [ 15502951.177550919353962, 4633191.705779285170138 ] ] ] ] } },
{ "type": "Feature", "properties": { "N03_003": "岩見沢市", "N03_001": "北海道" }, "geometry": { "type": "Polygon", "coordinates": [ [ [ 15801212.898154875263572, 5342021.072949032299221 ], [ 15794276.579071063548326, 5354035.130019705742598 ], [ 15780403.940903436392546, 5354035.130019705742598 ], [ 15773467.6218196246773, 5342021.072949032299221 ], [ 15780403.940903436392546, 5330007.015878358855844 ], [ 15794276.579071063548326, 5330007.015878358855844 ], [ 15801212.898154875263572, 5342021.072949032299221 ] ] ] } },
{ "type": "Feature", "properties": { "N03_003": "島原市", "N03_001": "長崎県" }, "geometry": { "type": "Polygon", "coordinates": [ [ [ 14531866.505817104130983, 3864292.053256169892848 ], [ 14524930.186733292415738, 3876306.110326843801886 ], [ 14511057.548565665259957, 3876306.110326843801886 ], [ 14504121.229481853544712, 3864292.053256169892848 ], [ 14511057.548565665259957, 3852277.996185495983809 ], [ 14524930.186733292415738, 3852277.996185495983809 ], [ 14531866.505817104130983, 3864292.053256169892848 ] ] ] } },
{ "type": "Feature", "properties": { "N03_003": "島尻郡", "N03_001": "沖縄県" }, "geometry": { "type": "MultiPolygon", "coordinates": [ [ [ [ 14594293.377571420744061, 2963237.772955643944442 ], [ 14587357.058487609028816, 2975251.830026317853481 ], [ 14594293.377571420744061, 2987265.887096991762519 ], [ 14608166.015739047899842, 2987265.887096991762519 ], [ 14615102.334822859615088, 2999279.944167665671557 ], [ 14628974.972990486770868, 2999279.944167665671557 ], [ 14635911.292074298486114, 2987265.887096991762519 ], [ 14628974.972990486770868, 2975251.830026317853481 ], [ 14615102.334822859615088, 2975251.830026317853481 ], [ 14608166.015739047899842, 2963237.772955643944442 ], [ 14594293.377571420744061, 2963237.772955643944442 ] ] ], [ [ [ 14171177.913458831608295, 3023308.058309012558311 ], [ 14178114.232542643323541, 3035322.11537968646735 ], [ 14191986.870710270479321, 3035322.11537968646735 ], [ 14198923.189794082194567, 3023308.058309012558311 ], [ 14191986.870710270479321, 3011294.001238338649273 ], [ 14178114.232542643323541, 3011294.001238338649273 ], [ 14171177.913458831608295, 3023308.058309012558311 ] ] ], [ [ [ 14136496.318039765581489, 3035322.11537968646735 ], [ 14129559.998955953866243, 3023308.058309012558311 ], [ 14115687.360788326710463, 3023308.058309012558311 ], [ 14108751.041704514995217, 3035322.11537968646735 ], [ 14108751.041704514995217, 3035322.115379686001688 ], [ 14094878.403536887839437, 3035322.115379686001688 ], [ 14087942.084453076124191, 3047336.172450359910727 ], [ 14094878.403536887839437, 3059350.229521033819765 ], [ 14108751.041704514995217, 3059350.229521033819765 ], [ 14115687.360788326710463, 3047336.172450359910727 ], [ 14115687.360788326710463, 3047336.172450360376388 ], [ 14129559.998955953866243, 3047336.172450360376388 ], [ 14136496.318039765581489, 3035322.11537968646735 ] ] ], [ [ [ 14240541.104296959936619, 3095392.400733054615557 ], [ 14233604.785213148221374, 3107406.457803728524595 ], [ 14240541.104296959936619, 3119420.514874402433634 ], [ 14233604.785213148221374, 3131434.571945075877011 ], [ 14240541.104296959936619, 3143448.629015749786049 ], [ 14254413.7424645870924, 3143448.629015749786049 ], [ 14261350.061548398807645, 3131434.571945075877011 ], [ 14254413.7424645870924, 3119420.514874402433634 ], [ 14261350.061548398807645, 3107406.457803728524595 ], [ 14254413.7424645870924, 3095392.400733054615557 ], [ 14240541.104296959936619, 3095392.400733054615557 ] ] ] ] } },
{ "type": "Feature", "properties": { "N03_003": "島牧郡", "N03_001": "北海道" }, "geometry": { "type": "Polygon", "coordinates": [ [ [ 15551505.411137608811259, 5245908.616383642889559 ], [ 15544569.092053797096014, 5257922.673454316332936 ], [ 15551505.411137608811259, 5269936.730524989776313 ], [ 15565378.04930523596704, 5269936.730524989776313 ], [ 15572314.368389047682285, 5281950.78759566321969 ], [ 15586187.006556674838066, 5281950.78759566321969 ], [ 15593123.325640486553311, 5293964.844666336663067 ], [ 15606995.963808113709092, 5293964.844666336663067 ], [ 15613932.282891925424337, 5281950.78759566321969 ], [ 15606995.963808113709092, 5269936.730524989776313 ], [ 15613932.282891925424337, 5257922.673454316332936 ], [ 15606995.963808113709092, 5245908.616383642889559 ], [ 15593123.325640486553311, 5245908.616383642889559 ], [ 15586187.006556674838066, 5257922.673454316332936 ], [ 15572314.368389047682285, 5257922.673454316332936 ], [ 15565378.04930523596704, 5245908.616383642889559 ], [ 15551505.411137608811259, 5245908.616383642889559 ] ] ] } },
{ "type": "Feature", "properties": { "N03_003": "島田市", "N03_001": "静岡県" }, "geometry": { "type": "Polygon", "coordinates": [ [ [ 15385033.753126097843051, 4164643.48002301203087 ], [ 15378097.434042286127806, 4176657.537093685939908 ], [ 15364224.795874658972025, 4176657.537093685939908 ], [ 15357288.47679084725678, 4164643.48002301203087 ], [ 15364224.795874658972025, 4152629.422952338121831 ], [ 15378097.434042286127806, 4152629.422952338121831 ], [ 15385033.753126097843051, 4164643.48002301203087 ] ] ] } },
{ "type": "Feature", "properties": { "N03_003": "川上郡", "N03_001": "北海道" }, "geometry": { "type": "MultiPolygon", "coordinates": [ [ [ [ 16106410.937842646613717, 5317992.958807685412467 ], [ 16092538.299675019457936, 5317992.958807685412467 ], [ 16085601.980591207742691, 5330007.015878358855844 ], [ 16071729.34242358058691, 5330007.015878358855844 ], [ 16064793.023339768871665, 5342021.072949032299221 ], [ 16071729.34242358058691, 5354035.130019705742598 ], [ 16064793.023339768871665, 5366049.187090379185975 ], [ 16050920.385172141715884, 5366049.187090379185975 ], [ 16043984.066088330000639, 5378063.244161052629352 ], [ 16050920.385172141715884, 5390077.301231726072729 ], [ 16064793.023339768871665, 5390077.301231726072729 ], [ 16071729.34242358058691, 5402091.358302399516106 ], [ 16085601.980591207742691, 5402091.358302399516106 ], [ 16092538.299675019457936, 5390077.301231726072729 ], [ 16106410.937842646613717, 5390077.301231726072729 ], [ 16113347.256926458328962, 5378063.244161052629352 ], [ 16106410.937842646613717, 5366049.187090379185975 ], [ 16113347.256926458328962, 5354035.130019705742598 ], [ 16106410.937842646613717, 5342021.072949032299221 ], [ 16113347.256926458328962, 5330007.015878358855844 ], [ 16106410.937842646613717, 5317992.958807685412467 ] ] ], [ [ [ 16050920.385172141715884, 5414105.415373073890805 ], [ 16064793.023339768871665, 5414105.415373073890805 ], [ 16071729.34242358058691, 5426119.472443747334182 ], [ 16085601.980591207742691, 5426119.472443747334182 ], [ 16092538.299675019457936, 5414105.415373073890805 ], [ 16085601.980591207742691, 5402091.358302400447428 ], [ 16071729.34242358058691, 5402091.358302400447428 ], [ 16064793.023339768871665, 5390077.301231727004051 ], [ 16050920.385172141715884, 5390077.301231727004051 ], [ 16043984.066088330000639, 5402091.358302400447428 ], [ 16050920.385172141715884, 5414105.415373073890805 ] ] ] ] } },
{ "type": "Feature", "properties": { "N03_003": "川口市", "N03_001": "埼玉県" }, "geometry": { "type": "Polygon", "coordinates": [ [ [ 15572314.368389047682285, 4272769.993659075349569 ], [ 15565378.04930523596704, 4284784.050729748792946 ], [ 15551505.411137608811259, 4284784.050729748792946 ], [ 15544569.092053797096014, 4272769.993659075349569 ], [ 15551505.411137608811259, 4260755.936588401906192 ], [ 15565378.04930523596704, 4260755.936588401906192 ], [ 15572314.368389047682285, 4272769.993659075349569 ] ] ] } },
{ "type": "Feature", "properties": { "N03_003": "川崎市", "N03_001": "神奈川県" }, "geometry": { "type": "Polygon", "coordinates": [ [ [ 15572314.368389047682285, 4224713.765376379713416 ], [ 15565378.04930523596704, 4236727.822447053156793 ], [ 15551505.411137608811259, 4236727.822447053156793 ], [ 15544569.092053797096014, 4224713.765376379713416 ], [ 15551505.411137608811259, 4212699.708305706270039 ], [ 15565378.04930523596704, 4212699.708305706270039 ], [ 15572314.368389047682285, 4224713.765376379713416 ] ] ] } },
{ "type": "Feature", "properties": { "N03_003": "市原市", "N03_001": "千葉県" }, "geometry": { "type": "Polygon", "coordinates": [ [ [ 15613932.282891925424337, 4224713.765376379713416 ], [ 15606995.963808113709092, 4236727.822447053156793 ], [ 15593123.325640486553311, 4236727.822447053156793 ], [ 15586187.006556674838066, 4224713.765376379713416 ], [ 15593123.325640486553311, 4212699.708305706270039 ], [ 15606995.963808113709092, 4212699.708305706270039 ], [ 15613932.282891925424337, 4224713.765376379713416 ] ] ] } },
{ "type": "Feature", "properties": { "N03_003": "帯広市", "N03_001": "北海道" }, "geometry": { "type": "Polygon", "coordinates": [ [ [ 15919130.322579696774483, 5257922.673454316332936 ], [ 15905257.684412069618702, 5257922.673454316332936 ], [ 15898321.365328257903457, 5269936.730524989776313 ], [ 15905257.684412069618702, 5281950.78759566321969 ], [ 15919130.322579696774483, 5281950.78759566321969 ], [ 15926066.641663508489728, 5293964.844666336663067 ], [ 15939939.279831135645509, 5293964.844666336663067 ], [ 15946875.598914947360754, 5281950.78759566321969 ], [ 15939939.279831135645509, 5269936.730524989776313 ], [ 15926066.641663508489728, 5269936.730524989776313 ], [ 15919130.322579696774483, 5257922.673454316332936 ] ] ] } },
{ "type": "Feature", "properties": { "N03_003": "常呂郡", "N03_001": "北海道" }, "geometry": { "type": "MultiPolygon", "coordinates": [ [ [ [ 15967684.55616638623178, 5390077.301231727004051 ], [ 15960748.237082574516535, 5402091.358302400447428 ], [ 15967684.55616638623178, 5414105.415373073890805 ], [ 15981557.194334013387561, 5414105.415373073890805 ], [ 15988493.513417825102806, 5426119.472443747334182 ], [ 16002366.151585452258587, 5426119.472443747334182 ], [ 16009302.470669263973832, 5414105.415373073890805 ], [ 16002366.151585452258587, 5402091.358302400447428 ], [ 15988493.513417825102806, 5402091.358302400447428 ], [ 15981557.194334013387561, 5390077.301231727004051 ], [ 15967684.55616638623178, 5390077.301231727004051 ] ] ], [ [ [ 15988493.513417825102806, 5450147.586585095152259 ], [ 15981557.194334013387561, 5462161.643655768595636 ], [ 15988493.513417825102806, 5474175.700726442039013 ], [ 16002366.151585452258587, 5474175.700726442039013 ], [ 16009302.470669263973832, 5486189.75779711548239 ], [ 16023175.108836891129613, 5486189.75779711548239 ], [ 16030111.427920702844858, 5474175.700726442039013 ], [ 16023175.108836891129613, 5462161.643655768595636 ], [ 16009302.470669263973832, 5462161.643655768595636 ], [ 16002366.151585452258587, 5450147.586585095152259 ], [ 15988493.513417825102806, 5450147.586585095152259 ] ] ] ] } },
{ "type": "Feature", "properties": { "N03_003": "常滑市", "N03_001": "愛知県" }, "geometry": { "type": "Polygon", "coordinates": [ [ [ 15239371.052366025745869, 4152629.422952338121831 ], [ 15232434.733282214030623, 4164643.48002301203087 ], [ 15218562.095114586874843, 4164643.48002301203087 ], [ 15211625.776030775159597, 4152629.422952338121831 ], [ 15218562.095114586874843, 4140615.365881664212793 ], [ 15232434.733282214030623, 4140615.365881664212793 ], [ 15239371.052366025745869, 4152629.422952338121831 ] ] ] } },
{ "type": "Feature", "properties": { "N03_003": "常総市", "N03_001": "茨城県" }, "geometry": { "type": "Polygon", "coordinates": [ [ [ 15593123.325640486553311, 4308812.1648710956797 ], [ 15586187.006556674838066, 4320826.221941769123077 ], [ 15572314.368389047682285, 4320826.221941769123077 ], [ 15565378.04930523596704, 4308812.1648710956797 ], [ 15572314.368389047682285, 4296798.107800422236323 ], [ 15586187.006556674838066, 4296798.107800422236323 ], [ 15593123.325640486553311, 4308812.1648710956797 ] ] ] } },
{ "type": "Feature", "properties": { "N03_003": "常陸大宮市", "N03_001": "茨城県" }, "geometry": { "type": "Polygon", "coordinates": [ [ [ 15634741.240143364295363, 4380896.507295138202608 ], [ 15627804.921059552580118, 4392910.564365811645985 ], [ 15613932.282891925424337, 4392910.564365811645985 ], [ 15606995.963808113709092, 4380896.507295138202608 ], [ 15613932.282891925424337, 4368882.450224464759231 ], [ 15627804.921059552580118, 4368882.450224464759231 ], [ 15634741.240143364295363, 4380896.507295138202608 ] ] ] } },
{ "type": "Feature", "properties": { "N03_003": "常陸太田市", "N03_001": "茨城県" }, "geometry": { "type": "Polygon", "coordinates": [ [ [ 15655550.197394803166389, 4368882.450224464759231 ], [ 15648613.878310991451144, 4356868.393153791315854 ], [ 15634741.240143364295363, 4356868.393153791315854 ], [ 15627804.921059552580118, 4368882.450224464759231 ], [ 15634741.240143364295363, 4380896.507295138202608 ], [ 15627804.921059552580118, 4392910.564365811645985 ], [ 15634741.240143364295363, 4404924.621436485089362 ], [ 15648613.878310991451144, 4404924.621436485089362 ], [ 15655550.197394803166389, 4392910.564365811645985 ], [ 15648613.878310991451144, 4380896.507295138202608 ], [ 15655550.197394803166389, 4368882.450224464759231 ] ] ] } },
{ "type": "Feature", "properties": { "N03_003": "幌泉郡", "N03_001": "北海道" }, "geometry": { "type": "Polygon", "coordinates": [ [ [ 15967684.55616638623178, 5149796.159818253479898 ], [ 15960748.237082574516535, 5137782.102747580036521 ], [ 15946875.598914947360754, 5137782.102747580036521 ], [ 15939939.279831135645509, 5149796.159818253479898 ], [ 15926066.641663508489728, 5149796.159818253479898 ], [ 15919130.322579696774483, 5161810.216888926923275 ], [ 15926066.641663508489728, 5173824.273959600366652 ], [ 15939939.279831135645509, 5173824.273959600366652 ], [ 15946875.598914947360754, 5185838.331030273810029 ], [ 15960748.237082574516535, 5185838.331030273810029 ], [ 15967684.55616638623178, 5173824.273959600366652 ], [ 15960748.237082574516535, 5161810.216888926923275 ], [ 15967684.55616638623178, 5149796.159818253479898 ] ] ] } },
{ "type": "Feature", "properties": { "N03_003": "幡多郡", "N03_001": "高知県" }, "geometry": { "type": "MultiPolygon", "coordinates": [ [ [ [ 14774637.673750558868051, 3852277.996185495983809 ], [ 14760765.03558293171227, 3852277.996185495983809 ], [ 14753828.716499119997025, 3864292.053256169892848 ], [ 14760765.03558293171227, 3876306.110326843801886 ], [ 14774637.673750558868051, 3876306.110326843801886 ], [ 14781573.992834370583296, 3864292.053256169892848 ], [ 14774637.673750558868051, 3852277.996185495983809 ] ] ], [ [ [ 14816255.588253436610103, 3900334.22446819068864 ], [ 14802382.950085809454322, 3900334.22446819068864 ], [ 14795446.631001997739077, 3912348.281538864597678 ], [ 14802382.950085809454322, 3924362.338609538506716 ], [ 14816255.588253436610103, 3924362.338609538506716 ], [ 14823191.907337248325348, 3912348.281538864597678 ], [ 14816255.588253436610103, 3900334.22446819068864 ] ] ] ] } },
{ "type": "Feature", "properties": { "N03_003": "平川市", "N03_001": "青森県" }, "geometry": { "type": "Polygon", "coordinates": [ [ [ 15676359.154646242037416, 4933543.132546126842499 ], [ 15669422.83556243032217, 4945557.189616800285876 ], [ 15655550.197394803166389, 4945557.189616800285876 ], [ 15648613.878310991451144, 4933543.132546126842499 ], [ 15655550.197394803166389, 4921529.075475453399122 ], [ 15669422.83556243032217, 4921529.075475453399122 ], [ 15676359.154646242037416, 4933543.132546126842499 ] ] ] } },
{ "type": "Feature", "properties": { "N03_003": "平戸市", "N03_001": "長崎県" }, "geometry": { "type": "Polygon", "coordinates": [ [ [ 14427821.719559909775853, 3924362.338609538506716 ], [ 14420885.400476098060608, 3912348.281538864597678 ], [ 14407012.762308470904827, 3912348.281538864597678 ], [ 14400076.443224659189582, 3924362.338609538506716 ], [ 14407012.762308470904827, 3936376.395680212415755 ], [ 14400076.443224659189582, 3948390.452750885859132 ], [ 14407012.762308470904827, 3960404.50982155976817 ], [ 14420885.400476098060608, 3960404.50982155976817 ], [ 14427821.719559909775853, 3948390.452750885859132 ], [ 14420885.400476098060608, 3936376.395680212415755 ], [ 14427821.719559909775853, 3924362.338609538506716 ] ] ] } },
{ "type": "Feature", "properties": { "N03_003": "広尾郡", "N03_001": "北海道" }, "geometry": { "type": "MultiPolygon", "coordinates": [ [ [ [ 15946875.598914947360754, 5185838.331030273810029 ], [ 15939939.279831135645509, 5197852.388100947253406 ], [ 15946875.598914947360754, 5209866.445171620696783 ], [ 15960748.237082574516535, 5209866.445171620696783 ], [ 15967684.55616638623178, 5197852.388100947253406 ], [ 15960748.237082574516535, 5185838.331030273810029 ], [ 15946875.598914947360754, 5185838.331030273810029 ] ] ], [ [ [ 15919130.322579696774483, 5209866.445171621628106 ], [ 15926066.641663508489728, 5221880.502242295071483 ], [ 15939939.279831135645509, 5221880.502242295071483 ], [ 15946875.598914947360754, 5233894.55931296851486 ], [ 15960748.237082574516535, 5233894.55931296851486 ], [ 15967684.55616638623178, 5221880.502242295071483 ], [ 15960748.237082574516535, 5209866.445171621628106 ], [ 15946875.598914947360754, 5209866.445171621628106 ], [ 15939939.279831135645509, 5197852.388100948184729 ], [ 15926066.641663508489728, 5197852.388100948184729 ], [ 15919130.322579696774483, 5209866.445171621628106 ] ] ], [ [ [ 15946875.598914947360754, 5233894.559312969446182 ], [ 15939939.279831135645509, 5221880.502242296002805 ], [ 15926066.641663508489728, 5221880.502242296002805 ], [ 15919130.322579696774483, 5233894.559312969446182 ], [ 15905257.684412069618702, 5233894.559312969446182 ], [ 15898321.365328257903457, 5245908.616383642889559 ], [ 15905257.684412069618702, 5257922.673454316332936 ], [ 15919130.322579696774483, 5257922.673454316332936 ], [ 15926066.641663508489728, 5245908.616383642889559 ], [ 15939939.279831135645509, 5245908.616383642889559 ], [ 15946875.598914947360754, 5233894.559312969446182 ] ] ], [ [ [ 15960748.237082574516535, 5233894.559312969446182 ], [ 15967684.55616638623178, 5245908.616383642889559 ], [ 15981557.194334013387561, 5245908.616383642889559 ], [ 15988493.513417825102806, 5233894.559312969446182 ], [ 15981557.194334013387561, 5221880.502242296002805 ], [ 15967684.55616638623178, 5221880.502242296002805 ], [ 15960748.237082574516535, 5233894.559312969446182 ] ] ] ] } },
{ "type": "Feature", "properties": { "N03_003": "広島市", "N03_001": "広島県" }, "geometry": { "type": "Polygon", "coordinates": [ [ [ 14753828.716499119997025, 4080545.080528296064585 ], [ 14739956.078331492841244, 4080545.080528296064585 ], [ 14733019.759247681125998, 4092559.137598969973624 ], [ 14739956.078331492841244, 4104573.194669643882662 ], [ 14753828.716499119997025, 4104573.194669643882662 ], [ 14760765.03558293171227, 4116587.251740317326039 ], [ 14774637.673750558868051, 4116587.251740317326039 ], [ 14781573.992834370583296, 4104573.194669643417001 ], [ 14774637.673750558868051, 4092559.137598969507962 ], [ 14760765.03558293171227, 4092559.137598969507962 ], [ 14760765.03558293171227, 4092559.137598969973624 ], [ 14753828.716499119997025, 4080545.080528296064585 ] ] ] } },
{ "type": "Feature", "properties": { "N03_003": "庄原市", "N03_001": "広島県" }, "geometry": { "type": "Polygon", "coordinates": [ [ [ 14816255.588253436610103, 4164643.48002301203087 ], [ 14823191.907337248325348, 4176657.537093685939908 ], [ 14837064.545504875481129, 4176657.537093685939908 ], [ 14844000.864588687196374, 4164643.48002301203087 ], [ 14837064.545504875481129, 4152629.422952338121831 ], [ 14823191.907337248325348, 4152629.422952338121831 ], [ 14816255.588253436610103, 4140615.365881664212793 ], [ 14802382.950085809454322, 4140615.365881664212793 ], [ 14795446.631001997739077, 4152629.422952338121831 ], [ 14781573.992834370583296, 4152629.422952338121831 ], [ 14774637.673750558868051, 4164643.48002301203087 ], [ 14781573.992834370583296, 4176657.537093685939908 ], [ 14795446.631001997739077, 4176657.537093685939908 ], [ 14802382.950085809454322, 4164643.48002301203087 ], [ 14816255.588253436610103, 4164643.48002301203087 ] ] ] } },
{ "type": "Feature", "properties": { "N03_003": "府中市", "N03_001": "東京都" }, "geometry": { "type": "Polygon", "coordinates": [ [ [ 14844000.864588687196374, 4116587.251740317326039 ], [ 14837064.545504875481129, 4128601.308810991235077 ], [ 14823191.907337248325348, 4128601.308810991235077 ], [ 14816255.588253436610103, 4116587.251740317326039 ], [ 14823191.907337248325348, 4104573.194669643417001 ], [ 14837064.545504875481129, 4104573.194669643417001 ], [ 14844000.864588687196374, 4116587.251740317326039 ] ] ] } },
{ "type": "Feature", "properties": { "N03_003": "度会郡", "N03_001": "三重県" }, "geometry": { "type": "Polygon", "coordinates": [ [ [ 15190816.818779336288571, 4044502.909316274803132 ], [ 15176944.180611709132791, 4044502.909316274803132 ], [ 15170007.861527897417545, 4056516.96638694871217 ], [ 15176944.180611709132791, 4068531.023457622621208 ], [ 15190816.818779336288571, 4068531.023457622621208 ], [ 15197753.137863148003817, 4080545.080528296064585 ], [ 15190816.818779336288571, 4092559.137598969973624 ], [ 15197753.137863148003817, 4104573.194669643882662 ], [ 15211625.776030775159597, 4104573.194669643882662 ], [ 15218562.095114586874843, 4092559.137598969973624 ], [ 15211625.776030775159597, 4080545.080528296064585 ], [ 15218562.095114586874843, 4068531.023457622621208 ], [ 15211625.776030775159597, 4056516.96638694871217 ], [ 15197753.137863148003817, 4056516.96638694871217 ], [ 15190816.818779336288571, 4044502.909316274803132 ] ] ] } },
{ "type": "Feature", "properties": { "N03_003": "延岡市", "N03_001": "宮崎県" }, "geometry": { "type": "Polygon", "coordinates": [ [ [ 14677529.206577176228166, 3828249.882044149097055 ], [ 14670592.88749336451292, 3816235.824973475188017 ], [ 14656720.24932573735714, 3816235.824973475188017 ], [ 14649783.930241925641894, 3828249.882044148631394 ], [ 14635911.292074298486114, 3828249.882044148631394 ], [ 14628974.972990486770868, 3840263.939114822540432 ], [ 14635911.292074298486114, 3852277.996185496449471 ], [ 14628974.972990486770868, 3864292.053256169892848 ], [ 14635911.292074298486114, 3876306.110326843801886 ], [ 14649783.930241925641894, 3876306.110326843801886 ], [ 14656720.24932573735714, 3864292.053256169892848 ], [ 14656720.24932573735714, 3864292.053256170358509 ], [ 14670592.88749336451292, 3864292.053256170358509 ], [ 14677529.206577176228166, 3852277.996185496449471 ], [ 14670592.88749336451292, 3840263.939114822540432 ], [ 14677529.206577176228166, 3828249.882044149097055 ] ] ] } },
{ "type": "Feature", "properties": { "N03_003": "廿日市市", "N03_001": "広島県" }, "geometry": { "type": "Polygon", "coordinates": [ [ [ 14733019.759247681125998, 4092559.137598969973624 ], [ 14739956.078331492841244, 4080545.080528296064585 ], [ 14733019.759247681125998, 4068531.023457622155547 ], [ 14719147.121080053970218, 4068531.023457622155547 ], [ 14712210.801996242254972, 4080545.080528296064585 ], [ 14698338.163828615099192, 4080545.080528296064585 ], [ 14691401.844744803383946, 4092559.137598969973624 ], [ 14698338.163828615099192, 4104573.194669643882662 ], [ 14712210.801996242254972, 4104573.194669643882662 ], [ 14719147.121080053970218, 4092559.137598969973624 ], [ 14733019.759247681125998, 4092559.137598969973624 ] ] ] } },
{ "type": "Feature", "properties": { "N03_003": "弘前市", "N03_001": "青森県" }, "geometry": { "type": "Polygon", "coordinates": [ [ [ 15648613.878310991451144, 4957571.246687474660575 ], [ 15655550.197394803166389, 4945557.189616801217198 ], [ 15648613.878310991451144, 4933543.132546127773821 ], [ 15634741.240143364295363, 4933543.132546127773821 ], [ 15627804.921059552580118, 4945557.189616801217198 ], [ 15613932.282891925424337, 4945557.189616801217198 ], [ 15606995.963808113709092, 4957571.246687474660575 ], [ 15613932.282891925424337, 4969585.303758148103952 ], [ 15627804.921059552580118, 4969585.303758148103952 ], [ 15634741.240143364295363, 4957571.246687474660575 ], [ 15648613.878310991451144, 4957571.246687474660575 ] ] ] } },
{ "type": "Feature", "properties": { "N03_003": "御前崎市", "N03_001": "静岡県" }, "geometry": { "type": "Polygon", "coordinates": [ [ [ 15405842.710377536714077, 4104573.194669643417001 ], [ 15398906.391293724998832, 4116587.251740317326039 ], [ 15385033.753126097843051, 4116587.251740317326039 ], [ 15378097.434042286127806, 4104573.194669643417001 ], [ 15385033.753126097843051, 4092559.137598969507962 ], [ 15398906.391293724998832, 4092559.137598969507962 ], [ 15405842.710377536714077, 4104573.194669643417001 ] ] ] } },
{ "type": "Feature", "properties": { "N03_003": "御殿場市", "N03_001": "静岡県" }, "geometry": { "type": "Polygon", "coordinates": [ [ [ 15468269.582131853327155, 4212699.708305706270039 ], [ 15461333.26304804161191, 4224713.765376379713416 ], [ 15447460.624880414456129, 4224713.765376379713416 ], [ 15440524.305796602740884, 4212699.708305706270039 ], [ 15447460.624880414456129, 4200685.651235032826662 ], [ 15461333.26304804161191, 4200685.651235032826662 ], [ 15468269.582131853327155, 4212699.708305706270039 ] ] ] } },
{ "type": "Feature", "properties": { "N03_003": "御蔵島村", "N03_001": "東京都" }, "geometry": { "type": "Polygon", "coordinates": [ [ [ 15551505.411137608811259, 4020474.795174927916378 ], [ 15544569.092053797096014, 4032488.852245601825416 ], [ 15530696.453886169940233, 4032488.852245601825416 ], [ 15523760.134802358224988, 4020474.795174927916378 ], [ 15530696.453886169940233, 4008460.738104254007339 ], [ 15544569.092053797096014, 4008460.738104254007339 ], [ 15551505.411137608811259, 4020474.795174927916378 ] ] ] } },
{ "type": "Feature", "properties": { "N03_003": "徳島市", "N03_001": "徳島県" }, "geometry": { "type": "Polygon", "coordinates": [ [ [ 14989663.565348759293556, 4032488.852245601359755 ], [ 14982727.246264947578311, 4044502.909316275268793 ], [ 14968854.60809732042253, 4044502.909316275268793 ], [ 14961918.289013508707285, 4032488.852245601359755 ], [ 14968854.60809732042253, 4020474.795174927450716 ], [ 14982727.246264947578311, 4020474.795174927450716 ], [ 14989663.565348759293556, 4032488.852245601359755 ] ] ] } },
{ "type": "Feature", "properties": { "N03_003": "志布志市", "N03_001": "鹿児島県" }, "geometry": { "type": "Polygon", "coordinates": [ [ [ 14615102.334822859615088, 3696095.25426673842594 ], [ 14608166.015739047899842, 3708109.311337412334979 ], [ 14594293.377571420744061, 3708109.311337412334979 ], [ 14587357.058487609028816, 3696095.25426673842594 ], [ 14594293.377571420744061, 3684081.197196064516902 ], [ 14608166.015739047899842, 3684081.197196064516902 ], [ 14615102.334822859615088, 3696095.25426673842594 ] ] ] } },
{ "type": "Feature", "properties": { "N03_003": "志摩市", "N03_001": "三重県" }, "geometry": { "type": "Polygon", "coordinates": [ [ [ 15232434.733282214030623, 4044502.909316274803132 ], [ 15218562.095114586874843, 4044502.909316274803132 ], [ 15211625.776030775159597, 4056516.96638694871217 ], [ 15218562.095114586874843, 4068531.023457622155547 ], [ 15211625.776030775159597, 4080545.080528296064585 ], [ 15218562.095114586874843, 4092559.137598969973624 ], [ 15232434.733282214030623, 4092559.137598969973624 ], [ 15239371.052366025745869, 4080545.080528296530247 ], [ 15253243.690533652901649, 4080545.080528296530247 ], [ 15260180.009617464616895, 4068531.023457622621208 ], [ 15253243.690533652901649, 4056516.96638694871217 ], [ 15239371.052366025745869, 4056516.96638694871217 ], [ 15232434.733282214030623, 4044502.909316274803132 ] ] ] } },
{ "type": "Feature", "properties": { "N03_003": "恵庭市", "N03_001": "北海道" }, "geometry": { "type": "Polygon", "coordinates": [ [ [ 15759594.98365199752152, 5293964.844666336663067 ], [ 15752658.664568185806274, 5305978.901737010106444 ], [ 15738786.026400558650494, 5305978.901737010106444 ], [ 15731849.707316746935248, 5293964.844666336663067 ], [ 15738786.026400558650494, 5281950.78759566321969 ], [ 15752658.664568185806274, 5281950.78759566321969 ], [ 15759594.98365199752152, 5293964.844666336663067 ] ] ] } },
{ "type": "Feature", "properties": { "N03_003": "恵那市", "N03_001": "岐阜県" }, "geometry": { "type": "Polygon", "coordinates": [ [ [ 15315670.562287969514728, 4212699.708305706270039 ], [ 15322606.881371781229973, 4200685.651235032826662 ], [ 15315670.562287969514728, 4188671.594164358917624 ], [ 15301797.924120342358947, 4188671.594164358917624 ], [ 15294861.605036530643702, 4200685.651235032826662 ], [ 15280988.966868903487921, 4200685.651235032826662 ], [ 15274052.647785091772676, 4212699.708305706270039 ], [ 15280988.966868903487921, 4224713.765376379713416 ], [ 15294861.605036530643702, 4224713.765376379713416 ], [ 15301797.924120342358947, 4212699.708305706270039 ], [ 15315670.562287969514728, 4212699.708305706270039 ] ] ] } },
{ "type": "Feature", "properties": { "N03_003": "成田市", "N03_001": "千葉県" }, "geometry": { "type": "Polygon", "coordinates": [ [ [ 15634741.240143364295363, 4284784.050729748792946 ], [ 15627804.921059552580118, 4296798.107800422236323 ], [ 15613932.282891925424337, 4296798.107800422236323 ], [ 15606995.963808113709092, 4284784.050729748792946 ], [ 15613932.282891925424337, 4272769.993659075349569 ], [ 15627804.921059552580118, 4272769.993659075349569 ], [ 15634741.240143364295363, 4284784.050729748792946 ] ] ] } },
{ "type": "Feature", "properties": { "N03_003": "所沢市", "N03_001": "埼玉県" }, "geometry": { "type": "Polygon", "coordinates": [ [ [ 15530696.453886169940233, 4272769.993659075349569 ], [ 15523760.134802358224988, 4284784.050729748792946 ], [ 15509887.496634731069207, 4284784.050729748792946 ], [ 15502951.177550919353962, 4272769.993659075349569 ], [ 15509887.496634731069207, 4260755.936588401906192 ], [ 15523760.134802358224988, 4260755.936588401906192 ], [ 15530696.453886169940233, 4272769.993659075349569 ] ] ] } },
{ "type": "Feature", "properties": { "N03_003": "択捉郡", "N03_001": "北海道" }, "geometry": { "type": "MultiPolygon", "coordinates": [ [ [ [ 16342245.786692285910249, 5534245.986079811118543 ], [ 16335309.467608474195004, 5546260.04315048456192 ], [ 16342245.786692285910249, 5558274.100221158005297 ], [ 16356118.42485991306603, 5558274.100221158005297 ], [ 16363054.743943724781275, 5570288.157291831448674 ], [ 16356118.42485991306603, 5582302.214362504892051 ], [ 16363054.743943724781275, 5594316.271433178335428 ], [ 16376927.382111351937056, 5594316.271433178335428 ], [ 16383863.701195163652301, 5582302.214362504892051 ], [ 16397736.339362790808082, 5582302.214362504892051 ], [ 16404672.658446602523327, 5594316.271433178335428 ], [ 16418545.296614229679108, 5594316.271433178335428 ], [ 16425481.615698041394353, 5582302.214362504892051 ], [ 16418545.296614229679108, 5570288.157291831448674 ], [ 16404672.658446602523327, 5570288.157291831448674 ], [ 16397736.339362790808082, 5558274.100221158005297 ], [ 16404672.658446602523327, 5546260.04315048456192 ], [ 16397736.339362790808082, 5534245.986079811118543 ], [ 16383863.701195163652301, 5534245.986079811118543 ], [ 16376927.382111351937056, 5522231.929009137675166 ], [ 16363054.743943724781275, 5522231.929009137675166 ], [ 16356118.42485991306603, 5510217.871938464231789 ], [ 16342245.786692285910249, 5510217.871938464231789 ], [ 16335309.467608474195004, 5522231.929009137675166 ], [ 16342245.786692285910249, 5534245.986079811118543 ] ] ], [ [ [ 16383863.701195163652301, 5606330.328503852710128 ], [ 16397736.339362790808082, 5606330.328503852710128 ], [ 16404672.658446602523327, 5618344.385574526153505 ], [ 16418545.296614229679108, 5618344.385574526153505 ], [ 16425481.615698041394353, 5606330.328503852710128 ], [ 16439354.253865668550134, 5606330.328503852710128 ], [ 16446290.572949480265379, 5618344.385574526153505 ], [ 16460163.21111710742116, 5618344.385574526153505 ], [ 16467099.530200919136405, 5606330.328503852710128 ], [ 16460163.21111710742116, 5594316.271433179266751 ], [ 16446290.572949480265379, 5594316.271433179266751 ], [ 16439354.253865668550134, 5582302.214362505823374 ], [ 16425481.615698041394353, 5582302.214362505823374 ], [ 16418545.296614229679108, 5594316.271433179266751 ], [ 16404672.658446602523327, 5594316.271433179266751 ], [ 16397736.339362790808082, 5582302.214362505823374 ], [ 16383863.701195163652301, 5582302.214362505823374 ], [ 16376927.382111351937056, 5594316.271433179266751 ], [ 16383863.701195163652301, 5606330.328503852710128 ] ] ], [ [ [ 16418545.296614229679108, 5618344.385574527084827 ], [ 16404672.658446602523327, 5618344.385574527084827 ], [ 16397736.339362790808082, 5630358.442645200528204 ], [ 16404672.658446602523327, 5642372.499715873971581 ], [ 16418545.296614229679108, 5642372.499715873971581 ], [ 16425481.615698041394353, 5654386.556786547414958 ], [ 16439354.253865668550134, 5654386.556786547414958 ], [ 16446290.572949480265379, 5642372.499715873971581 ], [ 16460163.21111710742116, 5642372.499715873971581 ], [ 16467099.530200919136405, 5630358.442645200528204 ], [ 16460163.21111710742116, 5618344.385574527084827 ], [ 16446290.572949480265379, 5618344.385574527084827 ], [ 16439354.253865668550134, 5606330.32850385364145 ], [ 16425481.615698041394353, 5606330.32850385364145 ], [ 16418545.296614229679108, 5618344.385574527084827 ] ] ] ] } },
{ "type": "Feature", "properties": { "N03_003": "指宿市", "N03_001": "鹿児島県" }, "geometry": { "type": "Polygon", "coordinates": [ [ [ 14552675.463068543002009, 3660053.083054717630148 ], [ 14545739.143984731286764, 3672067.140125391539186 ], [ 14531866.505817104130983, 3672067.140125391539186 ], [ 14524930.186733292415738, 3660053.083054717630148 ], [ 14531866.505817104130983, 3648039.02598404372111 ], [ 14545739.143984731286764, 3648039.02598404372111 ], [ 14552675.463068543002009, 3660053.083054717630148 ] ] ] } },
{ "type": "Feature", "properties": { "N03_003": "掛川市", "N03_001": "静岡県" }, "geometry": { "type": "Polygon", "coordinates": [ [ [ 15385033.753126097843051, 4116587.251740317326039 ], [ 15378097.434042286127806, 4104573.194669643417001 ], [ 15364224.795874658972025, 4104573.194669643417001 ], [ 15357288.47679084725678, 4116587.251740317326039 ], [ 15364224.795874658972025, 4128601.308810991235077 ], [ 15357288.47679084725678, 4140615.365881664678454 ], [ 15364224.795874658972025, 4152629.422952338587493 ], [ 15378097.434042286127806, 4152629.422952338587493 ], [ 15385033.753126097843051, 4140615.365881664678454 ], [ 15378097.434042286127806, 4128601.308810991235077 ], [ 15385033.753126097843051, 4116587.251740317326039 ] ] ] } },
{ "type": "Feature", "properties": { "N03_003": "揖斐郡", "N03_001": "岐阜県" }, "geometry": { "type": "MultiPolygon", "coordinates": [ [ [ [ 15211625.776030775159597, 4224713.765376379713416 ], [ 15197753.137863148003817, 4224713.765376379713416 ], [ 15190816.818779336288571, 4236727.822447053156793 ], [ 15197753.137863148003817, 4248741.87951772660017 ], [ 15211625.776030775159597, 4248741.87951772660017 ], [ 15218562.095114586874843, 4236727.822447053156793 ], [ 15211625.776030775159597, 4224713.765376379713416 ] ] ], [ [ [ 15176944.180611709132791, 4236727.822447054088116 ], [ 15170007.861527897417545, 4248741.879517727531493 ], [ 15176944.180611709132791, 4260755.93658840097487 ], [ 15190816.818779336288571, 4260755.93658840097487 ], [ 15197753.137863148003817, 4248741.879517727531493 ], [ 15190816.818779336288571, 4236727.822447054088116 ], [ 15176944.180611709132791, 4236727.822447054088116 ] ] ], [ [ [ 15176944.180611709132791, 4260755.936588401906192 ], [ 15170007.861527897417545, 4272769.993659075349569 ], [ 15176944.180611709132791, 4284784.050729748792946 ], [ 15190816.818779336288571, 4284784.050729748792946 ], [ 15197753.137863148003817, 4272769.993659075349569 ], [ 15190816.818779336288571, 4260755.936588401906192 ], [ 15176944.180611709132791, 4260755.936588401906192 ] ] ] ] } },
{ "type": "Feature", "properties": { "N03_003": "敦賀市", "N03_001": "福井県" }, "geometry": { "type": "Polygon", "coordinates": [ [ [ 15156135.223360270261765, 4248741.879517727531493 ], [ 15149198.904276458546519, 4260755.93658840097487 ], [ 15135326.266108831390738, 4260755.93658840097487 ], [ 15128389.947025019675493, 4248741.879517727531493 ], [ 15135326.266108831390738, 4236727.822447054088116 ], [ 15149198.904276458546519, 4236727.822447054088116 ], [ 15156135.223360270261765, 4248741.879517727531493 ] ] ] } },
{ "type": "Feature", "properties": { "N03_003": "斜里郡", "N03_001": "北海道" }, "geometry": { "type": "MultiPolygon", "coordinates": [ [ [ [ 16092538.299675019457936, 5414105.415373074822128 ], [ 16085601.980591207742691, 5426119.472443748265505 ], [ 16071729.34242358058691, 5426119.472443748265505 ], [ 16064793.023339768871665, 5438133.529514421708882 ], [ 16071729.34242358058691, 5450147.586585095152259 ], [ 16064793.023339768871665, 5462161.643655768595636 ], [ 16071729.34242358058691, 5474175.700726442039013 ], [ 16085601.980591207742691, 5474175.700726442039013 ], [ 16092538.299675019457936, 5462161.643655768595636 ], [ 16106410.937842646613717, 5462161.643655768595636 ], [ 16113347.256926458328962, 5474175.700726442039013 ], [ 16127219.895094085484743, 5474175.700726442039013 ], [ 16134156.214177897199988, 5486189.75779711548239 ], [ 16148028.852345524355769, 5486189.75779711548239 ], [ 16154965.171429336071014, 5498203.814867788925767 ], [ 16168837.809596963226795, 5498203.814867788925767 ], [ 16175774.12868077494204, 5486189.75779711548239 ], [ 16168837.809596963226795, 5474175.700726442039013 ], [ 16154965.171429336071014, 5474175.700726442039013 ], [ 16148028.852345524355769, 5462161.643655768595636 ], [ 16134156.214177897199988, 5462161.643655768595636 ], [ 16127219.895094085484743, 5450147.586585095152259 ], [ 16134156.214177897199988, 5438133.529514421708882 ], [ 16127219.895094085484743, 5426119.472443748265505 ], [ 16113347.256926458328962, 5426119.472443748265505 ], [ 16106410.937842646613717, 5414105.415373074822128 ], [ 16092538.299675019457936, 5414105.415373074822128 ] ] ], [ [ [ 16154965.171429336071014, 5522231.929009136743844 ], [ 16168837.809596963226795, 5522231.929009136743844 ], [ 16175774.12868077494204, 5510217.871938463300467 ], [ 16168837.809596963226795, 5498203.81486778985709 ], [ 16154965.171429336071014, 5498203.81486778985709 ], [ 16148028.852345524355769, 5510217.871938463300467 ], [ 16154965.171429336071014, 5522231.929009136743844 ] ] ], [ [ [ 16175774.12868077494204, 5534245.986079811118543 ], [ 16189646.766848402097821, 5534245.986079811118543 ], [ 16196583.085932213813066, 5522231.929009137675166 ], [ 16189646.766848402097821, 5510217.871938464231789 ], [ 16175774.12868077494204, 5510217.871938464231789 ], [ 16168837.809596963226795, 5522231.929009137675166 ], [ 16175774.12868077494204, 5534245.986079811118543 ] ] ] ] } },
{ "type": "Feature", "properties": { "N03_003": "新冠郡", "N03_001": "北海道" }, "geometry": { "type": "Polygon", "coordinates": [ [ [ 15856703.450825380161405, 5221880.502242296002805 ], [ 15842830.812657753005624, 5221880.502242296002805 ], [ 15835894.493573941290379, 5233894.559312969446182 ], [ 15842830.812657753005624, 5245908.616383642889559 ], [ 15856703.450825380161405, 5245908.616383642889559 ], [ 15863639.76990919187665, 5257922.673454316332936 ], [ 15877512.408076819032431, 5257922.673454316332936 ], [ 15884448.727160630747676, 5245908.616383642889559 ], [ 15877512.408076819032431, 5233894.559312969446182 ], [ 15863639.76990919187665, 5233894.559312969446182 ], [ 15856703.450825380161405, 5221880.502242296002805 ] ] ] } },
{ "type": "Feature", "properties": { "N03_003": "新城市", "N03_001": "愛知県" }, "geometry": { "type": "Polygon", "coordinates": [ [ [ 15322606.881371781229973, 4152629.422952338121831 ], [ 15315670.562287969514728, 4164643.48002301203087 ], [ 15301797.924120342358947, 4164643.48002301203087 ], [ 15294861.605036530643702, 4152629.422952338121831 ], [ 15301797.924120342358947, 4140615.365881664212793 ], [ 15315670.562287969514728, 4140615.365881664212793 ], [ 15322606.881371781229973, 4152629.422952338121831 ] ] ] } },
{ "type": "Feature", "properties": { "N03_003": "新宮市", "N03_001": "和歌山県" }, "geometry": { "type": "Polygon", "coordinates": [ [ [ 15149198.904276458546519, 3996446.681033580563962 ], [ 15156135.223360270261765, 3984432.623962906654924 ], [ 15149198.904276458546519, 3972418.566892232745886 ], [ 15135326.266108831390738, 3972418.566892232745886 ], [ 15128389.947025019675493, 3984432.623962906654924 ], [ 15114517.308857392519712, 3984432.623962906654924 ], [ 15107580.989773580804467, 3996446.681033580563962 ], [ 15114517.308857392519712, 4008460.738104254473001 ], [ 15128389.947025019675493, 4008460.738104254473001 ], [ 15135326.266108831390738, 3996446.681033580563962 ], [ 15149198.904276458546519, 3996446.681033580563962 ] ] ] } },
{ "type": "Feature", "properties": { "N03_003": "新島村", "N03_001": "東京都" }, "geometry": { "type": "Polygon", "coordinates": [ [ [ 15509887.496634731069207, 4068531.023457622621208 ], [ 15502951.177550919353962, 4056516.96638694871217 ], [ 15489078.539383292198181, 4056516.96638694871217 ], [ 15482142.220299480482936, 4068531.023457622621208 ], [ 15489078.539383292198181, 4080545.080528296064585 ], [ 15482142.220299480482936, 4092559.137598969973624 ], [ 15489078.539383292198181, 4104573.194669643882662 ], [ 15502951.177550919353962, 4104573.194669643882662 ], [ 15509887.496634731069207, 4092559.137598969973624 ], [ 15502951.177550919353962, 4080545.080528296530247 ], [ 15509887.496634731069207, 4068531.023457622621208 ] ] ] } },
{ "type": "Feature", "properties": { "N03_003": "新庄市", "N03_001": "山形県" }, "geometry": { "type": "Polygon", "coordinates": [ [ [ 15634741.240143364295363, 4693261.991132653318346 ], [ 15627804.921059552580118, 4705276.048203326761723 ], [ 15613932.282891925424337, 4705276.048203326761723 ], [ 15606995.963808113709092, 4693261.991132653318346 ], [ 15613932.282891925424337, 4681247.934061979874969 ], [ 15627804.921059552580118, 4681247.934061979874969 ], [ 15634741.240143364295363, 4693261.991132653318346 ] ] ] } },
{ "type": "Feature", "properties": { "N03_003": "新潟市", "N03_001": "新潟県" }, "geometry": { "type": "MultiPolygon", "coordinates": [ [ [ [ 15489078.539383292198181, 4537079.249213895760477 ], [ 15482142.220299480482936, 4525065.1921432223171 ], [ 15468269.582131853327155, 4525065.1921432223171 ], [ 15461333.26304804161191, 4537079.249213895760477 ], [ 15447460.624880414456129, 4537079.249213895760477 ], [ 15440524.305796602740884, 4549093.306284569203854 ], [ 15447460.624880414456129, 4561107.363355242647231 ], [ 15461333.26304804161191, 4561107.363355242647231 ], [ 15468269.582131853327155, 4549093.306284569203854 ], [ 15482142.220299480482936, 4549093.306284569203854 ], [ 15489078.539383292198181, 4537079.249213895760477 ] ] ], [ [ [ 15468269.582131853327155, 4549093.306284570135176 ], [ 15461333.26304804161191, 4561107.363355243578553 ], [ 15468269.582131853327155, 4573121.42042591702193 ], [ 15482142.220299480482936, 4573121.42042591702193 ], [ 15489078.539383292198181, 4585135.477496590465307 ], [ 15502951.177550919353962, 4585135.477496590465307 ], [ 15509887.496634731069207, 4573121.42042591702193 ], [ 15502951.177550919353962, 4561107.363355243578553 ], [ 15489078.539383292198181, 4561107.363355243578553 ], [ 15482142.220299480482936, 4549093.306284570135176 ], [ 15468269.582131853327155, 4549093.306284570135176 ] ] ] ] } },
{ "type": "Feature", "properties": { "N03_003": "新発田市", "N03_001": "新潟県" }, "geometry": { "type": "Polygon", "coordinates": [ [ [ 15530696.453886169940233, 4561107.363355243578553 ], [ 15523760.134802358224988, 4573121.42042591702193 ], [ 15509887.496634731069207, 4573121.42042591702193 ], [ 15502951.177550919353962, 4561107.363355243578553 ], [ 15509887.496634731069207, 4549093.306284570135176 ], [ 15523760.134802358224988, 4549093.306284570135176 ], [ 15530696.453886169940233, 4561107.363355243578553 ] ] ] } },
{ "type": "Feature", "properties": { "N03_003": "新見市", "N03_001": "岡山県" }, "geometry": { "type": "Polygon", "coordinates": [ [ [ 14857873.502756314352155, 4140615.365881664212793 ], [ 14844000.864588687196374, 4140615.365881664212793 ], [ 14837064.545504875481129, 4152629.422952338121831 ], [ 14844000.864588687196374, 4164643.480023011565208 ], [ 14837064.545504875481129, 4176657.537093685474247 ], [ 14844000.864588687196374, 4188671.594164359383285 ], [ 14857873.502756314352155, 4188671.594164359383285 ], [ 14864809.8218401260674, 4176657.537093685939908 ], [ 14878682.460007753223181, 4176657.537093685939908 ], [ 14885618.779091564938426, 4164643.48002301203087 ], [ 14878682.460007753223181, 4152629.422952338121831 ], [ 14864809.8218401260674, 4152629.422952338121831 ], [ 14857873.502756314352155, 4140615.365881664212793 ] ] ] } },
{ "type": "Feature", "properties": { "N03_003": "日光市", "N03_001": "栃木県" }, "geometry": { "type": "Polygon", "coordinates": [ [ [ 15509887.496634731069207, 4380896.507295138202608 ], [ 15502951.177550919353962, 4392910.564365811645985 ], [ 15509887.496634731069207, 4404924.621436485089362 ], [ 15502951.177550919353962, 4416938.678507158532739 ], [ 15509887.496634731069207, 4428952.735577831976116 ], [ 15523760.134802358224988, 4428952.735577831976116 ], [ 15530696.453886169940233, 4440966.792648505419493 ], [ 15544569.092053797096014, 4440966.792648505419493 ], [ 15551505.411137608811259, 4428952.735577831976116 ], [ 15544569.092053797096014, 4416938.678507158532739 ], [ 15551505.411137608811259, 4404924.621436485089362 ], [ 15565378.04930523596704, 4404924.621436485089362 ], [ 15572314.368389047682285, 4392910.564365811645985 ], [ 15565378.04930523596704, 4380896.507295138202608 ], [ 15551505.411137608811259, 4380896.507295138202608 ], [ 15544569.092053797096014, 4392910.564365811645985 ], [ 15530696.453886169940233, 4392910.564365811645985 ], [ 15523760.134802358224988, 4380896.507295138202608 ], [ 15509887.496634731069207, 4380896.507295138202608 ] ] ] } },
{ "type": "Feature", "properties": { "N03_003": "日南市", "N03_001": "宮崎県" }, "geometry": { "type": "Polygon", "coordinates": [ [ [ 14628974.972990486770868, 3696095.25426673842594 ], [ 14615102.334822859615088, 3696095.25426673842594 ], [ 14608166.015739047899842, 3708109.311337412334979 ], [ 14615102.334822859615088, 3720123.368408086244017 ], [ 14628974.972990486770868, 3720123.368408086244017 ], [ 14628974.972990486770868, 3720123.368408085778356 ], [ 14635911.292074298486114, 3732137.425478759687394 ], [ 14649783.930241925641894, 3732137.425478759687394 ], [ 14656720.24932573735714, 3720123.368408085778356 ], [ 14649783.930241925641894, 3708109.311337411869317 ], [ 14635911.292074298486114, 3708109.311337411869317 ], [ 14628974.972990486770868, 3696095.25426673842594 ] ] ] } },
{ "type": "Feature", "properties": { "N03_003": "日向市", "N03_001": "宮崎県" }, "geometry": { "type": "Polygon", "coordinates": [ [ [ 14656720.24932573735714, 3816235.824973475188017 ], [ 14649783.930241925641894, 3828249.882044149097055 ], [ 14635911.292074298486114, 3828249.882044149097055 ], [ 14628974.972990486770868, 3816235.824973475188017 ], [ 14635911.292074298486114, 3804221.767902801278979 ], [ 14649783.930241925641894, 3804221.767902801278979 ], [ 14656720.24932573735714, 3816235.824973475188017 ] ] ] } },
{ "type": "Feature", "properties": { "N03_003": "日田市", "N03_001": "大分県" }, "geometry": { "type": "Polygon", "coordinates": [ [ [ 14594293.377571420744061, 3900334.224468191154301 ], [ 14587357.058487609028816, 3888320.167397517245263 ], [ 14573484.420319981873035, 3888320.167397517245263 ], [ 14566548.10123617015779, 3900334.224468191154301 ], [ 14573484.420319981873035, 3912348.281538865063339 ], [ 14566548.10123617015779, 3924362.338609538506716 ], [ 14573484.420319981873035, 3936376.395680212415755 ], [ 14566548.10123617015779, 3948390.452750885859132 ], [ 14573484.420319981873035, 3960404.50982155976817 ], [ 14587357.058487609028816, 3960404.50982155976817 ], [ 14594293.377571420744061, 3948390.452750885859132 ], [ 14587357.058487609028816, 3936376.395680212415755 ], [ 14594293.377571420744061, 3924362.338609538506716 ], [ 14587357.058487609028816, 3912348.281538864597678 ], [ 14594293.377571420744061, 3900334.224468191154301 ] ] ] } },
{ "type": "Feature", "properties": { "N03_003": "日立市", "N03_001": "茨城県" }, "geometry": { "type": "Polygon", "coordinates": [ [ [ 15676359.154646242037416, 4380896.507295138202608 ], [ 15669422.83556243032217, 4392910.564365811645985 ], [ 15655550.197394803166389, 4392910.564365811645985 ], [ 15648613.878310991451144, 4380896.507295138202608 ], [ 15655550.197394803166389, 4368882.450224464759231 ], [ 15669422.83556243032217, 4368882.450224464759231 ], [ 15676359.154646242037416, 4380896.507295138202608 ] ] ] } },
{ "type": "Feature", "properties": { "N03_003": "日置市", "N03_001": "鹿児島県" }, "geometry": { "type": "Polygon", "coordinates": [ [ [ 14531866.505817104130983, 3696095.25426673842594 ], [ 14524930.186733292415738, 3684081.197196064516902 ], [ 14511057.548565665259957, 3684081.197196064516902 ], [ 14504121.229481853544712, 3696095.25426673842594 ], [ 14511057.548565665259957, 3708109.311337411869317 ], [ 14504121.229481853544712, 3720123.368408085778356 ], [ 14511057.548565665259957, 3732137.425478759687394 ], [ 14524930.186733292415738, 3732137.425478759687394 ], [ 14531866.505817104130983, 3720123.368408085778356 ], [ 14524930.186733292415738, 3708109.311337412334979 ], [ 14531866.505817104130983, 3696095.25426673842594 ] ] ] } },
{ "type": "Feature", "properties": { "N03_003": "日野郡", "N03_001": "鳥取県" }, "geometry": { "type": "Polygon", "coordinates": [ [ [ 14844000.864588687196374, 4188671.594164359383285 ], [ 14837064.545504875481129, 4200685.651235032826662 ], [ 14823191.907337248325348, 4200685.651235032826662 ], [ 14816255.588253436610103, 4188671.594164359383285 ], [ 14823191.907337248325348, 4176657.537093685474247 ], [ 14837064.545504875481129, 4176657.537093685474247 ], [ 14844000.864588687196374, 4188671.594164359383285 ] ] ] } },
{ "type": "Feature", "properties": { "N03_003": "日高郡", "N03_001": "北海道" }, "geometry": { "type": "MultiPolygon", "coordinates": [ [ [ [ 15052090.437103075906634, 3996446.681033580098301 ], [ 15045154.118019264191389, 4008460.738104254007339 ], [ 15031281.479851637035608, 4008460.738104254007339 ], [ 15024345.160767825320363, 4020474.795174927916378 ], [ 15031281.479851637035608, 4032488.852245601825416 ], [ 15045154.118019264191389, 4032488.852245601825416 ], [ 15052090.437103075906634, 4020474.795174927916378 ], [ 15065963.075270703062415, 4020474.795174927916378 ], [ 15072899.39435451477766, 4032488.852245601825416 ], [ 15086772.032522141933441, 4032488.852245601825416 ], [ 15093708.351605953648686, 4020474.795174927916378 ], [ 15086772.032522141933441, 4008460.738104254007339 ], [ 15072899.39435451477766, 4008460.738104254007339 ], [ 15065963.075270703062415, 3996446.681033580098301 ], [ 15052090.437103075906634, 3996446.681033580098301 ] ] ], [ [ [ 15856703.450825380161405, 5197852.388100947253406 ], [ 15863639.76990919187665, 5209866.445171620696783 ], [ 15877512.408076819032431, 5209866.445171620696783 ], [ 15884448.727160630747676, 5197852.388100947253406 ], [ 15877512.408076819032431, 5185838.331030273810029 ], [ 15863639.76990919187665, 5185838.331030273810029 ], [ 15856703.450825380161405, 5197852.388100947253406 ] ] ], [ [ [ 15835894.493573941290379, 5209866.445171621628106 ], [ 15842830.812657753005624, 5221880.502242295071483 ], [ 15856703.450825380161405, 5221880.502242295071483 ], [ 15863639.76990919187665, 5233894.55931296851486 ], [ 15877512.408076819032431, 5233894.55931296851486 ], [ 15884448.727160630747676, 5221880.502242295071483 ], [ 15898321.365328257903457, 5221880.502242295071483 ], [ 15905257.684412069618702, 5209866.445171621628106 ], [ 15898321.365328257903457, 5197852.388100948184729 ], [ 15884448.727160630747676, 5197852.388100948184729 ], [ 15877512.408076819032431, 5209866.445171621628106 ], [ 15863639.76990919187665, 5209866.445171621628106 ], [ 15856703.450825380161405, 5197852.388100948184729 ], [ 15842830.812657753005624, 5197852.388100948184729 ], [ 15835894.493573941290379, 5209866.445171621628106 ] ] ], [ [ [ 15877512.408076819032431, 5233894.559312969446182 ], [ 15884448.727160630747676, 5245908.616383642889559 ], [ 15877512.408076819032431, 5257922.673454316332936 ], [ 15884448.727160630747676, 5269936.730524989776313 ], [ 15898321.365328257903457, 5269936.730524989776313 ], [ 15905257.684412069618702, 5257922.673454316332936 ], [ 15898321.365328257903457, 5245908.616383642889559 ], [ 15905257.684412069618702, 5233894.559312969446182 ], [ 15898321.365328257903457, 5221880.502242296002805 ], [ 15884448.727160630747676, 5221880.502242296002805 ], [ 15877512.408076819032431, 5233894.559312969446182 ] ] ] ] } },
{ "type": "Feature", "properties": { "N03_003": "旭川市", "N03_001": "北海道" }, "geometry": { "type": "Polygon", "coordinates": [ [ [ 15863639.76990919187665, 5426119.472443748265505 ], [ 15856703.450825380161405, 5438133.529514421708882 ], [ 15842830.812657753005624, 5438133.529514421708882 ], [ 15835894.493573941290379, 5426119.472443748265505 ], [ 15842830.812657753005624, 5414105.415373074822128 ], [ 15856703.450825380161405, 5414105.415373074822128 ], [ 15863639.76990919187665, 5426119.472443748265505 ] ] ] } },
{ "type": "Feature", "properties": { "N03_003": "旭市", "N03_001": "千葉県" }, "geometry": { "type": "Polygon", "coordinates": [ [ [ 15676359.154646242037416, 4260755.93658840097487 ], [ 15669422.83556243032217, 4272769.993659074418247 ], [ 15655550.197394803166389, 4272769.993659074418247 ], [ 15648613.878310991451144, 4260755.93658840097487 ], [ 15655550.197394803166389, 4248741.879517727531493 ], [ 15669422.83556243032217, 4248741.879517727531493 ], [ 15676359.154646242037416, 4260755.93658840097487 ] ] ] } },
{ "type": "Feature", "properties": { "N03_003": "春日部市", "N03_001": "埼玉県" }, "geometry": { "type": "Polygon", "coordinates": [ [ [ 15572314.368389047682285, 4296798.107800422236323 ], [ 15565378.04930523596704, 4308812.1648710956797 ], [ 15551505.411137608811259, 4308812.1648710956797 ], [ 15544569.092053797096014, 4296798.107800422236323 ], [ 15551505.411137608811259, 4284784.050729748792946 ], [ 15565378.04930523596704, 4284784.050729748792946 ], [ 15572314.368389047682285, 4296798.107800422236323 ] ] ] } },
{ "type": "Feature", "properties": { "N03_003": "曽於市", "N03_001": "鹿児島県" }, "geometry": { "type": "Polygon", "coordinates": [ [ [ 14594293.377571420744061, 3708109.311337412334979 ], [ 14587357.058487609028816, 3720123.368408086244017 ], [ 14573484.420319981873035, 3720123.368408086244017 ], [ 14566548.10123617015779, 3708109.311337412334979 ], [ 14573484.420319981873035, 3696095.25426673842594 ], [ 14587357.058487609028816, 3696095.25426673842594 ], [ 14594293.377571420744061, 3708109.311337412334979 ] ] ] } },
{ "type": "Feature", "properties": { "N03_003": "最上郡", "N03_001": "山形県" }, "geometry": { "type": "Polygon", "coordinates": [ [ [ 15593123.325640486553311, 4645205.762849959544837 ], [ 15586187.006556674838066, 4657219.819920632988214 ], [ 15593123.325640486553311, 4669233.876991306431592 ], [ 15586187.006556674838066, 4681247.934061979874969 ], [ 15593123.325640486553311, 4693261.991132653318346 ], [ 15586187.006556674838066, 4705276.048203326761723 ], [ 15593123.325640486553311, 4717290.1052740002051 ], [ 15606995.963808113709092, 4717290.1052740002051 ], [ 15613932.282891925424337, 4729304.162344673648477 ], [ 15627804.921059552580118, 4729304.162344673648477 ], [ 15634741.240143364295363, 4717290.1052740002051 ], [ 15648613.878310991451144, 4717290.1052740002051 ], [ 15655550.197394803166389, 4705276.048203326761723 ], [ 15648613.878310991451144, 4693261.991132653318346 ], [ 15655550.197394803166389, 4681247.934061979874969 ], [ 15648613.878310991451144, 4669233.876991306431592 ], [ 15634741.240143364295363, 4669233.876991306431592 ], [ 15627804.921059552580118, 4657219.819920632988214 ], [ 15613932.282891925424337, 4657219.819920632988214 ], [ 15606995.963808113709092, 4645205.762849959544837 ], [ 15593123.325640486553311, 4645205.762849959544837 ] ], [ [ 15613932.282891925424337, 4681247.934061979874969 ], [ 15627804.921059552580118, 4681247.934061979874969 ], [ 15634741.240143364295363, 4693261.991132653318346 ], [ 15627804.921059552580118, 4705276.048203326761723 ], [ 15613932.282891925424337, 4705276.048203326761723 ], [ 15606995.963808113709092, 4693261.991132653318346 ], [ 15613932.282891925424337, 4681247.934061979874969 ] ] ] } },
{ "type": "Feature", "properties": { "N03_003": "有珠郡", "N03_001": "北海道" }, "geometry": { "type": "Polygon", "coordinates": [ [ [ 15717977.069149119779468, 5245908.616383642889559 ], [ 15711040.750065308064222, 5257922.673454316332936 ], [ 15697168.111897680908442, 5257922.673454316332936 ], [ 15690231.792813869193196, 5245908.616383642889559 ], [ 15697168.111897680908442, 5233894.559312969446182 ], [ 15711040.750065308064222, 5233894.559312969446182 ], [ 15717977.069149119779468, 5245908.616383642889559 ] ] ] } },
{ "type": "Feature", "properties": { "N03_003": "有田市", "N03_001": "和歌山県" }, "geometry": { "type": "Polygon", "coordinates": [ [ [ 15052090.437103075906634, 4044502.909316275268793 ], [ 15045154.118019264191389, 4056516.966386949177831 ], [ 15031281.479851637035608, 4056516.966386949177831 ], [ 15024345.160767825320363, 4044502.909316275268793 ], [ 15031281.479851637035608, 4032488.852245601359755 ], [ 15045154.118019264191389, 4032488.852245601359755 ], [ 15052090.437103075906634, 4044502.909316275268793 ] ] ] } },
{ "type": "Feature", "properties": { "N03_003": "有田郡", "N03_001": "和歌山県" }, "geometry": { "type": "Polygon", "coordinates": [ [ [ 15065963.075270703062415, 4020474.795174927450716 ], [ 15052090.437103075906634, 4020474.795174927450716 ], [ 15045154.118019264191389, 4032488.852245601359755 ], [ 15052090.437103075906634, 4044502.909316275268793 ], [ 15065963.075270703062415, 4044502.909316275268793 ], [ 15072899.39435451477766, 4056516.966386949177831 ], [ 15086772.032522141933441, 4056516.966386949177831 ], [ 15093708.351605953648686, 4044502.909316275268793 ], [ 15086772.032522141933441, 4032488.852245601359755 ], [ 15072899.39435451477766, 4032488.852245601359755 ], [ 15065963.075270703062415, 4020474.795174927450716 ] ] ] } },
{ "type": "Feature", "properties": { "N03_003": "朝来市", "N03_001": "兵庫県" }, "geometry": { "type": "Polygon", "coordinates": [ [ [ 15003536.203516386449337, 4176657.537093685474247 ], [ 14989663.565348759293556, 4176657.537093685474247 ], [ 14982727.246264947578311, 4188671.594164359383285 ], [ 14989663.565348759293556, 4200685.651235032826662 ], [ 15003536.203516386449337, 4200685.651235032826662 ], [ 15010472.522600198164582, 4212699.708305706270039 ], [ 15024345.160767825320363, 4212699.708305706270039 ], [ 15031281.479851637035608, 4200685.651235032826662 ], [ 15024345.160767825320363, 4188671.594164358917624 ], [ 15010472.522600198164582, 4188671.594164358917624 ], [ 15003536.203516386449337, 4176657.537093685474247 ] ] ] } },
{ "type": "Feature", "properties": { "N03_003": "木更津市", "N03_001": "千葉県" }, "geometry": { "type": "Polygon", "coordinates": [ [ [ 15593123.325640486553311, 4212699.708305706270039 ], [ 15586187.006556674838066, 4224713.765376379713416 ], [ 15572314.368389047682285, 4224713.765376379713416 ], [ 15565378.04930523596704, 4212699.708305706270039 ], [ 15572314.368389047682285, 4200685.651235032826662 ], [ 15586187.006556674838066, 4200685.651235032826662 ], [ 15593123.325640486553311, 4212699.708305706270039 ] ] ] } },
{ "type": "Feature", "properties": { "N03_003": "木曽郡", "N03_001": "長野県" }, "geometry": { "type": "MultiPolygon", "coordinates": [ [ [ [ 15336479.519539408385754, 4248741.879517727531493 ], [ 15322606.881371781229973, 4248741.879517727531493 ], [ 15315670.562287969514728, 4260755.93658840097487 ], [ 15322606.881371781229973, 4272769.993659074418247 ], [ 15336479.519539408385754, 4272769.993659074418247 ], [ 15343415.838623220100999, 4260755.93658840097487 ], [ 15336479.519539408385754, 4248741.879517727531493 ] ] ], [ [ [ 15301797.924120342358947, 4260755.936588401906192 ], [ 15294861.605036530643702, 4272769.993659075349569 ], [ 15301797.924120342358947, 4284784.050729748792946 ], [ 15315670.562287969514728, 4284784.050729748792946 ], [ 15322606.881371781229973, 4296798.107800422236323 ], [ 15336479.519539408385754, 4296798.107800422236323 ], [ 15343415.838623220100999, 4284784.050729748792946 ], [ 15336479.519539408385754, 4272769.993659075349569 ], [ 15322606.881371781229973, 4272769.993659075349569 ], [ 15315670.562287969514728, 4260755.936588401906192 ], [ 15301797.924120342358947, 4260755.936588401906192 ] ] ] ] } },
{ "type": "Feature", "properties": { "N03_003": "本吉郡", "N03_001": "宮城県" }, "geometry": { "type": "Polygon", "coordinates": [ [ [ 15752658.664568185806274, 4657219.819920632988214 ], [ 15738786.026400558650494, 4657219.819920632988214 ], [ 15731849.707316746935248, 4669233.876991306431592 ], [ 15738786.026400558650494, 4681247.934061979874969 ], [ 15752658.664568185806274, 4681247.934061979874969 ], [ 15759594.98365199752152, 4693261.991132653318346 ], [ 15773467.6218196246773, 4693261.991132653318346 ], [ 15780403.940903436392546, 4681247.934061979874969 ], [ 15773467.6218196246773, 4669233.876991306431592 ], [ 15759594.98365199752152, 4669233.876991306431592 ], [ 15752658.664568185806274, 4657219.819920632988214 ] ] ] } },
{ "type": "Feature", "properties": { "N03_003": "本巣市", "N03_001": "岐阜県" }, "geometry": { "type": "Polygon", "coordinates": [ [ [ 15218562.095114586874843, 4260755.93658840097487 ], [ 15211625.776030775159597, 4272769.993659074418247 ], [ 15197753.137863148003817, 4272769.993659074418247 ], [ 15190816.818779336288571, 4260755.93658840097487 ], [ 15197753.137863148003817, 4248741.879517727531493 ], [ 15211625.776030775159597, 4248741.879517727531493 ], [ 15218562.095114586874843, 4260755.93658840097487 ] ] ] } },
{ "type": "Feature", "properties": { "N03_003": "札幌市", "N03_001": "北海道" }, "geometry": { "type": "MultiPolygon", "coordinates": [ [ [ [ 15697168.111897680908442, 5281950.78759566321969 ], [ 15690231.792813869193196, 5293964.844666336663067 ], [ 15697168.111897680908442, 5305978.901737010106444 ], [ 15711040.750065308064222, 5305978.901737010106444 ], [ 15717977.069149119779468, 5293964.844666336663067 ], [ 15711040.750065308064222, 5281950.78759566321969 ], [ 15697168.111897680908442, 5281950.78759566321969 ] ] ], [ [ [ 15717977.069149119779468, 5293964.84466633759439 ], [ 15711040.750065308064222, 5305978.901737011037767 ], [ 15697168.111897680908442, 5305978.901737011037767 ], [ 15690231.792813869193196, 5317992.958807684481144 ], [ 15697168.111897680908442, 5330007.015878357924521 ], [ 15711040.750065308064222, 5330007.015878357924521 ], [ 15717977.069149119779468, 5317992.958807684481144 ], [ 15731849.707316746935248, 5317992.958807684481144 ], [ 15738786.026400558650494, 5330007.015878357924521 ], [ 15752658.664568185806274, 5330007.015878357924521 ], [ 15759594.98365199752152, 5317992.958807684481144 ], [ 15752658.664568185806274, 5305978.901737011037767 ], [ 15738786.026400558650494, 5305978.901737011037767 ], [ 15731849.707316746935248, 5293964.84466633759439 ], [ 15717977.069149119779468, 5293964.84466633759439 ] ] ], [ [ [ 15711040.750065308064222, 5330007.015878358855844 ], [ 15717977.069149119779468, 5342021.072949032299221 ], [ 15731849.707316746935248, 5342021.072949032299221 ], [ 15738786.026400558650494, 5330007.015878358855844 ], [ 15731849.707316746935248, 5317992.958807685412467 ], [ 15717977.069149119779468, 5317992.958807685412467 ], [ 15711040.750065308064222, 5330007.015878358855844 ] ] ] ] } },
{ "type": "Feature", "properties": { "N03_003": "村上市", "N03_001": "新潟県" }, "geometry": { "type": "MultiPolygon", "coordinates": [ [ [ [ 15509887.496634731069207, 4597149.534567263908684 ], [ 15502951.177550919353962, 4609163.591637937352061 ], [ 15509887.496634731069207, 4621177.648708610795438 ], [ 15523760.134802358224988, 4621177.648708610795438 ], [ 15530696.453886169940233, 4633191.705779284238815 ], [ 15544569.092053797096014, 4633191.705779284238815 ], [ 15551505.411137608811259, 4621177.648708610795438 ], [ 15565378.04930523596704, 4621177.648708610795438 ], [ 15572314.368389047682285, 4609163.591637937352061 ], [ 15565378.04930523596704, 4597149.534567263908684 ], [ 15551505.411137608811259, 4597149.534567263908684 ], [ 15544569.092053797096014, 4609163.591637937352061 ], [ 15530696.453886169940233, 4609163.591637937352061 ], [ 15523760.134802358224988, 4597149.534567263908684 ], [ 15509887.496634731069207, 4597149.534567263908684 ] ] ], [ [ [ 15502951.177550919353962, 4633191.705779285170138 ], [ 15509887.496634731069207, 4645205.762849958613515 ], [ 15523760.134802358224988, 4645205.762849958613515 ], [ 15530696.453886169940233, 4657219.819920632056892 ], [ 15544569.092053797096014, 4657219.819920632056892 ], [ 15551505.411137608811259, 4645205.762849958613515 ], [ 15544569.092053797096014, 4633191.705779285170138 ], [ 15530696.453886169940233, 4633191.705779285170138 ], [ 15523760.134802358224988, 4621177.648708611726761 ], [ 15509887.496634731069207, 4621177.648708611726761 ], [ 15502951.177550919353962, 4633191.705779285170138 ] ] ] ] } },
{ "type": "Feature", "properties": { "N03_003": "村山市", "N03_001": "山形県" }, "geometry": { "type": "Polygon", "coordinates": [ [ [ 15634741.240143364295363, 4645205.762849958613515 ], [ 15627804.921059552580118, 4657219.819920632056892 ], [ 15613932.282891925424337, 4657219.819920632056892 ], [ 15606995.963808113709092, 4645205.762849958613515 ], [ 15613932.282891925424337, 4633191.705779285170138 ], [ 15627804.921059552580118, 4633191.705779285170138 ], [ 15634741.240143364295363, 4645205.762849958613515 ] ] ] } },
{ "type": "Feature", "properties": { "N03_003": "東かがわ市", "N03_001": "香川県" }, "geometry": { "type": "Polygon", "coordinates": [ [ [ 14968854.60809732042253, 4068531.023457622621208 ], [ 14961918.289013508707285, 4080545.080528296530247 ], [ 14948045.650845881551504, 4080545.080528296530247 ], [ 14941109.331762069836259, 4068531.023457622621208 ], [ 14948045.650845881551504, 4056516.96638694871217 ], [ 14961918.289013508707285, 4056516.96638694871217 ], [ 14968854.60809732042253, 4068531.023457622621208 ] ] ] } },
{ "type": "Feature", "properties": { "N03_003": "東伯郡", "N03_001": "鳥取県" }, "geometry": { "type": "Polygon", "coordinates": [ [ [ 14927236.693594442680478, 4212699.708305706270039 ], [ 14920300.374510630965233, 4224713.765376379713416 ], [ 14906427.736343003809452, 4224713.765376379713416 ], [ 14899491.417259192094207, 4212699.708305706270039 ], [ 14906427.736343003809452, 4200685.651235032826662 ], [ 14920300.374510630965233, 4200685.651235032826662 ], [ 14927236.693594442680478, 4212699.708305706270039 ] ] ] } },
{ "type": "Feature", "properties": { "N03_003": "東広島市", "N03_001": "広島県" }, "geometry": { "type": "Polygon", "coordinates": [ [ [ 14802382.950085809454322, 4068531.023457622621208 ], [ 14795446.631001997739077, 4056516.96638694871217 ], [ 14781573.992834370583296, 4056516.96638694871217 ], [ 14774637.673750558868051, 4068531.023457622155547 ], [ 14760765.03558293171227, 4068531.023457622155547 ], [ 14753828.716499119997025, 4080545.080528296064585 ], [ 14760765.03558293171227, 4092559.137598969973624 ], [ 14774637.673750558868051, 4092559.137598969973624 ], [ 14781573.992834370583296, 4104573.194669643882662 ], [ 14795446.631001997739077, 4104573.194669643882662 ], [ 14802382.950085809454322, 4092559.137598969973624 ], [ 14795446.631001997739077, 4080545.080528296530247 ], [ 14802382.950085809454322, 4068531.023457622621208 ] ] ] } },
{ "type": "Feature", "properties": { "N03_003": "東彼杵郡", "N03_001": "長崎県" }, "geometry": { "type": "Polygon", "coordinates": [ [ [ 14469439.634062787517905, 3900334.224468191154301 ], [ 14462503.31497897580266, 3912348.281538865063339 ], [ 14448630.676811348646879, 3912348.281538865063339 ], [ 14441694.357727536931634, 3900334.224468191154301 ], [ 14448630.676811348646879, 3888320.167397517245263 ], [ 14462503.31497897580266, 3888320.167397517245263 ], [ 14469439.634062787517905, 3900334.224468191154301 ] ] ] } },
{ "type": "Feature", "properties": { "N03_003": "東松山市", "N03_001": "埼玉県" }, "geometry": { "type": "Polygon", "coordinates": [ [ [ 15530696.453886169940233, 4296798.107800422236323 ], [ 15523760.134802358224988, 4308812.1648710956797 ], [ 15509887.496634731069207, 4308812.1648710956797 ], [ 15502951.177550919353962, 4296798.107800422236323 ], [ 15509887.496634731069207, 4284784.050729748792946 ], [ 15523760.134802358224988, 4284784.050729748792946 ], [ 15530696.453886169940233, 4296798.107800422236323 ] ] ] } },
{ "type": "Feature", "properties": { "N03_003": "東松島市", "N03_001": "宮城県" }, "geometry": { "type": "Polygon", "coordinates": [ [ [ 15738786.026400558650494, 4633191.705779285170138 ], [ 15731849.707316746935248, 4645205.762849958613515 ], [ 15717977.069149119779468, 4645205.762849958613515 ], [ 15711040.750065308064222, 4633191.705779285170138 ], [ 15717977.069149119779468, 4621177.648708611726761 ], [ 15731849.707316746935248, 4621177.648708611726761 ], [ 15738786.026400558650494, 4633191.705779285170138 ] ] ] } },
{ "type": "Feature", "properties": { "N03_003": "東根市", "N03_001": "山形県" }, "geometry": { "type": "Polygon", "coordinates": [ [ [ 15655550.197394803166389, 4633191.705779285170138 ], [ 15648613.878310991451144, 4645205.762849958613515 ], [ 15634741.240143364295363, 4645205.762849958613515 ], [ 15627804.921059552580118, 4633191.705779285170138 ], [ 15634741.240143364295363, 4621177.648708611726761 ], [ 15648613.878310991451144, 4621177.648708611726761 ], [ 15655550.197394803166389, 4633191.705779285170138 ] ] ] } },
{ "type": "Feature", "properties": { "N03_003": "東津軽郡", "N03_001": "青森県" }, "geometry": { "type": "MultiPolygon", "coordinates": [ [ [ [ 15697168.111897680908442, 4993613.417899494990706 ], [ 15690231.792813869193196, 5005627.474970168434083 ], [ 15697168.111897680908442, 5017641.53204084187746 ], [ 15711040.750065308064222, 5017641.53204084187746 ], [ 15717977.069149119779468, 5005627.474970168434083 ], [ 15711040.750065308064222, 4993613.417899494990706 ], [ 15697168.111897680908442, 4993613.417899494990706 ] ] ], [ [ [ 15634741.240143364295363, 5005627.474970169365406 ], [ 15627804.921059552580118, 5017641.532040842808783 ], [ 15634741.240143364295363, 5029655.58911151625216 ], [ 15648613.878310991451144, 5029655.58911151625216 ], [ 15655550.197394803166389, 5041669.646182189695537 ], [ 15669422.83556243032217, 5041669.646182189695537 ], [ 15676359.154646242037416, 5029655.58911151625216 ], [ 15690231.792813869193196, 5029655.58911151625216 ], [ 15697168.111897680908442, 5017641.532040842808783 ], [ 15690231.792813869193196, 5005627.474970169365406 ], [ 15676359.154646242037416, 5005627.474970169365406 ], [ 15669422.83556243032217, 5017641.532040842808783 ], [ 15655550.197394803166389, 5017641.532040842808783 ], [ 15648613.878310991451144, 5005627.474970169365406 ], [ 15634741.240143364295363, 5005627.474970169365406 ] ] ], [ [ [ 15627804.921059552580118, 5041669.64618219062686 ], [ 15634741.240143364295363, 5053683.703252864070237 ], [ 15648613.878310991451144, 5053683.703252864070237 ], [ 15655550.197394803166389, 5041669.64618219062686 ], [ 15648613.878310991451144, 5029655.589111517183483 ], [ 15634741.240143364295363, 5029655.589111517183483 ], [ 15627804.921059552580118, 5041669.64618219062686 ] ] ] ] } },
{ "type": "Feature", "properties": { "N03_003": "東牟婁郡", "N03_001": "和歌山県" }, "geometry": { "type": "Polygon", "coordinates": [ [ [ 15135326.266108831390738, 3948390.452750885859132 ], [ 15128389.947025019675493, 3936376.395680211950094 ], [ 15114517.308857392519712, 3936376.395680211950094 ], [ 15107580.989773580804467, 3948390.452750885393471 ], [ 15093708.351605953648686, 3948390.452750885393471 ], [ 15086772.032522141933441, 3960404.509821559302509 ], [ 15093708.351605953648686, 3972418.566892233211547 ], [ 15107580.989773580804467, 3972418.566892233211547 ], [ 15114517.308857392519712, 3984432.623962907120585 ], [ 15128389.947025019675493, 3984432.623962907120585 ], [ 15135326.266108831390738, 3972418.566892233211547 ], [ 15128389.947025019675493, 3960404.50982155976817 ], [ 15135326.266108831390738, 3948390.452750885859132 ] ] ] } },
{ "type": "Feature", "properties": { "N03_003": "東田川郡", "N03_001": "山形県" }, "geometry": { "type": "Polygon", "coordinates": [ [ [ 15593123.325640486553311, 4693261.991132653318346 ], [ 15586187.006556674838066, 4705276.048203326761723 ], [ 15572314.368389047682285, 4705276.048203326761723 ], [ 15565378.04930523596704, 4693261.991132653318346 ], [ 15572314.368389047682285, 4681247.934061979874969 ], [ 15586187.006556674838066, 4681247.934061979874969 ], [ 15593123.325640486553311, 4693261.991132653318346 ] ] ] } },
{ "type": "Feature", "properties": { "N03_003": "東白川郡", "N03_001": "福島県" }, "geometry": { "type": "MultiPolygon", "coordinates": [ [ [ [ 15648613.878310991451144, 4428952.735577831976116 ], [ 15655550.197394803166389, 4416938.678507158532739 ], [ 15648613.878310991451144, 4404924.621436485089362 ], [ 15634741.240143364295363, 4404924.621436485089362 ], [ 15627804.921059552580118, 4416938.678507158532739 ], [ 15613932.282891925424337, 4416938.678507158532739 ], [ 15606995.963808113709092, 4428952.735577831976116 ], [ 15613932.282891925424337, 4440966.792648505419493 ], [ 15627804.921059552580118, 4440966.792648505419493 ], [ 15634741.240143364295363, 4428952.735577831976116 ], [ 15648613.878310991451144, 4428952.735577831976116 ] ] ], [ [ [ 15634741.240143364295363, 4428952.735577832907438 ], [ 15627804.921059552580118, 4440966.792648506350815 ], [ 15634741.240143364295363, 4452980.849719179794192 ], [ 15648613.878310991451144, 4452980.849719179794192 ], [ 15655550.197394803166389, 4440966.792648506350815 ], [ 15648613.878310991451144, 4428952.735577832907438 ], [ 15634741.240143364295363, 4428952.735577832907438 ] ] ] ] } },
{ "type": "Feature", "properties": { "N03_003": "東筑摩郡", "N03_001": "長野県" }, "geometry": { "type": "Polygon", "coordinates": [ [ [ 15385033.753126097843051, 4356868.393153790384531 ], [ 15378097.434042286127806, 4368882.450224463827908 ], [ 15364224.795874658972025, 4368882.450224463827908 ], [ 15357288.47679084725678, 4356868.393153790384531 ], [ 15364224.795874658972025, 4344854.336083116941154 ], [ 15378097.434042286127806, 4344854.336083116941154 ], [ 15385033.753126097843051, 4356868.393153790384531 ] ] ] } },
{ "type": "Feature", "properties": { "N03_003": "東置賜郡", "N03_001": "山形県" }, "geometry": { "type": "Polygon", "coordinates": [ [ [ 15613932.282891925424337, 4585135.477496590465307 ], [ 15606995.963808113709092, 4597149.534567263908684 ], [ 15593123.325640486553311, 4597149.534567263908684 ], [ 15586187.006556674838066, 4585135.477496590465307 ], [ 15593123.325640486553311, 4573121.42042591702193 ], [ 15606995.963808113709092, 4573121.42042591702193 ], [ 15613932.282891925424337, 4585135.477496590465307 ] ] ] } },
{ "type": "Feature", "properties": { "N03_003": "東臼杵郡", "N03_001": "宮崎県" }, "geometry": { "type": "Polygon", "coordinates": [ [ [ 14608166.015739047899842, 3804221.767902801278979 ], [ 14594293.377571420744061, 3804221.767902801278979 ], [ 14587357.058487609028816, 3816235.824973475188017 ], [ 14594293.377571420744061, 3828249.882044148631394 ], [ 14587357.058487609028816, 3840263.939114822540432 ], [ 14594293.377571420744061, 3852277.996185496449471 ], [ 14608166.015739047899842, 3852277.996185496449471 ], [ 14615102.334822859615088, 3840263.939114823006094 ], [ 14628974.972990486770868, 3840263.939114823006094 ], [ 14635911.292074298486114, 3828249.882044149097055 ], [ 14628974.972990486770868, 3816235.824973475188017 ], [ 14615102.334822859615088, 3816235.824973475188017 ], [ 14608166.015739047899842, 3804221.767902801278979 ] ] ] } },
{ "type": "Feature", "properties": { "N03_003": "東蒲原郡", "N03_001": "新潟県" }, "geometry": { "type": "MultiPolygon", "coordinates": [ [ [ [ 15523760.134802358224988, 4501037.078001874499023 ], [ 15509887.496634731069207, 4501037.078001874499023 ], [ 15502951.177550919353962, 4513051.1350725479424 ], [ 15509887.496634731069207, 4525065.192143221385777 ], [ 15523760.134802358224988, 4525065.192143221385777 ], [ 15530696.453886169940233, 4513051.1350725479424 ], [ 15523760.134802358224988, 4501037.078001874499023 ] ] ], [ [ [ 15509887.496634731069207, 4525065.1921432223171 ], [ 15502951.177550919353962, 4537079.249213895760477 ], [ 15509887.496634731069207, 4549093.306284569203854 ], [ 15523760.134802358224988, 4549093.306284569203854 ], [ 15530696.453886169940233, 4561107.363355242647231 ], [ 15544569.092053797096014, 4561107.363355242647231 ], [ 15551505.411137608811259, 4549093.306284569203854 ], [ 15544569.092053797096014, 4537079.249213895760477 ], [ 15530696.453886169940233, 4537079.249213895760477 ], [ 15523760.134802358224988, 4525065.1921432223171 ], [ 15509887.496634731069207, 4525065.1921432223171 ] ] ] ] } },
{ "type": "Feature", "properties": { "N03_003": "東近江市", "N03_001": "滋賀県" }, "geometry": { "type": "Polygon", "coordinates": [ [ [ 15190816.818779336288571, 4188671.594164359383285 ], [ 15197753.137863148003817, 4176657.537093685474247 ], [ 15190816.818779336288571, 4164643.480023011565208 ], [ 15176944.180611709132791, 4164643.480023011565208 ], [ 15170007.861527897417545, 4176657.537093685474247 ], [ 15156135.223360270261765, 4176657.537093685474247 ], [ 15149198.904276458546519, 4188671.594164359383285 ], [ 15156135.223360270261765, 4200685.651235032826662 ], [ 15170007.861527897417545, 4200685.651235032826662 ], [ 15176944.180611709132791, 4188671.594164359383285 ], [ 15190816.818779336288571, 4188671.594164359383285 ] ] ] } },
{ "type": "Feature", "properties": { "N03_003": "東金市", "N03_001": "千葉県" }, "geometry": { "type": "Polygon", "coordinates": [ [ [ 15634741.240143364295363, 4236727.822447053156793 ], [ 15627804.921059552580118, 4248741.87951772660017 ], [ 15613932.282891925424337, 4248741.87951772660017 ], [ 15606995.963808113709092, 4236727.822447053156793 ], [ 15613932.282891925424337, 4224713.765376379713416 ], [ 15627804.921059552580118, 4224713.765376379713416 ], [ 15634741.240143364295363, 4236727.822447053156793 ] ] ] } },
{ "type": "Feature", "properties": { "N03_003": "杵築市", "N03_001": "大分県" }, "geometry": { "type": "Polygon", "coordinates": [ [ [ 14656720.24932573735714, 3960404.509821559302509 ], [ 14649783.930241925641894, 3972418.566892233211547 ], [ 14635911.292074298486114, 3972418.566892233211547 ], [ 14628974.972990486770868, 3960404.509821559302509 ], [ 14635911.292074298486114, 3948390.452750885393471 ], [ 14649783.930241925641894, 3948390.452750885393471 ], [ 14656720.24932573735714, 3960404.509821559302509 ] ] ] } },
{ "type": "Feature", "properties": { "N03_003": "松前郡", "N03_001": "北海道" }, "geometry": { "type": "MultiPolygon", "coordinates": [ [ [ [ 15627804.921059552580118, 5089725.874464884400368 ], [ 15634741.240143364295363, 5077711.817394210956991 ], [ 15627804.921059552580118, 5065697.760323537513614 ], [ 15613932.282891925424337, 5065697.760323537513614 ], [ 15606995.963808113709092, 5053683.703252864070237 ], [ 15593123.325640486553311, 5053683.703252864070237 ], [ 15586187.006556674838066, 5065697.760323537513614 ], [ 15572314.368389047682285, 5065697.760323537513614 ], [ 15565378.04930523596704, 5077711.817394210956991 ], [ 15572314.368389047682285, 5089725.874464884400368 ], [ 15565378.04930523596704, 5101739.931535557843745 ], [ 15572314.368389047682285, 5113753.988606231287122 ], [ 15586187.006556674838066, 5113753.988606231287122 ], [ 15593123.325640486553311, 5101739.931535557843745 ], [ 15606995.963808113709092, 5101739.931535557843745 ], [ 15613932.282891925424337, 5089725.874464884400368 ], [ 15627804.921059552580118, 5089725.874464884400368 ] ] ], [ [ [ 15509887.496634731069207, 5077711.817394210956991 ], [ 15502951.177550919353962, 5089725.874464884400368 ], [ 15509887.496634731069207, 5101739.931535557843745 ], [ 15523760.134802358224988, 5101739.931535557843745 ], [ 15530696.453886169940233, 5089725.874464884400368 ], [ 15523760.134802358224988, 5077711.817394210956991 ], [ 15509887.496634731069207, 5077711.817394210956991 ] ] ] ] } },
{ "type": "Feature", "properties": { "N03_003": "松山市", "N03_001": "愛媛県" }, "geometry": { "type": "Polygon", "coordinates": [ [ [ 14802382.950085809454322, 3996446.681033580563962 ], [ 14795446.631001997739077, 3984432.623962906654924 ], [ 14781573.992834370583296, 3984432.623962906654924 ], [ 14774637.673750558868051, 3996446.681033580563962 ], [ 14774637.673750558868051, 3996446.681033580098301 ], [ 14760765.03558293171227, 3996446.681033580098301 ], [ 14753828.716499119997025, 4008460.738104254007339 ], [ 14760765.03558293171227, 4020474.795174927450716 ], [ 14753828.716499119997025, 4032488.852245601359755 ], [ 14760765.03558293171227, 4044502.909316275268793 ], [ 14774637.673750558868051, 4044502.909316275268793 ], [ 14781573.992834370583296, 4032488.852245601825416 ], [ 14795446.631001997739077, 4032488.852245601825416 ], [ 14802382.950085809454322, 4020474.795174927916378 ], [ 14795446.631001997739077, 4008460.738104254007339 ], [ 14802382.950085809454322, 3996446.681033580563962 ] ] ] } },
{ "type": "Feature", "properties": { "N03_003": "松本市", "N03_001": "長野県" }, "geometry": { "type": "Polygon", "coordinates": [ [ [ 15322606.881371781229973, 4296798.107800422236323 ], [ 15315670.562287969514728, 4308812.1648710956797 ], [ 15322606.881371781229973, 4320826.221941769123077 ], [ 15315670.562287969514728, 4332840.279012442566454 ], [ 15322606.881371781229973, 4344854.336083116009831 ], [ 15336479.519539408385754, 4344854.336083116009831 ], [ 15343415.838623220100999, 4332840.279012442566454 ], [ 15357288.47679084725678, 4332840.279012442566454 ], [ 15364224.795874658972025, 4344854.336083116009831 ], [ 15378097.434042286127806, 4344854.336083116009831 ], [ 15385033.753126097843051, 4332840.279012442566454 ], [ 15378097.434042286127806, 4320826.221941769123077 ], [ 15364224.795874658972025, 4320826.221941769123077 ], [ 15357288.47679084725678, 4308812.1648710956797 ], [ 15343415.838623220100999, 4308812.1648710956797 ], [ 15336479.519539408385754, 4296798.107800422236323 ], [ 15322606.881371781229973, 4296798.107800422236323 ] ] ] } },
{ "type": "Feature", "properties": { "N03_003": "松江市", "N03_001": "島根県" }, "geometry": { "type": "MultiPolygon", "coordinates": [ [ [ [ 14816255.588253436610103, 4212699.708305706270039 ], [ 14802382.950085809454322, 4212699.708305706270039 ], [ 14795446.631001997739077, 4224713.765376379713416 ], [ 14802382.950085809454322, 4236727.822447053156793 ], [ 14816255.588253436610103, 4236727.822447053156793 ], [ 14823191.907337248325348, 4248741.87951772660017 ], [ 14837064.545504875481129, 4248741.87951772660017 ], [ 14844000.864588687196374, 4236727.822447053156793 ], [ 14837064.545504875481129, 4224713.765376379713416 ], [ 14823191.907337248325348, 4224713.765376379713416 ], [ 14816255.588253436610103, 4212699.708305706270039 ] ] ], [ [ [ 14802382.950085809454322, 4236727.822447054088116 ], [ 14795446.631001997739077, 4248741.879517727531493 ], [ 14802382.950085809454322, 4260755.93658840097487 ], [ 14816255.588253436610103, 4260755.93658840097487 ], [ 14823191.907337248325348, 4248741.879517727531493 ], [ 14816255.588253436610103, 4236727.822447054088116 ], [ 14802382.950085809454322, 4236727.822447054088116 ] ] ] ] } },
{ "type": "Feature", "properties": { "N03_003": "松浦市", "N03_001": "長崎県" }, "geometry": { "type": "Polygon", "coordinates": [ [ [ 14448630.676811348646879, 3960404.509821559302509 ], [ 14441694.357727536931634, 3972418.566892233211547 ], [ 14427821.719559909775853, 3972418.566892233211547 ], [ 14420885.400476098060608, 3960404.509821559302509 ], [ 14427821.719559909775853, 3948390.452750885393471 ], [ 14441694.357727536931634, 3948390.452750885393471 ], [ 14448630.676811348646879, 3960404.509821559302509 ] ] ] } },
{ "type": "Feature", "properties": { "N03_003": "松阪市", "N03_001": "三重県" }, "geometry": { "type": "Polygon", "coordinates": [ [ [ 15190816.818779336288571, 4092559.137598969507962 ], [ 15176944.180611709132791, 4092559.137598969507962 ], [ 15170007.861527897417545, 4104573.194669643417001 ], [ 15176944.180611709132791, 4116587.251740317326039 ], [ 15190816.818779336288571, 4116587.251740317326039 ], [ 15197753.137863148003817, 4128601.308810991235077 ], [ 15211625.776030775159597, 4128601.308810991235077 ], [ 15218562.095114586874843, 4116587.251740317326039 ], [ 15211625.776030775159597, 4104573.194669643417001 ], [ 15197753.137863148003817, 4104573.194669643417001 ], [ 15190816.818779336288571, 4092559.137598969507962 ] ] ] } },
{ "type": "Feature", "properties": { "N03_003": "枝幸郡", "N03_001": "北海道" }, "geometry": { "type": "MultiPolygon", "coordinates": [ [ [ [ 15898321.365328257903457, 5558274.100221158005297 ], [ 15884448.727160630747676, 5558274.100221158005297 ], [ 15877512.408076819032431, 5570288.157291831448674 ], [ 15863639.76990919187665, 5570288.157291831448674 ], [ 15856703.450825380161405, 5582302.214362504892051 ], [ 15863639.76990919187665, 5594316.271433178335428 ], [ 15877512.408076819032431, 5594316.271433178335428 ], [ 15884448.727160630747676, 5582302.214362504892051 ], [ 15898321.365328257903457, 5582302.214362504892051 ], [ 15905257.684412069618702, 5570288.157291831448674 ], [ 15898321.365328257903457, 5558274.100221158005297 ] ] ], [ [ [ 15856703.450825380161405, 5582302.214362505823374 ], [ 15842830.812657753005624, 5582302.214362505823374 ], [ 15835894.493573941290379, 5594316.271433179266751 ], [ 15822021.855406314134598, 5594316.271433179266751 ], [ 15815085.536322502419353, 5606330.328503852710128 ], [ 15822021.855406314134598, 5618344.385574526153505 ], [ 15835894.493573941290379, 5618344.385574526153505 ], [ 15842830.812657753005624, 5606330.328503852710128 ], [ 15856703.450825380161405, 5606330.328503852710128 ], [ 15863639.76990919187665, 5618344.385574526153505 ], [ 15877512.408076819032431, 5618344.385574526153505 ], [ 15884448.727160630747676, 5606330.328503852710128 ], [ 15898321.365328257903457, 5606330.328503852710128 ], [ 15905257.684412069618702, 5594316.271433179266751 ], [ 15898321.365328257903457, 5582302.214362505823374 ], [ 15884448.727160630747676, 5582302.214362505823374 ], [ 15877512.408076819032431, 5594316.271433179266751 ], [ 15863639.76990919187665, 5594316.271433179266751 ], [ 15856703.450825380161405, 5582302.214362505823374 ] ] ], [ [ [ 15835894.493573941290379, 5618344.385574527084827 ], [ 15822021.855406314134598, 5618344.385574527084827 ], [ 15815085.536322502419353, 5630358.442645200528204 ], [ 15822021.855406314134598, 5642372.499715873971581 ], [ 15835894.493573941290379, 5642372.499715873971581 ], [ 15842830.812657753005624, 5654386.556786547414958 ], [ 15856703.450825380161405, 5654386.556786547414958 ], [ 15863639.76990919187665, 5642372.499715873971581 ], [ 15877512.408076819032431, 5642372.499715873971581 ], [ 15884448.727160630747676, 5630358.442645200528204 ], [ 15877512.408076819032431, 5618344.385574527084827 ], [ 15863639.76990919187665, 5618344.385574527084827 ], [ 15856703.450825380161405, 5606330.32850385364145 ], [ 15842830.812657753005624, 5606330.32850385364145 ], [ 15835894.493573941290379, 5618344.385574527084827 ] ] ] ] } },
{ "type": "Feature", "properties": { "N03_003": "柏崎市", "N03_001": "新潟県" }, "geometry": { "type": "Polygon", "coordinates": [ [ [ 15447460.624880414456129, 4489023.020931201055646 ], [ 15440524.305796602740884, 4477008.963860527612269 ], [ 15426651.667628975585103, 4477008.963860527612269 ], [ 15419715.348545163869858, 4489023.020931201055646 ], [ 15426651.667628975585103, 4501037.078001874499023 ], [ 15419715.348545163869858, 4513051.1350725479424 ], [ 15426651.667628975585103, 4525065.192143221385777 ], [ 15440524.305796602740884, 4525065.192143221385777 ], [ 15447460.624880414456129, 4513051.1350725479424 ], [ 15440524.305796602740884, 4501037.078001874499023 ], [ 15447460.624880414456129, 4489023.020931201055646 ] ] ] } },
{ "type": "Feature", "properties": { "N03_003": "柏市", "N03_001": "千葉県" }, "geometry": { "type": "Polygon", "coordinates": [ [ [ 15593123.325640486553311, 4284784.050729748792946 ], [ 15586187.006556674838066, 4296798.107800422236323 ], [ 15572314.368389047682285, 4296798.107800422236323 ], [ 15565378.04930523596704, 4284784.050729748792946 ], [ 15572314.368389047682285, 4272769.993659075349569 ], [ 15586187.006556674838066, 4272769.993659075349569 ], [ 15593123.325640486553311, 4284784.050729748792946 ] ] ] } },
{ "type": "Feature", "properties": { "N03_003": "柳井市", "N03_001": "山口県" }, "geometry": { "type": "Polygon", "coordinates": [ [ [ 14719147.121080053970218, 4020474.795174927916378 ], [ 14712210.801996242254972, 4032488.852245601825416 ], [ 14698338.163828615099192, 4032488.852245601825416 ], [ 14691401.844744803383946, 4020474.795174927916378 ], [ 14698338.163828615099192, 4008460.738104254007339 ], [ 14712210.801996242254972, 4008460.738104254007339 ], [ 14719147.121080053970218, 4020474.795174927916378 ] ] ] } },
{ "type": "Feature", "properties": { "N03_003": "柳川市", "N03_001": "福岡県" }, "geometry": { "type": "Polygon", "coordinates": [ [ [ 14531866.505817104130983, 3912348.281538864597678 ], [ 14524930.186733292415738, 3924362.338609538506716 ], [ 14511057.548565665259957, 3924362.338609538506716 ], [ 14504121.229481853544712, 3912348.281538864597678 ], [ 14511057.548565665259957, 3900334.22446819068864 ], [ 14524930.186733292415738, 3900334.22446819068864 ], [ 14531866.505817104130983, 3912348.281538864597678 ] ] ] } },
{ "type": "Feature", "properties": { "N03_003": "柴田郡", "N03_001": "宮城県" }, "geometry": { "type": "Polygon", "coordinates": [ [ [ 15669422.83556243032217, 4609163.591637937352061 ], [ 15676359.154646242037416, 4597149.534567263908684 ], [ 15669422.83556243032217, 4585135.477496590465307 ], [ 15655550.197394803166389, 4585135.477496590465307 ], [ 15648613.878310991451144, 4597149.534567263908684 ], [ 15634741.240143364295363, 4597149.534567263908684 ], [ 15627804.921059552580118, 4609163.591637937352061 ], [ 15634741.240143364295363, 4621177.648708610795438 ], [ 15648613.878310991451144, 4621177.648708610795438 ], [ 15655550.197394803166389, 4609163.591637937352061 ], [ 15669422.83556243032217, 4609163.591637937352061 ] ] ] } },
{ "type": "Feature", "properties": { "N03_003": "栗原市", "N03_001": "宮城県" }, "geometry": { "type": "Polygon", "coordinates": [ [ [ 15711040.750065308064222, 4705276.048203326761723 ], [ 15717977.069149119779468, 4693261.991132653318346 ], [ 15711040.750065308064222, 4681247.934061979874969 ], [ 15697168.111897680908442, 4681247.934061979874969 ], [ 15690231.792813869193196, 4693261.991132653318346 ], [ 15676359.154646242037416, 4693261.991132653318346 ], [ 15669422.83556243032217, 4705276.048203326761723 ], [ 15676359.154646242037416, 4717290.1052740002051 ], [ 15690231.792813869193196, 4717290.1052740002051 ], [ 15697168.111897680908442, 4705276.048203326761723 ], [ 15711040.750065308064222, 4705276.048203326761723 ] ] ] } },
{ "type": "Feature", "properties": { "N03_003": "根室市", "N03_001": "北海道" }, "geometry": { "type": "MultiPolygon", "coordinates": [ [ [ [ 16168837.809596963226795, 5330007.015878358855844 ], [ 16175774.12868077494204, 5342021.072949032299221 ], [ 16168837.809596963226795, 5354035.130019705742598 ], [ 16175774.12868077494204, 5366049.187090379185975 ], [ 16189646.766848402097821, 5366049.187090379185975 ], [ 16196583.085932213813066, 5378063.244161052629352 ], [ 16210455.724099840968847, 5378063.244161052629352 ], [ 16217392.043183652684093, 5390077.301231726072729 ], [ 16231264.681351279839873, 5390077.301231726072729 ], [ 16238201.000435091555119, 5402091.358302399516106 ], [ 16252073.638602718710899, 5402091.358302399516106 ], [ 16259009.957686530426145, 5390077.301231726072729 ], [ 16272882.595854157581925, 5390077.301231726072729 ], [ 16279818.914937969297171, 5378063.244161052629352 ], [ 16272882.595854157581925, 5366049.187090379185975 ], [ 16259009.957686530426145, 5366049.187090379185975 ], [ 16252073.638602718710899, 5354035.130019705742598 ], [ 16238201.000435091555119, 5354035.130019705742598 ], [ 16231264.681351279839873, 5342021.072949032299221 ], [ 16217392.043183652684093, 5342021.072949032299221 ], [ 16210455.724099840968847, 5330007.015878358855844 ], [ 16196583.085932213813066, 5330007.015878358855844 ], [ 16189646.766848402097821, 5317992.958807685412467 ], [ 16175774.12868077494204, 5317992.958807685412467 ], [ 16168837.809596963226795, 5330007.015878358855844 ] ] ], [ [ [ 16259009.957686530426145, 5414105.415373073890805 ], [ 16272882.595854157581925, 5414105.415373073890805 ], [ 16279818.914937969297171, 5426119.472443747334182 ], [ 16293691.553105596452951, 5426119.472443747334182 ], [ 16300627.872189408168197, 5414105.415373073890805 ], [ 16293691.553105596452951, 5402091.358302400447428 ], [ 16279818.914937969297171, 5402091.358302400447428 ], [ 16272882.595854157581925, 5390077.301231727004051 ], [ 16259009.957686530426145, 5390077.301231727004051 ], [ 16252073.638602718710899, 5402091.358302400447428 ], [ 16259009.957686530426145, 5414105.415373073890805 ] ] ] ] } },
{ "type": "Feature", "properties": { "N03_003": "桐生市", "N03_001": "群馬県" }, "geometry": { "type": "Polygon", "coordinates": [ [ [ 15530696.453886169940233, 4368882.450224464759231 ], [ 15523760.134802358224988, 4380896.507295138202608 ], [ 15509887.496634731069207, 4380896.507295138202608 ], [ 15502951.177550919353962, 4368882.450224464759231 ], [ 15509887.496634731069207, 4356868.393153791315854 ], [ 15523760.134802358224988, 4356868.393153791315854 ], [ 15530696.453886169940233, 4368882.450224464759231 ] ] ] } },
{ "type": "Feature", "properties": { "N03_003": "桜井市", "N03_001": "奈良県" }, "geometry": { "type": "Polygon", "coordinates": [ [ [ 15135326.266108831390738, 4092559.137598969973624 ], [ 15128389.947025019675493, 4104573.194669643882662 ], [ 15114517.308857392519712, 4104573.194669643882662 ], [ 15107580.989773580804467, 4092559.137598969973624 ], [ 15114517.308857392519712, 4080545.080528296064585 ], [ 15128389.947025019675493, 4080545.080528296064585 ], [ 15135326.266108831390738, 4092559.137598969973624 ] ] ] } },
{ "type": "Feature", "properties": { "N03_003": "桜川市", "N03_001": "茨城県" }, "geometry": { "type": "Polygon", "coordinates": [ [ [ 15613932.282891925424337, 4344854.336083116941154 ], [ 15606995.963808113709092, 4356868.393153790384531 ], [ 15593123.325640486553311, 4356868.393153790384531 ], [ 15586187.006556674838066, 4344854.336083116941154 ], [ 15593123.325640486553311, 4332840.279012443497777 ], [ 15606995.963808113709092, 4332840.279012443497777 ], [ 15613932.282891925424337, 4344854.336083116941154 ] ] ] } },
{ "type": "Feature", "properties": { "N03_003": "榛原郡", "N03_001": "静岡県" }, "geometry": { "type": "Polygon", "coordinates": [ [ [ 15385033.753126097843051, 4188671.594164359383285 ], [ 15378097.434042286127806, 4200685.651235032826662 ], [ 15364224.795874658972025, 4200685.651235032826662 ], [ 15357288.47679084725678, 4188671.594164359383285 ], [ 15364224.795874658972025, 4176657.537093685474247 ], [ 15378097.434042286127806, 4176657.537093685474247 ], [ 15385033.753126097843051, 4188671.594164359383285 ] ] ] } },
{ "type": "Feature", "properties": { "N03_003": "様似郡", "N03_001": "北海道" }, "geometry": { "type": "Polygon", "coordinates": [ [ [ 15919130.322579696774483, 5161810.216888926923275 ], [ 15905257.684412069618702, 5161810.216888926923275 ], [ 15898321.365328257903457, 5173824.273959600366652 ], [ 15905257.684412069618702, 5185838.331030273810029 ], [ 15919130.322579696774483, 5185838.331030273810029 ], [ 15926066.641663508489728, 5197852.388100947253406 ], [ 15939939.279831135645509, 5197852.388100947253406 ], [ 15946875.598914947360754, 5185838.331030273810029 ], [ 15939939.279831135645509, 5173824.273959600366652 ], [ 15926066.641663508489728, 5173824.273959600366652 ], [ 15919130.322579696774483, 5161810.216888926923275 ] ] ] } },
{ "type": "Feature", "properties": { "N03_003": "標津郡", "N03_001": "北海道" }, "geometry": { "type": "MultiPolygon", "coordinates": [ [ [ [ 16113347.256926458328962, 5378063.244161052629352 ], [ 16106410.937842646613717, 5390077.301231726072729 ], [ 16113347.256926458328962, 5402091.358302399516106 ], [ 16127219.895094085484743, 5402091.358302399516106 ], [ 16134156.214177897199988, 5390077.301231726072729 ], [ 16127219.895094085484743, 5378063.244161052629352 ], [ 16113347.256926458328962, 5378063.244161052629352 ] ] ], [ [ [ 16085601.980591207742691, 5402091.358302400447428 ], [ 16092538.299675019457936, 5414105.415373073890805 ], [ 16106410.937842646613717, 5414105.415373073890805 ], [ 16113347.256926458328962, 5426119.472443747334182 ], [ 16127219.895094085484743, 5426119.472443747334182 ], [ 16134156.214177897199988, 5414105.415373073890805 ], [ 16148028.852345524355769, 5414105.415373073890805 ], [ 16154965.171429336071014, 5426119.472443747334182 ], [ 16168837.809596963226795, 5426119.472443747334182 ], [ 16175774.12868077494204, 5414105.415373073890805 ], [ 16168837.809596963226795, 5402091.358302400447428 ], [ 16154965.171429336071014, 5402091.358302400447428 ], [ 16148028.852345524355769, 5390077.301231727004051 ], [ 16134156.214177897199988, 5390077.301231727004051 ], [ 16127219.895094085484743, 5402091.358302400447428 ], [ 16113347.256926458328962, 5402091.358302400447428 ], [ 16106410.937842646613717, 5390077.301231727004051 ], [ 16092538.299675019457936, 5390077.301231727004051 ], [ 16085601.980591207742691, 5402091.358302400447428 ] ] ], [ [ [ 16127219.895094085484743, 5426119.472443748265505 ], [ 16134156.214177897199988, 5438133.529514421708882 ], [ 16148028.852345524355769, 5438133.529514421708882 ], [ 16154965.171429336071014, 5450147.586585095152259 ], [ 16168837.809596963226795, 5450147.586585095152259 ], [ 16175774.12868077494204, 5438133.529514421708882 ], [ 16168837.809596963226795, 5426119.472443748265505 ], [ 16154965.171429336071014, 5426119.472443748265505 ], [ 16148028.852345524355769, 5414105.415373074822128 ], [ 16134156.214177897199988, 5414105.415373074822128 ], [ 16127219.895094085484743, 5426119.472443748265505 ] ] ] ] } },
{ "type": "Feature", "properties": { "N03_003": "横手市", "N03_001": "秋田県" }, "geometry": { "type": "Polygon", "coordinates": [ [ [ 15648613.878310991451144, 4741318.219415348954499 ], [ 15634741.240143364295363, 4741318.219415348954499 ], [ 15627804.921059552580118, 4753332.276486022397876 ], [ 15634741.240143364295363, 4765346.333556695841253 ], [ 15627804.921059552580118, 4777360.39062736928463 ], [ 15634741.240143364295363, 4789374.447698042728007 ], [ 15648613.878310991451144, 4789374.447698042728007 ], [ 15655550.197394803166389, 4777360.39062736928463 ], [ 15669422.83556243032217, 4777360.39062736928463 ], [ 15676359.154646242037416, 4765346.333556695841253 ], [ 15669422.83556243032217, 4753332.276486022397876 ], [ 15655550.197394803166389, 4753332.276486022397876 ], [ 15648613.878310991451144, 4741318.219415348954499 ] ] ] } },
{ "type": "Feature", "properties": { "N03_003": "横浜市", "N03_001": "神奈川県" }, "geometry": { "type": "Polygon", "coordinates": [ [ [ 15551505.411137608811259, 4212699.708305706270039 ], [ 15544569.092053797096014, 4200685.651235032826662 ], [ 15530696.453886169940233, 4200685.651235032826662 ], [ 15523760.134802358224988, 4212699.708305706270039 ], [ 15530696.453886169940233, 4224713.765376379713416 ], [ 15523760.134802358224988, 4236727.822447053156793 ], [ 15530696.453886169940233, 4248741.87951772660017 ], [ 15544569.092053797096014, 4248741.87951772660017 ], [ 15551505.411137608811259, 4236727.822447053156793 ], [ 15544569.092053797096014, 4224713.765376379713416 ], [ 15551505.411137608811259, 4212699.708305706270039 ] ] ] } },
{ "type": "Feature", "properties": { "N03_003": "横須賀市", "N03_001": "神奈川県" }, "geometry": { "type": "Polygon", "coordinates": [ [ [ 15544569.092053797096014, 4176657.537093685474247 ], [ 15530696.453886169940233, 4176657.537093685474247 ], [ 15523760.134802358224988, 4188671.594164359383285 ], [ 15530696.453886169940233, 4200685.651235032826662 ], [ 15544569.092053797096014, 4200685.651235032826662 ], [ 15551505.411137608811259, 4212699.708305706270039 ], [ 15565378.04930523596704, 4212699.708305706270039 ], [ 15572314.368389047682285, 4200685.651235032826662 ], [ 15565378.04930523596704, 4188671.594164358917624 ], [ 15551505.411137608811259, 4188671.594164358917624 ], [ 15544569.092053797096014, 4176657.537093685474247 ] ] ] } },
{ "type": "Feature", "properties": { "N03_003": "樺戸郡", "N03_001": "北海道" }, "geometry": { "type": "MultiPolygon", "coordinates": [ [ [ [ 15794276.579071063548326, 5378063.244161052629352 ], [ 15780403.940903436392546, 5378063.244161052629352 ], [ 15773467.6218196246773, 5390077.301231726072729 ], [ 15780403.940903436392546, 5402091.358302399516106 ], [ 15794276.579071063548326, 5402091.358302399516106 ], [ 15801212.898154875263572, 5390077.301231726072729 ], [ 15794276.579071063548326, 5378063.244161052629352 ] ] ], [ [ [ 15773467.6218196246773, 5390077.301231727004051 ], [ 15759594.98365199752152, 5390077.301231727004051 ], [ 15752658.664568185806274, 5402091.358302400447428 ], [ 15759594.98365199752152, 5414105.415373073890805 ], [ 15773467.6218196246773, 5414105.415373073890805 ], [ 15780403.940903436392546, 5402091.358302400447428 ], [ 15773467.6218196246773, 5390077.301231727004051 ] ] ] ] } },
{ "type": "Feature", "properties": { "N03_003": "檜山郡", "N03_001": "北海道" }, "geometry": { "type": "MultiPolygon", "coordinates": [ [ [ [ 15593123.325640486553311, 5101739.931535558775067 ], [ 15586187.006556674838066, 5113753.988606232218444 ], [ 15593123.325640486553311, 5125768.045676905661821 ], [ 15606995.963808113709092, 5125768.045676905661821 ], [ 15613932.282891925424337, 5137782.102747579105198 ], [ 15627804.921059552580118, 5137782.102747579105198 ], [ 15634741.240143364295363, 5125768.045676905661821 ], [ 15627804.921059552580118, 5113753.988606232218444 ], [ 15613932.282891925424337, 5113753.988606232218444 ], [ 15606995.963808113709092, 5101739.931535558775067 ], [ 15593123.325640486553311, 5101739.931535558775067 ] ] ], [ [ [ 15593123.325640486553311, 5125768.045676906593144 ], [ 15586187.006556674838066, 5137782.102747580036521 ], [ 15593123.325640486553311, 5149796.159818253479898 ], [ 15606995.963808113709092, 5149796.159818253479898 ], [ 15613932.282891925424337, 5161810.216888926923275 ], [ 15627804.921059552580118, 5161810.216888926923275 ], [ 15634741.240143364295363, 5149796.159818253479898 ], [ 15627804.921059552580118, 5137782.102747580036521 ], [ 15613932.282891925424337, 5137782.102747580036521 ], [ 15606995.963808113709092, 5125768.045676906593144 ], [ 15593123.325640486553311, 5125768.045676906593144 ] ] ] ] } },
{ "type": "Feature", "properties": { "N03_003": "比企郡", "N03_001": "埼玉県" }, "geometry": { "type": "Polygon", "coordinates": [ [ [ 15509887.496634731069207, 4308812.1648710956797 ], [ 15502951.177550919353962, 4320826.221941769123077 ], [ 15489078.539383292198181, 4320826.221941769123077 ], [ 15482142.220299480482936, 4308812.1648710956797 ], [ 15489078.539383292198181, 4296798.107800422236323 ], [ 15502951.177550919353962, 4296798.107800422236323 ], [ 15509887.496634731069207, 4308812.1648710956797 ] ] ] } },
{ "type": "Feature", "properties": { "N03_003": "気仙沼市", "N03_001": "宮城県" }, "geometry": { "type": "Polygon", "coordinates": [ [ [ 15752658.664568185806274, 4681247.934061979874969 ], [ 15738786.026400558650494, 4681247.934061979874969 ], [ 15731849.707316746935248, 4693261.991132653318346 ], [ 15738786.026400558650494, 4705276.048203326761723 ], [ 15752658.664568185806274, 4705276.048203326761723 ], [ 15759594.98365199752152, 4717290.1052740002051 ], [ 15773467.6218196246773, 4717290.1052740002051 ], [ 15780403.940903436392546, 4705276.048203326761723 ], [ 15773467.6218196246773, 4693261.991132653318346 ], [ 15759594.98365199752152, 4693261.991132653318346 ], [ 15752658.664568185806274, 4681247.934061979874969 ] ] ] } },
{ "type": "Feature", "properties": { "N03_003": "気仙郡", "N03_001": "岩手県" }, "geometry": { "type": "MultiPolygon", "coordinates": [ [ [ [ 15752658.664568185806274, 4729304.162344674579799 ], [ 15738786.026400558650494, 4729304.162344674579799 ], [ 15731849.707316746935248, 4741318.219415348023176 ], [ 15738786.026400558650494, 4753332.276486021466553 ], [ 15752658.664568185806274, 4753332.276486021466553 ], [ 15759594.98365199752152, 4741318.219415348023176 ], [ 15752658.664568185806274, 4729304.162344674579799 ] ] ], [ [ [ 15773467.6218196246773, 4741318.219415348954499 ], [ 15759594.98365199752152, 4741318.219415348954499 ], [ 15752658.664568185806274, 4753332.276486022397876 ], [ 15759594.98365199752152, 4765346.333556695841253 ], [ 15773467.6218196246773, 4765346.333556695841253 ], [ 15780403.940903436392546, 4753332.276486022397876 ], [ 15773467.6218196246773, 4741318.219415348954499 ] ] ] ] } },
{ "type": "Feature", "properties": { "N03_003": "水俣市", "N03_001": "熊本県" }, "geometry": { "type": "Polygon", "coordinates": [ [ [ 14531866.505817104130983, 3792207.710832127835602 ], [ 14524930.186733292415738, 3804221.76790280174464 ], [ 14511057.548565665259957, 3804221.76790280174464 ], [ 14504121.229481853544712, 3792207.710832127835602 ], [ 14511057.548565665259957, 3780193.653761453926563 ], [ 14524930.186733292415738, 3780193.653761453926563 ], [ 14531866.505817104130983, 3792207.710832127835602 ] ] ] } },
{ "type": "Feature", "properties": { "N03_003": "水戸市", "N03_001": "茨城県" }, "geometry": { "type": "Polygon", "coordinates": [ [ [ 15655550.197394803166389, 4344854.336083116941154 ], [ 15648613.878310991451144, 4356868.393153790384531 ], [ 15634741.240143364295363, 4356868.393153790384531 ], [ 15627804.921059552580118, 4344854.336083116941154 ], [ 15634741.240143364295363, 4332840.279012443497777 ], [ 15648613.878310991451144, 4332840.279012443497777 ], [ 15655550.197394803166389, 4344854.336083116941154 ] ] ] } },
{ "type": "Feature", "properties": { "N03_003": "氷見市", "N03_001": "富山県" }, "geometry": { "type": "Polygon", "coordinates": [ [ [ 15260180.009617464616895, 4428952.735577831976116 ], [ 15253243.690533652901649, 4440966.792648505419493 ], [ 15239371.052366025745869, 4440966.792648505419493 ], [ 15232434.733282214030623, 4428952.735577831976116 ], [ 15239371.052366025745869, 4416938.678507158532739 ], [ 15253243.690533652901649, 4416938.678507158532739 ], [ 15260180.009617464616895, 4428952.735577831976116 ] ] ] } },
{ "type": "Feature", "properties": { "N03_003": "江別市", "N03_001": "北海道" }, "geometry": { "type": "Polygon", "coordinates": [ [ [ 15780403.940903436392546, 5330007.015878358855844 ], [ 15773467.6218196246773, 5342021.072949032299221 ], [ 15759594.98365199752152, 5342021.072949032299221 ], [ 15752658.664568185806274, 5330007.015878358855844 ], [ 15759594.98365199752152, 5317992.958807685412467 ], [ 15773467.6218196246773, 5317992.958807685412467 ], [ 15780403.940903436392546, 5330007.015878358855844 ] ] ] } },
{ "type": "Feature", "properties": { "N03_003": "江津市", "N03_001": "島根県" }, "geometry": { "type": "Polygon", "coordinates": [ [ [ 14739956.078331492841244, 4152629.422952338121831 ], [ 14733019.759247681125998, 4140615.365881664212793 ], [ 14719147.121080053970218, 4140615.365881664212793 ], [ 14712210.801996242254972, 4152629.422952338121831 ], [ 14719147.121080053970218, 4164643.48002301203087 ], [ 14712210.801996242254972, 4176657.537093685474247 ], [ 14719147.121080053970218, 4188671.594164359383285 ], [ 14733019.759247681125998, 4188671.594164359383285 ], [ 14739956.078331492841244, 4176657.537093685474247 ], [ 14733019.759247681125998, 4164643.480023011565208 ], [ 14739956.078331492841244, 4152629.422952338121831 ] ] ] } },
{ "type": "Feature", "properties": { "N03_003": "江田島市", "N03_001": "広島県" }, "geometry": { "type": "Polygon", "coordinates": [ [ [ 14760765.03558293171227, 4068531.023457622621208 ], [ 14753828.716499119997025, 4080545.080528296530247 ], [ 14739956.078331492841244, 4080545.080528296530247 ], [ 14733019.759247681125998, 4068531.023457622621208 ], [ 14739956.078331492841244, 4056516.96638694871217 ], [ 14753828.716499119997025, 4056516.96638694871217 ], [ 14760765.03558293171227, 4068531.023457622621208 ] ] ] } },
{ "type": "Feature", "properties": { "N03_003": "沙流郡", "N03_001": "北海道" }, "geometry": { "type": "MultiPolygon", "coordinates": [ [ [ [ 15822021.855406314134598, 5209866.445171621628106 ], [ 15815085.536322502419353, 5221880.502242295071483 ], [ 15822021.855406314134598, 5233894.55931296851486 ], [ 15835894.493573941290379, 5233894.55931296851486 ], [ 15842830.812657753005624, 5221880.502242295071483 ], [ 15835894.493573941290379, 5209866.445171621628106 ], [ 15822021.855406314134598, 5209866.445171621628106 ] ] ], [ [ [ 15794276.579071063548326, 5233894.559312969446182 ], [ 15801212.898154875263572, 5245908.616383642889559 ], [ 15815085.536322502419353, 5245908.616383642889559 ], [ 15822021.855406314134598, 5257922.673454316332936 ], [ 15835894.493573941290379, 5257922.673454316332936 ], [ 15842830.812657753005624, 5269936.730524989776313 ], [ 15835894.493573941290379, 5281950.78759566321969 ], [ 15842830.812657753005624, 5293964.844666336663067 ], [ 15856703.450825380161405, 5293964.844666336663067 ], [ 15863639.76990919187665, 5305978.901737010106444 ], [ 15877512.408076819032431, 5305978.901737010106444 ], [ 15884448.727160630747676, 5293964.844666336663067 ], [ 15877512.408076819032431, 5281950.78759566321969 ], [ 15884448.727160630747676, 5269936.730524989776313 ], [ 15877512.408076819032431, 5257922.673454316332936 ], [ 15863639.76990919187665, 5257922.673454316332936 ], [ 15856703.450825380161405, 5245908.616383642889559 ], [ 15842830.812657753005624, 5245908.616383642889559 ], [ 15835894.493573941290379, 5233894.559312969446182 ], [ 15822021.855406314134598, 5233894.559312969446182 ], [ 15815085.536322502419353, 5221880.502242296002805 ], [ 15801212.898154875263572, 5221880.502242296002805 ], [ 15794276.579071063548326, 5233894.559312969446182 ] ] ] ] } },
{ "type": "Feature", "properties": { "N03_003": "河北郡", "N03_001": "石川県" }, "geometry": { "type": "Polygon", "coordinates": [ [ [ 15239371.052366025745869, 4392910.564365811645985 ], [ 15232434.733282214030623, 4404924.621436485089362 ], [ 15218562.095114586874843, 4404924.621436485089362 ], [ 15211625.776030775159597, 4392910.564365811645985 ], [ 15218562.095114586874843, 4380896.507295138202608 ], [ 15232434.733282214030623, 4380896.507295138202608 ], [ 15239371.052366025745869, 4392910.564365811645985 ] ] ] } },
{ "type": "Feature", "properties": { "N03_003": "河東郡", "N03_001": "北海道" }, "geometry": { "type": "MultiPolygon", "coordinates": [ [ [ [ 15926066.641663508489728, 5293964.84466633759439 ], [ 15919130.322579696774483, 5305978.901737011037767 ], [ 15926066.641663508489728, 5317992.958807684481144 ], [ 15939939.279831135645509, 5317992.958807684481144 ], [ 15946875.598914947360754, 5330007.015878357924521 ], [ 15960748.237082574516535, 5330007.015878357924521 ], [ 15967684.55616638623178, 5317992.958807684481144 ], [ 15960748.237082574516535, 5305978.901737011037767 ], [ 15946875.598914947360754, 5305978.901737011037767 ], [ 15939939.279831135645509, 5293964.84466633759439 ], [ 15926066.641663508489728, 5293964.84466633759439 ] ] ], [ [ [ 15919130.322579696774483, 5330007.015878358855844 ], [ 15926066.641663508489728, 5342021.072949032299221 ], [ 15919130.322579696774483, 5354035.130019705742598 ], [ 15926066.641663508489728, 5366049.187090379185975 ], [ 15919130.322579696774483, 5378063.244161052629352 ], [ 15926066.641663508489728, 5390077.301231726072729 ], [ 15939939.279831135645509, 5390077.301231726072729 ], [ 15946875.598914947360754, 5378063.244161052629352 ], [ 15939939.279831135645509, 5366049.187090379185975 ], [ 15946875.598914947360754, 5354035.130019705742598 ], [ 15960748.237082574516535, 5354035.130019705742598 ], [ 15967684.55616638623178, 5342021.072949032299221 ], [ 15960748.237082574516535, 5330007.015878358855844 ], [ 15946875.598914947360754, 5330007.015878358855844 ], [ 15939939.279831135645509, 5317992.958807685412467 ], [ 15926066.641663508489728, 5317992.958807685412467 ], [ 15919130.322579696774483, 5330007.015878358855844 ] ] ] ] } },
{ "type": "Feature", "properties": { "N03_003": "河沼郡", "N03_001": "福島県" }, "geometry": { "type": "Polygon", "coordinates": [ [ [ 15572314.368389047682285, 4513051.1350725479424 ], [ 15565378.04930523596704, 4525065.192143221385777 ], [ 15551505.411137608811259, 4525065.192143221385777 ], [ 15544569.092053797096014, 4513051.1350725479424 ], [ 15551505.411137608811259, 4501037.078001874499023 ], [ 15565378.04930523596704, 4501037.078001874499023 ], [ 15572314.368389047682285, 4513051.1350725479424 ] ] ] } },
{ "type": "Feature", "properties": { "N03_003": "河西郡", "N03_001": "北海道" }, "geometry": { "type": "MultiPolygon", "coordinates": [ [ [ [ 15939939.279831135645509, 5245908.616383642889559 ], [ 15926066.641663508489728, 5245908.616383642889559 ], [ 15919130.322579696774483, 5257922.673454316332936 ], [ 15926066.641663508489728, 5269936.730524989776313 ], [ 15939939.279831135645509, 5269936.730524989776313 ], [ 15946875.598914947360754, 5257922.673454316332936 ], [ 15939939.279831135645509, 5245908.616383642889559 ] ] ], [ [ [ 15884448.727160630747676, 5269936.730524989776313 ], [ 15877512.408076819032431, 5281950.78759566321969 ], [ 15884448.727160630747676, 5293964.844666336663067 ], [ 15898321.365328257903457, 5293964.844666336663067 ], [ 15905257.684412069618702, 5305978.901737010106444 ], [ 15919130.322579696774483, 5305978.901737010106444 ], [ 15926066.641663508489728, 5293964.844666336663067 ], [ 15919130.322579696774483, 5281950.78759566321969 ], [ 15905257.684412069618702, 5281950.78759566321969 ], [ 15898321.365328257903457, 5269936.730524989776313 ], [ 15884448.727160630747676, 5269936.730524989776313 ] ] ] ] } },
{ "type": "Feature", "properties": { "N03_003": "沼津市", "N03_001": "静岡県" }, "geometry": { "type": "Polygon", "coordinates": [ [ [ 15468269.582131853327155, 4164643.48002301203087 ], [ 15461333.26304804161191, 4152629.422952338121831 ], [ 15447460.624880414456129, 4152629.422952338121831 ], [ 15440524.305796602740884, 4164643.48002301203087 ], [ 15447460.624880414456129, 4176657.537093685474247 ], [ 15440524.305796602740884, 4188671.594164359383285 ], [ 15447460.624880414456129, 4200685.651235032826662 ], [ 15461333.26304804161191, 4200685.651235032826662 ], [ 15468269.582131853327155, 4188671.594164359383285 ], [ 15461333.26304804161191, 4176657.537093685939908 ], [ 15468269.582131853327155, 4164643.48002301203087 ] ] ] } },
{ "type": "Feature", "properties": { "N03_003": "沼田市", "N03_001": "群馬県" }, "geometry": { "type": "Polygon", "coordinates": [ [ [ 15502951.177550919353962, 4392910.564365811645985 ], [ 15509887.496634731069207, 4380896.507295138202608 ], [ 15502951.177550919353962, 4368882.450224464759231 ], [ 15489078.539383292198181, 4368882.450224464759231 ], [ 15482142.220299480482936, 4380896.507295138202608 ], [ 15468269.582131853327155, 4380896.507295138202608 ], [ 15461333.26304804161191, 4392910.564365811645985 ], [ 15468269.582131853327155, 4404924.621436485089362 ], [ 15482142.220299480482936, 4404924.621436485089362 ], [ 15489078.539383292198181, 4392910.564365811645985 ], [ 15502951.177550919353962, 4392910.564365811645985 ] ] ] } },
{ "type": "Feature", "properties": { "N03_003": "泉佐野市", "N03_001": "大阪府" }, "geometry": { "type": "Polygon", "coordinates": [ [ [ 15072899.39435451477766, 4080545.080528296064585 ], [ 15065963.075270703062415, 4092559.137598969973624 ], [ 15052090.437103075906634, 4092559.137598969973624 ], [ 15045154.118019264191389, 4080545.080528296064585 ], [ 15052090.437103075906634, 4068531.023457622155547 ], [ 15065963.075270703062415, 4068531.023457622155547 ], [ 15072899.39435451477766, 4080545.080528296064585 ] ] ] } },
{ "type": "Feature", "properties": { "N03_003": "泉南郡", "N03_001": "大阪府" }, "geometry": { "type": "Polygon", "coordinates": [ [ [ 15052090.437103075906634, 4068531.023457622621208 ], [ 15045154.118019264191389, 4080545.080528296530247 ], [ 15031281.479851637035608, 4080545.080528296530247 ], [ 15024345.160767825320363, 4068531.023457622621208 ], [ 15031281.479851637035608, 4056516.96638694871217 ], [ 15045154.118019264191389, 4056516.96638694871217 ], [ 15052090.437103075906634, 4068531.023457622621208 ] ] ] } },
{ "type": "Feature", "properties": { "N03_003": "津久見市", "N03_001": "大分県" }, "geometry": { "type": "Polygon", "coordinates": [ [ [ 14698338.163828615099192, 3912348.281538864597678 ], [ 14691401.844744803383946, 3924362.338609538506716 ], [ 14677529.206577176228166, 3924362.338609538506716 ], [ 14670592.88749336451292, 3912348.281538864597678 ], [ 14677529.206577176228166, 3900334.22446819068864 ], [ 14691401.844744803383946, 3900334.22446819068864 ], [ 14698338.163828615099192, 3912348.281538864597678 ] ] ] } },
{ "type": "Feature", "properties": { "N03_003": "津市", "N03_001": "三重県" }, "geometry": { "type": "MultiPolygon", "coordinates": [ [ [ [ 15170007.861527897417545, 4080545.080528296064585 ], [ 15156135.223360270261765, 4080545.080528296064585 ], [ 15149198.904276458546519, 4092559.137598969973624 ], [ 15156135.223360270261765, 4104573.194669643882662 ], [ 15170007.861527897417545, 4104573.194669643882662 ], [ 15176944.180611709132791, 4092559.137598969973624 ], [ 15170007.861527897417545, 4080545.080528296064585 ] ] ], [ [ [ 15190816.818779336288571, 4116587.251740316860378 ], [ 15176944.180611709132791, 4116587.251740316860378 ], [ 15170007.861527897417545, 4128601.308810990769416 ], [ 15176944.180611709132791, 4140615.365881664678454 ], [ 15190816.818779336288571, 4140615.365881664678454 ], [ 15197753.137863148003817, 4128601.308810990769416 ], [ 15190816.818779336288571, 4116587.251740316860378 ] ] ] ] } },
{ "type": "Feature", "properties": { "N03_003": "洲本市", "N03_001": "兵庫県" }, "geometry": { "type": "Polygon", "coordinates": [ [ [ 15031281.479851637035608, 4056516.96638694871217 ], [ 15024345.160767825320363, 4044502.909316274803132 ], [ 15010472.522600198164582, 4044502.909316274803132 ], [ 15003536.203516386449337, 4056516.96638694871217 ], [ 15010472.522600198164582, 4068531.023457622155547 ], [ 15003536.203516386449337, 4080545.080528296064585 ], [ 15010472.522600198164582, 4092559.137598969973624 ], [ 15024345.160767825320363, 4092559.137598969973624 ], [ 15031281.479851637035608, 4080545.080528296064585 ], [ 15024345.160767825320363, 4068531.023457622155547 ], [ 15031281.479851637035608, 4056516.96638694871217 ] ] ] } },
{ "type": "Feature", "properties": { "N03_003": "浅口市", "N03_001": "岡山県" }, "geometry": { "type": "Polygon", "coordinates": [ [ [ 14885618.779091564938426, 4092559.137598969973624 ], [ 14878682.460007753223181, 4104573.194669643882662 ], [ 14864809.8218401260674, 4104573.194669643882662 ], [ 14857873.502756314352155, 4092559.137598969973624 ], [ 14864809.8218401260674, 4080545.080528296064585 ], [ 14878682.460007753223181, 4080545.080528296064585 ], [ 14885618.779091564938426, 4092559.137598969973624 ] ] ] } },
{ "type": "Feature", "properties": { "N03_003": "浜松市", "N03_001": "静岡県" }, "geometry": { "type": "Polygon", "coordinates": [ [ [ 15336479.519539408385754, 4104573.194669643417001 ], [ 15322606.881371781229973, 4104573.194669643417001 ], [ 15315670.562287969514728, 4116587.251740316860378 ], [ 15301797.924120342358947, 4116587.251740316860378 ], [ 15294861.605036530643702, 4128601.308810990769416 ], [ 15301797.924120342358947, 4140615.365881664678454 ], [ 15315670.562287969514728, 4140615.365881664678454 ], [ 15322606.881371781229973, 4152629.422952338121831 ], [ 15315670.562287969514728, 4164643.48002301203087 ], [ 15322606.881371781229973, 4176657.537093685939908 ], [ 15336479.519539408385754, 4176657.537093685939908 ], [ 15336479.519539408385754, 4176657.537093685474247 ], [ 15343415.838623220100999, 4188671.594164359383285 ], [ 15357288.47679084725678, 4188671.594164359383285 ], [ 15364224.795874658972025, 4176657.537093685474247 ], [ 15357288.47679084725678, 4164643.48002301203087 ], [ 15364224.795874658972025, 4152629.422952338121831 ], [ 15357288.47679084725678, 4140615.365881664212793 ], [ 15343415.838623220100999, 4140615.365881664212793 ], [ 15336479.519539408385754, 4128601.308810990769416 ], [ 15343415.838623220100999, 4116587.251740317326039 ], [ 15336479.519539408385754, 4104573.194669643417001 ] ] ] } },
{ "type": "Feature", "properties": { "N03_003": "浜田市", "N03_001": "島根県" }, "geometry": { "type": "Polygon", "coordinates": [ [ [ 14719147.121080053970218, 4140615.365881664678454 ], [ 14712210.801996242254972, 4128601.308810990769416 ], [ 14698338.163828615099192, 4128601.308810990769416 ], [ 14691401.844744803383946, 4140615.365881664678454 ], [ 14698338.163828615099192, 4152629.422952338121831 ], [ 14691401.844744803383946, 4164643.48002301203087 ], [ 14698338.163828615099192, 4176657.537093685939908 ], [ 14712210.801996242254972, 4176657.537093685939908 ], [ 14719147.121080053970218, 4164643.48002301203087 ], [ 14712210.801996242254972, 4152629.422952338121831 ], [ 14719147.121080053970218, 4140615.365881664678454 ] ] ] } },
{ "type": "Feature", "properties": { "N03_003": "浦河郡", "N03_001": "北海道" }, "geometry": { "type": "MultiPolygon", "coordinates": [ [ [ [ 15898321.365328257903457, 5173824.273959600366652 ], [ 15884448.727160630747676, 5173824.273959600366652 ], [ 15877512.408076819032431, 5185838.331030273810029 ], [ 15884448.727160630747676, 5197852.388100947253406 ], [ 15898321.365328257903457, 5197852.388100947253406 ], [ 15905257.684412069618702, 5209866.445171620696783 ], [ 15919130.322579696774483, 5209866.445171620696783 ], [ 15926066.641663508489728, 5197852.388100947253406 ], [ 15919130.322579696774483, 5185838.331030273810029 ], [ 15905257.684412069618702, 5185838.331030273810029 ], [ 15898321.365328257903457, 5173824.273959600366652 ] ] ], [ [ [ 15905257.684412069618702, 5209866.445171621628106 ], [ 15898321.365328257903457, 5221880.502242295071483 ], [ 15905257.684412069618702, 5233894.55931296851486 ], [ 15919130.322579696774483, 5233894.55931296851486 ], [ 15926066.641663508489728, 5221880.502242295071483 ], [ 15919130.322579696774483, 5209866.445171621628106 ], [ 15905257.684412069618702, 5209866.445171621628106 ] ] ] ] } },
{ "type": "Feature", "properties": { "N03_003": "海部郡", "N03_001": "愛知県" }, "geometry": { "type": "Polygon", "coordinates": [ [ [ 14961918.289013508707285, 3960404.509821559302509 ], [ 14948045.650845881551504, 3960404.509821559302509 ], [ 14941109.331762069836259, 3972418.566892233211547 ], [ 14948045.650845881551504, 3984432.623962907120585 ], [ 14961918.289013508707285, 3984432.623962907120585 ], [ 14961918.289013508707285, 3984432.623962906654924 ], [ 14968854.60809732042253, 3996446.681033580563962 ], [ 14982727.246264947578311, 3996446.681033580563962 ], [ 14989663.565348759293556, 3984432.623962906654924 ], [ 14982727.246264947578311, 3972418.566892232745886 ], [ 14968854.60809732042253, 3972418.566892232745886 ], [ 14961918.289013508707285, 3960404.509821559302509 ] ] ] } },
{ "type": "Feature", "properties": { "N03_003": "淡路市", "N03_001": "兵庫県" }, "geometry": { "type": "Polygon", "coordinates": [ [ [ 15003536.203516386449337, 4080545.080528296064585 ], [ 14989663.565348759293556, 4080545.080528296064585 ], [ 14982727.246264947578311, 4092559.137598969973624 ], [ 14989663.565348759293556, 4104573.194669643882662 ], [ 15003536.203516386449337, 4104573.194669643882662 ], [ 15003536.203516386449337, 4104573.194669643417001 ], [ 15010472.522600198164582, 4116587.251740317326039 ], [ 15024345.160767825320363, 4116587.251740317326039 ], [ 15031281.479851637035608, 4104573.194669643417001 ], [ 15024345.160767825320363, 4092559.137598969507962 ], [ 15010472.522600198164582, 4092559.137598969507962 ], [ 15003536.203516386449337, 4080545.080528296064585 ] ] ] } },
{ "type": "Feature", "properties": { "N03_003": "深川市", "N03_001": "北海道" }, "geometry": { "type": "MultiPolygon", "coordinates": [ [ [ [ 15835894.493573941290379, 5402091.358302400447428 ], [ 15822021.855406314134598, 5402091.358302400447428 ], [ 15815085.536322502419353, 5414105.415373073890805 ], [ 15822021.855406314134598, 5426119.472443747334182 ], [ 15835894.493573941290379, 5426119.472443747334182 ], [ 15842830.812657753005624, 5414105.415373073890805 ], [ 15835894.493573941290379, 5402091.358302400447428 ] ] ], [ [ [ 15801212.898154875263572, 5414105.415373074822128 ], [ 15794276.579071063548326, 5426119.472443748265505 ], [ 15801212.898154875263572, 5438133.529514421708882 ], [ 15815085.536322502419353, 5438133.529514421708882 ], [ 15822021.855406314134598, 5450147.586585095152259 ], [ 15835894.493573941290379, 5450147.586585095152259 ], [ 15842830.812657753005624, 5438133.529514421708882 ], [ 15835894.493573941290379, 5426119.472443748265505 ], [ 15822021.855406314134598, 5426119.472443748265505 ], [ 15815085.536322502419353, 5414105.415373074822128 ], [ 15801212.898154875263572, 5414105.415373074822128 ] ] ] ] } },
{ "type": "Feature", "properties": { "N03_003": "深谷市", "N03_001": "埼玉県" }, "geometry": { "type": "Polygon", "coordinates": [ [ [ 15509887.496634731069207, 4332840.279012442566454 ], [ 15502951.177550919353962, 4344854.336083116009831 ], [ 15489078.539383292198181, 4344854.336083116009831 ], [ 15482142.220299480482936, 4332840.279012442566454 ], [ 15489078.539383292198181, 4320826.221941769123077 ], [ 15502951.177550919353962, 4320826.221941769123077 ], [ 15509887.496634731069207, 4332840.279012442566454 ] ] ] } },
{ "type": "Feature", "properties": { "N03_003": "渋川市", "N03_001": "群馬県" }, "geometry": { "type": "Polygon", "coordinates": [ [ [ 15489078.539383292198181, 4368882.450224464759231 ], [ 15482142.220299480482936, 4380896.507295138202608 ], [ 15468269.582131853327155, 4380896.507295138202608 ], [ 15461333.26304804161191, 4368882.450224464759231 ], [ 15468269.582131853327155, 4356868.393153791315854 ], [ 15482142.220299480482936, 4356868.393153791315854 ], [ 15489078.539383292198181, 4368882.450224464759231 ] ] ] } },
{ "type": "Feature", "properties": { "N03_003": "湯沢市", "N03_001": "秋田県" }, "geometry": { "type": "MultiPolygon", "coordinates": [ [ [ [ 15669422.83556243032217, 4705276.048203326761723 ], [ 15655550.197394803166389, 4705276.048203326761723 ], [ 15648613.878310991451144, 4717290.1052740002051 ], [ 15655550.197394803166389, 4729304.162344673648477 ], [ 15669422.83556243032217, 4729304.162344673648477 ], [ 15676359.154646242037416, 4717290.1052740002051 ], [ 15669422.83556243032217, 4705276.048203326761723 ] ] ], [ [ [ 15648613.878310991451144, 4717290.105274001136422 ], [ 15634741.240143364295363, 4717290.105274001136422 ], [ 15627804.921059552580118, 4729304.162344674579799 ], [ 15634741.240143364295363, 4741318.219415348023176 ], [ 15648613.878310991451144, 4741318.219415348023176 ], [ 15655550.197394803166389, 4729304.162344674579799 ], [ 15648613.878310991451144, 4717290.105274001136422 ] ] ] ] } },
{ "type": "Feature", "properties": { "N03_003": "滝沢市", "N03_001": "岩手県" }, "geometry": { "type": "Polygon", "coordinates": [ [ [ 15717977.069149119779468, 4837430.675980737432837 ], [ 15711040.750065308064222, 4849444.733051410876215 ], [ 15697168.111897680908442, 4849444.733051410876215 ], [ 15690231.792813869193196, 4837430.675980737432837 ], [ 15697168.111897680908442, 4825416.61891006398946 ], [ 15711040.750065308064222, 4825416.61891006398946 ], [ 15717977.069149119779468, 4837430.675980737432837 ] ] ] } },
{ "type": "Feature", "properties": { "N03_003": "潟上市", "N03_001": "秋田県" }, "geometry": { "type": "Polygon", "coordinates": [ [ [ 15593123.325640486553311, 4837430.675980737432837 ], [ 15586187.006556674838066, 4849444.733051410876215 ], [ 15572314.368389047682285, 4849444.733051410876215 ], [ 15565378.04930523596704, 4837430.675980737432837 ], [ 15572314.368389047682285, 4825416.61891006398946 ], [ 15586187.006556674838066, 4825416.61891006398946 ], [ 15593123.325640486553311, 4837430.675980737432837 ] ] ] } },
{ "type": "Feature", "properties": { "N03_003": "瀬戸市", "N03_001": "愛知県" }, "geometry": { "type": "Polygon", "coordinates": [ [ [ 15280988.966868903487921, 4200685.651235032826662 ], [ 15274052.647785091772676, 4212699.708305706270039 ], [ 15260180.009617464616895, 4212699.708305706270039 ], [ 15253243.690533652901649, 4200685.651235032826662 ], [ 15260180.009617464616895, 4188671.594164358917624 ], [ 15274052.647785091772676, 4188671.594164358917624 ], [ 15280988.966868903487921, 4200685.651235032826662 ] ] ] } },
{ "type": "Feature", "properties": { "N03_003": "瀬棚郡", "N03_001": "北海道" }, "geometry": { "type": "Polygon", "coordinates": [ [ [ 15613932.282891925424337, 5233894.559312969446182 ], [ 15606995.963808113709092, 5245908.616383642889559 ], [ 15593123.325640486553311, 5245908.616383642889559 ], [ 15586187.006556674838066, 5233894.559312969446182 ], [ 15593123.325640486553311, 5221880.502242296002805 ], [ 15606995.963808113709092, 5221880.502242296002805 ], [ 15613932.282891925424337, 5233894.559312969446182 ] ] ] } },
{ "type": "Feature", "properties": { "N03_003": "熊本市", "N03_001": "熊本県" }, "geometry": { "type": "Polygon", "coordinates": [ [ [ 14552675.463068543002009, 3876306.110326843801886 ], [ 14545739.143984731286764, 3888320.167397517710924 ], [ 14531866.505817104130983, 3888320.167397517710924 ], [ 14524930.186733292415738, 3876306.110326843801886 ], [ 14531866.505817104130983, 3864292.053256169892848 ], [ 14545739.143984731286764, 3864292.053256169892848 ], [ 14552675.463068543002009, 3876306.110326843801886 ] ] ] } },
{ "type": "Feature", "properties": { "N03_003": "熊毛郡", "N03_001": "山口県" }, "geometry": { "type": "MultiPolygon", "coordinates": [ [ [ [ 14504121.229481853544712, 3527898.455277306959033 ], [ 14511057.548565665259957, 3539912.512347980868071 ], [ 14504121.229481853544712, 3551926.569418654311448 ], [ 14490248.591314226388931, 3551926.569418654311448 ], [ 14483312.272230414673686, 3563940.626489328220487 ], [ 14490248.591314226388931, 3575954.683560002129525 ], [ 14504121.229481853544712, 3575954.683560002129525 ], [ 14511057.548565665259957, 3563940.626489328220487 ], [ 14524930.186733292415738, 3563940.626489328220487 ], [ 14531866.505817104130983, 3575954.683560002129525 ], [ 14545739.143984731286764, 3575954.683560002129525 ], [ 14552675.463068543002009, 3563940.626489328220487 ], [ 14566548.10123617015779, 3563940.626489328220487 ], [ 14573484.420319981873035, 3575954.683560002129525 ], [ 14587357.058487609028816, 3575954.683560002129525 ], [ 14594293.377571420744061, 3563940.626489328220487 ], [ 14587357.058487609028816, 3551926.569418654311448 ], [ 14573484.420319981873035, 3551926.569418654311448 ], [ 14566548.10123617015779, 3539912.51234798040241 ], [ 14552675.463068543002009, 3539912.51234798040241 ], [ 14552675.463068543002009, 3539912.512347980868071 ], [ 14545739.143984731286764, 3527898.455277306959033 ], [ 14531866.505817104130983, 3527898.455277306959033 ], [ 14524930.186733292415738, 3515884.398206633049995 ], [ 14511057.548565665259957, 3515884.398206633049995 ], [ 14504121.229481853544712, 3527898.455277306959033 ] ] ], [ [ [ 14691401.844744803383946, 3996446.681033580563962 ], [ 14698338.163828615099192, 4008460.738104254473001 ], [ 14712210.801996242254972, 4008460.738104254473001 ], [ 14719147.121080053970218, 3996446.681033580563962 ], [ 14712210.801996242254972, 3984432.623962906654924 ], [ 14698338.163828615099192, 3984432.623962906654924 ], [ 14691401.844744803383946, 3996446.681033580563962 ] ] ] ] } },
{ "type": "Feature", "properties": { "N03_003": "熊谷市", "N03_001": "埼玉県" }, "geometry": { "type": "Polygon", "coordinates": [ [ [ 15530696.453886169940233, 4320826.221941769123077 ], [ 15523760.134802358224988, 4332840.279012442566454 ], [ 15509887.496634731069207, 4332840.279012442566454 ], [ 15502951.177550919353962, 4320826.221941769123077 ], [ 15509887.496634731069207, 4308812.1648710956797 ], [ 15523760.134802358224988, 4308812.1648710956797 ], [ 15530696.453886169940233, 4320826.221941769123077 ] ] ] } },
{ "type": "Feature", "properties": { "N03_003": "爾志郡", "N03_001": "北海道" }, "geometry": { "type": "Polygon", "coordinates": [ [ [ 15613932.282891925424337, 5161810.216888926923275 ], [ 15606995.963808113709092, 5173824.273959600366652 ], [ 15593123.325640486553311, 5173824.273959600366652 ], [ 15586187.006556674838066, 5161810.216888926923275 ], [ 15593123.325640486553311, 5149796.159818253479898 ], [ 15606995.963808113709092, 5149796.159818253479898 ], [ 15613932.282891925424337, 5161810.216888926923275 ] ] ] } },
{ "type": "Feature", "properties": { "N03_003": "牧之原市", "N03_001": "静岡県" }, "geometry": { "type": "Polygon", "coordinates": [ [ [ 15405842.710377536714077, 4128601.308810990769416 ], [ 15398906.391293724998832, 4140615.365881664678454 ], [ 15385033.753126097843051, 4140615.365881664678454 ], [ 15378097.434042286127806, 4128601.308810990769416 ], [ 15385033.753126097843051, 4116587.251740316860378 ], [ 15398906.391293724998832, 4116587.251740316860378 ], [ 15405842.710377536714077, 4128601.308810990769416 ] ] ] } },
{ "type": "Feature", "properties": { "N03_003": "犬山市", "N03_001": "愛知県" }, "geometry": { "type": "Polygon", "coordinates": [ [ [ 15260180.009617464616895, 4212699.708305706270039 ], [ 15253243.690533652901649, 4224713.765376379713416 ], [ 15239371.052366025745869, 4224713.765376379713416 ], [ 15232434.733282214030623, 4212699.708305706270039 ], [ 15239371.052366025745869, 4200685.651235032826662 ], [ 15253243.690533652901649, 4200685.651235032826662 ], [ 15260180.009617464616895, 4212699.708305706270039 ] ] ] } },
{ "type": "Feature", "properties": { "N03_003": "玉名郡", "N03_001": "熊本県" }, "geometry": { "type": "Polygon", "coordinates": [ [ [ 14552675.463068543002009, 3900334.224468191154301 ], [ 14545739.143984731286764, 3912348.281538865063339 ], [ 14531866.505817104130983, 3912348.281538865063339 ], [ 14524930.186733292415738, 3900334.224468191154301 ], [ 14531866.505817104130983, 3888320.167397517245263 ], [ 14545739.143984731286764, 3888320.167397517245263 ], [ 14552675.463068543002009, 3900334.224468191154301 ] ] ] } },
{ "type": "Feature", "properties": { "N03_003": "玉野市", "N03_001": "岡山県" }, "geometry": { "type": "Polygon", "coordinates": [ [ [ 14927236.693594442680478, 4092559.137598969973624 ], [ 14920300.374510630965233, 4104573.194669643882662 ], [ 14906427.736343003809452, 4104573.194669643882662 ], [ 14899491.417259192094207, 4092559.137598969973624 ], [ 14906427.736343003809452, 4080545.080528296064585 ], [ 14920300.374510630965233, 4080545.080528296064585 ], [ 14927236.693594442680478, 4092559.137598969973624 ] ] ] } },
{ "type": "Feature", "properties": { "N03_003": "玖珠郡", "N03_001": "大分県" }, "geometry": { "type": "Polygon", "coordinates": [ [ [ 14615102.334822859615088, 3912348.281538864597678 ], [ 14608166.015739047899842, 3900334.22446819068864 ], [ 14594293.377571420744061, 3900334.22446819068864 ], [ 14587357.058487609028816, 3912348.281538864597678 ], [ 14594293.377571420744061, 3924362.338609538041055 ], [ 14587357.058487609028816, 3936376.395680211950094 ], [ 14594293.377571420744061, 3948390.452750885859132 ], [ 14608166.015739047899842, 3948390.452750885859132 ], [ 14615102.334822859615088, 3936376.395680211950094 ], [ 14608166.015739047899842, 3924362.338609538041055 ], [ 14615102.334822859615088, 3912348.281538864597678 ] ] ] } },
{ "type": "Feature", "properties": { "N03_003": "珠洲市", "N03_001": "石川県" }, "geometry": { "type": "Polygon", "coordinates": [ [ [ 15294861.605036530643702, 4513051.1350725479424 ], [ 15301797.924120342358947, 4501037.078001874499023 ], [ 15294861.605036530643702, 4489023.020931201055646 ], [ 15280988.966868903487921, 4489023.020931201055646 ], [ 15274052.647785091772676, 4501037.078001874499023 ], [ 15260180.009617464616895, 4501037.078001874499023 ], [ 15253243.690533652901649, 4513051.1350725479424 ], [ 15260180.009617464616895, 4525065.192143221385777 ], [ 15274052.647785091772676, 4525065.192143221385777 ], [ 15280988.966868903487921, 4513051.1350725479424 ], [ 15294861.605036530643702, 4513051.1350725479424 ] ] ] } },
{ "type": "Feature", "properties": { "N03_003": "球磨郡", "N03_001": "熊本県" }, "geometry": { "type": "Polygon", "coordinates": [ [ [ 14566548.10123617015779, 3780193.653761453926563 ], [ 14552675.463068543002009, 3780193.653761453926563 ], [ 14545739.143984731286764, 3792207.710832127835602 ], [ 14552675.463068543002009, 3804221.76790280174464 ], [ 14545739.143984731286764, 3816235.824973475188017 ], [ 14552675.463068543002009, 3828249.882044149097055 ], [ 14566548.10123617015779, 3828249.882044149097055 ], [ 14573484.420319981873035, 3816235.824973475188017 ], [ 14573484.420319981873035, 3816235.824973475653678 ], [ 14587357.058487609028816, 3816235.824973475653678 ], [ 14594293.377571420744061, 3804221.76790280174464 ], [ 14587357.058487609028816, 3792207.710832127835602 ], [ 14573484.420319981873035, 3792207.710832127835602 ], [ 14566548.10123617015779, 3780193.653761453926563 ] ] ] } },
{ "type": "Feature", "properties": { "N03_003": "甘楽郡", "N03_001": "群馬県" }, "geometry": { "type": "Polygon", "coordinates": [ [ [ 15440524.305796602740884, 4308812.1648710956797 ], [ 15426651.667628975585103, 4308812.1648710956797 ], [ 15419715.348545163869858, 4320826.221941769123077 ], [ 15426651.667628975585103, 4332840.279012442566454 ], [ 15440524.305796602740884, 4332840.279012442566454 ], [ 15447460.624880414456129, 4344854.336083116009831 ], [ 15461333.26304804161191, 4344854.336083116009831 ], [ 15468269.582131853327155, 4332840.279012442566454 ], [ 15461333.26304804161191, 4320826.221941769123077 ], [ 15447460.624880414456129, 4320826.221941769123077 ], [ 15440524.305796602740884, 4308812.1648710956797 ] ] ] } },
{ "type": "Feature", "properties": { "N03_003": "生駒市", "N03_001": "奈良県" }, "geometry": { "type": "Polygon", "coordinates": [ [ [ 15114517.308857392519712, 4128601.308810990769416 ], [ 15107580.989773580804467, 4140615.365881664678454 ], [ 15093708.351605953648686, 4140615.365881664678454 ], [ 15086772.032522141933441, 4128601.308810990769416 ], [ 15093708.351605953648686, 4116587.251740316860378 ], [ 15107580.989773580804467, 4116587.251740316860378 ], [ 15114517.308857392519712, 4128601.308810990769416 ] ] ] } },
{ "type": "Feature", "properties": { "N03_003": "田原市", "N03_001": "愛知県" }, "geometry": { "type": "Polygon", "coordinates": [ [ [ 15280988.966868903487921, 4104573.194669643417001 ], [ 15274052.647785091772676, 4116587.251740317326039 ], [ 15260180.009617464616895, 4116587.251740317326039 ], [ 15253243.690533652901649, 4104573.194669643417001 ], [ 15260180.009617464616895, 4092559.137598969507962 ], [ 15274052.647785091772676, 4092559.137598969507962 ], [ 15280988.966868903487921, 4104573.194669643417001 ] ] ] } },
{ "type": "Feature", "properties": { "N03_003": "田川郡", "N03_001": "福岡県" }, "geometry": { "type": "Polygon", "coordinates": [ [ [ 14573484.420319981873035, 3984432.623962906654924 ], [ 14566548.10123617015779, 3996446.681033580563962 ], [ 14552675.463068543002009, 3996446.681033580563962 ], [ 14545739.143984731286764, 3984432.623962906654924 ], [ 14552675.463068543002009, 3972418.566892232745886 ], [ 14566548.10123617015779, 3972418.566892232745886 ], [ 14573484.420319981873035, 3984432.623962906654924 ] ] ] } },
{ "type": "Feature", "properties": { "N03_003": "田村市", "N03_001": "福島県" }, "geometry": { "type": "Polygon", "coordinates": [ [ [ 15676359.154646242037416, 4501037.078001874499023 ], [ 15669422.83556243032217, 4513051.1350725479424 ], [ 15655550.197394803166389, 4513051.1350725479424 ], [ 15648613.878310991451144, 4501037.078001874499023 ], [ 15655550.197394803166389, 4489023.020931201055646 ], [ 15669422.83556243032217, 4489023.020931201055646 ], [ 15676359.154646242037416, 4501037.078001874499023 ] ] ] } },
{ "type": "Feature", "properties": { "N03_003": "田辺市", "N03_001": "和歌山県" }, "geometry": { "type": "Polygon", "coordinates": [ [ [ 15114517.308857392519712, 3984432.623962906654924 ], [ 15107580.989773580804467, 3972418.566892232745886 ], [ 15093708.351605953648686, 3972418.566892232745886 ], [ 15086772.032522141933441, 3984432.623962906654924 ], [ 15072899.39435451477766, 3984432.623962906654924 ], [ 15065963.075270703062415, 3996446.681033580563962 ], [ 15072899.39435451477766, 4008460.738104254473001 ], [ 15086772.032522141933441, 4008460.738104254473001 ], [ 15086772.032522141933441, 4008460.738104254007339 ], [ 15093708.351605953648686, 4020474.795174927916378 ], [ 15107580.989773580804467, 4020474.795174927916378 ], [ 15114517.308857392519712, 4008460.738104254007339 ], [ 15107580.989773580804467, 3996446.681033580563962 ], [ 15114517.308857392519712, 3984432.623962906654924 ] ] ] } },
{ "type": "Feature", "properties": { "N03_003": "由利本荘市", "N03_001": "秋田県" }, "geometry": { "type": "MultiPolygon", "coordinates": [ [ [ [ 15593123.325640486553311, 4717290.105274001136422 ], [ 15586187.006556674838066, 4729304.162344674579799 ], [ 15593123.325640486553311, 4741318.219415348023176 ], [ 15606995.963808113709092, 4741318.219415348023176 ], [ 15613932.282891925424337, 4729304.162344674579799 ], [ 15606995.963808113709092, 4717290.105274001136422 ], [ 15593123.325640486553311, 4717290.105274001136422 ] ] ], [ [ [ 15593123.325640486553311, 4741318.219415348954499 ], [ 15586187.006556674838066, 4753332.276486022397876 ], [ 15593123.325640486553311, 4765346.333556695841253 ], [ 15586187.006556674838066, 4777360.39062736928463 ], [ 15572314.368389047682285, 4777360.39062736928463 ], [ 15565378.04930523596704, 4789374.447698042728007 ], [ 15572314.368389047682285, 4801388.504768716171384 ], [ 15586187.006556674838066, 4801388.504768716171384 ], [ 15593123.325640486553311, 4789374.447698042728007 ], [ 15606995.963808113709092, 4789374.447698042728007 ], [ 15613932.282891925424337, 4777360.39062736928463 ], [ 15627804.921059552580118, 4777360.39062736928463 ], [ 15634741.240143364295363, 4765346.333556695841253 ], [ 15627804.921059552580118, 4753332.276486022397876 ], [ 15613932.282891925424337, 4753332.276486022397876 ], [ 15606995.963808113709092, 4741318.219415348954499 ], [ 15593123.325640486553311, 4741318.219415348954499 ] ] ] ] } },
{ "type": "Feature", "properties": { "N03_003": "由布市", "N03_001": "大分県" }, "geometry": { "type": "Polygon", "coordinates": [ [ [ 14635911.292074298486114, 3924362.338609538506716 ], [ 14628974.972990486770868, 3936376.395680212415755 ], [ 14615102.334822859615088, 3936376.395680212415755 ], [ 14608166.015739047899842, 3924362.338609538506716 ], [ 14615102.334822859615088, 3912348.281538864597678 ], [ 14628974.972990486770868, 3912348.281538864597678 ], [ 14635911.292074298486114, 3924362.338609538506716 ] ] ] } },
{ "type": "Feature", "properties": { "N03_003": "甲州市", "N03_001": "山梨県" }, "geometry": { "type": "Polygon", "coordinates": [ [ [ 15468269.582131853327155, 4260755.93658840097487 ], [ 15461333.26304804161191, 4272769.993659074418247 ], [ 15447460.624880414456129, 4272769.993659074418247 ], [ 15440524.305796602740884, 4260755.93658840097487 ], [ 15447460.624880414456129, 4248741.879517727531493 ], [ 15461333.26304804161191, 4248741.879517727531493 ], [ 15468269.582131853327155, 4260755.93658840097487 ] ] ] } },
{ "type": "Feature", "properties": { "N03_003": "甲賀市", "N03_001": "滋賀県" }, "geometry": { "type": "Polygon", "coordinates": [ [ [ 15156135.223360270261765, 4152629.422952338121831 ], [ 15149198.904276458546519, 4164643.48002301203087 ], [ 15135326.266108831390738, 4164643.48002301203087 ], [ 15128389.947025019675493, 4152629.422952338121831 ], [ 15135326.266108831390738, 4140615.365881664212793 ], [ 15149198.904276458546519, 4140615.365881664212793 ], [ 15156135.223360270261765, 4152629.422952338121831 ] ] ] } },
{ "type": "Feature", "properties": { "N03_003": "男鹿市", "N03_001": "秋田県" }, "geometry": { "type": "Polygon", "coordinates": [ [ [ 15572314.368389047682285, 4849444.733051411807537 ], [ 15565378.04930523596704, 4837430.67598073836416 ], [ 15551505.411137608811259, 4837430.67598073836416 ], [ 15544569.092053797096014, 4849444.733051411807537 ], [ 15551505.411137608811259, 4861458.790122085250914 ], [ 15544569.092053797096014, 4873472.847192758694291 ], [ 15551505.411137608811259, 4885486.904263432137668 ], [ 15565378.04930523596704, 4885486.904263432137668 ], [ 15572314.368389047682285, 4873472.847192758694291 ], [ 15565378.04930523596704, 4861458.790122085250914 ], [ 15572314.368389047682285, 4849444.733051411807537 ] ] ] } },
{ "type": "Feature", "properties": { "N03_003": "留萌市", "N03_001": "北海道" }, "geometry": { "type": "Polygon", "coordinates": [ [ [ 15780403.940903436392546, 5450147.586585095152259 ], [ 15773467.6218196246773, 5462161.643655768595636 ], [ 15759594.98365199752152, 5462161.643655768595636 ], [ 15752658.664568185806274, 5450147.586585095152259 ], [ 15759594.98365199752152, 5438133.529514421708882 ], [ 15773467.6218196246773, 5438133.529514421708882 ], [ 15780403.940903436392546, 5450147.586585095152259 ] ] ] } },
{ "type": "Feature", "properties": { "N03_003": "留萌郡", "N03_001": "北海道" }, "geometry": { "type": "Polygon", "coordinates": [ [ [ 15794276.579071063548326, 5474175.700726442039013 ], [ 15801212.898154875263572, 5486189.75779711548239 ], [ 15815085.536322502419353, 5486189.75779711548239 ], [ 15822021.855406314134598, 5474175.700726442039013 ], [ 15815085.536322502419353, 5462161.643655768595636 ], [ 15801212.898154875263572, 5462161.643655768595636 ], [ 15794276.579071063548326, 5450147.586585095152259 ], [ 15780403.940903436392546, 5450147.586585095152259 ], [ 15773467.6218196246773, 5462161.643655768595636 ], [ 15759594.98365199752152, 5462161.643655768595636 ], [ 15752658.664568185806274, 5474175.700726442039013 ], [ 15759594.98365199752152, 5486189.75779711548239 ], [ 15773467.6218196246773, 5486189.75779711548239 ], [ 15780403.940903436392546, 5474175.700726442039013 ], [ 15794276.579071063548326, 5474175.700726442039013 ] ] ] } },
{ "type": "Feature", "properties": { "N03_003": "登別市", "N03_001": "北海道" }, "geometry": { "type": "Polygon", "coordinates": [ [ [ 15717977.069149119779468, 5221880.502242295071483 ], [ 15711040.750065308064222, 5233894.55931296851486 ], [ 15697168.111897680908442, 5233894.55931296851486 ], [ 15690231.792813869193196, 5221880.502242295071483 ], [ 15697168.111897680908442, 5209866.445171621628106 ], [ 15711040.750065308064222, 5209866.445171621628106 ], [ 15717977.069149119779468, 5221880.502242295071483 ] ] ] } },
{ "type": "Feature", "properties": { "N03_003": "登米市", "N03_001": "宮城県" }, "geometry": { "type": "Polygon", "coordinates": [ [ [ 15738786.026400558650494, 4681247.934061979874969 ], [ 15731849.707316746935248, 4693261.991132653318346 ], [ 15717977.069149119779468, 4693261.991132653318346 ], [ 15711040.750065308064222, 4681247.934061979874969 ], [ 15717977.069149119779468, 4669233.876991306431592 ], [ 15731849.707316746935248, 4669233.876991306431592 ], [ 15738786.026400558650494, 4681247.934061979874969 ] ] ] } },
{ "type": "Feature", "properties": { "N03_003": "白山市", "N03_001": "石川県" }, "geometry": { "type": "MultiPolygon", "coordinates": [ [ [ [ 15239371.052366025745869, 4320826.221941769123077 ], [ 15232434.733282214030623, 4308812.1648710956797 ], [ 15218562.095114586874843, 4308812.1648710956797 ], [ 15211625.776030775159597, 4320826.221941769123077 ], [ 15197753.137863148003817, 4320826.221941769123077 ], [ 15190816.818779336288571, 4332840.279012442566454 ], [ 15197753.137863148003817, 4344854.336083116009831 ], [ 15211625.776030775159597, 4344854.336083116009831 ], [ 15218562.095114586874843, 4332840.279012442566454 ], [ 15232434.733282214030623, 4332840.279012442566454 ], [ 15239371.052366025745869, 4320826.221941769123077 ] ] ], [ [ [ 15239371.052366025745869, 4344854.336083116941154 ], [ 15232434.733282214030623, 4332840.279012443497777 ], [ 15218562.095114586874843, 4332840.279012443497777 ], [ 15211625.776030775159597, 4344854.336083116941154 ], [ 15197753.137863148003817, 4344854.336083116941154 ], [ 15190816.818779336288571, 4356868.393153790384531 ], [ 15197753.137863148003817, 4368882.450224463827908 ], [ 15211625.776030775159597, 4368882.450224463827908 ], [ 15218562.095114586874843, 4356868.393153790384531 ], [ 15232434.733282214030623, 4356868.393153790384531 ], [ 15239371.052366025745869, 4344854.336083116941154 ] ] ] ] } },
{ "type": "Feature", "properties": { "N03_003": "白河市", "N03_001": "福島県" }, "geometry": { "type": "Polygon", "coordinates": [ [ [ 15634741.240143364295363, 4452980.849719179794192 ], [ 15627804.921059552580118, 4464994.906789853237569 ], [ 15613932.282891925424337, 4464994.906789853237569 ], [ 15606995.963808113709092, 4452980.849719179794192 ], [ 15613932.282891925424337, 4440966.792648506350815 ], [ 15627804.921059552580118, 4440966.792648506350815 ], [ 15634741.240143364295363, 4452980.849719179794192 ] ] ] } },
{ "type": "Feature", "properties": { "N03_003": "白糠郡", "N03_001": "北海道" }, "geometry": { "type": "MultiPolygon", "coordinates": [ [ [ [ 16030111.427920702844858, 5281950.78759566321969 ], [ 16023175.108836891129613, 5293964.844666336663067 ], [ 16030111.427920702844858, 5305978.901737010106444 ], [ 16043984.066088330000639, 5305978.901737010106444 ], [ 16050920.385172141715884, 5293964.844666336663067 ], [ 16043984.066088330000639, 5281950.78759566321969 ], [ 16030111.427920702844858, 5281950.78759566321969 ] ] ], [ [ [ 16030111.427920702844858, 5305978.901737011037767 ], [ 16023175.108836891129613, 5317992.958807684481144 ], [ 16030111.427920702844858, 5330007.015878357924521 ], [ 16043984.066088330000639, 5330007.015878357924521 ], [ 16050920.385172141715884, 5317992.958807684481144 ], [ 16043984.066088330000639, 5305978.901737011037767 ], [ 16030111.427920702844858, 5305978.901737011037767 ] ] ], [ [ [ 16023175.108836891129613, 5317992.958807685412467 ], [ 16009302.470669263973832, 5317992.958807685412467 ], [ 16002366.151585452258587, 5330007.015878358855844 ], [ 16009302.470669263973832, 5342021.072949032299221 ], [ 16002366.151585452258587, 5354035.130019705742598 ], [ 16009302.470669263973832, 5366049.187090379185975 ], [ 16023175.108836891129613, 5366049.187090379185975 ], [ 16030111.427920702844858, 5354035.130019705742598 ], [ 16023175.108836891129613, 5342021.072949032299221 ], [ 16030111.427920702844858, 5330007.015878358855844 ], [ 16023175.108836891129613, 5317992.958807685412467 ] ] ] ] } },
{ "type": "Feature", "properties": { "N03_003": "白老郡", "N03_001": "北海道" }, "geometry": { "type": "Polygon", "coordinates": [ [ [ 15738786.026400558650494, 5233894.559312969446182 ], [ 15731849.707316746935248, 5221880.502242296002805 ], [ 15717977.069149119779468, 5221880.502242296002805 ], [ 15711040.750065308064222, 5233894.559312969446182 ], [ 15717977.069149119779468, 5245908.616383642889559 ], [ 15711040.750065308064222, 5257922.673454316332936 ], [ 15717977.069149119779468, 5269936.730524989776313 ], [ 15731849.707316746935248, 5269936.730524989776313 ], [ 15738786.026400558650494, 5257922.673454316332936 ], [ 15731849.707316746935248, 5245908.616383642889559 ], [ 15738786.026400558650494, 5233894.559312969446182 ] ] ] } },
{ "type": "Feature", "properties": { "N03_003": "益田市", "N03_001": "島根県" }, "geometry": { "type": "Polygon", "coordinates": [ [ [ 14691401.844744803383946, 4092559.137598969507962 ], [ 14677529.206577176228166, 4092559.137598969507962 ], [ 14670592.88749336451292, 4104573.194669643417001 ], [ 14656720.24932573735714, 4104573.194669643417001 ], [ 14649783.930241925641894, 4116587.251740317326039 ], [ 14656720.24932573735714, 4128601.308810991235077 ], [ 14670592.88749336451292, 4128601.308810991235077 ], [ 14677529.206577176228166, 4140615.365881664678454 ], [ 14691401.844744803383946, 4140615.365881664678454 ], [ 14698338.163828615099192, 4128601.308810990769416 ], [ 14698338.163828615099192, 4128601.308810991235077 ], [ 14712210.801996242254972, 4128601.308810991235077 ], [ 14719147.121080053970218, 4116587.251740317326039 ], [ 14712210.801996242254972, 4104573.194669643417001 ], [ 14698338.163828615099192, 4104573.194669643417001 ], [ 14691401.844744803383946, 4092559.137598969507962 ] ] ] } },
{ "type": "Feature", "properties": { "N03_003": "盛岡市", "N03_001": "岩手県" }, "geometry": { "type": "MultiPolygon", "coordinates": [ [ [ [ 15711040.750065308064222, 4801388.504768716171384 ], [ 15697168.111897680908442, 4801388.504768716171384 ], [ 15690231.792813869193196, 4813402.561839389614761 ], [ 15697168.111897680908442, 4825416.618910063058138 ], [ 15711040.750065308064222, 4825416.618910063058138 ], [ 15717977.069149119779468, 4813402.561839389614761 ], [ 15711040.750065308064222, 4801388.504768716171384 ] ] ], [ [ [ 15717977.069149119779468, 4813402.561839390546083 ], [ 15711040.750065308064222, 4825416.61891006398946 ], [ 15717977.069149119779468, 4837430.675980737432837 ], [ 15731849.707316746935248, 4837430.675980737432837 ], [ 15738786.026400558650494, 4849444.733051410876215 ], [ 15752658.664568185806274, 4849444.733051410876215 ], [ 15759594.98365199752152, 4837430.675980737432837 ], [ 15752658.664568185806274, 4825416.61891006398946 ], [ 15738786.026400558650494, 4825416.61891006398946 ], [ 15731849.707316746935248, 4813402.561839390546083 ], [ 15717977.069149119779468, 4813402.561839390546083 ] ] ] ] } },
{ "type": "Feature", "properties": { "N03_003": "目梨郡", "N03_001": "北海道" }, "geometry": { "type": "MultiPolygon", "coordinates": [ [ [ [ 16148028.852345524355769, 5438133.529514421708882 ], [ 16134156.214177897199988, 5438133.529514421708882 ], [ 16127219.895094085484743, 5450147.586585095152259 ], [ 16134156.214177897199988, 5462161.643655768595636 ], [ 16148028.852345524355769, 5462161.643655768595636 ], [ 16154965.171429336071014, 5474175.700726442039013 ], [ 16168837.809596963226795, 5474175.700726442039013 ], [ 16175774.12868077494204, 5462161.643655768595636 ], [ 16168837.809596963226795, 5450147.586585095152259 ], [ 16154965.171429336071014, 5450147.586585095152259 ], [ 16148028.852345524355769, 5438133.529514421708882 ] ] ], [ [ [ 16175774.12868077494204, 5486189.757797116413713 ], [ 16168837.809596963226795, 5498203.81486778985709 ], [ 16175774.12868077494204, 5510217.871938463300467 ], [ 16189646.766848402097821, 5510217.871938463300467 ], [ 16196583.085932213813066, 5498203.81486778985709 ], [ 16189646.766848402097821, 5486189.757797116413713 ], [ 16175774.12868077494204, 5486189.757797116413713 ] ] ] ] } },
{ "type": "Feature", "properties": { "N03_003": "相楽郡", "N03_001": "京都府" }, "geometry": { "type": "Polygon", "coordinates": [ [ [ 15156135.223360270261765, 4128601.308810990769416 ], [ 15149198.904276458546519, 4140615.365881664678454 ], [ 15135326.266108831390738, 4140615.365881664678454 ], [ 15128389.947025019675493, 4128601.308810990769416 ], [ 15135326.266108831390738, 4116587.251740316860378 ], [ 15149198.904276458546519, 4116587.251740316860378 ], [ 15156135.223360270261765, 4128601.308810990769416 ] ] ] } },
{ "type": "Feature", "properties": { "N03_003": "相模原市", "N03_001": "神奈川県" }, "geometry": { "type": "Polygon", "coordinates": [ [ [ 15509887.496634731069207, 4236727.822447053156793 ], [ 15502951.177550919353962, 4248741.87951772660017 ], [ 15489078.539383292198181, 4248741.87951772660017 ], [ 15482142.220299480482936, 4236727.822447053156793 ], [ 15489078.539383292198181, 4224713.765376379713416 ], [ 15502951.177550919353962, 4224713.765376379713416 ], [ 15509887.496634731069207, 4236727.822447053156793 ] ] ] } },
{ "type": "Feature", "properties": { "N03_003": "相馬市", "N03_001": "福島県" }, "geometry": { "type": "Polygon", "coordinates": [ [ [ 15717977.069149119779468, 4549093.306284569203854 ], [ 15711040.750065308064222, 4561107.363355242647231 ], [ 15697168.111897680908442, 4561107.363355242647231 ], [ 15690231.792813869193196, 4549093.306284569203854 ], [ 15697168.111897680908442, 4537079.249213895760477 ], [ 15711040.750065308064222, 4537079.249213895760477 ], [ 15717977.069149119779468, 4549093.306284569203854 ] ] ] } },
{ "type": "Feature", "properties": { "N03_003": "相馬郡", "N03_001": "福島県" }, "geometry": { "type": "Polygon", "coordinates": [ [ [ 15676359.154646242037416, 4525065.192143221385777 ], [ 15669422.83556243032217, 4537079.249213894829154 ], [ 15655550.197394803166389, 4537079.249213894829154 ], [ 15648613.878310991451144, 4525065.192143221385777 ], [ 15655550.197394803166389, 4513051.1350725479424 ], [ 15669422.83556243032217, 4513051.1350725479424 ], [ 15676359.154646242037416, 4525065.192143221385777 ] ] ] } },
{ "type": "Feature", "properties": { "N03_003": "真岡市", "N03_001": "栃木県" }, "geometry": { "type": "Polygon", "coordinates": [ [ [ 15593123.325640486553311, 4356868.393153790384531 ], [ 15586187.006556674838066, 4368882.450224463827908 ], [ 15572314.368389047682285, 4368882.450224463827908 ], [ 15565378.04930523596704, 4356868.393153790384531 ], [ 15572314.368389047682285, 4344854.336083116941154 ], [ 15586187.006556674838066, 4344854.336083116941154 ], [ 15593123.325640486553311, 4356868.393153790384531 ] ] ] } },
{ "type": "Feature", "properties": { "N03_003": "真庭市", "N03_001": "岡山県" }, "geometry": { "type": "Polygon", "coordinates": [ [ [ 14906427.736343003809452, 4176657.537093685474247 ], [ 14899491.417259192094207, 4164643.480023011565208 ], [ 14885618.779091564938426, 4164643.480023011565208 ], [ 14878682.460007753223181, 4176657.537093685474247 ], [ 14864809.8218401260674, 4176657.537093685474247 ], [ 14857873.502756314352155, 4188671.594164359383285 ], [ 14864809.8218401260674, 4200685.651235032826662 ], [ 14878682.460007753223181, 4200685.651235032826662 ], [ 14885618.779091564938426, 4212699.708305706270039 ], [ 14899491.417259192094207, 4212699.708305706270039 ], [ 14906427.736343003809452, 4200685.651235032826662 ], [ 14899491.417259192094207, 4188671.594164359383285 ], [ 14906427.736343003809452, 4176657.537093685474247 ] ] ] } },
{ "type": "Feature", "properties": { "N03_003": "知多郡", "N03_001": "愛知県" }, "geometry": { "type": "Polygon", "coordinates": [ [ [ 15239371.052366025745869, 4128601.308810991235077 ], [ 15253243.690533652901649, 4128601.308810991235077 ], [ 15260180.009617464616895, 4116587.251740317326039 ], [ 15253243.690533652901649, 4104573.194669643417001 ], [ 15239371.052366025745869, 4104573.194669643417001 ], [ 15232434.733282214030623, 4116587.251740316860378 ], [ 15218562.095114586874843, 4116587.251740316860378 ], [ 15211625.776030775159597, 4128601.308810990769416 ], [ 15218562.095114586874843, 4140615.365881664678454 ], [ 15232434.733282214030623, 4140615.365881664678454 ], [ 15239371.052366025745869, 4128601.308810990769416 ], [ 15239371.052366025745869, 4128601.308810991235077 ] ] ] } },
{ "type": "Feature", "properties": { "N03_003": "石垣市", "N03_001": "沖縄県" }, "geometry": { "type": "Polygon", "coordinates": [ [ [ 13845170.916519621387124, 2795040.973966212943196 ], [ 13838234.597435809671879, 2783026.916895539034158 ], [ 13824361.959268182516098, 2783026.916895539034158 ], [ 13817425.640184370800853, 2795040.973966212943196 ], [ 13817425.640184370800853, 2795040.973966212477535 ], [ 13803553.002016743645072, 2795040.973966212477535 ], [ 13796616.682932931929827, 2807055.031036886386573 ], [ 13803553.002016743645072, 2819069.088107560295612 ], [ 13817425.640184370800853, 2819069.088107560295612 ], [ 13824361.959268182516098, 2831083.14517823420465 ], [ 13838234.597435809671879, 2831083.14517823420465 ], [ 13845170.916519621387124, 2819069.088107560295612 ], [ 13838234.597435809671879, 2807055.031036886386573 ], [ 13845170.916519621387124, 2795040.973966212943196 ] ] ] } },
{ "type": "Feature", "properties": { "N03_003": "石川郡", "N03_001": "福島県" }, "geometry": { "type": "Polygon", "coordinates": [ [ [ 15655550.197394803166389, 4464994.906789854168892 ], [ 15648613.878310991451144, 4477008.963860527612269 ], [ 15634741.240143364295363, 4477008.963860527612269 ], [ 15627804.921059552580118, 4464994.906789854168892 ], [ 15634741.240143364295363, 4452980.849719180725515 ], [ 15648613.878310991451144, 4452980.849719180725515 ], [ 15655550.197394803166389, 4464994.906789854168892 ] ] ] } },
{ "type": "Feature", "properties": { "N03_003": "石巻市", "N03_001": "宮城県" }, "geometry": { "type": "MultiPolygon", "coordinates": [ [ [ [ 15780403.940903436392546, 4609163.591637937352061 ], [ 15773467.6218196246773, 4597149.534567263908684 ], [ 15759594.98365199752152, 4597149.534567263908684 ], [ 15752658.664568185806274, 4609163.591637937352061 ], [ 15738786.026400558650494, 4609163.591637937352061 ], [ 15731849.707316746935248, 4621177.648708610795438 ], [ 15738786.026400558650494, 4633191.705779284238815 ], [ 15752658.664568185806274, 4633191.705779284238815 ], [ 15759594.98365199752152, 4621177.648708610795438 ], [ 15773467.6218196246773, 4621177.648708610795438 ], [ 15780403.940903436392546, 4609163.591637937352061 ] ] ], [ [ [ 15738786.026400558650494, 4633191.705779285170138 ], [ 15731849.707316746935248, 4645205.762849958613515 ], [ 15738786.026400558650494, 4657219.819920632056892 ], [ 15752658.664568185806274, 4657219.819920632056892 ], [ 15759594.98365199752152, 4645205.762849958613515 ], [ 15752658.664568185806274, 4633191.705779285170138 ], [ 15738786.026400558650494, 4633191.705779285170138 ] ] ], [ [ [ 15711040.750065308064222, 4657219.819920632988214 ], [ 15717977.069149119779468, 4669233.876991306431592 ], [ 15731849.707316746935248, 4669233.876991306431592 ], [ 15738786.026400558650494, 4657219.819920632988214 ], [ 15731849.707316746935248, 4645205.762849959544837 ], [ 15717977.069149119779468, 4645205.762849959544837 ], [ 15711040.750065308064222, 4657219.819920632988214 ] ] ], [ [ [ 15752658.664568185806274, 4657219.819920632988214 ], [ 15759594.98365199752152, 4669233.876991306431592 ], [ 15773467.6218196246773, 4669233.876991306431592 ], [ 15780403.940903436392546, 4657219.819920632988214 ], [ 15773467.6218196246773, 4645205.762849959544837 ], [ 15759594.98365199752152, 4645205.762849959544837 ], [ 15752658.664568185806274, 4657219.819920632988214 ] ] ] ] } },
{ "type": "Feature", "properties": { "N03_003": "石狩市", "N03_001": "北海道" }, "geometry": { "type": "MultiPolygon", "coordinates": [ [ [ [ 15717977.069149119779468, 5342021.072949032299221 ], [ 15711040.750065308064222, 5354035.130019705742598 ], [ 15717977.069149119779468, 5366049.187090379185975 ], [ 15731849.707316746935248, 5366049.187090379185975 ], [ 15738786.026400558650494, 5378063.244161052629352 ], [ 15731849.707316746935248, 5390077.301231726072729 ], [ 15738786.026400558650494, 5402091.358302399516106 ], [ 15752658.664568185806274, 5402091.358302399516106 ], [ 15759594.98365199752152, 5390077.301231726072729 ], [ 15752658.664568185806274, 5378063.244161052629352 ], [ 15759594.98365199752152, 5366049.187090379185975 ], [ 15752658.664568185806274, 5354035.130019705742598 ], [ 15738786.026400558650494, 5354035.130019705742598 ], [ 15731849.707316746935248, 5342021.072949032299221 ], [ 15717977.069149119779468, 5342021.072949032299221 ] ] ], [ [ [ 15731849.707316746935248, 5414105.415373073890805 ], [ 15738786.026400558650494, 5426119.472443747334182 ], [ 15752658.664568185806274, 5426119.472443747334182 ], [ 15759594.98365199752152, 5414105.415373073890805 ], [ 15752658.664568185806274, 5402091.358302400447428 ], [ 15738786.026400558650494, 5402091.358302400447428 ], [ 15731849.707316746935248, 5414105.415373073890805 ] ] ], [ [ [ 15711040.750065308064222, 5426119.472443748265505 ], [ 15717977.069149119779468, 5438133.529514421708882 ], [ 15731849.707316746935248, 5438133.529514421708882 ], [ 15738786.026400558650494, 5426119.472443748265505 ], [ 15731849.707316746935248, 5414105.415373074822128 ], [ 15717977.069149119779468, 5414105.415373074822128 ], [ 15711040.750065308064222, 5426119.472443748265505 ] ] ] ] } },
{ "type": "Feature", "properties": { "N03_003": "石狩郡", "N03_001": "北海道" }, "geometry": { "type": "Polygon", "coordinates": [ [ [ 15752658.664568185806274, 5330007.015878358855844 ], [ 15738786.026400558650494, 5330007.015878358855844 ], [ 15731849.707316746935248, 5342021.072949032299221 ], [ 15738786.026400558650494, 5354035.130019705742598 ], [ 15752658.664568185806274, 5354035.130019705742598 ], [ 15759594.98365199752152, 5366049.187090379185975 ], [ 15752658.664568185806274, 5378063.244161052629352 ], [ 15759594.98365199752152, 5390077.301231726072729 ], [ 15773467.6218196246773, 5390077.301231726072729 ], [ 15780403.940903436392546, 5378063.244161052629352 ], [ 15773467.6218196246773, 5366049.187090379185975 ], [ 15780403.940903436392546, 5354035.130019705742598 ], [ 15773467.6218196246773, 5342021.072949032299221 ], [ 15759594.98365199752152, 5342021.072949032299221 ], [ 15752658.664568185806274, 5330007.015878358855844 ] ] ] } },
{ "type": "Feature", "properties": { "N03_003": "磐田市", "N03_001": "静岡県" }, "geometry": { "type": "Polygon", "coordinates": [ [ [ 15364224.795874658972025, 4128601.308810990769416 ], [ 15357288.47679084725678, 4140615.365881664678454 ], [ 15343415.838623220100999, 4140615.365881664678454 ], [ 15336479.519539408385754, 4128601.308810990769416 ], [ 15343415.838623220100999, 4116587.251740316860378 ], [ 15357288.47679084725678, 4116587.251740316860378 ], [ 15364224.795874658972025, 4128601.308810990769416 ] ] ] } },
{ "type": "Feature", "properties": { "N03_003": "磯谷郡", "N03_001": "北海道" }, "geometry": { "type": "Polygon", "coordinates": [ [ [ 15648613.878310991451144, 5293964.844666336663067 ], [ 15655550.197394803166389, 5281950.78759566321969 ], [ 15648613.878310991451144, 5269936.730524989776313 ], [ 15634741.240143364295363, 5269936.730524989776313 ], [ 15627804.921059552580118, 5281950.78759566321969 ], [ 15613932.282891925424337, 5281950.78759566321969 ], [ 15606995.963808113709092, 5293964.844666336663067 ], [ 15613932.282891925424337, 5305978.901737010106444 ], [ 15627804.921059552580118, 5305978.901737010106444 ], [ 15634741.240143364295363, 5293964.844666336663067 ], [ 15648613.878310991451144, 5293964.844666336663067 ] ] ] } },
{ "type": "Feature", "properties": { "N03_003": "礼文郡", "N03_001": "北海道" }, "geometry": { "type": "MultiPolygon", "coordinates": [ [ [ [ 15711040.750065308064222, 5666400.613857220858335 ], [ 15697168.111897680908442, 5666400.613857220858335 ], [ 15690231.792813869193196, 5678414.670927894301713 ], [ 15697168.111897680908442, 5690428.72799856774509 ], [ 15711040.750065308064222, 5690428.72799856774509 ], [ 15717977.069149119779468, 5678414.670927894301713 ], [ 15711040.750065308064222, 5666400.613857220858335 ] ] ], [ [ [ 15676359.154646242037416, 5678414.670927895233035 ], [ 15669422.83556243032217, 5690428.727998568676412 ], [ 15676359.154646242037416, 5702442.785069242119789 ], [ 15690231.792813869193196, 5702442.785069242119789 ], [ 15697168.111897680908442, 5714456.842139915563166 ], [ 15711040.750065308064222, 5714456.842139915563166 ], [ 15717977.069149119779468, 5702442.785069242119789 ], [ 15711040.750065308064222, 5690428.727998568676412 ], [ 15697168.111897680908442, 5690428.727998568676412 ], [ 15690231.792813869193196, 5678414.670927895233035 ], [ 15676359.154646242037416, 5678414.670927895233035 ] ] ] ] } },
{ "type": "Feature", "properties": { "N03_003": "神埼市", "N03_001": "佐賀県" }, "geometry": { "type": "Polygon", "coordinates": [ [ [ 14531866.505817104130983, 3936376.395680211950094 ], [ 14524930.186733292415738, 3948390.452750885859132 ], [ 14511057.548565665259957, 3948390.452750885859132 ], [ 14504121.229481853544712, 3936376.395680211950094 ], [ 14511057.548565665259957, 3924362.338609538041055 ], [ 14524930.186733292415738, 3924362.338609538041055 ], [ 14531866.505817104130983, 3936376.395680211950094 ] ] ] } },
{ "type": "Feature", "properties": { "N03_003": "神崎郡", "N03_001": "兵庫県" }, "geometry": { "type": "Polygon", "coordinates": [ [ [ 15010472.522600198164582, 4164643.48002301203087 ], [ 15003536.203516386449337, 4176657.537093685939908 ], [ 14989663.565348759293556, 4176657.537093685939908 ], [ 14982727.246264947578311, 4164643.48002301203087 ], [ 14989663.565348759293556, 4152629.422952338121831 ], [ 15003536.203516386449337, 4152629.422952338121831 ], [ 15010472.522600198164582, 4164643.48002301203087 ] ] ] } },
{ "type": "Feature", "properties": { "N03_003": "神戸市", "N03_001": "兵庫県" }, "geometry": { "type": "Polygon", "coordinates": [ [ [ 15045154.118019264191389, 4104573.194669643417001 ], [ 15031281.479851637035608, 4104573.194669643417001 ], [ 15024345.160767825320363, 4116587.251740317326039 ], [ 15031281.479851637035608, 4128601.308810991235077 ], [ 15045154.118019264191389, 4128601.308810991235077 ], [ 15045154.118019264191389, 4128601.308810990769416 ], [ 15052090.437103075906634, 4140615.365881664678454 ], [ 15065963.075270703062415, 4140615.365881664678454 ], [ 15072899.39435451477766, 4128601.308810990769416 ], [ 15065963.075270703062415, 4116587.251740316860378 ], [ 15052090.437103075906634, 4116587.251740316860378 ], [ 15045154.118019264191389, 4104573.194669643417001 ] ] ] } },
{ "type": "Feature", "properties": { "N03_003": "神栖市", "N03_001": "茨城県" }, "geometry": { "type": "Polygon", "coordinates": [ [ [ 15690231.792813869193196, 4284784.050729748792946 ], [ 15697168.111897680908442, 4272769.993659075349569 ], [ 15690231.792813869193196, 4260755.936588401906192 ], [ 15676359.154646242037416, 4260755.936588401906192 ], [ 15669422.83556243032217, 4272769.993659075349569 ], [ 15655550.197394803166389, 4272769.993659075349569 ], [ 15648613.878310991451144, 4284784.050729748792946 ], [ 15655550.197394803166389, 4296798.107800422236323 ], [ 15669422.83556243032217, 4296798.107800422236323 ], [ 15676359.154646242037416, 4284784.050729748792946 ], [ 15690231.792813869193196, 4284784.050729748792946 ] ] ] } },
{ "type": "Feature", "properties": { "N03_003": "神石郡", "N03_001": "広島県" }, "geometry": { "type": "Polygon", "coordinates": [ [ [ 14844000.864588687196374, 4140615.365881664678454 ], [ 14837064.545504875481129, 4152629.422952338587493 ], [ 14823191.907337248325348, 4152629.422952338587493 ], [ 14816255.588253436610103, 4140615.365881664678454 ], [ 14823191.907337248325348, 4128601.308810990769416 ], [ 14837064.545504875481129, 4128601.308810990769416 ], [ 14844000.864588687196374, 4140615.365881664678454 ] ] ] } },
{ "type": "Feature", "properties": { "N03_003": "福井市", "N03_001": "福井県" }, "geometry": { "type": "Polygon", "coordinates": [ [ [ 15190816.818779336288571, 4308812.1648710956797 ], [ 15197753.137863148003817, 4296798.107800422236323 ], [ 15190816.818779336288571, 4284784.050729748792946 ], [ 15176944.180611709132791, 4284784.050729748792946 ], [ 15170007.861527897417545, 4296798.107800422236323 ], [ 15156135.223360270261765, 4296798.107800422236323 ], [ 15149198.904276458546519, 4308812.1648710956797 ], [ 15135326.266108831390738, 4308812.1648710956797 ], [ 15128389.947025019675493, 4320826.221941769123077 ], [ 15135326.266108831390738, 4332840.279012442566454 ], [ 15149198.904276458546519, 4332840.279012442566454 ], [ 15156135.223360270261765, 4320826.221941769123077 ], [ 15170007.861527897417545, 4320826.221941769123077 ], [ 15176944.180611709132791, 4308812.1648710956797 ], [ 15190816.818779336288571, 4308812.1648710956797 ] ] ] } },
{ "type": "Feature", "properties": { "N03_003": "福山市", "N03_001": "広島県" }, "geometry": { "type": "Polygon", "coordinates": [ [ [ 14864809.8218401260674, 4080545.080528296064585 ], [ 14857873.502756314352155, 4068531.023457622155547 ], [ 14844000.864588687196374, 4068531.023457622155547 ], [ 14837064.545504875481129, 4080545.080528296064585 ], [ 14844000.864588687196374, 4092559.137598969507962 ], [ 14837064.545504875481129, 4104573.194669643417001 ], [ 14844000.864588687196374, 4116587.251740317326039 ], [ 14857873.502756314352155, 4116587.251740317326039 ], [ 14864809.8218401260674, 4104573.194669643417001 ], [ 14857873.502756314352155, 4092559.137598969507962 ], [ 14864809.8218401260674, 4080545.080528296064585 ] ] ] } },
{ "type": "Feature", "properties": { "N03_003": "福岡市", "N03_001": "福岡県" }, "geometry": { "type": "Polygon", "coordinates": [ [ [ 14531866.505817104130983, 3960404.509821559302509 ], [ 14524930.186733292415738, 3948390.452750885393471 ], [ 14511057.548565665259957, 3948390.452750885393471 ], [ 14504121.229481853544712, 3960404.509821559302509 ], [ 14511057.548565665259957, 3972418.566892233211547 ], [ 14504121.229481853544712, 3984432.623962906654924 ], [ 14511057.548565665259957, 3996446.681033580563962 ], [ 14524930.186733292415738, 3996446.681033580563962 ], [ 14531866.505817104130983, 3984432.623962906654924 ], [ 14524930.186733292415738, 3972418.566892232745886 ], [ 14531866.505817104130983, 3960404.509821559302509 ] ] ] } },
{ "type": "Feature", "properties": { "N03_003": "福島市", "N03_001": "福島県" }, "geometry": { "type": "MultiPolygon", "coordinates": [ [ [ [ 15648613.878310991451144, 4549093.306284569203854 ], [ 15655550.197394803166389, 4537079.249213895760477 ], [ 15648613.878310991451144, 4525065.1921432223171 ], [ 15634741.240143364295363, 4525065.1921432223171 ], [ 15627804.921059552580118, 4537079.249213895760477 ], [ 15613932.282891925424337, 4537079.249213895760477 ], [ 15606995.963808113709092, 4549093.306284569203854 ], [ 15613932.282891925424337, 4561107.363355242647231 ], [ 15627804.921059552580118, 4561107.363355242647231 ], [ 15634741.240143364295363, 4549093.306284569203854 ], [ 15648613.878310991451144, 4549093.306284569203854 ] ] ], [ [ [ 15613932.282891925424337, 4561107.363355243578553 ], [ 15606995.963808113709092, 4573121.42042591702193 ], [ 15613932.282891925424337, 4585135.477496590465307 ], [ 15627804.921059552580118, 4585135.477496590465307 ], [ 15634741.240143364295363, 4573121.42042591702193 ], [ 15627804.921059552580118, 4561107.363355243578553 ], [ 15613932.282891925424337, 4561107.363355243578553 ] ] ] ] } },
{ "type": "Feature", "properties": { "N03_003": "福津市", "N03_001": "福岡県" }, "geometry": { "type": "Polygon", "coordinates": [ [ [ 14531866.505817104130983, 4008460.738104254007339 ], [ 14524930.186733292415738, 4020474.795174927916378 ], [ 14511057.548565665259957, 4020474.795174927916378 ], [ 14504121.229481853544712, 4008460.738104254007339 ], [ 14511057.548565665259957, 3996446.681033580098301 ], [ 14524930.186733292415738, 3996446.681033580098301 ], [ 14531866.505817104130983, 4008460.738104254007339 ] ] ] } },
{ "type": "Feature", "properties": { "N03_003": "福知山市", "N03_001": "京都府" }, "geometry": { "type": "Polygon", "coordinates": [ [ [ 15052090.437103075906634, 4212699.708305706270039 ], [ 15045154.118019264191389, 4224713.765376379713416 ], [ 15031281.479851637035608, 4224713.765376379713416 ], [ 15024345.160767825320363, 4212699.708305706270039 ], [ 15031281.479851637035608, 4200685.651235032826662 ], [ 15045154.118019264191389, 4200685.651235032826662 ], [ 15052090.437103075906634, 4212699.708305706270039 ] ] ] } },
{ "type": "Feature", "properties": { "N03_003": "秋田市", "N03_001": "秋田県" }, "geometry": { "type": "MultiPolygon", "coordinates": [ [ [ [ 15606995.963808113709092, 4789374.447698042728007 ], [ 15593123.325640486553311, 4789374.447698042728007 ], [ 15586187.006556674838066, 4801388.504768716171384 ], [ 15593123.325640486553311, 4813402.561839389614761 ], [ 15606995.963808113709092, 4813402.561839389614761 ], [ 15613932.282891925424337, 4801388.504768716171384 ], [ 15606995.963808113709092, 4789374.447698042728007 ] ] ], [ [ [ 15593123.325640486553311, 4813402.561839390546083 ], [ 15586187.006556674838066, 4825416.61891006398946 ], [ 15593123.325640486553311, 4837430.675980737432837 ], [ 15606995.963808113709092, 4837430.675980737432837 ], [ 15613932.282891925424337, 4849444.733051410876215 ], [ 15627804.921059552580118, 4849444.733051410876215 ], [ 15634741.240143364295363, 4837430.675980737432837 ], [ 15627804.921059552580118, 4825416.61891006398946 ], [ 15613932.282891925424337, 4825416.61891006398946 ], [ 15606995.963808113709092, 4813402.561839390546083 ], [ 15593123.325640486553311, 4813402.561839390546083 ] ] ] ] } },
{ "type": "Feature", "properties": { "N03_003": "秦野市", "N03_001": "神奈川県" }, "geometry": { "type": "Polygon", "coordinates": [ [ [ 15509887.496634731069207, 4212699.708305706270039 ], [ 15502951.177550919353962, 4224713.765376379713416 ], [ 15489078.539383292198181, 4224713.765376379713416 ], [ 15482142.220299480482936, 4212699.708305706270039 ], [ 15489078.539383292198181, 4200685.651235032826662 ], [ 15502951.177550919353962, 4200685.651235032826662 ], [ 15509887.496634731069207, 4212699.708305706270039 ] ] ] } },
{ "type": "Feature", "properties": { "N03_003": "秩父市", "N03_001": "埼玉県" }, "geometry": { "type": "Polygon", "coordinates": [ [ [ 15461333.26304804161191, 4272769.993659075349569 ], [ 15447460.624880414456129, 4272769.993659075349569 ], [ 15440524.305796602740884, 4284784.050729748792946 ], [ 15447460.624880414456129, 4296798.107800422236323 ], [ 15461333.26304804161191, 4296798.107800422236323 ], [ 15468269.582131853327155, 4308812.1648710956797 ], [ 15482142.220299480482936, 4308812.1648710956797 ], [ 15489078.539383292198181, 4296798.107800422236323 ], [ 15482142.220299480482936, 4284784.050729748792946 ], [ 15468269.582131853327155, 4284784.050729748792946 ], [ 15461333.26304804161191, 4272769.993659075349569 ] ] ] } },
{ "type": "Feature", "properties": { "N03_003": "稚内市", "N03_001": "北海道" }, "geometry": { "type": "MultiPolygon", "coordinates": [ [ [ [ 15759594.98365199752152, 5654386.556786547414958 ], [ 15752658.664568185806274, 5666400.613857220858335 ], [ 15759594.98365199752152, 5678414.670927894301713 ], [ 15773467.6218196246773, 5678414.670927894301713 ], [ 15780403.940903436392546, 5690428.72799856774509 ], [ 15794276.579071063548326, 5690428.72799856774509 ], [ 15801212.898154875263572, 5678414.670927894301713 ], [ 15794276.579071063548326, 5666400.613857220858335 ], [ 15780403.940903436392546, 5666400.613857220858335 ], [ 15773467.6218196246773, 5654386.556786547414958 ], [ 15759594.98365199752152, 5654386.556786547414958 ] ] ], [ [ [ 15759594.98365199752152, 5678414.670927895233035 ], [ 15752658.664568185806274, 5690428.727998568676412 ], [ 15759594.98365199752152, 5702442.785069242119789 ], [ 15773467.6218196246773, 5702442.785069242119789 ], [ 15780403.940903436392546, 5714456.842139915563166 ], [ 15794276.579071063548326, 5714456.842139915563166 ], [ 15801212.898154875263572, 5702442.785069242119789 ], [ 15815085.536322502419353, 5702442.785069242119789 ], [ 15822021.855406314134598, 5690428.727998568676412 ], [ 15815085.536322502419353, 5678414.670927895233035 ], [ 15801212.898154875263572, 5678414.670927895233035 ], [ 15794276.579071063548326, 5690428.727998568676412 ], [ 15780403.940903436392546, 5690428.727998568676412 ], [ 15773467.6218196246773, 5678414.670927895233035 ], [ 15759594.98365199752152, 5678414.670927895233035 ] ] ] ] } },
{ "type": "Feature", "properties": { "N03_003": "積丹郡", "N03_001": "北海道" }, "geometry": { "type": "Polygon", "coordinates": [ [ [ 15655550.197394803166389, 5354035.130019705742598 ], [ 15648613.878310991451144, 5342021.072949032299221 ], [ 15634741.240143364295363, 5342021.072949032299221 ], [ 15627804.921059552580118, 5354035.130019705742598 ], [ 15613932.282891925424337, 5354035.130019705742598 ], [ 15606995.963808113709092, 5366049.187090379185975 ], [ 15613932.282891925424337, 5378063.244161052629352 ], [ 15627804.921059552580118, 5378063.244161052629352 ], [ 15634741.240143364295363, 5390077.301231726072729 ], [ 15648613.878310991451144, 5390077.301231726072729 ], [ 15655550.197394803166389, 5378063.244161052629352 ], [ 15648613.878310991451144, 5366049.187090379185975 ], [ 15655550.197394803166389, 5354035.130019705742598 ] ] ] } },
{ "type": "Feature", "properties": { "N03_003": "空知郡", "N03_001": "北海道" }, "geometry": { "type": "MultiPolygon", "coordinates": [ [ [ [ 15842830.812657753005624, 5317992.958807685412467 ], [ 15835894.493573941290379, 5330007.015878358855844 ], [ 15842830.812657753005624, 5342021.072949032299221 ], [ 15856703.450825380161405, 5342021.072949032299221 ], [ 15863639.76990919187665, 5354035.130019705742598 ], [ 15877512.408076819032431, 5354035.130019705742598 ], [ 15884448.727160630747676, 5342021.072949032299221 ], [ 15877512.408076819032431, 5330007.015878358855844 ], [ 15863639.76990919187665, 5330007.015878358855844 ], [ 15856703.450825380161405, 5317992.958807685412467 ], [ 15842830.812657753005624, 5317992.958807685412467 ] ] ], [ [ [ 15801212.898154875263572, 5366049.187090379185975 ], [ 15794276.579071063548326, 5378063.244161052629352 ], [ 15801212.898154875263572, 5390077.301231726072729 ], [ 15815085.536322502419353, 5390077.301231726072729 ], [ 15822021.855406314134598, 5378063.244161052629352 ], [ 15815085.536322502419353, 5366049.187090379185975 ], [ 15801212.898154875263572, 5366049.187090379185975 ] ] ], [ [ [ 15842830.812657753005624, 5366049.187090379185975 ], [ 15835894.493573941290379, 5378063.244161052629352 ], [ 15842830.812657753005624, 5390077.301231726072729 ], [ 15856703.450825380161405, 5390077.301231726072729 ], [ 15863639.76990919187665, 5378063.244161052629352 ], [ 15856703.450825380161405, 5366049.187090379185975 ], [ 15842830.812657753005624, 5366049.187090379185975 ] ] ] ] } },
{ "type": "Feature", "properties": { "N03_003": "竹田市", "N03_001": "大分県" }, "geometry": { "type": "Polygon", "coordinates": [ [ [ 14635911.292074298486114, 3876306.110326843801886 ], [ 14628974.972990486770868, 3864292.053256169892848 ], [ 14615102.334822859615088, 3864292.053256169892848 ], [ 14608166.015739047899842, 3876306.110326843801886 ], [ 14615102.334822859615088, 3888320.167397517710924 ], [ 14608166.015739047899842, 3900334.224468191154301 ], [ 14615102.334822859615088, 3912348.281538865063339 ], [ 14628974.972990486770868, 3912348.281538865063339 ], [ 14635911.292074298486114, 3900334.224468191154301 ], [ 14628974.972990486770868, 3888320.167397517710924 ], [ 14635911.292074298486114, 3876306.110326843801886 ] ] ] } },
{ "type": "Feature", "properties": { "N03_003": "笛吹市", "N03_001": "山梨県" }, "geometry": { "type": "Polygon", "coordinates": [ [ [ 15447460.624880414456129, 4248741.879517727531493 ], [ 15440524.305796602740884, 4260755.93658840097487 ], [ 15426651.667628975585103, 4260755.93658840097487 ], [ 15419715.348545163869858, 4248741.879517727531493 ], [ 15426651.667628975585103, 4236727.822447054088116 ], [ 15440524.305796602740884, 4236727.822447054088116 ], [ 15447460.624880414456129, 4248741.879517727531493 ] ] ] } },
{ "type": "Feature", "properties": { "N03_003": "笠間市", "N03_001": "茨城県" }, "geometry": { "type": "Polygon", "coordinates": [ [ [ 15634741.240143364295363, 4356868.393153790384531 ], [ 15627804.921059552580118, 4368882.450224463827908 ], [ 15613932.282891925424337, 4368882.450224463827908 ], [ 15606995.963808113709092, 4356868.393153790384531 ], [ 15613932.282891925424337, 4344854.336083116941154 ], [ 15627804.921059552580118, 4344854.336083116941154 ], [ 15634741.240143364295363, 4356868.393153790384531 ] ] ] } },
{ "type": "Feature", "properties": { "N03_003": "筑西市", "N03_001": "茨城県" }, "geometry": { "type": "Polygon", "coordinates": [ [ [ 15593123.325640486553311, 4332840.279012442566454 ], [ 15586187.006556674838066, 4344854.336083116009831 ], [ 15572314.368389047682285, 4344854.336083116009831 ], [ 15565378.04930523596704, 4332840.279012442566454 ], [ 15572314.368389047682285, 4320826.221941769123077 ], [ 15586187.006556674838066, 4320826.221941769123077 ], [ 15593123.325640486553311, 4332840.279012442566454 ] ] ] } },
{ "type": "Feature", "properties": { "N03_003": "箕面市", "N03_001": "大阪府" }, "geometry": { "type": "Polygon", "coordinates": [ [ [ 15093708.351605953648686, 4140615.365881664678454 ], [ 15086772.032522141933441, 4152629.422952338587493 ], [ 15072899.39435451477766, 4152629.422952338587493 ], [ 15065963.075270703062415, 4140615.365881664678454 ], [ 15072899.39435451477766, 4128601.308810990769416 ], [ 15086772.032522141933441, 4128601.308810990769416 ], [ 15093708.351605953648686, 4140615.365881664678454 ] ] ] } },
{ "type": "Feature", "properties": { "N03_003": "築上郡", "N03_001": "福岡県" }, "geometry": { "type": "Polygon", "coordinates": [ [ [ 14594293.377571420744061, 3972418.566892233211547 ], [ 14587357.058487609028816, 3984432.623962907120585 ], [ 14573484.420319981873035, 3984432.623962907120585 ], [ 14566548.10123617015779, 3972418.566892233211547 ], [ 14573484.420319981873035, 3960404.509821559302509 ], [ 14587357.058487609028816, 3960404.509821559302509 ], [ 14594293.377571420744061, 3972418.566892233211547 ] ] ] } },
{ "type": "Feature", "properties": { "N03_003": "米原市", "N03_001": "滋賀県" }, "geometry": { "type": "Polygon", "coordinates": [ [ [ 15197753.137863148003817, 4224713.765376379713416 ], [ 15190816.818779336288571, 4236727.822447053156793 ], [ 15176944.180611709132791, 4236727.822447053156793 ], [ 15170007.861527897417545, 4224713.765376379713416 ], [ 15176944.180611709132791, 4212699.708305706270039 ], [ 15190816.818779336288571, 4212699.708305706270039 ], [ 15197753.137863148003817, 4224713.765376379713416 ] ] ] } },
{ "type": "Feature", "properties": { "N03_003": "米子市", "N03_001": "鳥取県" }, "geometry": { "type": "Polygon", "coordinates": [ [ [ 14864809.8218401260674, 4224713.765376379713416 ], [ 14857873.502756314352155, 4236727.822447053156793 ], [ 14844000.864588687196374, 4236727.822447053156793 ], [ 14837064.545504875481129, 4224713.765376379713416 ], [ 14844000.864588687196374, 4212699.708305706270039 ], [ 14857873.502756314352155, 4212699.708305706270039 ], [ 14864809.8218401260674, 4224713.765376379713416 ] ] ] } },
{ "type": "Feature", "properties": { "N03_003": "米沢市", "N03_001": "山形県" }, "geometry": { "type": "Polygon", "coordinates": [ [ [ 15613932.282891925424337, 4561107.363355243578553 ], [ 15606995.963808113709092, 4573121.42042591702193 ], [ 15593123.325640486553311, 4573121.42042591702193 ], [ 15586187.006556674838066, 4561107.363355243578553 ], [ 15593123.325640486553311, 4549093.306284570135176 ], [ 15606995.963808113709092, 4549093.306284570135176 ], [ 15613932.282891925424337, 4561107.363355243578553 ] ] ] } },
{ "type": "Feature", "properties": { "N03_003": "糸島市", "N03_001": "福岡県" }, "geometry": { "type": "Polygon", "coordinates": [ [ [ 14511057.548565665259957, 3972418.566892233211547 ], [ 14504121.229481853544712, 3984432.623962907120585 ], [ 14490248.591314226388931, 3984432.623962907120585 ], [ 14483312.272230414673686, 3972418.566892233211547 ], [ 14490248.591314226388931, 3960404.509821559302509 ], [ 14504121.229481853544712, 3960404.509821559302509 ], [ 14511057.548565665259957, 3972418.566892233211547 ] ] ] } },
{ "type": "Feature", "properties": { "N03_003": "糸満市", "N03_001": "沖縄県" }, "geometry": { "type": "Polygon", "coordinates": [ [ [ 14219732.147045521065593, 3011294.001238339114934 ], [ 14212795.827961709350348, 3023308.058309013023973 ], [ 14198923.189794082194567, 3023308.058309013023973 ], [ 14191986.870710270479321, 3011294.001238339114934 ], [ 14198923.189794082194567, 2999279.944167665205896 ], [ 14212795.827961709350348, 2999279.944167665205896 ], [ 14219732.147045521065593, 3011294.001238339114934 ] ] ] } },
{ "type": "Feature", "properties": { "N03_003": "糸魚川市", "N03_001": "新潟県" }, "geometry": { "type": "MultiPolygon", "coordinates": [ [ [ [ 15336479.519539408385754, 4416938.678507158532739 ], [ 15322606.881371781229973, 4416938.678507158532739 ], [ 15315670.562287969514728, 4428952.735577831976116 ], [ 15322606.881371781229973, 4440966.792648505419493 ], [ 15336479.519539408385754, 4440966.792648505419493 ], [ 15343415.838623220100999, 4428952.735577831976116 ], [ 15336479.519539408385754, 4416938.678507158532739 ] ] ], [ [ [ 15357288.47679084725678, 4428952.735577832907438 ], [ 15343415.838623220100999, 4428952.735577832907438 ], [ 15336479.519539408385754, 4440966.792648506350815 ], [ 15343415.838623220100999, 4452980.849719179794192 ], [ 15357288.47679084725678, 4452980.849719179794192 ], [ 15364224.795874658972025, 4440966.792648506350815 ], [ 15357288.47679084725678, 4428952.735577832907438 ] ] ] ] } },
{ "type": "Feature", "properties": { "N03_003": "紀の川市", "N03_001": "和歌山県" }, "geometry": { "type": "Polygon", "coordinates": [ [ [ 15093708.351605953648686, 4068531.023457622621208 ], [ 15086772.032522141933441, 4080545.080528296530247 ], [ 15072899.39435451477766, 4080545.080528296530247 ], [ 15065963.075270703062415, 4068531.023457622621208 ], [ 15072899.39435451477766, 4056516.96638694871217 ], [ 15086772.032522141933441, 4056516.96638694871217 ], [ 15093708.351605953648686, 4068531.023457622621208 ] ] ] } },
{ "type": "Feature", "properties": { "N03_003": "紋別市", "N03_001": "北海道" }, "geometry": { "type": "MultiPolygon", "coordinates": [ [ [ [ 15960748.237082574516535, 5474175.700726442039013 ], [ 15946875.598914947360754, 5474175.700726442039013 ], [ 15939939.279831135645509, 5486189.75779711548239 ], [ 15946875.598914947360754, 5498203.814867788925767 ], [ 15960748.237082574516535, 5498203.814867788925767 ], [ 15967684.55616638623178, 5486189.75779711548239 ], [ 15960748.237082574516535, 5474175.700726442039013 ] ] ], [ [ [ 15960748.237082574516535, 5498203.81486778985709 ], [ 15946875.598914947360754, 5498203.81486778985709 ], [ 15939939.279831135645509, 5510217.871938463300467 ], [ 15946875.598914947360754, 5522231.929009136743844 ], [ 15960748.237082574516535, 5522231.929009136743844 ], [ 15967684.55616638623178, 5510217.871938463300467 ], [ 15960748.237082574516535, 5498203.81486778985709 ] ] ] ] } },
{ "type": "Feature", "properties": { "N03_003": "紋別郡", "N03_001": "北海道" }, "geometry": { "type": "MultiPolygon", "coordinates": [ [ [ [ 15919130.322579696774483, 5426119.472443748265505 ], [ 15926066.641663508489728, 5438133.529514421708882 ], [ 15919130.322579696774483, 5450147.586585095152259 ], [ 15905257.684412069618702, 5450147.586585095152259 ], [ 15898321.365328257903457, 5462161.643655768595636 ], [ 15905257.684412069618702, 5474175.700726442039013 ], [ 15898321.365328257903457, 5486189.75779711548239 ], [ 15905257.684412069618702, 5498203.814867788925767 ], [ 15919130.322579696774483, 5498203.814867788925767 ], [ 15926066.641663508489728, 5486189.75779711548239 ], [ 15939939.279831135645509, 5486189.75779711548239 ], [ 15946875.598914947360754, 5474175.700726442039013 ], [ 15960748.237082574516535, 5474175.700726442039013 ], [ 15967684.55616638623178, 5486189.75779711548239 ], [ 15981557.194334013387561, 5486189.75779711548239 ], [ 15988493.513417825102806, 5498203.814867788925767 ], [ 16002366.151585452258587, 5498203.814867788925767 ], [ 16009302.470669263973832, 5486189.75779711548239 ], [ 16002366.151585452258587, 5474175.700726442039013 ], [ 15988493.513417825102806, 5474175.700726442039013 ], [ 15981557.194334013387561, 5462161.643655768595636 ], [ 15988493.513417825102806, 5450147.586585095152259 ], [ 15981557.194334013387561, 5438133.529514421708882 ], [ 15967684.55616638623178, 5438133.529514421708882 ], [ 15960748.237082574516535, 5426119.472443748265505 ], [ 15946875.598914947360754, 5426119.472443748265505 ], [ 15939939.279831135645509, 5414105.415373074822128 ], [ 15926066.641663508489728, 5414105.415373074822128 ], [ 15919130.322579696774483, 5426119.472443748265505 ] ] ], [ [ [ 15905257.684412069618702, 5498203.81486778985709 ], [ 15898321.365328257903457, 5510217.871938463300467 ], [ 15905257.684412069618702, 5522231.929009136743844 ], [ 15919130.322579696774483, 5522231.929009136743844 ], [ 15926066.641663508489728, 5510217.871938463300467 ], [ 15939939.279831135645509, 5510217.871938463300467 ], [ 15946875.598914947360754, 5498203.81486778985709 ], [ 15939939.279831135645509, 5486189.757797116413713 ], [ 15926066.641663508489728, 5486189.757797116413713 ], [ 15919130.322579696774483, 5498203.81486778985709 ], [ 15905257.684412069618702, 5498203.81486778985709 ] ] ], [ [ [ 15898321.365328257903457, 5534245.986079811118543 ], [ 15884448.727160630747676, 5534245.986079811118543 ], [ 15877512.408076819032431, 5546260.04315048456192 ], [ 15884448.727160630747676, 5558274.100221158005297 ], [ 15898321.365328257903457, 5558274.100221158005297 ], [ 15905257.684412069618702, 5570288.157291831448674 ], [ 15919130.322579696774483, 5570288.157291831448674 ], [ 15926066.641663508489728, 5558274.100221158005297 ], [ 15939939.279831135645509, 5558274.100221158005297 ], [ 15946875.598914947360754, 5546260.04315048456192 ], [ 15960748.237082574516535, 5546260.04315048456192 ], [ 15967684.55616638623178, 5534245.986079811118543 ], [ 15960748.237082574516535, 5522231.929009137675166 ], [ 15946875.598914947360754, 5522231.929009137675166 ], [ 15939939.279831135645509, 5510217.871938464231789 ], [ 15926066.641663508489728, 5510217.871938464231789 ], [ 15919130.322579696774483, 5522231.929009137675166 ], [ 15905257.684412069618702, 5522231.929009137675166 ], [ 15898321.365328257903457, 5534245.986079811118543 ] ] ], [ [ [ 15967684.55616638623178, 5510217.871938463300467 ], [ 15981557.194334013387561, 5510217.871938463300467 ], [ 15988493.513417825102806, 5498203.81486778985709 ], [ 15981557.194334013387561, 5486189.757797116413713 ], [ 15967684.55616638623178, 5486189.757797116413713 ], [ 15960748.237082574516535, 5498203.81486778985709 ], [ 15967684.55616638623178, 5510217.871938463300467 ] ] ] ] } },
{ "type": "Feature", "properties": { "N03_003": "紗那郡", "N03_001": "北海道" }, "geometry": { "type": "MultiPolygon", "coordinates": [ [ [ [ 16480972.168368546292186, 5606330.32850385364145 ], [ 16467099.530200919136405, 5606330.32850385364145 ], [ 16460163.21111710742116, 5618344.385574527084827 ], [ 16467099.530200919136405, 5630358.442645200528204 ], [ 16460163.21111710742116, 5642372.499715873971581 ], [ 16446290.572949480265379, 5642372.499715873971581 ], [ 16439354.253865668550134, 5654386.556786547414958 ], [ 16446290.572949480265379, 5666400.613857220858335 ], [ 16439354.253865668550134, 5678414.670927894301713 ], [ 16446290.572949480265379, 5690428.72799856774509 ], [ 16460163.21111710742116, 5690428.72799856774509 ], [ 16467099.530200919136405, 5678414.670927894301713 ], [ 16480972.168368546292186, 5678414.670927894301713 ], [ 16487908.487452358007431, 5666400.613857220858335 ], [ 16501781.125619985163212, 5666400.613857220858335 ], [ 16508717.444703796878457, 5654386.556786547414958 ], [ 16501781.125619985163212, 5642372.499715873971581 ], [ 16487908.487452358007431, 5642372.499715873971581 ], [ 16480972.168368546292186, 5630358.442645200528204 ], [ 16487908.487452358007431, 5618344.385574527084827 ], [ 16480972.168368546292186, 5606330.32850385364145 ] ] ], [ [ [ 16460163.21111710742116, 5690428.727998568676412 ], [ 16467099.530200919136405, 5702442.785069242119789 ], [ 16480972.168368546292186, 5702442.785069242119789 ], [ 16487908.487452358007431, 5690428.727998568676412 ], [ 16480972.168368546292186, 5678414.670927895233035 ], [ 16467099.530200919136405, 5678414.670927895233035 ], [ 16460163.21111710742116, 5690428.727998568676412 ] ] ] ] } },
{ "type": "Feature", "properties": { "N03_003": "紫波郡", "N03_001": "岩手県" }, "geometry": { "type": "Polygon", "coordinates": [ [ [ 15738786.026400558650494, 4801388.504768716171384 ], [ 15731849.707316746935248, 4813402.561839389614761 ], [ 15717977.069149119779468, 4813402.561839389614761 ], [ 15711040.750065308064222, 4801388.504768716171384 ], [ 15717977.069149119779468, 4789374.447698042728007 ], [ 15731849.707316746935248, 4789374.447698042728007 ], [ 15738786.026400558650494, 4801388.504768716171384 ] ] ] } },
{ "type": "Feature", "properties": { "N03_003": "網走市", "N03_001": "北海道" }, "geometry": { "type": "Polygon", "coordinates": [ [ [ 16043984.066088330000639, 5450147.586585095152259 ], [ 16030111.427920702844858, 5450147.586585095152259 ], [ 16023175.108836891129613, 5462161.643655768595636 ], [ 16030111.427920702844858, 5474175.700726442039013 ], [ 16043984.066088330000639, 5474175.700726442039013 ], [ 16050920.385172141715884, 5486189.75779711548239 ], [ 16064793.023339768871665, 5486189.75779711548239 ], [ 16071729.34242358058691, 5474175.700726442039013 ], [ 16064793.023339768871665, 5462161.643655768595636 ], [ 16050920.385172141715884, 5462161.643655768595636 ], [ 16043984.066088330000639, 5450147.586585095152259 ] ] ] } },
{ "type": "Feature", "properties": { "N03_003": "網走郡", "N03_001": "北海道" }, "geometry": { "type": "MultiPolygon", "coordinates": [ [ [ [ 16030111.427920702844858, 5378063.244161052629352 ], [ 16023175.108836891129613, 5390077.301231726072729 ], [ 16030111.427920702844858, 5402091.358302399516106 ], [ 16043984.066088330000639, 5402091.358302399516106 ], [ 16050920.385172141715884, 5390077.301231726072729 ], [ 16043984.066088330000639, 5378063.244161052629352 ], [ 16030111.427920702844858, 5378063.244161052629352 ] ] ], [ [ [ 16002366.151585452258587, 5402091.358302400447428 ], [ 16009302.470669263973832, 5414105.415373073890805 ], [ 16023175.108836891129613, 5414105.415373073890805 ], [ 16030111.427920702844858, 5426119.472443747334182 ], [ 16043984.066088330000639, 5426119.472443747334182 ], [ 16050920.385172141715884, 5414105.415373073890805 ], [ 16043984.066088330000639, 5402091.358302400447428 ], [ 16030111.427920702844858, 5402091.358302400447428 ], [ 16023175.108836891129613, 5390077.301231727004051 ], [ 16009302.470669263973832, 5390077.301231727004051 ], [ 16002366.151585452258587, 5402091.358302400447428 ] ] ], [ [ [ 16064793.023339768871665, 5414105.415373074822128 ], [ 16050920.385172141715884, 5414105.415373074822128 ], [ 16043984.066088330000639, 5426119.472443748265505 ], [ 16030111.427920702844858, 5426119.472443748265505 ], [ 16023175.108836891129613, 5438133.529514421708882 ], [ 16030111.427920702844858, 5450147.586585095152259 ], [ 16043984.066088330000639, 5450147.586585095152259 ], [ 16050920.385172141715884, 5462161.643655768595636 ], [ 16064793.023339768871665, 5462161.643655768595636 ], [ 16071729.34242358058691, 5450147.586585095152259 ], [ 16064793.023339768871665, 5438133.529514421708882 ], [ 16071729.34242358058691, 5426119.472443748265505 ], [ 16064793.023339768871665, 5414105.415373074822128 ] ] ] ] } },
{ "type": "Feature", "properties": { "N03_003": "綴喜郡", "N03_001": "京都府" }, "geometry": { "type": "Polygon", "coordinates": [ [ [ 15135326.266108831390738, 4140615.365881664678454 ], [ 15128389.947025019675493, 4152629.422952338587493 ], [ 15114517.308857392519712, 4152629.422952338587493 ], [ 15107580.989773580804467, 4140615.365881664678454 ], [ 15114517.308857392519712, 4128601.308810990769416 ], [ 15128389.947025019675493, 4128601.308810990769416 ], [ 15135326.266108831390738, 4140615.365881664678454 ] ] ] } },
{ "type": "Feature", "properties": { "N03_003": "綾部市", "N03_001": "京都府" }, "geometry": { "type": "Polygon", "coordinates": [ [ [ 15065963.075270703062415, 4188671.594164358917624 ], [ 15052090.437103075906634, 4188671.594164358917624 ], [ 15045154.118019264191389, 4200685.651235032826662 ], [ 15052090.437103075906634, 4212699.708305706270039 ], [ 15065963.075270703062415, 4212699.708305706270039 ], [ 15072899.39435451477766, 4224713.765376379713416 ], [ 15086772.032522141933441, 4224713.765376379713416 ], [ 15093708.351605953648686, 4212699.708305706270039 ], [ 15086772.032522141933441, 4200685.651235032826662 ], [ 15072899.39435451477766, 4200685.651235032826662 ], [ 15065963.075270703062415, 4188671.594164358917624 ] ] ] } },
{ "type": "Feature", "properties": { "N03_003": "練馬区", "N03_001": "東京都" }, "geometry": { "type": "Polygon", "coordinates": [ [ [ 15551505.411137608811259, 4260755.93658840097487 ], [ 15544569.092053797096014, 4272769.993659074418247 ], [ 15530696.453886169940233, 4272769.993659074418247 ], [ 15523760.134802358224988, 4260755.93658840097487 ], [ 15530696.453886169940233, 4248741.879517727531493 ], [ 15544569.092053797096014, 4248741.879517727531493 ], [ 15551505.411137608811259, 4260755.93658840097487 ] ] ] } },
{ "type": "Feature", "properties": { "N03_003": "美作市", "N03_001": "岡山県" }, "geometry": { "type": "MultiPolygon", "coordinates": [ [ [ [ 14941109.331762069836259, 4140615.365881664212793 ], [ 14927236.693594442680478, 4140615.365881664212793 ], [ 14920300.374510630965233, 4152629.422952338121831 ], [ 14927236.693594442680478, 4164643.48002301203087 ], [ 14941109.331762069836259, 4164643.48002301203087 ], [ 14948045.650845881551504, 4152629.422952338121831 ], [ 14941109.331762069836259, 4140615.365881664212793 ] ] ], [ [ [ 14961918.289013508707285, 4176657.537093685474247 ], [ 14948045.650845881551504, 4176657.537093685474247 ], [ 14941109.331762069836259, 4188671.594164359383285 ], [ 14948045.650845881551504, 4200685.651235032826662 ], [ 14961918.289013508707285, 4200685.651235032826662 ], [ 14968854.60809732042253, 4188671.594164359383285 ], [ 14961918.289013508707285, 4176657.537093685474247 ] ] ] ] } },
{ "type": "Feature", "properties": { "N03_003": "美唄市", "N03_001": "北海道" }, "geometry": { "type": "Polygon", "coordinates": [ [ [ 15801212.898154875263572, 5366049.187090379185975 ], [ 15794276.579071063548326, 5378063.244161052629352 ], [ 15780403.940903436392546, 5378063.244161052629352 ], [ 15773467.6218196246773, 5366049.187090379185975 ], [ 15780403.940903436392546, 5354035.130019705742598 ], [ 15794276.579071063548326, 5354035.130019705742598 ], [ 15801212.898154875263572, 5366049.187090379185975 ] ] ] } },
{ "type": "Feature", "properties": { "N03_003": "美方郡", "N03_001": "兵庫県" }, "geometry": { "type": "MultiPolygon", "coordinates": [ [ [ [ 14982727.246264947578311, 4212699.708305706270039 ], [ 14968854.60809732042253, 4212699.708305706270039 ], [ 14961918.289013508707285, 4224713.765376379713416 ], [ 14968854.60809732042253, 4236727.822447053156793 ], [ 14982727.246264947578311, 4236727.822447053156793 ], [ 14989663.565348759293556, 4224713.765376379713416 ], [ 14982727.246264947578311, 4212699.708305706270039 ] ] ], [ [ [ 14982727.246264947578311, 4236727.822447054088116 ], [ 14968854.60809732042253, 4236727.822447054088116 ], [ 14961918.289013508707285, 4248741.879517727531493 ], [ 14968854.60809732042253, 4260755.93658840097487 ], [ 14982727.246264947578311, 4260755.93658840097487 ], [ 14989663.565348759293556, 4248741.879517727531493 ], [ 14982727.246264947578311, 4236727.822447054088116 ] ] ] ] } },
{ "type": "Feature", "properties": { "N03_003": "美祢市", "N03_001": "山口県" }, "geometry": { "type": "Polygon", "coordinates": [ [ [ 14608166.015739047899842, 4044502.909316274803132 ], [ 14594293.377571420744061, 4044502.909316274803132 ], [ 14587357.058487609028816, 4056516.96638694871217 ], [ 14594293.377571420744061, 4068531.023457622621208 ], [ 14608166.015739047899842, 4068531.023457622621208 ], [ 14615102.334822859615088, 4080545.080528296530247 ], [ 14628974.972990486770868, 4080545.080528296530247 ], [ 14635911.292074298486114, 4068531.023457622621208 ], [ 14628974.972990486770868, 4056516.96638694871217 ], [ 14615102.334822859615088, 4056516.96638694871217 ], [ 14608166.015739047899842, 4044502.909316274803132 ] ] ] } },
{ "type": "Feature", "properties": { "N03_003": "美馬市", "N03_001": "徳島県" }, "geometry": { "type": "Polygon", "coordinates": [ [ [ 14948045.650845881551504, 4032488.852245601359755 ], [ 14941109.331762069836259, 4044502.909316275268793 ], [ 14927236.693594442680478, 4044502.909316275268793 ], [ 14920300.374510630965233, 4032488.852245601359755 ], [ 14927236.693594442680478, 4020474.795174927450716 ], [ 14941109.331762069836259, 4020474.795174927450716 ], [ 14948045.650845881551504, 4032488.852245601359755 ] ] ] } },
{ "type": "Feature", "properties": { "N03_003": "羽咋郡", "N03_001": "石川県" }, "geometry": { "type": "MultiPolygon", "coordinates": [ [ [ [ 15232434.733282214030623, 4404924.621436485089362 ], [ 15218562.095114586874843, 4404924.621436485089362 ], [ 15211625.776030775159597, 4416938.678507158532739 ], [ 15218562.095114586874843, 4428952.735577831976116 ], [ 15232434.733282214030623, 4428952.735577831976116 ], [ 15239371.052366025745869, 4416938.678507158532739 ], [ 15232434.733282214030623, 4404924.621436485089362 ] ] ], [ [ [ 15218562.095114586874843, 4428952.735577832907438 ], [ 15211625.776030775159597, 4440966.792648506350815 ], [ 15218562.095114586874843, 4452980.849719179794192 ], [ 15232434.733282214030623, 4452980.849719179794192 ], [ 15239371.052366025745869, 4440966.792648506350815 ], [ 15232434.733282214030623, 4428952.735577832907438 ], [ 15218562.095114586874843, 4428952.735577832907438 ] ] ], [ [ [ 15218562.095114586874843, 4452980.849719180725515 ], [ 15211625.776030775159597, 4464994.906789854168892 ], [ 15218562.095114586874843, 4477008.963860527612269 ], [ 15232434.733282214030623, 4477008.963860527612269 ], [ 15239371.052366025745869, 4464994.906789854168892 ], [ 15232434.733282214030623, 4452980.849719180725515 ], [ 15218562.095114586874843, 4452980.849719180725515 ] ] ] ] } },
{ "type": "Feature", "properties": { "N03_003": "耶麻郡", "N03_001": "福島県" }, "geometry": { "type": "MultiPolygon", "coordinates": [ [ [ [ 15593123.325640486553311, 4501037.078001874499023 ], [ 15586187.006556674838066, 4513051.1350725479424 ], [ 15572314.368389047682285, 4513051.1350725479424 ], [ 15565378.04930523596704, 4525065.192143221385777 ], [ 15572314.368389047682285, 4537079.249213894829154 ], [ 15586187.006556674838066, 4537079.249213894829154 ], [ 15593123.325640486553311, 4525065.192143221385777 ], [ 15606995.963808113709092, 4525065.192143221385777 ], [ 15613932.282891925424337, 4513051.1350725479424 ], [ 15606995.963808113709092, 4501037.078001874499023 ], [ 15593123.325640486553311, 4501037.078001874499023 ] ] ], [ [ [ 15530696.453886169940233, 4513051.1350725479424 ], [ 15523760.134802358224988, 4525065.192143221385777 ], [ 15530696.453886169940233, 4537079.249213894829154 ], [ 15544569.092053797096014, 4537079.249213894829154 ], [ 15551505.411137608811259, 4525065.192143221385777 ], [ 15544569.092053797096014, 4513051.1350725479424 ], [ 15530696.453886169940233, 4513051.1350725479424 ] ] ], [ [ [ 15593123.325640486553311, 4525065.1921432223171 ], [ 15586187.006556674838066, 4537079.249213895760477 ], [ 15593123.325640486553311, 4549093.306284569203854 ], [ 15606995.963808113709092, 4549093.306284569203854 ], [ 15613932.282891925424337, 4537079.249213895760477 ], [ 15606995.963808113709092, 4525065.1921432223171 ], [ 15593123.325640486553311, 4525065.1921432223171 ] ] ] ] } },
{ "type": "Feature", "properties": { "N03_003": "肝属郡", "N03_001": "鹿児島県" }, "geometry": { "type": "Polygon", "coordinates": [ [ [ 14531866.505817104130983, 3624010.911842696368694 ], [ 14524930.186733292415738, 3636024.968913370277733 ], [ 14531866.505817104130983, 3648039.025984044186771 ], [ 14545739.143984731286764, 3648039.025984044186771 ], [ 14545739.143984731286764, 3648039.02598404372111 ], [ 14552675.463068543002009, 3660053.083054717630148 ], [ 14566548.10123617015779, 3660053.083054717630148 ], [ 14573484.420319981873035, 3672067.140125391539186 ], [ 14566548.10123617015779, 3684081.197196064982563 ], [ 14573484.420319981873035, 3696095.254266738891602 ], [ 14587357.058487609028816, 3696095.254266738891602 ], [ 14594293.377571420744061, 3684081.197196064982563 ], [ 14608166.015739047899842, 3684081.197196064982563 ], [ 14615102.334822859615088, 3672067.140125391073525 ], [ 14608166.015739047899842, 3660053.083054717164487 ], [ 14594293.377571420744061, 3660053.083054717164487 ], [ 14587357.058487609028816, 3648039.02598404372111 ], [ 14573484.420319981873035, 3648039.02598404372111 ], [ 14566548.10123617015779, 3636024.968913369812071 ], [ 14552675.463068543002009, 3636024.968913369812071 ], [ 14545739.143984731286764, 3624010.911842696368694 ], [ 14531866.505817104130983, 3624010.911842696368694 ] ] ] } },
{ "type": "Feature", "properties": { "N03_003": "胎内市", "N03_001": "新潟県" }, "geometry": { "type": "Polygon", "coordinates": [ [ [ 15544569.092053797096014, 4585135.477496590465307 ], [ 15551505.411137608811259, 4573121.42042591702193 ], [ 15544569.092053797096014, 4561107.363355243578553 ], [ 15530696.453886169940233, 4561107.363355243578553 ], [ 15523760.134802358224988, 4573121.42042591702193 ], [ 15509887.496634731069207, 4573121.42042591702193 ], [ 15502951.177550919353962, 4585135.477496590465307 ], [ 15509887.496634731069207, 4597149.534567263908684 ], [ 15523760.134802358224988, 4597149.534567263908684 ], [ 15530696.453886169940233, 4585135.477496590465307 ], [ 15544569.092053797096014, 4585135.477496590465307 ] ] ] } },
{ "type": "Feature", "properties": { "N03_003": "能代市", "N03_001": "秋田県" }, "geometry": { "type": "Polygon", "coordinates": [ [ [ 15613932.282891925424337, 4897500.961334105581045 ], [ 15606995.963808113709092, 4909515.018404779024422 ], [ 15593123.325640486553311, 4909515.018404779024422 ], [ 15586187.006556674838066, 4897500.961334105581045 ], [ 15593123.325640486553311, 4885486.904263432137668 ], [ 15606995.963808113709092, 4885486.904263432137668 ], [ 15613932.282891925424337, 4897500.961334105581045 ] ] ] } },
{ "type": "Feature", "properties": { "N03_003": "能美市", "N03_001": "石川県" }, "geometry": { "type": "Polygon", "coordinates": [ [ [ 15197753.137863148003817, 4368882.450224464759231 ], [ 15190816.818779336288571, 4380896.507295138202608 ], [ 15176944.180611709132791, 4380896.507295138202608 ], [ 15170007.861527897417545, 4368882.450224464759231 ], [ 15176944.180611709132791, 4356868.393153791315854 ], [ 15190816.818779336288571, 4356868.393153791315854 ], [ 15197753.137863148003817, 4368882.450224464759231 ] ] ] } },
{ "type": "Feature", "properties": { "N03_003": "臼杵市", "N03_001": "大分県" }, "geometry": { "type": "Polygon", "coordinates": [ [ [ 14677529.206577176228166, 3900334.224468191154301 ], [ 14670592.88749336451292, 3912348.281538865063339 ], [ 14656720.24932573735714, 3912348.281538865063339 ], [ 14649783.930241925641894, 3900334.224468191154301 ], [ 14656720.24932573735714, 3888320.167397517245263 ], [ 14670592.88749336451292, 3888320.167397517245263 ], [ 14677529.206577176228166, 3900334.224468191154301 ] ] ] } },
{ "type": "Feature", "properties": { "N03_003": "舞鶴市", "N03_001": "京都府" }, "geometry": { "type": "Polygon", "coordinates": [ [ [ 15065963.075270703062415, 4212699.708305706270039 ], [ 15052090.437103075906634, 4212699.708305706270039 ], [ 15045154.118019264191389, 4224713.765376379713416 ], [ 15052090.437103075906634, 4236727.822447053156793 ], [ 15065963.075270703062415, 4236727.822447053156793 ], [ 15072899.39435451477766, 4248741.87951772660017 ], [ 15086772.032522141933441, 4248741.87951772660017 ], [ 15093708.351605953648686, 4236727.822447053156793 ], [ 15086772.032522141933441, 4224713.765376379713416 ], [ 15072899.39435451477766, 4224713.765376379713416 ], [ 15065963.075270703062415, 4212699.708305706270039 ] ] ] } },
{ "type": "Feature", "properties": { "N03_003": "船橋市", "N03_001": "千葉県" }, "geometry": { "type": "Polygon", "coordinates": [ [ [ 15593123.325640486553311, 4260755.93658840097487 ], [ 15586187.006556674838066, 4272769.993659074418247 ], [ 15572314.368389047682285, 4272769.993659074418247 ], [ 15565378.04930523596704, 4260755.93658840097487 ], [ 15572314.368389047682285, 4248741.879517727531493 ], [ 15586187.006556674838066, 4248741.879517727531493 ], [ 15593123.325640486553311, 4260755.93658840097487 ] ] ] } },
{ "type": "Feature", "properties": { "N03_003": "色丹郡", "N03_001": "北海道" }, "geometry": { "type": "MultiPolygon", "coordinates": [ [ [ [ 16321436.829440847039223, 5402091.358302400447428 ], [ 16314500.510357035323977, 5414105.415373073890805 ], [ 16321436.829440847039223, 5426119.472443747334182 ], [ 16335309.467608474195004, 5426119.472443747334182 ], [ 16342245.786692285910249, 5414105.415373073890805 ], [ 16335309.467608474195004, 5402091.358302400447428 ], [ 16321436.829440847039223, 5402091.358302400447428 ] ] ], [ [ [ 16342245.786692285910249, 5414105.415373074822128 ], [ 16335309.467608474195004, 5426119.472443748265505 ], [ 16321436.829440847039223, 5426119.472443748265505 ], [ 16314500.510357035323977, 5438133.529514421708882 ], [ 16321436.829440847039223, 5450147.586585095152259 ], [ 16335309.467608474195004, 5450147.586585095152259 ], [ 16342245.786692285910249, 5462161.643655768595636 ], [ 16356118.42485991306603, 5462161.643655768595636 ], [ 16363054.743943724781275, 5450147.586585095152259 ], [ 16356118.42485991306603, 5438133.529514421708882 ], [ 16363054.743943724781275, 5426119.472443748265505 ], [ 16356118.42485991306603, 5414105.415373074822128 ], [ 16342245.786692285910249, 5414105.415373074822128 ] ] ] ] } },
{ "type": "Feature", "properties": { "N03_003": "芦別市", "N03_001": "北海道" }, "geometry": { "type": "Polygon", "coordinates": [ [ [ 15842830.812657753005624, 5366049.187090379185975 ], [ 15835894.493573941290379, 5354035.130019705742598 ], [ 15822021.855406314134598, 5354035.130019705742598 ], [ 15815085.536322502419353, 5366049.187090379185975 ], [ 15822021.855406314134598, 5378063.244161052629352 ], [ 15815085.536322502419353, 5390077.301231726072729 ], [ 15822021.855406314134598, 5402091.358302399516106 ], [ 15835894.493573941290379, 5402091.358302399516106 ], [ 15842830.812657753005624, 5390077.301231726072729 ], [ 15835894.493573941290379, 5378063.244161052629352 ], [ 15842830.812657753005624, 5366049.187090379185975 ] ] ] } },
{ "type": "Feature", "properties": { "N03_003": "花巻市", "N03_001": "岩手県" }, "geometry": { "type": "Polygon", "coordinates": [ [ [ 15731849.707316746935248, 4789374.447698042728007 ], [ 15738786.026400558650494, 4777360.39062736928463 ], [ 15731849.707316746935248, 4765346.333556695841253 ], [ 15717977.069149119779468, 4765346.333556695841253 ], [ 15711040.750065308064222, 4777360.39062736928463 ], [ 15697168.111897680908442, 4777360.39062736928463 ], [ 15690231.792813869193196, 4789374.447698042728007 ], [ 15697168.111897680908442, 4801388.504768716171384 ], [ 15711040.750065308064222, 4801388.504768716171384 ], [ 15717977.069149119779468, 4789374.447698042728007 ], [ 15731849.707316746935248, 4789374.447698042728007 ] ] ] } },
{ "type": "Feature", "properties": { "N03_003": "芳賀郡", "N03_001": "栃木県" }, "geometry": { "type": "Polygon", "coordinates": [ [ [ 15613932.282891925424337, 4368882.450224464759231 ], [ 15606995.963808113709092, 4380896.507295138202608 ], [ 15593123.325640486553311, 4380896.507295138202608 ], [ 15586187.006556674838066, 4368882.450224464759231 ], [ 15593123.325640486553311, 4356868.393153791315854 ], [ 15606995.963808113709092, 4356868.393153791315854 ], [ 15613932.282891925424337, 4368882.450224464759231 ] ] ] } },
{ "type": "Feature", "properties": { "N03_003": "苫前郡", "N03_001": "北海道" }, "geometry": { "type": "MultiPolygon", "coordinates": [ [ [ [ 15773467.6218196246773, 5486189.75779711548239 ], [ 15780403.940903436392546, 5498203.814867788925767 ], [ 15794276.579071063548326, 5498203.814867788925767 ], [ 15801212.898154875263572, 5486189.75779711548239 ], [ 15794276.579071063548326, 5474175.700726442039013 ], [ 15780403.940903436392546, 5474175.700726442039013 ], [ 15773467.6218196246773, 5486189.75779711548239 ] ] ], [ [ [ 15752658.664568185806274, 5498203.81486778985709 ], [ 15759594.98365199752152, 5510217.871938463300467 ], [ 15773467.6218196246773, 5510217.871938463300467 ], [ 15780403.940903436392546, 5522231.929009136743844 ], [ 15794276.579071063548326, 5522231.929009136743844 ], [ 15801212.898154875263572, 5510217.871938463300467 ], [ 15815085.536322502419353, 5510217.871938463300467 ], [ 15822021.855406314134598, 5498203.81486778985709 ], [ 15815085.536322502419353, 5486189.757797116413713 ], [ 15801212.898154875263572, 5486189.757797116413713 ], [ 15794276.579071063548326, 5498203.81486778985709 ], [ 15780403.940903436392546, 5498203.81486778985709 ], [ 15773467.6218196246773, 5486189.757797116413713 ], [ 15759594.98365199752152, 5486189.757797116413713 ], [ 15752658.664568185806274, 5498203.81486778985709 ] ] ], [ [ [ 15752658.664568185806274, 5522231.929009137675166 ], [ 15759594.98365199752152, 5534245.986079811118543 ], [ 15773467.6218196246773, 5534245.986079811118543 ], [ 15780403.940903436392546, 5546260.04315048456192 ], [ 15773467.6218196246773, 5558274.100221158005297 ], [ 15780403.940903436392546, 5570288.157291831448674 ], [ 15794276.579071063548326, 5570288.157291831448674 ], [ 15801212.898154875263572, 5558274.100221158005297 ], [ 15794276.579071063548326, 5546260.04315048456192 ], [ 15801212.898154875263572, 5534245.986079811118543 ], [ 15815085.536322502419353, 5534245.986079811118543 ], [ 15822021.855406314134598, 5522231.929009137675166 ], [ 15815085.536322502419353, 5510217.871938464231789 ], [ 15801212.898154875263572, 5510217.871938464231789 ], [ 15794276.579071063548326, 5522231.929009137675166 ], [ 15780403.940903436392546, 5522231.929009137675166 ], [ 15773467.6218196246773, 5510217.871938464231789 ], [ 15759594.98365199752152, 5510217.871938464231789 ], [ 15752658.664568185806274, 5522231.929009137675166 ] ] ] ] } },
{ "type": "Feature", "properties": { "N03_003": "苫小牧市", "N03_001": "北海道" }, "geometry": { "type": "Polygon", "coordinates": [ [ [ 15752658.664568185806274, 5233894.559312969446182 ], [ 15738786.026400558650494, 5233894.559312969446182 ], [ 15731849.707316746935248, 5245908.616383642889559 ], [ 15738786.026400558650494, 5257922.673454316332936 ], [ 15731849.707316746935248, 5269936.730524989776313 ], [ 15738786.026400558650494, 5281950.78759566321969 ], [ 15752658.664568185806274, 5281950.78759566321969 ], [ 15759594.98365199752152, 5269936.730524989776313 ], [ 15773467.6218196246773, 5269936.730524989776313 ], [ 15780403.940903436392546, 5257922.673454316332936 ], [ 15773467.6218196246773, 5245908.616383642889559 ], [ 15759594.98365199752152, 5245908.616383642889559 ], [ 15752658.664568185806274, 5233894.559312969446182 ] ] ] } },
{ "type": "Feature", "properties": { "N03_003": "苫田郡", "N03_001": "岡山県" }, "geometry": { "type": "Polygon", "coordinates": [ [ [ 14927236.693594442680478, 4188671.594164359383285 ], [ 14920300.374510630965233, 4200685.651235032826662 ], [ 14906427.736343003809452, 4200685.651235032826662 ], [ 14899491.417259192094207, 4188671.594164359383285 ], [ 14906427.736343003809452, 4176657.537093685474247 ], [ 14920300.374510630965233, 4176657.537093685474247 ], [ 14927236.693594442680478, 4188671.594164359383285 ] ] ] } },
{ "type": "Feature", "properties": { "N03_003": "茅ヶ崎市", "N03_001": "神奈川県" }, "geometry": { "type": "Polygon", "coordinates": [ [ [ 15530696.453886169940233, 4200685.651235032826662 ], [ 15523760.134802358224988, 4212699.708305706270039 ], [ 15509887.496634731069207, 4212699.708305706270039 ], [ 15502951.177550919353962, 4200685.651235032826662 ], [ 15509887.496634731069207, 4188671.594164358917624 ], [ 15523760.134802358224988, 4188671.594164358917624 ], [ 15530696.453886169940233, 4200685.651235032826662 ] ] ] } },
{ "type": "Feature", "properties": { "N03_003": "茅部郡", "N03_001": "北海道" }, "geometry": { "type": "Polygon", "coordinates": [ [ [ 15648613.878310991451144, 5149796.159818253479898 ], [ 15634741.240143364295363, 5149796.159818253479898 ], [ 15627804.921059552580118, 5161810.216888926923275 ], [ 15634741.240143364295363, 5173824.273959600366652 ], [ 15627804.921059552580118, 5185838.331030273810029 ], [ 15634741.240143364295363, 5197852.388100947253406 ], [ 15648613.878310991451144, 5197852.388100947253406 ], [ 15655550.197394803166389, 5185838.331030273810029 ], [ 15669422.83556243032217, 5185838.331030273810029 ], [ 15676359.154646242037416, 5173824.273959600366652 ], [ 15669422.83556243032217, 5161810.216888926923275 ], [ 15655550.197394803166389, 5161810.216888926923275 ], [ 15648613.878310991451144, 5149796.159818253479898 ] ] ] } },
{ "type": "Feature", "properties": { "N03_003": "荒尾市", "N03_001": "熊本県" }, "geometry": { "type": "Polygon", "coordinates": [ [ [ 14531866.505817104130983, 3888320.167397517245263 ], [ 14524930.186733292415738, 3900334.224468191154301 ], [ 14511057.548565665259957, 3900334.224468191154301 ], [ 14504121.229481853544712, 3888320.167397517245263 ], [ 14511057.548565665259957, 3876306.110326843336225 ], [ 14524930.186733292415738, 3876306.110326843336225 ], [ 14531866.505817104130983, 3888320.167397517245263 ] ] ] } },
{ "type": "Feature", "properties": { "N03_003": "菊池市", "N03_001": "熊本県" }, "geometry": { "type": "Polygon", "coordinates": [ [ [ 14573484.420319981873035, 3888320.167397517245263 ], [ 14566548.10123617015779, 3900334.224468191154301 ], [ 14552675.463068543002009, 3900334.224468191154301 ], [ 14545739.143984731286764, 3888320.167397517245263 ], [ 14552675.463068543002009, 3876306.110326843336225 ], [ 14566548.10123617015779, 3876306.110326843336225 ], [ 14573484.420319981873035, 3888320.167397517245263 ] ] ] } },
{ "type": "Feature", "properties": { "N03_003": "萩市", "N03_001": "山口県" }, "geometry": { "type": "MultiPolygon", "coordinates": [ [ [ [ 14649783.930241925641894, 4092559.137598969973624 ], [ 14656720.24932573735714, 4080545.080528296064585 ], [ 14649783.930241925641894, 4068531.023457622155547 ], [ 14635911.292074298486114, 4068531.023457622155547 ], [ 14628974.972990486770868, 4080545.080528296064585 ], [ 14615102.334822859615088, 4080545.080528296064585 ], [ 14608166.015739047899842, 4092559.137598969973624 ], [ 14615102.334822859615088, 4104573.194669643882662 ], [ 14628974.972990486770868, 4104573.194669643882662 ], [ 14635911.292074298486114, 4092559.137598969973624 ], [ 14649783.930241925641894, 4092559.137598969973624 ] ] ], [ [ [ 14594293.377571420744061, 4116587.251740316860378 ], [ 14587357.058487609028816, 4128601.308810990769416 ], [ 14594293.377571420744061, 4140615.365881664678454 ], [ 14608166.015739047899842, 4140615.365881664678454 ], [ 14615102.334822859615088, 4128601.308810990769416 ], [ 14608166.015739047899842, 4116587.251740316860378 ], [ 14594293.377571420744061, 4116587.251740316860378 ] ] ] ] } },
{ "type": "Feature", "properties": { "N03_003": "葦北郡", "N03_001": "熊本県" }, "geometry": { "type": "Polygon", "coordinates": [ [ [ 14552675.463068543002009, 3804221.76790280174464 ], [ 14545739.143984731286764, 3816235.824973475653678 ], [ 14531866.505817104130983, 3816235.824973475653678 ], [ 14524930.186733292415738, 3804221.76790280174464 ], [ 14531866.505817104130983, 3792207.710832127835602 ], [ 14545739.143984731286764, 3792207.710832127835602 ], [ 14552675.463068543002009, 3804221.76790280174464 ] ] ] } },
{ "type": "Feature", "properties": { "N03_003": "蒲生郡", "N03_001": "滋賀県" }, "geometry": { "type": "Polygon", "coordinates": [ [ [ 15176944.180611709132791, 4164643.48002301203087 ], [ 15170007.861527897417545, 4176657.537093685939908 ], [ 15156135.223360270261765, 4176657.537093685939908 ], [ 15149198.904276458546519, 4164643.48002301203087 ], [ 15156135.223360270261765, 4152629.422952338121831 ], [ 15170007.861527897417545, 4152629.422952338121831 ], [ 15176944.180611709132791, 4164643.48002301203087 ] ] ] } },
{ "type": "Feature", "properties": { "N03_003": "薩摩川内市", "N03_001": "鹿児島県" }, "geometry": { "type": "MultiPolygon", "coordinates": [ [ [ [ 14427821.719559909775853, 3708109.311337411869317 ], [ 14420885.400476098060608, 3720123.368408085778356 ], [ 14427821.719559909775853, 3732137.425478759687394 ], [ 14441694.357727536931634, 3732137.425478759687394 ], [ 14448630.676811348646879, 3744151.482549433130771 ], [ 14441694.357727536931634, 3756165.539620107039809 ], [ 14448630.676811348646879, 3768179.596690780948848 ], [ 14462503.31497897580266, 3768179.596690780948848 ], [ 14469439.634062787517905, 3756165.539620107039809 ], [ 14462503.31497897580266, 3744151.482549433130771 ], [ 14469439.634062787517905, 3732137.425478759687394 ], [ 14462503.31497897580266, 3720123.368408085778356 ], [ 14448630.676811348646879, 3720123.368408085778356 ], [ 14441694.357727536931634, 3708109.311337411869317 ], [ 14427821.719559909775853, 3708109.311337411869317 ] ] ], [ [ [ 14490248.591314226388931, 3720123.368408085778356 ], [ 14483312.272230414673686, 3732137.425478759687394 ], [ 14490248.591314226388931, 3744151.482549433596432 ], [ 14504121.229481853544712, 3744151.482549433596432 ], [ 14504121.229481853544712, 3744151.482549433130771 ], [ 14511057.548565665259957, 3756165.539620107039809 ], [ 14524930.186733292415738, 3756165.539620107039809 ], [ 14531866.505817104130983, 3744151.482549433130771 ], [ 14524930.186733292415738, 3732137.425478759221733 ], [ 14511057.548565665259957, 3732137.425478759221733 ], [ 14504121.229481853544712, 3720123.368408085778356 ], [ 14490248.591314226388931, 3720123.368408085778356 ] ] ] ] } },
{ "type": "Feature", "properties": { "N03_003": "藤岡市", "N03_001": "群馬県" }, "geometry": { "type": "Polygon", "coordinates": [ [ [ 15489078.539383292198181, 4320826.221941769123077 ], [ 15482142.220299480482936, 4332840.279012442566454 ], [ 15468269.582131853327155, 4332840.279012442566454 ], [ 15461333.26304804161191, 4320826.221941769123077 ], [ 15468269.582131853327155, 4308812.1648710956797 ], [ 15482142.220299480482936, 4308812.1648710956797 ], [ 15489078.539383292198181, 4320826.221941769123077 ] ] ] } },
{ "type": "Feature", "properties": { "N03_003": "藤枝市", "N03_001": "静岡県" }, "geometry": { "type": "Polygon", "coordinates": [ [ [ 15405842.710377536714077, 4152629.422952338121831 ], [ 15398906.391293724998832, 4164643.48002301203087 ], [ 15385033.753126097843051, 4164643.48002301203087 ], [ 15378097.434042286127806, 4152629.422952338121831 ], [ 15385033.753126097843051, 4140615.365881664212793 ], [ 15398906.391293724998832, 4140615.365881664212793 ], [ 15405842.710377536714077, 4152629.422952338121831 ] ] ] } },
{ "type": "Feature", "properties": { "N03_003": "藤津郡", "N03_001": "佐賀県" }, "geometry": { "type": "Polygon", "coordinates": [ [ [ 14511057.548565665259957, 3900334.224468191154301 ], [ 14504121.229481853544712, 3912348.281538865063339 ], [ 14490248.591314226388931, 3912348.281538865063339 ], [ 14483312.272230414673686, 3900334.224468191154301 ], [ 14490248.591314226388931, 3888320.167397517245263 ], [ 14504121.229481853544712, 3888320.167397517245263 ], [ 14511057.548565665259957, 3900334.224468191154301 ] ] ] } },
{ "type": "Feature", "properties": { "N03_003": "蘂取郡", "N03_001": "北海道" }, "geometry": { "type": "MultiPolygon", "coordinates": [ [ [ [ 16564207.99737430177629, 5678414.670927894301713 ], [ 16571144.316458113491535, 5666400.613857220858335 ], [ 16564207.99737430177629, 5654386.556786547414958 ], [ 16550335.359206674620509, 5654386.556786547414958 ], [ 16543399.040122862905264, 5642372.499715873971581 ], [ 16529526.401955235749483, 5642372.499715873971581 ], [ 16522590.082871424034238, 5654386.556786547414958 ], [ 16508717.444703796878457, 5654386.556786547414958 ], [ 16501781.125619985163212, 5666400.613857220858335 ], [ 16508717.444703796878457, 5678414.670927894301713 ], [ 16522590.082871424034238, 5678414.670927894301713 ], [ 16529526.401955235749483, 5690428.72799856774509 ], [ 16543399.040122862905264, 5690428.72799856774509 ], [ 16550335.359206674620509, 5678414.670927894301713 ], [ 16564207.99737430177629, 5678414.670927894301713 ] ] ], [ [ [ 16564207.99737430177629, 5678414.670927895233035 ], [ 16550335.359206674620509, 5678414.670927895233035 ], [ 16543399.040122862905264, 5690428.727998568676412 ], [ 16529526.401955235749483, 5690428.727998568676412 ], [ 16522590.082871424034238, 5702442.785069242119789 ], [ 16529526.401955235749483, 5714456.842139915563166 ], [ 16543399.040122862905264, 5714456.842139915563166 ], [ 16550335.359206674620509, 5702442.785069242119789 ], [ 16564207.99737430177629, 5702442.785069242119789 ], [ 16571144.316458113491535, 5690428.727998568676412 ], [ 16564207.99737430177629, 5678414.670927895233035 ] ] ] ] } },
{ "type": "Feature", "properties": { "N03_003": "虻田郡", "N03_001": "北海道" }, "geometry": { "type": "MultiPolygon", "coordinates": [ [ [ [ 15655550.197394803166389, 5233894.559312969446182 ], [ 15648613.878310991451144, 5245908.616383642889559 ], [ 15655550.197394803166389, 5257922.673454316332936 ], [ 15648613.878310991451144, 5269936.730524989776313 ], [ 15655550.197394803166389, 5281950.78759566321969 ], [ 15648613.878310991451144, 5293964.844666336663067 ], [ 15655550.197394803166389, 5305978.901737010106444 ], [ 15669422.83556243032217, 5305978.901737010106444 ], [ 15676359.154646242037416, 5293964.844666336663067 ], [ 15690231.792813869193196, 5293964.844666336663067 ], [ 15697168.111897680908442, 5281950.78759566321969 ], [ 15690231.792813869193196, 5269936.730524989776313 ], [ 15697168.111897680908442, 5257922.673454316332936 ], [ 15690231.792813869193196, 5245908.616383642889559 ], [ 15676359.154646242037416, 5245908.616383642889559 ], [ 15669422.83556243032217, 5233894.559312969446182 ], [ 15655550.197394803166389, 5233894.559312969446182 ] ] ], [ [ [ 15669422.83556243032217, 5305978.901737011037767 ], [ 15676359.154646242037416, 5317992.958807684481144 ], [ 15690231.792813869193196, 5317992.958807684481144 ], [ 15697168.111897680908442, 5305978.901737011037767 ], [ 15690231.792813869193196, 5293964.84466633759439 ], [ 15676359.154646242037416, 5293964.84466633759439 ], [ 15669422.83556243032217, 5305978.901737011037767 ] ] ] ] } },
{ "type": "Feature", "properties": { "N03_003": "行方市", "N03_001": "茨城県" }, "geometry": { "type": "Polygon", "coordinates": [ [ [ 15655550.197394803166389, 4296798.107800422236323 ], [ 15648613.878310991451144, 4308812.1648710956797 ], [ 15634741.240143364295363, 4308812.1648710956797 ], [ 15627804.921059552580118, 4296798.107800422236323 ], [ 15634741.240143364295363, 4284784.050729748792946 ], [ 15648613.878310991451144, 4284784.050729748792946 ], [ 15655550.197394803166389, 4296798.107800422236323 ] ] ] } },
{ "type": "Feature", "properties": { "N03_003": "行橋市", "N03_001": "福岡県" }, "geometry": { "type": "Polygon", "coordinates": [ [ [ 14594293.377571420744061, 3996446.681033580563962 ], [ 14587357.058487609028816, 4008460.738104254473001 ], [ 14573484.420319981873035, 4008460.738104254473001 ], [ 14566548.10123617015779, 3996446.681033580563962 ], [ 14573484.420319981873035, 3984432.623962906654924 ], [ 14587357.058487609028816, 3984432.623962906654924 ], [ 14594293.377571420744061, 3996446.681033580563962 ] ] ] } },
{ "type": "Feature", "properties": { "N03_003": "袖ケ浦市", "N03_001": "千葉県" }, "geometry": { "type": "Polygon", "coordinates": [ [ [ 15593123.325640486553311, 4236727.822447053156793 ], [ 15586187.006556674838066, 4248741.87951772660017 ], [ 15572314.368389047682285, 4248741.87951772660017 ], [ 15565378.04930523596704, 4236727.822447053156793 ], [ 15572314.368389047682285, 4224713.765376379713416 ], [ 15586187.006556674838066, 4224713.765376379713416 ], [ 15593123.325640486553311, 4236727.822447053156793 ] ] ] } },
{ "type": "Feature", "properties": { "N03_003": "西之表市", "N03_001": "鹿児島県" }, "geometry": { "type": "Polygon", "coordinates": [ [ [ 14587357.058487609028816, 3575954.683560001663864 ], [ 14573484.420319981873035, 3575954.683560001663864 ], [ 14566548.10123617015779, 3587968.740630675572902 ], [ 14573484.420319981873035, 3599982.79770134948194 ], [ 14566548.10123617015779, 3611996.854772022925317 ], [ 14573484.420319981873035, 3624010.911842696834356 ], [ 14587357.058487609028816, 3624010.911842696834356 ], [ 14594293.377571420744061, 3611996.854772022925317 ], [ 14608166.015739047899842, 3611996.854772022925317 ], [ 14615102.334822859615088, 3599982.797701349016279 ], [ 14608166.015739047899842, 3587968.740630675107241 ], [ 14594293.377571420744061, 3587968.740630675107241 ], [ 14594293.377571420744061, 3587968.740630675572902 ], [ 14587357.058487609028816, 3575954.683560001663864 ] ] ] } },
{ "type": "Feature", "properties": { "N03_003": "西予市", "N03_001": "愛媛県" }, "geometry": { "type": "Polygon", "coordinates": [ [ [ 14733019.759247681125998, 3924362.338609538041055 ], [ 14719147.121080053970218, 3924362.338609538041055 ], [ 14712210.801996242254972, 3936376.395680211950094 ], [ 14719147.121080053970218, 3948390.452750885859132 ], [ 14733019.759247681125998, 3948390.452750885859132 ], [ 14739956.078331492841244, 3960404.50982155976817 ], [ 14753828.716499119997025, 3960404.50982155976817 ], [ 14760765.03558293171227, 3948390.452750885859132 ], [ 14753828.716499119997025, 3936376.395680211950094 ], [ 14739956.078331492841244, 3936376.395680211950094 ], [ 14733019.759247681125998, 3924362.338609538041055 ] ] ] } },
{ "type": "Feature", "properties": { "N03_003": "西伯郡", "N03_001": "鳥取県" }, "geometry": { "type": "MultiPolygon", "coordinates": [ [ [ [ 14857873.502756314352155, 4188671.594164358917624 ], [ 14844000.864588687196374, 4188671.594164358917624 ], [ 14837064.545504875481129, 4200685.651235032826662 ], [ 14844000.864588687196374, 4212699.708305706270039 ], [ 14857873.502756314352155, 4212699.708305706270039 ], [ 14864809.8218401260674, 4200685.651235032826662 ], [ 14857873.502756314352155, 4188671.594164358917624 ] ] ], [ [ [ 14878682.460007753223181, 4224713.765376379713416 ], [ 14864809.8218401260674, 4224713.765376379713416 ], [ 14857873.502756314352155, 4236727.822447053156793 ], [ 14864809.8218401260674, 4248741.87951772660017 ], [ 14878682.460007753223181, 4248741.87951772660017 ], [ 14885618.779091564938426, 4236727.822447053156793 ], [ 14878682.460007753223181, 4224713.765376379713416 ] ] ] ] } },
{ "type": "Feature", "properties": { "N03_003": "西多摩郡", "N03_001": "東京都" }, "geometry": { "type": "Polygon", "coordinates": [ [ [ 15489078.539383292198181, 4272769.993659075349569 ], [ 15482142.220299480482936, 4284784.050729748792946 ], [ 15468269.582131853327155, 4284784.050729748792946 ], [ 15461333.26304804161191, 4272769.993659075349569 ], [ 15468269.582131853327155, 4260755.936588401906192 ], [ 15482142.220299480482936, 4260755.936588401906192 ], [ 15489078.539383292198181, 4272769.993659075349569 ] ] ] } },
{ "type": "Feature", "properties": { "N03_003": "西宇和郡", "N03_001": "愛媛県" }, "geometry": { "type": "Polygon", "coordinates": [ [ [ 14712210.801996242254972, 3936376.395680211950094 ], [ 14698338.163828615099192, 3936376.395680211950094 ], [ 14691401.844744803383946, 3948390.452750885859132 ], [ 14698338.163828615099192, 3960404.50982155976817 ], [ 14712210.801996242254972, 3960404.50982155976817 ], [ 14712210.801996242254972, 3960404.509821559302509 ], [ 14719147.121080053970218, 3972418.566892233211547 ], [ 14733019.759247681125998, 3972418.566892233211547 ], [ 14739956.078331492841244, 3960404.509821559302509 ], [ 14733019.759247681125998, 3948390.452750885393471 ], [ 14719147.121080053970218, 3948390.452750885393471 ], [ 14719147.121080053970218, 3948390.452750885859132 ], [ 14712210.801996242254972, 3936376.395680211950094 ] ] ] } },
{ "type": "Feature", "properties": { "N03_003": "西尾市", "N03_001": "愛知県" }, "geometry": { "type": "Polygon", "coordinates": [ [ [ 15274052.647785091772676, 4140615.365881664678454 ], [ 15280988.966868903487921, 4128601.308810990769416 ], [ 15274052.647785091772676, 4116587.251740316860378 ], [ 15260180.009617464616895, 4116587.251740316860378 ], [ 15253243.690533652901649, 4128601.308810990769416 ], [ 15239371.052366025745869, 4128601.308810990769416 ], [ 15232434.733282214030623, 4140615.365881664678454 ], [ 15239371.052366025745869, 4152629.422952338587493 ], [ 15253243.690533652901649, 4152629.422952338587493 ], [ 15260180.009617464616895, 4140615.365881664678454 ], [ 15274052.647785091772676, 4140615.365881664678454 ] ] ] } },
{ "type": "Feature", "properties": { "N03_003": "西村山郡", "N03_001": "山形県" }, "geometry": { "type": "MultiPolygon", "coordinates": [ [ [ [ 15586187.006556674838066, 4609163.591637937352061 ], [ 15572314.368389047682285, 4609163.591637937352061 ], [ 15565378.04930523596704, 4621177.648708610795438 ], [ 15572314.368389047682285, 4633191.705779284238815 ], [ 15586187.006556674838066, 4633191.705779284238815 ], [ 15593123.325640486553311, 4621177.648708610795438 ], [ 15586187.006556674838066, 4609163.591637937352061 ] ] ], [ [ [ 15613932.282891925424337, 4633191.705779285170138 ], [ 15606995.963808113709092, 4621177.648708611726761 ], [ 15593123.325640486553311, 4621177.648708611726761 ], [ 15586187.006556674838066, 4633191.705779285170138 ], [ 15572314.368389047682285, 4633191.705779285170138 ], [ 15565378.04930523596704, 4645205.762849958613515 ], [ 15572314.368389047682285, 4657219.819920632056892 ], [ 15586187.006556674838066, 4657219.819920632056892 ], [ 15593123.325640486553311, 4645205.762849958613515 ], [ 15606995.963808113709092, 4645205.762849958613515 ], [ 15613932.282891925424337, 4633191.705779285170138 ] ] ] ] } },
{ "type": "Feature", "properties": { "N03_003": "西条市", "N03_001": "愛媛県" }, "geometry": { "type": "Polygon", "coordinates": [ [ [ 14816255.588253436610103, 3996446.681033580098301 ], [ 14802382.950085809454322, 3996446.681033580098301 ], [ 14795446.631001997739077, 4008460.738104254007339 ], [ 14802382.950085809454322, 4020474.795174927916378 ], [ 14816255.588253436610103, 4020474.795174927916378 ], [ 14823191.907337248325348, 4032488.852245601825416 ], [ 14837064.545504875481129, 4032488.852245601825416 ], [ 14844000.864588687196374, 4020474.795174927916378 ], [ 14837064.545504875481129, 4008460.738104254007339 ], [ 14823191.907337248325348, 4008460.738104254007339 ], [ 14816255.588253436610103, 3996446.681033580098301 ] ] ] } },
{ "type": "Feature", "properties": { "N03_003": "西津軽郡", "N03_001": "青森県" }, "geometry": { "type": "MultiPolygon", "coordinates": [ [ [ [ 15572314.368389047682285, 4921529.075475453399122 ], [ 15565378.04930523596704, 4933543.132546126842499 ], [ 15572314.368389047682285, 4945557.189616800285876 ], [ 15586187.006556674838066, 4945557.189616800285876 ], [ 15593123.325640486553311, 4933543.132546126842499 ], [ 15586187.006556674838066, 4921529.075475453399122 ], [ 15572314.368389047682285, 4921529.075475453399122 ] ] ], [ [ [ 15593123.325640486553311, 4933543.132546127773821 ], [ 15586187.006556674838066, 4945557.189616801217198 ], [ 15572314.368389047682285, 4945557.189616801217198 ], [ 15565378.04930523596704, 4957571.246687474660575 ], [ 15572314.368389047682285, 4969585.303758148103952 ], [ 15565378.04930523596704, 4981599.360828821547329 ], [ 15572314.368389047682285, 4993613.417899494990706 ], [ 15586187.006556674838066, 4993613.417899494990706 ], [ 15593123.325640486553311, 4981599.360828821547329 ], [ 15606995.963808113709092, 4981599.360828821547329 ], [ 15613932.282891925424337, 4969585.303758148103952 ], [ 15606995.963808113709092, 4957571.246687474660575 ], [ 15613932.282891925424337, 4945557.189616801217198 ], [ 15606995.963808113709092, 4933543.132546127773821 ], [ 15593123.325640486553311, 4933543.132546127773821 ] ] ] ] } },
{ "type": "Feature", "properties": { "N03_003": "西海市", "N03_001": "長崎県" }, "geometry": { "type": "Polygon", "coordinates": [ [ [ 14448630.676811348646879, 3888320.167397517245263 ], [ 14441694.357727536931634, 3900334.224468191154301 ], [ 14427821.719559909775853, 3900334.224468191154301 ], [ 14420885.400476098060608, 3888320.167397517245263 ], [ 14427821.719559909775853, 3876306.110326843336225 ], [ 14441694.357727536931634, 3876306.110326843336225 ], [ 14448630.676811348646879, 3888320.167397517245263 ] ] ] } },
{ "type": "Feature", "properties": { "N03_003": "西牟婁郡", "N03_001": "和歌山県" }, "geometry": { "type": "Polygon", "coordinates": [ [ [ 15086772.032522141933441, 3984432.623962907120585 ], [ 15093708.351605953648686, 3972418.566892233211547 ], [ 15086772.032522141933441, 3960404.509821559302509 ], [ 15072899.39435451477766, 3960404.509821559302509 ], [ 15065963.075270703062415, 3972418.566892232745886 ], [ 15052090.437103075906634, 3972418.566892232745886 ], [ 15045154.118019264191389, 3984432.623962906654924 ], [ 15052090.437103075906634, 3996446.681033580563962 ], [ 15065963.075270703062415, 3996446.681033580563962 ], [ 15072899.39435451477766, 3984432.623962907120585 ], [ 15086772.032522141933441, 3984432.623962907120585 ] ] ] } },
{ "type": "Feature", "properties": { "N03_003": "西白河郡", "N03_001": "福島県" }, "geometry": { "type": "Polygon", "coordinates": [ [ [ 15613932.282891925424337, 4464994.906789854168892 ], [ 15606995.963808113709092, 4477008.963860527612269 ], [ 15593123.325640486553311, 4477008.963860527612269 ], [ 15586187.006556674838066, 4464994.906789854168892 ], [ 15593123.325640486553311, 4452980.849719180725515 ], [ 15606995.963808113709092, 4452980.849719180725515 ], [ 15613932.282891925424337, 4464994.906789854168892 ] ] ] } },
{ "type": "Feature", "properties": { "N03_003": "西置賜郡", "N03_001": "山形県" }, "geometry": { "type": "MultiPolygon", "coordinates": [ [ [ [ 15551505.411137608811259, 4549093.306284570135176 ], [ 15544569.092053797096014, 4561107.363355243578553 ], [ 15551505.411137608811259, 4573121.42042591702193 ], [ 15544569.092053797096014, 4585135.477496590465307 ], [ 15551505.411137608811259, 4597149.534567263908684 ], [ 15565378.04930523596704, 4597149.534567263908684 ], [ 15572314.368389047682285, 4585135.477496590465307 ], [ 15586187.006556674838066, 4585135.477496590465307 ], [ 15593123.325640486553311, 4573121.42042591702193 ], [ 15586187.006556674838066, 4561107.363355243578553 ], [ 15572314.368389047682285, 4561107.363355243578553 ], [ 15565378.04930523596704, 4549093.306284570135176 ], [ 15551505.411137608811259, 4549093.306284570135176 ] ] ], [ [ [ 15593123.325640486553311, 4597149.534567263908684 ], [ 15586187.006556674838066, 4609163.591637937352061 ], [ 15593123.325640486553311, 4621177.648708610795438 ], [ 15606995.963808113709092, 4621177.648708610795438 ], [ 15613932.282891925424337, 4609163.591637937352061 ], [ 15606995.963808113709092, 4597149.534567263908684 ], [ 15593123.325640486553311, 4597149.534567263908684 ] ] ] ] } },
{ "type": "Feature", "properties": { "N03_003": "西臼杵郡", "N03_001": "宮崎県" }, "geometry": { "type": "Polygon", "coordinates": [ [ [ 14635911.292074298486114, 3852277.996185496449471 ], [ 14628974.972990486770868, 3864292.053256170358509 ], [ 14615102.334822859615088, 3864292.053256170358509 ], [ 14608166.015739047899842, 3852277.996185496449471 ], [ 14615102.334822859615088, 3840263.939114822540432 ], [ 14628974.972990486770868, 3840263.939114822540432 ], [ 14635911.292074298486114, 3852277.996185496449471 ] ] ] } },
{ "type": "Feature", "properties": { "N03_003": "西都市", "N03_001": "宮崎県" }, "geometry": { "type": "Polygon", "coordinates": [ [ [ 14635911.292074298486114, 3780193.653761454392225 ], [ 14628974.972990486770868, 3792207.710832128301263 ], [ 14615102.334822859615088, 3792207.710832128301263 ], [ 14608166.015739047899842, 3780193.653761454392225 ], [ 14615102.334822859615088, 3768179.596690780483186 ], [ 14628974.972990486770868, 3768179.596690780483186 ], [ 14635911.292074298486114, 3780193.653761454392225 ] ] ] } },
{ "type": "Feature", "properties": { "N03_003": "観音寺市", "N03_001": "香川県" }, "geometry": { "type": "Polygon", "coordinates": [ [ [ 14885618.779091564938426, 4044502.909316275268793 ], [ 14878682.460007753223181, 4056516.966386949177831 ], [ 14864809.8218401260674, 4056516.966386949177831 ], [ 14857873.502756314352155, 4044502.909316275268793 ], [ 14864809.8218401260674, 4032488.852245601359755 ], [ 14878682.460007753223181, 4032488.852245601359755 ], [ 14885618.779091564938426, 4044502.909316275268793 ] ] ] } },
{ "type": "Feature", "properties": { "N03_003": "諏訪市", "N03_001": "長野県" }, "geometry": { "type": "Polygon", "coordinates": [ [ [ 15385033.753126097843051, 4308812.1648710956797 ], [ 15378097.434042286127806, 4320826.221941769123077 ], [ 15364224.795874658972025, 4320826.221941769123077 ], [ 15357288.47679084725678, 4308812.1648710956797 ], [ 15364224.795874658972025, 4296798.107800422236323 ], [ 15378097.434042286127806, 4296798.107800422236323 ], [ 15385033.753126097843051, 4308812.1648710956797 ] ] ] } },
{ "type": "Feature", "properties": { "N03_003": "諏訪郡", "N03_001": "長野県" }, "geometry": { "type": "Polygon", "coordinates": [ [ [ 15405842.710377536714077, 4296798.107800422236323 ], [ 15398906.391293724998832, 4308812.1648710956797 ], [ 15385033.753126097843051, 4308812.1648710956797 ], [ 15378097.434042286127806, 4296798.107800422236323 ], [ 15385033.753126097843051, 4284784.050729748792946 ], [ 15398906.391293724998832, 4284784.050729748792946 ], [ 15405842.710377536714077, 4296798.107800422236323 ] ] ] } },
{ "type": "Feature", "properties": { "N03_003": "諫早市", "N03_001": "長崎県" }, "geometry": { "type": "Polygon", "coordinates": [ [ [ 14490248.591314226388931, 3864292.053256169892848 ], [ 14483312.272230414673686, 3852277.996185495983809 ], [ 14469439.634062787517905, 3852277.996185495983809 ], [ 14462503.31497897580266, 3864292.053256169892848 ], [ 14469439.634062787517905, 3876306.110326843336225 ], [ 14462503.31497897580266, 3888320.167397517245263 ], [ 14469439.634062787517905, 3900334.224468191154301 ], [ 14483312.272230414673686, 3900334.224468191154301 ], [ 14490248.591314226388931, 3888320.167397517245263 ], [ 14483312.272230414673686, 3876306.110326843336225 ], [ 14490248.591314226388931, 3864292.053256169892848 ] ] ] } },
{ "type": "Feature", "properties": { "N03_003": "豊前市", "N03_001": "福岡県" }, "geometry": { "type": "Polygon", "coordinates": [ [ [ 14615102.334822859615088, 3984432.623962906654924 ], [ 14608166.015739047899842, 3996446.681033580563962 ], [ 14594293.377571420744061, 3996446.681033580563962 ], [ 14587357.058487609028816, 3984432.623962906654924 ], [ 14594293.377571420744061, 3972418.566892232745886 ], [ 14608166.015739047899842, 3972418.566892232745886 ], [ 14615102.334822859615088, 3984432.623962906654924 ] ] ] } },
{ "type": "Feature", "properties": { "N03_003": "豊岡市", "N03_001": "兵庫県" }, "geometry": { "type": "MultiPolygon", "coordinates": [ [ [ [ 15024345.160767825320363, 4236727.822447053156793 ], [ 15031281.479851637035608, 4224713.765376379713416 ], [ 15024345.160767825320363, 4212699.708305706270039 ], [ 15010472.522600198164582, 4212699.708305706270039 ], [ 15003536.203516386449337, 4224713.765376379713416 ], [ 14989663.565348759293556, 4224713.765376379713416 ], [ 14982727.246264947578311, 4236727.822447053156793 ], [ 14989663.565348759293556, 4248741.87951772660017 ], [ 15003536.203516386449337, 4248741.87951772660017 ], [ 15010472.522600198164582, 4236727.822447053156793 ], [ 15024345.160767825320363, 4236727.822447053156793 ] ] ], [ [ [ 14989663.565348759293556, 4248741.879517727531493 ], [ 14982727.246264947578311, 4260755.93658840097487 ], [ 14989663.565348759293556, 4272769.993659074418247 ], [ 15003536.203516386449337, 4272769.993659074418247 ], [ 15010472.522600198164582, 4260755.93658840097487 ], [ 15003536.203516386449337, 4248741.879517727531493 ], [ 14989663.565348759293556, 4248741.879517727531493 ] ] ] ] } },
{ "type": "Feature", "properties": { "N03_003": "豊川市", "N03_001": "愛知県" }, "geometry": { "type": "Polygon", "coordinates": [ [ [ 15301797.924120342358947, 4140615.365881664678454 ], [ 15294861.605036530643702, 4152629.422952338587493 ], [ 15280988.966868903487921, 4152629.422952338587493 ], [ 15274052.647785091772676, 4140615.365881664678454 ], [ 15280988.966868903487921, 4128601.308810990769416 ], [ 15294861.605036530643702, 4128601.308810990769416 ], [ 15301797.924120342358947, 4140615.365881664678454 ] ] ] } },
{ "type": "Feature", "properties": { "N03_003": "豊後大野市", "N03_001": "大分県" }, "geometry": { "type": "Polygon", "coordinates": [ [ [ 14656720.24932573735714, 3888320.167397517245263 ], [ 14649783.930241925641894, 3900334.224468191154301 ], [ 14635911.292074298486114, 3900334.224468191154301 ], [ 14628974.972990486770868, 3888320.167397517245263 ], [ 14635911.292074298486114, 3876306.110326843336225 ], [ 14649783.930241925641894, 3876306.110326843336225 ], [ 14656720.24932573735714, 3888320.167397517245263 ] ] ] } },
{ "type": "Feature", "properties": { "N03_003": "豊後高田市", "N03_001": "大分県" }, "geometry": { "type": "Polygon", "coordinates": [ [ [ 14656720.24932573735714, 3984432.623962906654924 ], [ 14649783.930241925641894, 3996446.681033580563962 ], [ 14635911.292074298486114, 3996446.681033580563962 ], [ 14628974.972990486770868, 3984432.623962906654924 ], [ 14635911.292074298486114, 3972418.566892232745886 ], [ 14649783.930241925641894, 3972418.566892232745886 ], [ 14656720.24932573735714, 3984432.623962906654924 ] ] ] } },
{ "type": "Feature", "properties": { "N03_003": "豊橋市", "N03_001": "愛知県" }, "geometry": { "type": "Polygon", "coordinates": [ [ [ 15301797.924120342358947, 4116587.251740317326039 ], [ 15294861.605036530643702, 4128601.308810991235077 ], [ 15280988.966868903487921, 4128601.308810991235077 ], [ 15274052.647785091772676, 4116587.251740317326039 ], [ 15280988.966868903487921, 4104573.194669643417001 ], [ 15294861.605036530643702, 4104573.194669643417001 ], [ 15301797.924120342358947, 4116587.251740317326039 ] ] ] } },
{ "type": "Feature", "properties": { "N03_003": "豊田市", "N03_001": "愛知県" }, "geometry": { "type": "Polygon", "coordinates": [ [ [ 15274052.647785091772676, 4164643.480023011565208 ], [ 15260180.009617464616895, 4164643.480023011565208 ], [ 15253243.690533652901649, 4176657.537093685474247 ], [ 15260180.009617464616895, 4188671.594164359383285 ], [ 15274052.647785091772676, 4188671.594164359383285 ], [ 15280988.966868903487921, 4200685.651235032826662 ], [ 15294861.605036530643702, 4200685.651235032826662 ], [ 15301797.924120342358947, 4188671.594164359383285 ], [ 15294861.605036530643702, 4176657.537093685474247 ], [ 15280988.966868903487921, 4176657.537093685474247 ], [ 15274052.647785091772676, 4164643.480023011565208 ] ] ] } },
{ "type": "Feature", "properties": { "N03_003": "賀茂郡", "N03_001": "静岡県" }, "geometry": { "type": "Polygon", "coordinates": [ [ [ 15461333.26304804161191, 4104573.194669643417001 ], [ 15447460.624880414456129, 4104573.194669643417001 ], [ 15440524.305796602740884, 4116587.251740317326039 ], [ 15447460.624880414456129, 4128601.308810990769416 ], [ 15440524.305796602740884, 4140615.365881664678454 ], [ 15447460.624880414456129, 4152629.422952338587493 ], [ 15461333.26304804161191, 4152629.422952338587493 ], [ 15468269.582131853327155, 4140615.365881664678454 ], [ 15482142.220299480482936, 4140615.365881664678454 ], [ 15489078.539383292198181, 4128601.308810990769416 ], [ 15482142.220299480482936, 4116587.251740316860378 ], [ 15468269.582131853327155, 4116587.251740316860378 ], [ 15461333.26304804161191, 4104573.194669643417001 ] ] ] } },
{ "type": "Feature", "properties": { "N03_003": "赤平市", "N03_001": "北海道" }, "geometry": { "type": "Polygon", "coordinates": [ [ [ 15822021.855406314134598, 5402091.358302400447428 ], [ 15815085.536322502419353, 5414105.415373073890805 ], [ 15801212.898154875263572, 5414105.415373073890805 ], [ 15794276.579071063548326, 5402091.358302400447428 ], [ 15801212.898154875263572, 5390077.301231727004051 ], [ 15815085.536322502419353, 5390077.301231727004051 ], [ 15822021.855406314134598, 5402091.358302400447428 ] ] ] } },
{ "type": "Feature", "properties": { "N03_003": "赤穂郡", "N03_001": "兵庫県" }, "geometry": { "type": "Polygon", "coordinates": [ [ [ 14968854.60809732042253, 4140615.365881664678454 ], [ 14961918.289013508707285, 4152629.422952338587493 ], [ 14948045.650845881551504, 4152629.422952338587493 ], [ 14941109.331762069836259, 4140615.365881664678454 ], [ 14948045.650845881551504, 4128601.308810990769416 ], [ 14961918.289013508707285, 4128601.308810990769416 ], [ 14968854.60809732042253, 4140615.365881664678454 ] ] ] } },
{ "type": "Feature", "properties": { "N03_003": "越前市", "N03_001": "福井県" }, "geometry": { "type": "Polygon", "coordinates": [ [ [ 15176944.180611709132791, 4284784.050729748792946 ], [ 15170007.861527897417545, 4296798.107800422236323 ], [ 15156135.223360270261765, 4296798.107800422236323 ], [ 15149198.904276458546519, 4284784.050729748792946 ], [ 15156135.223360270261765, 4272769.993659075349569 ], [ 15170007.861527897417545, 4272769.993659075349569 ], [ 15176944.180611709132791, 4284784.050729748792946 ] ] ] } },
{ "type": "Feature", "properties": { "N03_003": "足寄郡", "N03_001": "北海道" }, "geometry": { "type": "Polygon", "coordinates": [ [ [ 16002366.151585452258587, 5354035.130019705742598 ], [ 15988493.513417825102806, 5354035.130019705742598 ], [ 15981557.194334013387561, 5342021.072949032299221 ], [ 15967684.55616638623178, 5342021.072949032299221 ], [ 15960748.237082574516535, 5354035.130019705742598 ], [ 15946875.598914947360754, 5354035.130019705742598 ], [ 15939939.279831135645509, 5366049.187090379185975 ], [ 15946875.598914947360754, 5378063.244161052629352 ], [ 15939939.279831135645509, 5390077.301231726072729 ], [ 15946875.598914947360754, 5402091.358302399516106 ], [ 15960748.237082574516535, 5402091.358302399516106 ], [ 15967684.55616638623178, 5390077.301231726072729 ], [ 15981557.194334013387561, 5390077.301231726072729 ], [ 15988493.513417825102806, 5402091.358302399516106 ], [ 16002366.151585452258587, 5402091.358302399516106 ], [ 16009302.470669263973832, 5390077.301231726072729 ], [ 16023175.108836891129613, 5390077.301231726072729 ], [ 16030111.427920702844858, 5378063.244161052629352 ], [ 16023175.108836891129613, 5366049.187090379185975 ], [ 16009302.470669263973832, 5366049.187090379185975 ], [ 16002366.151585452258587, 5354035.130019705742598 ] ] ] } },
{ "type": "Feature", "properties": { "N03_003": "足柄上郡", "N03_001": "神奈川県" }, "geometry": { "type": "Polygon", "coordinates": [ [ [ 15489078.539383292198181, 4224713.765376379713416 ], [ 15482142.220299480482936, 4236727.822447053156793 ], [ 15468269.582131853327155, 4236727.822447053156793 ], [ 15461333.26304804161191, 4224713.765376379713416 ], [ 15468269.582131853327155, 4212699.708305706270039 ], [ 15482142.220299480482936, 4212699.708305706270039 ], [ 15489078.539383292198181, 4224713.765376379713416 ] ] ] } },
{ "type": "Feature", "properties": { "N03_003": "足柄下郡", "N03_001": "神奈川県" }, "geometry": { "type": "Polygon", "coordinates": [ [ [ 15489078.539383292198181, 4200685.651235032826662 ], [ 15482142.220299480482936, 4212699.708305706270039 ], [ 15468269.582131853327155, 4212699.708305706270039 ], [ 15461333.26304804161191, 4200685.651235032826662 ], [ 15468269.582131853327155, 4188671.594164358917624 ], [ 15482142.220299480482936, 4188671.594164358917624 ], [ 15489078.539383292198181, 4200685.651235032826662 ] ] ] } },
{ "type": "Feature", "properties": { "N03_003": "輪島市", "N03_001": "石川県" }, "geometry": { "type": "Polygon", "coordinates": [ [ [ 15232434.733282214030623, 4477008.963860527612269 ], [ 15218562.095114586874843, 4477008.963860527612269 ], [ 15211625.776030775159597, 4489023.020931201055646 ], [ 15218562.095114586874843, 4501037.078001874499023 ], [ 15232434.733282214030623, 4501037.078001874499023 ], [ 15239371.052366025745869, 4513051.1350725479424 ], [ 15253243.690533652901649, 4513051.1350725479424 ], [ 15260180.009617464616895, 4501037.078001874499023 ], [ 15253243.690533652901649, 4489023.020931201055646 ], [ 15239371.052366025745869, 4489023.020931201055646 ], [ 15232434.733282214030623, 4477008.963860527612269 ] ] ] } },
{ "type": "Feature", "properties": { "N03_003": "近江八幡市", "N03_001": "滋賀県" }, "geometry": { "type": "Polygon", "coordinates": [ [ [ 15156135.223360270261765, 4176657.537093685474247 ], [ 15149198.904276458546519, 4188671.594164359383285 ], [ 15135326.266108831390738, 4188671.594164359383285 ], [ 15128389.947025019675493, 4176657.537093685474247 ], [ 15135326.266108831390738, 4164643.480023011565208 ], [ 15149198.904276458546519, 4164643.480023011565208 ], [ 15156135.223360270261765, 4176657.537093685474247 ] ] ] } },
{ "type": "Feature", "properties": { "N03_003": "遠賀郡", "N03_001": "福岡県" }, "geometry": { "type": "Polygon", "coordinates": [ [ [ 14552675.463068543002009, 4020474.795174927916378 ], [ 14545739.143984731286764, 4032488.852245601825416 ], [ 14531866.505817104130983, 4032488.852245601825416 ], [ 14524930.186733292415738, 4020474.795174927916378 ], [ 14531866.505817104130983, 4008460.738104254007339 ], [ 14545739.143984731286764, 4008460.738104254007339 ], [ 14552675.463068543002009, 4020474.795174927916378 ] ] ] } },
{ "type": "Feature", "properties": { "N03_003": "遠野市", "N03_001": "岩手県" }, "geometry": { "type": "Polygon", "coordinates": [ [ [ 15752658.664568185806274, 4753332.276486022397876 ], [ 15738786.026400558650494, 4753332.276486022397876 ], [ 15731849.707316746935248, 4765346.333556695841253 ], [ 15738786.026400558650494, 4777360.39062736928463 ], [ 15731849.707316746935248, 4789374.447698042728007 ], [ 15738786.026400558650494, 4801388.504768716171384 ], [ 15752658.664568185806274, 4801388.504768716171384 ], [ 15759594.98365199752152, 4789374.447698042728007 ], [ 15773467.6218196246773, 4789374.447698042728007 ], [ 15780403.940903436392546, 4777360.39062736928463 ], [ 15773467.6218196246773, 4765346.333556695841253 ], [ 15759594.98365199752152, 4765346.333556695841253 ], [ 15752658.664568185806274, 4753332.276486022397876 ] ] ] } },
{ "type": "Feature", "properties": { "N03_003": "邑智郡", "N03_001": "島根県" }, "geometry": { "type": "Polygon", "coordinates": [ [ [ 14739956.078331492841244, 4128601.308810990769416 ], [ 14733019.759247681125998, 4140615.365881664678454 ], [ 14739956.078331492841244, 4152629.422952338121831 ], [ 14733019.759247681125998, 4164643.48002301203087 ], [ 14739956.078331492841244, 4176657.537093685939908 ], [ 14753828.716499119997025, 4176657.537093685939908 ], [ 14760765.03558293171227, 4188671.594164359383285 ], [ 14774637.673750558868051, 4188671.594164359383285 ], [ 14781573.992834370583296, 4176657.537093685474247 ], [ 14774637.673750558868051, 4164643.480023011565208 ], [ 14781573.992834370583296, 4152629.422952338121831 ], [ 14774637.673750558868051, 4140615.365881664212793 ], [ 14760765.03558293171227, 4140615.365881664212793 ], [ 14760765.03558293171227, 4140615.365881664678454 ], [ 14753828.716499119997025, 4128601.308810990769416 ], [ 14739956.078331492841244, 4128601.308810990769416 ] ] ] } },
{ "type": "Feature", "properties": { "N03_003": "邑楽郡", "N03_001": "群馬県" }, "geometry": { "type": "Polygon", "coordinates": [ [ [ 15551505.411137608811259, 4332840.279012442566454 ], [ 15544569.092053797096014, 4344854.336083116009831 ], [ 15530696.453886169940233, 4344854.336083116009831 ], [ 15523760.134802358224988, 4332840.279012442566454 ], [ 15530696.453886169940233, 4320826.221941769123077 ], [ 15544569.092053797096014, 4320826.221941769123077 ], [ 15551505.411137608811259, 4332840.279012442566454 ] ] ] } },
{ "type": "Feature", "properties": { "N03_003": "那覇市", "N03_001": "沖縄県" }, "geometry": { "type": "Polygon", "coordinates": [ [ [ 14219732.147045521065593, 3035322.11537968646735 ], [ 14212795.827961709350348, 3047336.172450360376388 ], [ 14198923.189794082194567, 3047336.172450360376388 ], [ 14191986.870710270479321, 3035322.11537968646735 ], [ 14198923.189794082194567, 3023308.058309012558311 ], [ 14212795.827961709350348, 3023308.058309012558311 ], [ 14219732.147045521065593, 3035322.11537968646735 ] ] ] } },
{ "type": "Feature", "properties": { "N03_003": "那賀郡", "N03_001": "徳島県" }, "geometry": { "type": "Polygon", "coordinates": [ [ [ 14948045.650845881551504, 4008460.738104254473001 ], [ 14961918.289013508707285, 4008460.738104254473001 ], [ 14968854.60809732042253, 3996446.681033580563962 ], [ 14961918.289013508707285, 3984432.623962906654924 ], [ 14948045.650845881551504, 3984432.623962906654924 ], [ 14941109.331762069836259, 3996446.681033580098301 ], [ 14927236.693594442680478, 3996446.681033580098301 ], [ 14920300.374510630965233, 4008460.738104254007339 ], [ 14927236.693594442680478, 4020474.795174927916378 ], [ 14941109.331762069836259, 4020474.795174927916378 ], [ 14948045.650845881551504, 4008460.738104254007339 ], [ 14948045.650845881551504, 4008460.738104254473001 ] ] ] } },
{ "type": "Feature", "properties": { "N03_003": "那須塩原市", "N03_001": "栃木県" }, "geometry": { "type": "MultiPolygon", "coordinates": [ [ [ [ 15586187.006556674838066, 4416938.678507158532739 ], [ 15572314.368389047682285, 4416938.678507158532739 ], [ 15565378.04930523596704, 4428952.735577831976116 ], [ 15572314.368389047682285, 4440966.792648505419493 ], [ 15586187.006556674838066, 4440966.792648505419493 ], [ 15593123.325640486553311, 4428952.735577831976116 ], [ 15586187.006556674838066, 4416938.678507158532739 ] ] ], [ [ [ 15565378.04930523596704, 4428952.735577832907438 ], [ 15551505.411137608811259, 4428952.735577832907438 ], [ 15544569.092053797096014, 4440966.792648506350815 ], [ 15551505.411137608811259, 4452980.849719179794192 ], [ 15565378.04930523596704, 4452980.849719179794192 ], [ 15572314.368389047682285, 4440966.792648506350815 ], [ 15565378.04930523596704, 4428952.735577832907438 ] ] ] ] } },
{ "type": "Feature", "properties": { "N03_003": "那須烏山市", "N03_001": "栃木県" }, "geometry": { "type": "Polygon", "coordinates": [ [ [ 15613932.282891925424337, 4392910.564365811645985 ], [ 15606995.963808113709092, 4404924.621436485089362 ], [ 15593123.325640486553311, 4404924.621436485089362 ], [ 15586187.006556674838066, 4392910.564365811645985 ], [ 15593123.325640486553311, 4380896.507295138202608 ], [ 15606995.963808113709092, 4380896.507295138202608 ], [ 15613932.282891925424337, 4392910.564365811645985 ] ] ] } },
{ "type": "Feature", "properties": { "N03_003": "那須郡", "N03_001": "栃木県" }, "geometry": { "type": "Polygon", "coordinates": [ [ [ 15606995.963808113709092, 4452980.849719179794192 ], [ 15613932.282891925424337, 4440966.792648506350815 ], [ 15606995.963808113709092, 4428952.735577832907438 ], [ 15593123.325640486553311, 4428952.735577832907438 ], [ 15586187.006556674838066, 4440966.792648506350815 ], [ 15572314.368389047682285, 4440966.792648506350815 ], [ 15565378.04930523596704, 4452980.849719179794192 ], [ 15572314.368389047682285, 4464994.906789853237569 ], [ 15586187.006556674838066, 4464994.906789853237569 ], [ 15593123.325640486553311, 4452980.849719179794192 ], [ 15606995.963808113709092, 4452980.849719179794192 ] ] ] } },
{ "type": "Feature", "properties": { "N03_003": "郡上市", "N03_001": "岐阜県" }, "geometry": { "type": "MultiPolygon", "coordinates": [ [ [ [ 15253243.690533652901649, 4248741.879517727531493 ], [ 15239371.052366025745869, 4248741.879517727531493 ], [ 15232434.733282214030623, 4260755.93658840097487 ], [ 15239371.052366025745869, 4272769.993659074418247 ], [ 15253243.690533652901649, 4272769.993659074418247 ], [ 15260180.009617464616895, 4260755.93658840097487 ], [ 15253243.690533652901649, 4248741.879517727531493 ] ] ], [ [ [ 15260180.009617464616895, 4284784.050729748792946 ], [ 15253243.690533652901649, 4272769.993659075349569 ], [ 15239371.052366025745869, 4272769.993659075349569 ], [ 15232434.733282214030623, 4284784.050729748792946 ], [ 15218562.095114586874843, 4284784.050729748792946 ], [ 15211625.776030775159597, 4296798.107800422236323 ], [ 15218562.095114586874843, 4308812.1648710956797 ], [ 15232434.733282214030623, 4308812.1648710956797 ], [ 15239371.052366025745869, 4296798.107800422236323 ], [ 15253243.690533652901649, 4296798.107800422236323 ], [ 15260180.009617464616895, 4284784.050729748792946 ] ] ] ] } },
{ "type": "Feature", "properties": { "N03_003": "郡山市", "N03_001": "福島県" }, "geometry": { "type": "Polygon", "coordinates": [ [ [ 15606995.963808113709092, 4477008.963860527612269 ], [ 15593123.325640486553311, 4477008.963860527612269 ], [ 15586187.006556674838066, 4489023.020931201055646 ], [ 15593123.325640486553311, 4501037.078001874499023 ], [ 15606995.963808113709092, 4501037.078001874499023 ], [ 15613932.282891925424337, 4513051.1350725479424 ], [ 15627804.921059552580118, 4513051.1350725479424 ], [ 15634741.240143364295363, 4501037.078001874499023 ], [ 15648613.878310991451144, 4501037.078001874499023 ], [ 15655550.197394803166389, 4489023.020931201055646 ], [ 15648613.878310991451144, 4477008.963860527612269 ], [ 15634741.240143364295363, 4477008.963860527612269 ], [ 15627804.921059552580118, 4489023.020931201055646 ], [ 15613932.282891925424337, 4489023.020931201055646 ], [ 15606995.963808113709092, 4477008.963860527612269 ] ] ] } },
{ "type": "Feature", "properties": { "N03_003": "都城市", "N03_001": "宮崎県" }, "geometry": { "type": "Polygon", "coordinates": [ [ [ 14587357.058487609028816, 3720123.368408085778356 ], [ 14573484.420319981873035, 3720123.368408085778356 ], [ 14566548.10123617015779, 3732137.425478759687394 ], [ 14573484.420319981873035, 3744151.482549433596432 ], [ 14587357.058487609028816, 3744151.482549433596432 ], [ 14587357.058487609028816, 3744151.482549433130771 ], [ 14594293.377571420744061, 3756165.539620107039809 ], [ 14608166.015739047899842, 3756165.539620107039809 ], [ 14615102.334822859615088, 3744151.482549433130771 ], [ 14608166.015739047899842, 3732137.425478759221733 ], [ 14594293.377571420744061, 3732137.425478759221733 ], [ 14594293.377571420744061, 3732137.425478759687394 ], [ 14587357.058487609028816, 3720123.368408085778356 ] ] ] } },
{ "type": "Feature", "properties": { "N03_003": "都留市", "N03_001": "山梨県" }, "geometry": { "type": "Polygon", "coordinates": [ [ [ 15468269.582131853327155, 4236727.822447053156793 ], [ 15461333.26304804161191, 4248741.87951772660017 ], [ 15447460.624880414456129, 4248741.87951772660017 ], [ 15440524.305796602740884, 4236727.822447053156793 ], [ 15447460.624880414456129, 4224713.765376379713416 ], [ 15461333.26304804161191, 4224713.765376379713416 ], [ 15468269.582131853327155, 4236727.822447053156793 ] ] ] } },
{ "type": "Feature", "properties": { "N03_003": "酒田市", "N03_001": "山形県" }, "geometry": { "type": "Polygon", "coordinates": [ [ [ 15565378.04930523596704, 4693261.991132653318346 ], [ 15551505.411137608811259, 4693261.991132653318346 ], [ 15544569.092053797096014, 4705276.048203326761723 ], [ 15551505.411137608811259, 4717290.1052740002051 ], [ 15565378.04930523596704, 4717290.1052740002051 ], [ 15572314.368389047682285, 4729304.162344673648477 ], [ 15586187.006556674838066, 4729304.162344673648477 ], [ 15593123.325640486553311, 4717290.1052740002051 ], [ 15586187.006556674838066, 4705276.048203326761723 ], [ 15572314.368389047682285, 4705276.048203326761723 ], [ 15565378.04930523596704, 4693261.991132653318346 ] ] ] } },
{ "type": "Feature", "properties": { "N03_003": "野付郡", "N03_001": "北海道" }, "geometry": { "type": "Polygon", "coordinates": [ [ [ 16148028.852345524355769, 5342021.072949032299221 ], [ 16134156.214177897199988, 5342021.072949032299221 ], [ 16127219.895094085484743, 5354035.130019705742598 ], [ 16113347.256926458328962, 5354035.130019705742598 ], [ 16106410.937842646613717, 5366049.187090379185975 ], [ 16113347.256926458328962, 5378063.244161052629352 ], [ 16127219.895094085484743, 5378063.244161052629352 ], [ 16134156.214177897199988, 5390077.301231726072729 ], [ 16148028.852345524355769, 5390077.301231726072729 ], [ 16154965.171429336071014, 5402091.358302399516106 ], [ 16168837.809596963226795, 5402091.358302399516106 ], [ 16175774.12868077494204, 5390077.301231726072729 ], [ 16168837.809596963226795, 5378063.244161052629352 ], [ 16175774.12868077494204, 5366049.187090379185975 ], [ 16168837.809596963226795, 5354035.130019705742598 ], [ 16154965.171429336071014, 5354035.130019705742598 ], [ 16148028.852345524355769, 5342021.072949032299221 ] ] ] } },
{ "type": "Feature", "properties": { "N03_003": "金沢市", "N03_001": "石川県" }, "geometry": { "type": "Polygon", "coordinates": [ [ [ 15232434.733282214030623, 4380896.507295138202608 ], [ 15239371.052366025745869, 4368882.450224464759231 ], [ 15232434.733282214030623, 4356868.393153791315854 ], [ 15218562.095114586874843, 4356868.393153791315854 ], [ 15211625.776030775159597, 4368882.450224464759231 ], [ 15197753.137863148003817, 4368882.450224464759231 ], [ 15190816.818779336288571, 4380896.507295138202608 ], [ 15197753.137863148003817, 4392910.564365811645985 ], [ 15211625.776030775159597, 4392910.564365811645985 ], [ 15218562.095114586874843, 4380896.507295138202608 ], [ 15232434.733282214030623, 4380896.507295138202608 ] ] ] } },
{ "type": "Feature", "properties": { "N03_003": "釜石市", "N03_001": "岩手県" }, "geometry": { "type": "Polygon", "coordinates": [ [ [ 15815085.536322502419353, 4765346.333556695841253 ], [ 15822021.855406314134598, 4753332.276486022397876 ], [ 15815085.536322502419353, 4741318.219415348954499 ], [ 15801212.898154875263572, 4741318.219415348954499 ], [ 15794276.579071063548326, 4753332.276486022397876 ], [ 15780403.940903436392546, 4753332.276486022397876 ], [ 15773467.6218196246773, 4765346.333556695841253 ], [ 15780403.940903436392546, 4777360.39062736928463 ], [ 15794276.579071063548326, 4777360.39062736928463 ], [ 15801212.898154875263572, 4765346.333556695841253 ], [ 15815085.536322502419353, 4765346.333556695841253 ] ] ] } },
{ "type": "Feature", "properties": { "N03_003": "釧路市", "N03_001": "北海道" }, "geometry": { "type": "MultiPolygon", "coordinates": [ [ [ [ 16071729.34242358058691, 5281950.78759566321969 ], [ 16064793.023339768871665, 5293964.844666336663067 ], [ 16071729.34242358058691, 5305978.901737010106444 ], [ 16085601.980591207742691, 5305978.901737010106444 ], [ 16092538.299675019457936, 5293964.844666336663067 ], [ 16085601.980591207742691, 5281950.78759566321969 ], [ 16071729.34242358058691, 5281950.78759566321969 ] ] ], [ [ [ 16002366.151585452258587, 5305978.901737011037767 ], [ 16009302.470669263973832, 5317992.958807684481144 ], [ 16023175.108836891129613, 5317992.958807684481144 ], [ 16030111.427920702844858, 5305978.901737011037767 ], [ 16023175.108836891129613, 5293964.84466633759439 ], [ 16009302.470669263973832, 5293964.84466633759439 ], [ 16002366.151585452258587, 5305978.901737011037767 ] ] ], [ [ [ 16043984.066088330000639, 5305978.901737011037767 ], [ 16050920.385172141715884, 5317992.958807684481144 ], [ 16064793.023339768871665, 5317992.958807684481144 ], [ 16071729.34242358058691, 5305978.901737011037767 ], [ 16064793.023339768871665, 5293964.84466633759439 ], [ 16050920.385172141715884, 5293964.84466633759439 ], [ 16043984.066088330000639, 5305978.901737011037767 ] ] ], [ [ [ 16071729.34242358058691, 5330007.015878358855844 ], [ 16064793.023339768871665, 5317992.958807685412467 ], [ 16050920.385172141715884, 5317992.958807685412467 ], [ 16043984.066088330000639, 5330007.015878358855844 ], [ 16030111.427920702844858, 5330007.015878358855844 ], [ 16023175.108836891129613, 5342021.072949032299221 ], [ 16030111.427920702844858, 5354035.130019705742598 ], [ 16023175.108836891129613, 5366049.187090379185975 ], [ 16030111.427920702844858, 5378063.244161052629352 ], [ 16043984.066088330000639, 5378063.244161052629352 ], [ 16050920.385172141715884, 5366049.187090379185975 ], [ 16043984.066088330000639, 5354035.130019705742598 ], [ 16050920.385172141715884, 5342021.072949032299221 ], [ 16064793.023339768871665, 5342021.072949032299221 ], [ 16071729.34242358058691, 5330007.015878358855844 ] ] ] ] } },
{ "type": "Feature", "properties": { "N03_003": "釧路郡", "N03_001": "北海道" }, "geometry": { "type": "MultiPolygon", "coordinates": [ [ [ [ 16127219.895094085484743, 5281950.78759566321969 ], [ 16113347.256926458328962, 5281950.78759566321969 ], [ 16106410.937842646613717, 5293964.844666336663067 ], [ 16113347.256926458328962, 5305978.901737010106444 ], [ 16127219.895094085484743, 5305978.901737010106444 ], [ 16134156.214177897199988, 5293964.844666336663067 ], [ 16127219.895094085484743, 5281950.78759566321969 ] ] ], [ [ [ 16113347.256926458328962, 5305978.901737011037767 ], [ 16106410.937842646613717, 5293964.84466633759439 ], [ 16092538.299675019457936, 5293964.84466633759439 ], [ 16085601.980591207742691, 5305978.901737011037767 ], [ 16071729.34242358058691, 5305978.901737011037767 ], [ 16064793.023339768871665, 5317992.958807684481144 ], [ 16071729.34242358058691, 5330007.015878357924521 ], [ 16085601.980591207742691, 5330007.015878357924521 ], [ 16092538.299675019457936, 5317992.958807684481144 ], [ 16106410.937842646613717, 5317992.958807684481144 ], [ 16113347.256926458328962, 5305978.901737011037767 ] ] ] ] } },
{ "type": "Feature", "properties": { "N03_003": "鈴鹿市", "N03_001": "三重県" }, "geometry": { "type": "Polygon", "coordinates": [ [ [ 15218562.095114586874843, 4140615.365881664678454 ], [ 15211625.776030775159597, 4152629.422952338587493 ], [ 15197753.137863148003817, 4152629.422952338587493 ], [ 15190816.818779336288571, 4140615.365881664678454 ], [ 15197753.137863148003817, 4128601.308810990769416 ], [ 15211625.776030775159597, 4128601.308810990769416 ], [ 15218562.095114586874843, 4140615.365881664678454 ] ] ] } },
{ "type": "Feature", "properties": { "N03_003": "鉾田市", "N03_001": "茨城県" }, "geometry": { "type": "Polygon", "coordinates": [ [ [ 15655550.197394803166389, 4320826.221941769123077 ], [ 15648613.878310991451144, 4332840.279012442566454 ], [ 15634741.240143364295363, 4332840.279012442566454 ], [ 15627804.921059552580118, 4320826.221941769123077 ], [ 15634741.240143364295363, 4308812.1648710956797 ], [ 15648613.878310991451144, 4308812.1648710956797 ], [ 15655550.197394803166389, 4320826.221941769123077 ] ] ] } },
{ "type": "Feature", "properties": { "N03_003": "銚子市", "N03_001": "千葉県" }, "geometry": { "type": "Polygon", "coordinates": [ [ [ 15697168.111897680908442, 4248741.879517727531493 ], [ 15690231.792813869193196, 4260755.93658840097487 ], [ 15676359.154646242037416, 4260755.93658840097487 ], [ 15669422.83556243032217, 4248741.879517727531493 ], [ 15676359.154646242037416, 4236727.822447054088116 ], [ 15690231.792813869193196, 4236727.822447054088116 ], [ 15697168.111897680908442, 4248741.879517727531493 ] ] ] } },
{ "type": "Feature", "properties": { "N03_003": "長井市", "N03_001": "山形県" }, "geometry": { "type": "Polygon", "coordinates": [ [ [ 15593123.325640486553311, 4597149.534567263908684 ], [ 15586187.006556674838066, 4609163.591637937352061 ], [ 15572314.368389047682285, 4609163.591637937352061 ], [ 15565378.04930523596704, 4597149.534567263908684 ], [ 15572314.368389047682285, 4585135.477496590465307 ], [ 15586187.006556674838066, 4585135.477496590465307 ], [ 15593123.325640486553311, 4597149.534567263908684 ] ] ] } },
{ "type": "Feature", "properties": { "N03_003": "長岡市", "N03_001": "新潟県" }, "geometry": { "type": "Polygon", "coordinates": [ [ [ 15468269.582131853327155, 4501037.078001874499023 ], [ 15461333.26304804161191, 4489023.020931201055646 ], [ 15447460.624880414456129, 4489023.020931201055646 ], [ 15440524.305796602740884, 4501037.078001874499023 ], [ 15447460.624880414456129, 4513051.1350725479424 ], [ 15440524.305796602740884, 4525065.192143221385777 ], [ 15447460.624880414456129, 4537079.249213894829154 ], [ 15461333.26304804161191, 4537079.249213894829154 ], [ 15468269.582131853327155, 4525065.192143221385777 ], [ 15461333.26304804161191, 4513051.1350725479424 ], [ 15468269.582131853327155, 4501037.078001874499023 ] ] ] } },
{ "type": "Feature", "properties": { "N03_003": "長岡郡", "N03_001": "高知県" }, "geometry": { "type": "Polygon", "coordinates": [ [ [ 14885618.779091564938426, 3996446.681033580563962 ], [ 14878682.460007753223181, 4008460.738104254473001 ], [ 14864809.8218401260674, 4008460.738104254473001 ], [ 14857873.502756314352155, 3996446.681033580563962 ], [ 14864809.8218401260674, 3984432.623962906654924 ], [ 14878682.460007753223181, 3984432.623962906654924 ], [ 14885618.779091564938426, 3996446.681033580563962 ] ] ] } },
{ "type": "Feature", "properties": { "N03_003": "長崎市", "N03_001": "長崎県" }, "geometry": { "type": "Polygon", "coordinates": [ [ [ 14427821.719559909775853, 3828249.882044148631394 ], [ 14420885.400476098060608, 3840263.939114822540432 ], [ 14427821.719559909775853, 3852277.996185496449471 ], [ 14420885.400476098060608, 3864292.053256169892848 ], [ 14427821.719559909775853, 3876306.110326843801886 ], [ 14441694.357727536931634, 3876306.110326843801886 ], [ 14448630.676811348646879, 3888320.167397517710924 ], [ 14462503.31497897580266, 3888320.167397517710924 ], [ 14469439.634062787517905, 3876306.110326843801886 ], [ 14462503.31497897580266, 3864292.053256169892848 ], [ 14469439.634062787517905, 3852277.996185496449471 ], [ 14462503.31497897580266, 3840263.939114822540432 ], [ 14448630.676811348646879, 3840263.939114822540432 ], [ 14441694.357727536931634, 3828249.882044148631394 ], [ 14427821.719559909775853, 3828249.882044148631394 ] ] ] } },
{ "type": "Feature", "properties": { "N03_003": "長浜市", "N03_001": "滋賀県" }, "geometry": { "type": "Polygon", "coordinates": [ [ [ 15176944.180611709132791, 4212699.708305706270039 ], [ 15170007.861527897417545, 4200685.651235032826662 ], [ 15156135.223360270261765, 4200685.651235032826662 ], [ 15149198.904276458546519, 4212699.708305706270039 ], [ 15156135.223360270261765, 4224713.765376379713416 ], [ 15149198.904276458546519, 4236727.822447053156793 ], [ 15156135.223360270261765, 4248741.87951772660017 ], [ 15170007.861527897417545, 4248741.87951772660017 ], [ 15176944.180611709132791, 4236727.822447053156793 ], [ 15170007.861527897417545, 4224713.765376379713416 ], [ 15176944.180611709132791, 4212699.708305706270039 ] ] ] } },
{ "type": "Feature", "properties": { "N03_003": "長生郡", "N03_001": "千葉県" }, "geometry": { "type": "Polygon", "coordinates": [ [ [ 15634741.240143364295363, 4212699.708305706270039 ], [ 15627804.921059552580118, 4224713.765376379713416 ], [ 15613932.282891925424337, 4224713.765376379713416 ], [ 15606995.963808113709092, 4212699.708305706270039 ], [ 15613932.282891925424337, 4200685.651235032826662 ], [ 15627804.921059552580118, 4200685.651235032826662 ], [ 15634741.240143364295363, 4212699.708305706270039 ] ] ] } },
{ "type": "Feature", "properties": { "N03_003": "長野市", "N03_001": "長野県" }, "geometry": { "type": "Polygon", "coordinates": [ [ [ 15378097.434042286127806, 4368882.450224464759231 ], [ 15364224.795874658972025, 4368882.450224464759231 ], [ 15357288.47679084725678, 4380896.507295138202608 ], [ 15364224.795874658972025, 4392910.564365811645985 ], [ 15357288.47679084725678, 4404924.621436485089362 ], [ 15364224.795874658972025, 4416938.678507158532739 ], [ 15378097.434042286127806, 4416938.678507158532739 ], [ 15385033.753126097843051, 4404924.621436485089362 ], [ 15398906.391293724998832, 4404924.621436485089362 ], [ 15405842.710377536714077, 4392910.564365811645985 ], [ 15398906.391293724998832, 4380896.507295138202608 ], [ 15385033.753126097843051, 4380896.507295138202608 ], [ 15378097.434042286127806, 4368882.450224464759231 ] ] ] } },
{ "type": "Feature", "properties": { "N03_003": "長門市", "N03_001": "山口県" }, "geometry": { "type": "Polygon", "coordinates": [ [ [ 14608166.015739047899842, 4092559.137598969973624 ], [ 14615102.334822859615088, 4080545.080528296064585 ], [ 14608166.015739047899842, 4068531.023457622155547 ], [ 14594293.377571420744061, 4068531.023457622155547 ], [ 14587357.058487609028816, 4080545.080528296064585 ], [ 14573484.420319981873035, 4080545.080528296064585 ], [ 14566548.10123617015779, 4092559.137598969973624 ], [ 14573484.420319981873035, 4104573.194669643882662 ], [ 14587357.058487609028816, 4104573.194669643882662 ], [ 14594293.377571420744061, 4092559.137598969973624 ], [ 14608166.015739047899842, 4092559.137598969973624 ] ] ] } },
{ "type": "Feature", "properties": { "N03_003": "関市", "N03_001": "岐阜県" }, "geometry": { "type": "MultiPolygon", "coordinates": [ [ [ [ 15253243.690533652901649, 4224713.765376379713416 ], [ 15239371.052366025745869, 4224713.765376379713416 ], [ 15232434.733282214030623, 4236727.822447053156793 ], [ 15239371.052366025745869, 4248741.87951772660017 ], [ 15253243.690533652901649, 4248741.87951772660017 ], [ 15260180.009617464616895, 4236727.822447053156793 ], [ 15253243.690533652901649, 4224713.765376379713416 ] ] ], [ [ [ 15232434.733282214030623, 4260755.936588401906192 ], [ 15218562.095114586874843, 4260755.936588401906192 ], [ 15211625.776030775159597, 4272769.993659075349569 ], [ 15218562.095114586874843, 4284784.050729748792946 ], [ 15232434.733282214030623, 4284784.050729748792946 ], [ 15239371.052366025745869, 4272769.993659075349569 ], [ 15232434.733282214030623, 4260755.936588401906192 ] ] ] ] } },
{ "type": "Feature", "properties": { "N03_003": "防府市", "N03_001": "山口県" }, "geometry": { "type": "Polygon", "coordinates": [ [ [ 14656720.24932573735714, 4032488.852245601359755 ], [ 14649783.930241925641894, 4044502.909316275268793 ], [ 14635911.292074298486114, 4044502.909316275268793 ], [ 14628974.972990486770868, 4032488.852245601359755 ], [ 14635911.292074298486114, 4020474.795174927450716 ], [ 14649783.930241925641894, 4020474.795174927450716 ], [ 14656720.24932573735714, 4032488.852245601359755 ] ] ] } },
{ "type": "Feature", "properties": { "N03_003": "阿久根市", "N03_001": "鹿児島県" }, "geometry": { "type": "Polygon", "coordinates": [ [ [ 14511057.548565665259957, 3756165.539620107039809 ], [ 14504121.229481853544712, 3768179.596690780948848 ], [ 14490248.591314226388931, 3768179.596690780948848 ], [ 14483312.272230414673686, 3756165.539620107039809 ], [ 14490248.591314226388931, 3744151.482549433130771 ], [ 14504121.229481853544712, 3744151.482549433130771 ], [ 14511057.548565665259957, 3756165.539620107039809 ] ] ] } },
{ "type": "Feature", "properties": { "N03_003": "阿南市", "N03_001": "徳島県" }, "geometry": { "type": "Polygon", "coordinates": [ [ [ 15010472.522600198164582, 3996446.681033580563962 ], [ 15003536.203516386449337, 3984432.623962906654924 ], [ 14989663.565348759293556, 3984432.623962906654924 ], [ 14982727.246264947578311, 3996446.681033580563962 ], [ 14982727.246264947578311, 3996446.681033580098301 ], [ 14968854.60809732042253, 3996446.681033580098301 ], [ 14961918.289013508707285, 4008460.738104254007339 ], [ 14968854.60809732042253, 4020474.795174927916378 ], [ 14982727.246264947578311, 4020474.795174927916378 ], [ 14989663.565348759293556, 4032488.852245601825416 ], [ 15003536.203516386449337, 4032488.852245601825416 ], [ 15010472.522600198164582, 4020474.795174927916378 ], [ 15003536.203516386449337, 4008460.738104254007339 ], [ 15010472.522600198164582, 3996446.681033580563962 ] ] ] } },
{ "type": "Feature", "properties": { "N03_003": "阿寒郡", "N03_001": "北海道" }, "geometry": { "type": "Polygon", "coordinates": [ [ [ 16071729.34242358058691, 5354035.130019705742598 ], [ 16064793.023339768871665, 5366049.187090379185975 ], [ 16050920.385172141715884, 5366049.187090379185975 ], [ 16043984.066088330000639, 5354035.130019705742598 ], [ 16050920.385172141715884, 5342021.072949032299221 ], [ 16064793.023339768871665, 5342021.072949032299221 ], [ 16071729.34242358058691, 5354035.130019705742598 ] ] ] } },
{ "type": "Feature", "properties": { "N03_003": "阿武郡", "N03_001": "山口県" }, "geometry": { "type": "Polygon", "coordinates": [ [ [ 14656720.24932573735714, 4104573.194669643417001 ], [ 14649783.930241925641894, 4116587.251740317326039 ], [ 14635911.292074298486114, 4116587.251740317326039 ], [ 14628974.972990486770868, 4104573.194669643417001 ], [ 14635911.292074298486114, 4092559.137598969507962 ], [ 14649783.930241925641894, 4092559.137598969507962 ], [ 14656720.24932573735714, 4104573.194669643417001 ] ] ] } },
{ "type": "Feature", "properties": { "N03_003": "阿波市", "N03_001": "徳島県" }, "geometry": { "type": "Polygon", "coordinates": [ [ [ 14968854.60809732042253, 4044502.909316275268793 ], [ 14961918.289013508707285, 4056516.966386949177831 ], [ 14948045.650845881551504, 4056516.966386949177831 ], [ 14941109.331762069836259, 4044502.909316275268793 ], [ 14948045.650845881551504, 4032488.852245601359755 ], [ 14961918.289013508707285, 4032488.852245601359755 ], [ 14968854.60809732042253, 4044502.909316275268793 ] ] ] } },
{ "type": "Feature", "properties": { "N03_003": "阿蘇市", "N03_001": "熊本県" }, "geometry": { "type": "Polygon", "coordinates": [ [ [ 14615102.334822859615088, 3888320.167397517245263 ], [ 14608166.015739047899842, 3900334.224468191154301 ], [ 14594293.377571420744061, 3900334.224468191154301 ], [ 14587357.058487609028816, 3888320.167397517245263 ], [ 14594293.377571420744061, 3876306.110326843336225 ], [ 14608166.015739047899842, 3876306.110326843336225 ], [ 14615102.334822859615088, 3888320.167397517245263 ] ] ] } },
{ "type": "Feature", "properties": { "N03_003": "阿蘇郡", "N03_001": "熊本県" }, "geometry": { "type": "Polygon", "coordinates": [ [ [ 14594293.377571420744061, 3876306.110326843801886 ], [ 14587357.058487609028816, 3888320.167397517710924 ], [ 14573484.420319981873035, 3888320.167397517710924 ], [ 14566548.10123617015779, 3876306.110326843801886 ], [ 14573484.420319981873035, 3864292.053256169892848 ], [ 14587357.058487609028816, 3864292.053256169892848 ], [ 14594293.377571420744061, 3876306.110326843801886 ] ] ] } },
{ "type": "Feature", "properties": { "N03_003": "阿賀野市", "N03_001": "新潟県" }, "geometry": { "type": "Polygon", "coordinates": [ [ [ 15509887.496634731069207, 4549093.306284569203854 ], [ 15502951.177550919353962, 4561107.363355242647231 ], [ 15489078.539383292198181, 4561107.363355242647231 ], [ 15482142.220299480482936, 4549093.306284569203854 ], [ 15489078.539383292198181, 4537079.249213895760477 ], [ 15502951.177550919353962, 4537079.249213895760477 ], [ 15509887.496634731069207, 4549093.306284569203854 ] ] ] } },
{ "type": "Feature", "properties": { "N03_003": "陸前高田市", "N03_001": "岩手県" }, "geometry": { "type": "Polygon", "coordinates": [ [ [ 15780403.940903436392546, 4729304.162344674579799 ], [ 15773467.6218196246773, 4741318.219415348023176 ], [ 15759594.98365199752152, 4741318.219415348023176 ], [ 15752658.664568185806274, 4729304.162344674579799 ], [ 15759594.98365199752152, 4717290.105274001136422 ], [ 15773467.6218196246773, 4717290.105274001136422 ], [ 15780403.940903436392546, 4729304.162344674579799 ] ] ] } },
{ "type": "Feature", "properties": { "N03_003": "隠岐郡", "N03_001": "島根県" }, "geometry": { "type": "MultiPolygon", "coordinates": [ [ [ [ 14816255.588253436610103, 4284784.050729748792946 ], [ 14802382.950085809454322, 4284784.050729748792946 ], [ 14795446.631001997739077, 4296798.107800422236323 ], [ 14781573.992834370583296, 4296798.107800422236323 ], [ 14774637.673750558868051, 4308812.1648710956797 ], [ 14781573.992834370583296, 4320826.221941769123077 ], [ 14795446.631001997739077, 4320826.221941769123077 ], [ 14802382.950085809454322, 4332840.279012442566454 ], [ 14816255.588253436610103, 4332840.279012442566454 ], [ 14823191.907337248325348, 4344854.336083116009831 ], [ 14837064.545504875481129, 4344854.336083116009831 ], [ 14844000.864588687196374, 4332840.279012442566454 ], [ 14857873.502756314352155, 4332840.279012442566454 ], [ 14864809.8218401260674, 4320826.221941769123077 ], [ 14857873.502756314352155, 4308812.1648710956797 ], [ 14844000.864588687196374, 4308812.1648710956797 ], [ 14837064.545504875481129, 4320826.221941769123077 ], [ 14823191.907337248325348, 4320826.221941769123077 ], [ 14816255.588253436610103, 4308812.1648710956797 ], [ 14823191.907337248325348, 4296798.107800422236323 ], [ 14816255.588253436610103, 4284784.050729748792946 ] ] ], [ [ [ 14857873.502756314352155, 4332840.279012443497777 ], [ 14844000.864588687196374, 4332840.279012443497777 ], [ 14837064.545504875481129, 4344854.336083116941154 ], [ 14823191.907337248325348, 4344854.336083116941154 ], [ 14816255.588253436610103, 4356868.393153790384531 ], [ 14823191.907337248325348, 4368882.450224463827908 ], [ 14837064.545504875481129, 4368882.450224463827908 ], [ 14844000.864588687196374, 4356868.393153790384531 ], [ 14857873.502756314352155, 4356868.393153790384531 ], [ 14864809.8218401260674, 4344854.336083116941154 ], [ 14857873.502756314352155, 4332840.279012443497777 ] ] ] ] } },
{ "type": "Feature", "properties": { "N03_003": "雄勝郡", "N03_001": "秋田県" }, "geometry": { "type": "MultiPolygon", "coordinates": [ [ [ [ 15627804.921059552580118, 4729304.162344674579799 ], [ 15613932.282891925424337, 4729304.162344674579799 ], [ 15606995.963808113709092, 4741318.219415348023176 ], [ 15613932.282891925424337, 4753332.276486021466553 ], [ 15627804.921059552580118, 4753332.276486021466553 ], [ 15634741.240143364295363, 4741318.219415348023176 ], [ 15627804.921059552580118, 4729304.162344674579799 ] ] ], [ [ [ 15669422.83556243032217, 4729304.162344674579799 ], [ 15655550.197394803166389, 4729304.162344674579799 ], [ 15648613.878310991451144, 4741318.219415348023176 ], [ 15655550.197394803166389, 4753332.276486021466553 ], [ 15669422.83556243032217, 4753332.276486021466553 ], [ 15676359.154646242037416, 4741318.219415348023176 ], [ 15669422.83556243032217, 4729304.162344674579799 ] ] ] ] } },
{ "type": "Feature", "properties": { "N03_003": "雨竜郡", "N03_001": "北海道" }, "geometry": { "type": "MultiPolygon", "coordinates": [ [ [ [ 15780403.940903436392546, 5402091.358302400447428 ], [ 15773467.6218196246773, 5414105.415373073890805 ], [ 15780403.940903436392546, 5426119.472443747334182 ], [ 15794276.579071063548326, 5426119.472443747334182 ], [ 15801212.898154875263572, 5414105.415373073890805 ], [ 15794276.579071063548326, 5402091.358302400447428 ], [ 15780403.940903436392546, 5402091.358302400447428 ] ] ], [ [ [ 15752658.664568185806274, 5426119.472443748265505 ], [ 15759594.98365199752152, 5438133.529514421708882 ], [ 15773467.6218196246773, 5438133.529514421708882 ], [ 15780403.940903436392546, 5450147.586585095152259 ], [ 15794276.579071063548326, 5450147.586585095152259 ], [ 15801212.898154875263572, 5462161.643655768595636 ], [ 15815085.536322502419353, 5462161.643655768595636 ], [ 15822021.855406314134598, 5474175.700726442039013 ], [ 15835894.493573941290379, 5474175.700726442039013 ], [ 15842830.812657753005624, 5462161.643655768595636 ], [ 15835894.493573941290379, 5450147.586585095152259 ], [ 15822021.855406314134598, 5450147.586585095152259 ], [ 15815085.536322502419353, 5438133.529514421708882 ], [ 15801212.898154875263572, 5438133.529514421708882 ], [ 15794276.579071063548326, 5426119.472443748265505 ], [ 15780403.940903436392546, 5426119.472443748265505 ], [ 15773467.6218196246773, 5414105.415373074822128 ], [ 15759594.98365199752152, 5414105.415373074822128 ], [ 15752658.664568185806274, 5426119.472443748265505 ] ] ], [ [ [ 15815085.536322502419353, 5510217.871938463300467 ], [ 15822021.855406314134598, 5522231.929009136743844 ], [ 15835894.493573941290379, 5522231.929009136743844 ], [ 15842830.812657753005624, 5510217.871938463300467 ], [ 15835894.493573941290379, 5498203.81486778985709 ], [ 15822021.855406314134598, 5498203.81486778985709 ], [ 15815085.536322502419353, 5510217.871938463300467 ] ] ], [ [ [ 15815085.536322502419353, 5534245.986079811118543 ], [ 15822021.855406314134598, 5546260.04315048456192 ], [ 15835894.493573941290379, 5546260.04315048456192 ], [ 15842830.812657753005624, 5534245.986079811118543 ], [ 15835894.493573941290379, 5522231.929009137675166 ], [ 15822021.855406314134598, 5522231.929009137675166 ], [ 15815085.536322502419353, 5534245.986079811118543 ] ] ] ] } },
{ "type": "Feature", "properties": { "N03_003": "雲仙市", "N03_001": "長崎県" }, "geometry": { "type": "Polygon", "coordinates": [ [ [ 14511057.548565665259957, 3876306.110326843801886 ], [ 14504121.229481853544712, 3888320.167397517710924 ], [ 14490248.591314226388931, 3888320.167397517710924 ], [ 14483312.272230414673686, 3876306.110326843801886 ], [ 14490248.591314226388931, 3864292.053256169892848 ], [ 14504121.229481853544712, 3864292.053256169892848 ], [ 14511057.548565665259957, 3876306.110326843801886 ] ] ] } },
{ "type": "Feature", "properties": { "N03_003": "雲南市", "N03_001": "島根県" }, "geometry": { "type": "Polygon", "coordinates": [ [ [ 14795446.631001997739077, 4176657.537093685474247 ], [ 14781573.992834370583296, 4176657.537093685474247 ], [ 14774637.673750558868051, 4188671.594164359383285 ], [ 14781573.992834370583296, 4200685.651235032826662 ], [ 14795446.631001997739077, 4200685.651235032826662 ], [ 14802382.950085809454322, 4212699.708305706270039 ], [ 14816255.588253436610103, 4212699.708305706270039 ], [ 14823191.907337248325348, 4200685.651235032826662 ], [ 14816255.588253436610103, 4188671.594164358917624 ], [ 14802382.950085809454322, 4188671.594164358917624 ], [ 14795446.631001997739077, 4176657.537093685474247 ] ] ] } },
{ "type": "Feature", "properties": { "N03_003": "霧島市", "N03_001": "鹿児島県" }, "geometry": { "type": "Polygon", "coordinates": [ [ [ 14573484.420319981873035, 3720123.368408085778356 ], [ 14566548.10123617015779, 3708109.311337411869317 ], [ 14552675.463068543002009, 3708109.311337411869317 ], [ 14545739.143984731286764, 3720123.368408085778356 ], [ 14552675.463068543002009, 3732137.425478759687394 ], [ 14545739.143984731286764, 3744151.482549433130771 ], [ 14552675.463068543002009, 3756165.539620107039809 ], [ 14566548.10123617015779, 3756165.539620107039809 ], [ 14573484.420319981873035, 3744151.482549433130771 ], [ 14566548.10123617015779, 3732137.425478759221733 ], [ 14573484.420319981873035, 3720123.368408085778356 ] ] ] } },
{ "type": "Feature", "properties": { "N03_003": "青森市", "N03_001": "青森県" }, "geometry": { "type": "Polygon", "coordinates": [ [ [ 15697168.111897680908442, 4969585.303758148103952 ], [ 15690231.792813869193196, 4957571.246687474660575 ], [ 15676359.154646242037416, 4957571.246687474660575 ], [ 15669422.83556243032217, 4969585.303758148103952 ], [ 15655550.197394803166389, 4969585.303758148103952 ], [ 15648613.878310991451144, 4981599.360828821547329 ], [ 15655550.197394803166389, 4993613.417899494990706 ], [ 15648613.878310991451144, 5005627.474970168434083 ], [ 15655550.197394803166389, 5017641.53204084187746 ], [ 15669422.83556243032217, 5017641.53204084187746 ], [ 15676359.154646242037416, 5005627.474970168434083 ], [ 15690231.792813869193196, 5005627.474970168434083 ], [ 15697168.111897680908442, 4993613.417899494990706 ], [ 15690231.792813869193196, 4981599.360828821547329 ], [ 15697168.111897680908442, 4969585.303758148103952 ] ] ] } },
{ "type": "Feature", "properties": { "N03_003": "静岡市", "N03_001": "静岡県" }, "geometry": { "type": "Polygon", "coordinates": [ [ [ 15426651.667628975585103, 4164643.48002301203087 ], [ 15419715.348545163869858, 4152629.422952338121831 ], [ 15405842.710377536714077, 4152629.422952338121831 ], [ 15398906.391293724998832, 4164643.48002301203087 ], [ 15398906.391293724998832, 4164643.480023011565208 ], [ 15385033.753126097843051, 4164643.480023011565208 ], [ 15378097.434042286127806, 4176657.537093685474247 ], [ 15385033.753126097843051, 4188671.594164359383285 ], [ 15378097.434042286127806, 4200685.651235032826662 ], [ 15385033.753126097843051, 4212699.708305706270039 ], [ 15398906.391293724998832, 4212699.708305706270039 ], [ 15405842.710377536714077, 4200685.651235032826662 ], [ 15419715.348545163869858, 4200685.651235032826662 ], [ 15426651.667628975585103, 4188671.594164359383285 ], [ 15419715.348545163869858, 4176657.537093685939908 ], [ 15426651.667628975585103, 4164643.48002301203087 ] ] ] } },
{ "type": "Feature", "properties": { "N03_003": "韮崎市", "N03_001": "山梨県" }, "geometry": { "type": "Polygon", "coordinates": [ [ [ 15426651.667628975585103, 4260755.93658840097487 ], [ 15419715.348545163869858, 4272769.993659074418247 ], [ 15405842.710377536714077, 4272769.993659074418247 ], [ 15398906.391293724998832, 4260755.93658840097487 ], [ 15405842.710377536714077, 4248741.879517727531493 ], [ 15419715.348545163869858, 4248741.879517727531493 ], [ 15426651.667628975585103, 4260755.93658840097487 ] ] ] } },
{ "type": "Feature", "properties": { "N03_003": "須賀川市", "N03_001": "福島県" }, "geometry": { "type": "Polygon", "coordinates": [ [ [ 15634741.240143364295363, 4477008.963860527612269 ], [ 15627804.921059552580118, 4489023.020931201055646 ], [ 15613932.282891925424337, 4489023.020931201055646 ], [ 15606995.963808113709092, 4477008.963860527612269 ], [ 15613932.282891925424337, 4464994.906789854168892 ], [ 15627804.921059552580118, 4464994.906789854168892 ], [ 15634741.240143364295363, 4477008.963860527612269 ] ] ] } },
{ "type": "Feature", "properties": { "N03_003": "飛騨市", "N03_001": "岐阜県" }, "geometry": { "type": "Polygon", "coordinates": [ [ [ 15274052.647785091772676, 4332840.279012443497777 ], [ 15260180.009617464616895, 4332840.279012443497777 ], [ 15253243.690533652901649, 4344854.336083116941154 ], [ 15260180.009617464616895, 4356868.393153790384531 ], [ 15274052.647785091772676, 4356868.393153790384531 ], [ 15280988.966868903487921, 4368882.450224463827908 ], [ 15294861.605036530643702, 4368882.450224463827908 ], [ 15301797.924120342358947, 4356868.393153790384531 ], [ 15294861.605036530643702, 4344854.336083116941154 ], [ 15280988.966868903487921, 4344854.336083116941154 ], [ 15274052.647785091772676, 4332840.279012443497777 ] ] ] } },
{ "type": "Feature", "properties": { "N03_003": "飯塚市", "N03_001": "福岡県" }, "geometry": { "type": "Polygon", "coordinates": [ [ [ 14552675.463068543002009, 3972418.566892233211547 ], [ 14545739.143984731286764, 3984432.623962907120585 ], [ 14531866.505817104130983, 3984432.623962907120585 ], [ 14524930.186733292415738, 3972418.566892233211547 ], [ 14531866.505817104130983, 3960404.509821559302509 ], [ 14545739.143984731286764, 3960404.509821559302509 ], [ 14552675.463068543002009, 3972418.566892233211547 ] ] ] } },
{ "type": "Feature", "properties": { "N03_003": "飯山市", "N03_001": "長野県" }, "geometry": { "type": "Polygon", "coordinates": [ [ [ 15426651.667628975585103, 4428952.735577831976116 ], [ 15419715.348545163869858, 4440966.792648505419493 ], [ 15405842.710377536714077, 4440966.792648505419493 ], [ 15398906.391293724998832, 4428952.735577831976116 ], [ 15405842.710377536714077, 4416938.678507158532739 ], [ 15419715.348545163869858, 4416938.678507158532739 ], [ 15426651.667628975585103, 4428952.735577831976116 ] ] ] } },
{ "type": "Feature", "properties": { "N03_003": "飯田市", "N03_001": "長野県" }, "geometry": { "type": "Polygon", "coordinates": [ [ [ 15378097.434042286127806, 4224713.765376379713416 ], [ 15385033.753126097843051, 4212699.708305706270039 ], [ 15378097.434042286127806, 4200685.651235032826662 ], [ 15364224.795874658972025, 4200685.651235032826662 ], [ 15357288.47679084725678, 4212699.708305706270039 ], [ 15343415.838623220100999, 4212699.708305706270039 ], [ 15336479.519539408385754, 4224713.765376379713416 ], [ 15322606.881371781229973, 4224713.765376379713416 ], [ 15315670.562287969514728, 4236727.822447053156793 ], [ 15322606.881371781229973, 4248741.87951772660017 ], [ 15336479.519539408385754, 4248741.87951772660017 ], [ 15343415.838623220100999, 4236727.822447053156793 ], [ 15357288.47679084725678, 4236727.822447053156793 ], [ 15364224.795874658972025, 4224713.765376379713416 ], [ 15378097.434042286127806, 4224713.765376379713416 ] ] ] } },
{ "type": "Feature", "properties": { "N03_003": "飯能市", "N03_001": "埼玉県" }, "geometry": { "type": "Polygon", "coordinates": [ [ [ 15509887.496634731069207, 4284784.050729748792946 ], [ 15502951.177550919353962, 4296798.107800422236323 ], [ 15489078.539383292198181, 4296798.107800422236323 ], [ 15482142.220299480482936, 4284784.050729748792946 ], [ 15489078.539383292198181, 4272769.993659075349569 ], [ 15502951.177550919353962, 4272769.993659075349569 ], [ 15509887.496634731069207, 4284784.050729748792946 ] ] ] } },
{ "type": "Feature", "properties": { "N03_003": "飽海郡", "N03_001": "山形県" }, "geometry": { "type": "Polygon", "coordinates": [ [ [ 15572314.368389047682285, 4729304.162344674579799 ], [ 15565378.04930523596704, 4741318.219415348023176 ], [ 15551505.411137608811259, 4741318.219415348023176 ], [ 15544569.092053797096014, 4729304.162344674579799 ], [ 15551505.411137608811259, 4717290.105274001136422 ], [ 15565378.04930523596704, 4717290.105274001136422 ], [ 15572314.368389047682285, 4729304.162344674579799 ] ] ] } },
{ "type": "Feature", "properties": { "N03_003": "養父市", "N03_001": "兵庫県" }, "geometry": { "type": "Polygon", "coordinates": [ [ [ 15010472.522600198164582, 4212699.708305706270039 ], [ 15003536.203516386449337, 4224713.765376379713416 ], [ 14989663.565348759293556, 4224713.765376379713416 ], [ 14982727.246264947578311, 4212699.708305706270039 ], [ 14989663.565348759293556, 4200685.651235032826662 ], [ 15003536.203516386449337, 4200685.651235032826662 ], [ 15010472.522600198164582, 4212699.708305706270039 ] ] ] } },
{ "type": "Feature", "properties": { "N03_003": "館山市", "N03_001": "千葉県" }, "geometry": { "type": "Polygon", "coordinates": [ [ [ 15572314.368389047682285, 4152629.422952338121831 ], [ 15565378.04930523596704, 4164643.48002301203087 ], [ 15551505.411137608811259, 4164643.48002301203087 ], [ 15544569.092053797096014, 4152629.422952338121831 ], [ 15551505.411137608811259, 4140615.365881664212793 ], [ 15565378.04930523596704, 4140615.365881664212793 ], [ 15572314.368389047682285, 4152629.422952338121831 ] ] ] } },
{ "type": "Feature", "properties": { "N03_003": "香南市", "N03_001": "高知県" }, "geometry": { "type": "Polygon", "coordinates": [ [ [ 14906427.736343003809452, 3960404.509821559302509 ], [ 14899491.417259192094207, 3972418.566892233211547 ], [ 14885618.779091564938426, 3972418.566892233211547 ], [ 14878682.460007753223181, 3960404.509821559302509 ], [ 14885618.779091564938426, 3948390.452750885393471 ], [ 14899491.417259192094207, 3948390.452750885393471 ], [ 14906427.736343003809452, 3960404.509821559302509 ] ] ] } },
{ "type": "Feature", "properties": { "N03_003": "香取市", "N03_001": "千葉県" }, "geometry": { "type": "Polygon", "coordinates": [ [ [ 15655550.197394803166389, 4272769.993659075349569 ], [ 15648613.878310991451144, 4284784.050729748792946 ], [ 15634741.240143364295363, 4284784.050729748792946 ], [ 15627804.921059552580118, 4272769.993659075349569 ], [ 15634741.240143364295363, 4260755.936588401906192 ], [ 15648613.878310991451144, 4260755.936588401906192 ], [ 15655550.197394803166389, 4272769.993659075349569 ] ] ] } },
{ "type": "Feature", "properties": { "N03_003": "香美市", "N03_001": "高知県" }, "geometry": { "type": "Polygon", "coordinates": [ [ [ 14899491.417259192094207, 3972418.566892232745886 ], [ 14885618.779091564938426, 3972418.566892232745886 ], [ 14878682.460007753223181, 3984432.623962906654924 ], [ 14885618.779091564938426, 3996446.681033580563962 ], [ 14899491.417259192094207, 3996446.681033580563962 ], [ 14906427.736343003809452, 4008460.738104254473001 ], [ 14920300.374510630965233, 4008460.738104254473001 ], [ 14927236.693594442680478, 3996446.681033580563962 ], [ 14920300.374510630965233, 3984432.623962906654924 ], [ 14906427.736343003809452, 3984432.623962906654924 ], [ 14899491.417259192094207, 3972418.566892232745886 ] ] ] } },
{ "type": "Feature", "properties": { "N03_003": "高山市", "N03_001": "岐阜県" }, "geometry": { "type": "MultiPolygon", "coordinates": [ [ [ [ 15322606.881371781229973, 4296798.107800422236323 ], [ 15315670.562287969514728, 4284784.050729748792946 ], [ 15301797.924120342358947, 4284784.050729748792946 ], [ 15294861.605036530643702, 4296798.107800422236323 ], [ 15280988.966868903487921, 4296798.107800422236323 ], [ 15274052.647785091772676, 4308812.1648710956797 ], [ 15260180.009617464616895, 4308812.1648710956797 ], [ 15253243.690533652901649, 4296798.107800422236323 ], [ 15239371.052366025745869, 4296798.107800422236323 ], [ 15232434.733282214030623, 4308812.1648710956797 ], [ 15239371.052366025745869, 4320826.221941769123077 ], [ 15253243.690533652901649, 4320826.221941769123077 ], [ 15260180.009617464616895, 4332840.279012442566454 ], [ 15274052.647785091772676, 4332840.279012442566454 ], [ 15280988.966868903487921, 4344854.336083116009831 ], [ 15294861.605036530643702, 4344854.336083116009831 ], [ 15301797.924120342358947, 4332840.279012442566454 ], [ 15315670.562287969514728, 4332840.279012442566454 ], [ 15322606.881371781229973, 4320826.221941769123077 ], [ 15315670.562287969514728, 4308812.1648710956797 ], [ 15322606.881371781229973, 4296798.107800422236323 ] ] ], [ [ [ 15294861.605036530643702, 4344854.336083116941154 ], [ 15301797.924120342358947, 4356868.393153790384531 ], [ 15315670.562287969514728, 4356868.393153790384531 ], [ 15322606.881371781229973, 4344854.336083116941154 ], [ 15315670.562287969514728, 4332840.279012443497777 ], [ 15301797.924120342358947, 4332840.279012443497777 ], [ 15294861.605036530643702, 4344854.336083116941154 ] ] ] ] } },
{ "type": "Feature", "properties": { "N03_003": "高岡市", "N03_001": "富山県" }, "geometry": { "type": "Polygon", "coordinates": [ [ [ 15260180.009617464616895, 4404924.621436485089362 ], [ 15253243.690533652901649, 4416938.678507158532739 ], [ 15239371.052366025745869, 4416938.678507158532739 ], [ 15232434.733282214030623, 4404924.621436485089362 ], [ 15239371.052366025745869, 4392910.564365811645985 ], [ 15253243.690533652901649, 4392910.564365811645985 ], [ 15260180.009617464616895, 4404924.621436485089362 ] ] ] } },
{ "type": "Feature", "properties": { "N03_003": "高岡郡", "N03_001": "高知県" }, "geometry": { "type": "Polygon", "coordinates": [ [ [ 14781573.992834370583296, 3912348.281538864597678 ], [ 14774637.673750558868051, 3924362.338609538506716 ], [ 14781573.992834370583296, 3936376.395680211950094 ], [ 14774637.673750558868051, 3948390.452750885859132 ], [ 14781573.992834370583296, 3960404.50982155976817 ], [ 14795446.631001997739077, 3960404.50982155976817 ], [ 14802382.950085809454322, 3972418.566892233211547 ], [ 14816255.588253436610103, 3972418.566892233211547 ], [ 14823191.907337248325348, 3960404.509821559302509 ], [ 14823191.907337248325348, 3960404.50982155976817 ], [ 14837064.545504875481129, 3960404.50982155976817 ], [ 14844000.864588687196374, 3948390.452750885859132 ], [ 14837064.545504875481129, 3936376.395680211950094 ], [ 14844000.864588687196374, 3924362.338609538506716 ], [ 14837064.545504875481129, 3912348.281538864597678 ], [ 14823191.907337248325348, 3912348.281538864597678 ], [ 14816255.588253436610103, 3924362.338609538041055 ], [ 14802382.950085809454322, 3924362.338609538041055 ], [ 14795446.631001997739077, 3912348.281538864597678 ], [ 14781573.992834370583296, 3912348.281538864597678 ] ] ] } },
{ "type": "Feature", "properties": { "N03_003": "高島市", "N03_001": "滋賀県" }, "geometry": { "type": "Polygon", "coordinates": [ [ [ 15156135.223360270261765, 4200685.651235032826662 ], [ 15149198.904276458546519, 4188671.594164358917624 ], [ 15135326.266108831390738, 4188671.594164358917624 ], [ 15128389.947025019675493, 4200685.651235032826662 ], [ 15114517.308857392519712, 4200685.651235032826662 ], [ 15107580.989773580804467, 4212699.708305706270039 ], [ 15114517.308857392519712, 4224713.765376379713416 ], [ 15128389.947025019675493, 4224713.765376379713416 ], [ 15135326.266108831390738, 4236727.822447053156793 ], [ 15149198.904276458546519, 4236727.822447053156793 ], [ 15156135.223360270261765, 4224713.765376379713416 ], [ 15149198.904276458546519, 4212699.708305706270039 ], [ 15156135.223360270261765, 4200685.651235032826662 ] ] ] } },
{ "type": "Feature", "properties": { "N03_003": "高崎市", "N03_001": "群馬県" }, "geometry": { "type": "Polygon", "coordinates": [ [ [ 15482142.220299480482936, 4356868.393153790384531 ], [ 15489078.539383292198181, 4344854.336083116941154 ], [ 15482142.220299480482936, 4332840.279012443497777 ], [ 15468269.582131853327155, 4332840.279012443497777 ], [ 15461333.26304804161191, 4344854.336083116941154 ], [ 15447460.624880414456129, 4344854.336083116941154 ], [ 15440524.305796602740884, 4356868.393153790384531 ], [ 15447460.624880414456129, 4368882.450224463827908 ], [ 15461333.26304804161191, 4368882.450224463827908 ], [ 15468269.582131853327155, 4356868.393153790384531 ], [ 15482142.220299480482936, 4356868.393153790384531 ] ] ] } },
{ "type": "Feature", "properties": { "N03_003": "高松市", "N03_001": "香川県" }, "geometry": { "type": "Polygon", "coordinates": [ [ [ 14920300.374510630965233, 4056516.96638694871217 ], [ 14906427.736343003809452, 4056516.96638694871217 ], [ 14899491.417259192094207, 4068531.023457622621208 ], [ 14906427.736343003809452, 4080545.080528296530247 ], [ 14920300.374510630965233, 4080545.080528296530247 ], [ 14920300.374510630965233, 4080545.080528296064585 ], [ 14927236.693594442680478, 4092559.137598969973624 ], [ 14941109.331762069836259, 4092559.137598969973624 ], [ 14948045.650845881551504, 4080545.080528296064585 ], [ 14941109.331762069836259, 4068531.023457622155547 ], [ 14927236.693594442680478, 4068531.023457622155547 ], [ 14920300.374510630965233, 4056516.96638694871217 ] ] ] } },
{ "type": "Feature", "properties": { "N03_003": "高梁市", "N03_001": "岡山県" }, "geometry": { "type": "Polygon", "coordinates": [ [ [ 14857873.502756314352155, 4116587.251740316860378 ], [ 14844000.864588687196374, 4116587.251740316860378 ], [ 14837064.545504875481129, 4128601.308810990769416 ], [ 14844000.864588687196374, 4140615.365881664678454 ], [ 14857873.502756314352155, 4140615.365881664678454 ], [ 14864809.8218401260674, 4152629.422952338587493 ], [ 14878682.460007753223181, 4152629.422952338587493 ], [ 14885618.779091564938426, 4140615.365881664678454 ], [ 14878682.460007753223181, 4128601.308810990769416 ], [ 14864809.8218401260674, 4128601.308810990769416 ], [ 14857873.502756314352155, 4116587.251740316860378 ] ] ] } },
{ "type": "Feature", "properties": { "N03_003": "高槻市", "N03_001": "大阪府" }, "geometry": { "type": "Polygon", "coordinates": [ [ [ 15114517.308857392519712, 4152629.422952338121831 ], [ 15107580.989773580804467, 4164643.48002301203087 ], [ 15093708.351605953648686, 4164643.48002301203087 ], [ 15086772.032522141933441, 4152629.422952338121831 ], [ 15093708.351605953648686, 4140615.365881664212793 ], [ 15107580.989773580804467, 4140615.365881664212793 ], [ 15114517.308857392519712, 4152629.422952338121831 ] ] ] } },
{ "type": "Feature", "properties": { "N03_003": "高知市", "N03_001": "高知県" }, "geometry": { "type": "Polygon", "coordinates": [ [ [ 14885618.779091564938426, 3972418.566892233211547 ], [ 14878682.460007753223181, 3984432.623962907120585 ], [ 14864809.8218401260674, 3984432.623962907120585 ], [ 14857873.502756314352155, 3972418.566892233211547 ], [ 14864809.8218401260674, 3960404.509821559302509 ], [ 14878682.460007753223181, 3960404.509821559302509 ], [ 14885618.779091564938426, 3972418.566892233211547 ] ] ] } },
{ "type": "Feature", "properties": { "N03_003": "高萩市", "N03_001": "茨城県" }, "geometry": { "type": "Polygon", "coordinates": [ [ [ 15676359.154646242037416, 4404924.621436485089362 ], [ 15669422.83556243032217, 4416938.678507158532739 ], [ 15655550.197394803166389, 4416938.678507158532739 ], [ 15648613.878310991451144, 4404924.621436485089362 ], [ 15655550.197394803166389, 4392910.564365811645985 ], [ 15669422.83556243032217, 4392910.564365811645985 ], [ 15676359.154646242037416, 4404924.621436485089362 ] ] ] } },
{ "type": "Feature", "properties": { "N03_003": "魚沼市", "N03_001": "新潟県" }, "geometry": { "type": "MultiPolygon", "coordinates": [ [ [ [ 15502951.177550919353962, 4440966.792648506350815 ], [ 15489078.539383292198181, 4440966.792648506350815 ], [ 15482142.220299480482936, 4452980.849719179794192 ], [ 15489078.539383292198181, 4464994.906789853237569 ], [ 15502951.177550919353962, 4464994.906789853237569 ], [ 15509887.496634731069207, 4452980.849719179794192 ], [ 15502951.177550919353962, 4440966.792648506350815 ] ] ], [ [ [ 15482142.220299480482936, 4452980.849719180725515 ], [ 15468269.582131853327155, 4452980.849719180725515 ], [ 15461333.26304804161191, 4464994.906789854168892 ], [ 15468269.582131853327155, 4477008.963860527612269 ], [ 15461333.26304804161191, 4489023.020931201055646 ], [ 15468269.582131853327155, 4501037.078001874499023 ], [ 15482142.220299480482936, 4501037.078001874499023 ], [ 15489078.539383292198181, 4489023.020931201055646 ], [ 15482142.220299480482936, 4477008.963860527612269 ], [ 15489078.539383292198181, 4464994.906789854168892 ], [ 15482142.220299480482936, 4452980.849719180725515 ] ] ] ] } },
{ "type": "Feature", "properties": { "N03_003": "鳥取市", "N03_001": "鳥取県" }, "geometry": { "type": "Polygon", "coordinates": [ [ [ 14948045.650845881551504, 4200685.651235032826662 ], [ 14941109.331762069836259, 4188671.594164358917624 ], [ 14927236.693594442680478, 4188671.594164358917624 ], [ 14920300.374510630965233, 4200685.651235032826662 ], [ 14927236.693594442680478, 4212699.708305706270039 ], [ 14920300.374510630965233, 4224713.765376379713416 ], [ 14906427.736343003809452, 4224713.765376379713416 ], [ 14899491.417259192094207, 4236727.822447053156793 ], [ 14906427.736343003809452, 4248741.87951772660017 ], [ 14920300.374510630965233, 4248741.87951772660017 ], [ 14927236.693594442680478, 4236727.822447053156793 ], [ 14941109.331762069836259, 4236727.822447053156793 ], [ 14948045.650845881551504, 4224713.765376379713416 ], [ 14941109.331762069836259, 4212699.708305706270039 ], [ 14948045.650845881551504, 4200685.651235032826662 ] ] ] } },
{ "type": "Feature", "properties": { "N03_003": "鳥羽市", "N03_001": "三重県" }, "geometry": { "type": "Polygon", "coordinates": [ [ [ 15260180.009617464616895, 4092559.137598969973624 ], [ 15253243.690533652901649, 4104573.194669643882662 ], [ 15239371.052366025745869, 4104573.194669643882662 ], [ 15232434.733282214030623, 4092559.137598969973624 ], [ 15239371.052366025745869, 4080545.080528296064585 ], [ 15253243.690533652901649, 4080545.080528296064585 ], [ 15260180.009617464616895, 4092559.137598969973624 ] ] ] } },
{ "type": "Feature", "properties": { "N03_003": "鳳珠郡", "N03_001": "石川県" }, "geometry": { "type": "Polygon", "coordinates": [ [ [ 15274052.647785091772676, 4452980.849719180725515 ], [ 15260180.009617464616895, 4452980.849719180725515 ], [ 15253243.690533652901649, 4464994.906789854168892 ], [ 15239371.052366025745869, 4464994.906789854168892 ], [ 15232434.733282214030623, 4477008.963860527612269 ], [ 15239371.052366025745869, 4489023.020931201055646 ], [ 15253243.690533652901649, 4489023.020931201055646 ], [ 15260180.009617464616895, 4501037.078001874499023 ], [ 15274052.647785091772676, 4501037.078001874499023 ], [ 15280988.966868903487921, 4489023.020931201055646 ], [ 15294861.605036530643702, 4489023.020931201055646 ], [ 15301797.924120342358947, 4477008.963860527612269 ], [ 15294861.605036530643702, 4464994.906789854168892 ], [ 15280988.966868903487921, 4464994.906789854168892 ], [ 15274052.647785091772676, 4452980.849719180725515 ] ] ] } },
{ "type": "Feature", "properties": { "N03_003": "鳴門市", "N03_001": "徳島県" }, "geometry": { "type": "Polygon", "coordinates": [ [ [ 14989663.565348759293556, 4056516.96638694871217 ], [ 14982727.246264947578311, 4068531.023457622621208 ], [ 14968854.60809732042253, 4068531.023457622621208 ], [ 14961918.289013508707285, 4056516.96638694871217 ], [ 14968854.60809732042253, 4044502.909316274803132 ], [ 14982727.246264947578311, 4044502.909316274803132 ], [ 14989663.565348759293556, 4056516.96638694871217 ] ] ] } },
{ "type": "Feature", "properties": { "N03_003": "鴨川市", "N03_001": "千葉県" }, "geometry": { "type": "Polygon", "coordinates": [ [ [ 15613932.282891925424337, 4176657.537093685474247 ], [ 15606995.963808113709092, 4188671.594164359383285 ], [ 15593123.325640486553311, 4188671.594164359383285 ], [ 15586187.006556674838066, 4176657.537093685474247 ], [ 15593123.325640486553311, 4164643.480023011565208 ], [ 15606995.963808113709092, 4164643.480023011565208 ], [ 15613932.282891925424337, 4176657.537093685474247 ] ] ] } },
{ "type": "Feature", "properties": { "N03_003": "鶴岡市", "N03_001": "山形県" }, "geometry": { "type": "MultiPolygon", "coordinates": [ [ [ [ 15551505.411137608811259, 4621177.648708611726761 ], [ 15544569.092053797096014, 4633191.705779285170138 ], [ 15551505.411137608811259, 4645205.762849958613515 ], [ 15565378.04930523596704, 4645205.762849958613515 ], [ 15572314.368389047682285, 4633191.705779285170138 ], [ 15565378.04930523596704, 4621177.648708611726761 ], [ 15551505.411137608811259, 4621177.648708611726761 ] ] ], [ [ [ 15551505.411137608811259, 4645205.762849959544837 ], [ 15544569.092053797096014, 4657219.819920632988214 ], [ 15530696.453886169940233, 4657219.819920632988214 ], [ 15523760.134802358224988, 4669233.876991306431592 ], [ 15530696.453886169940233, 4681247.934061979874969 ], [ 15544569.092053797096014, 4681247.934061979874969 ], [ 15551505.411137608811259, 4693261.991132653318346 ], [ 15565378.04930523596704, 4693261.991132653318346 ], [ 15572314.368389047682285, 4681247.934061979874969 ], [ 15586187.006556674838066, 4681247.934061979874969 ], [ 15593123.325640486553311, 4669233.876991306431592 ], [ 15586187.006556674838066, 4657219.819920632988214 ], [ 15572314.368389047682285, 4657219.819920632988214 ], [ 15565378.04930523596704, 4645205.762849959544837 ], [ 15551505.411137608811259, 4645205.762849959544837 ] ] ] ] } },
{ "type": "Feature", "properties": { "N03_003": "鹿児島市", "N03_001": "鹿児島県" }, "geometry": { "type": "Polygon", "coordinates": [ [ [ 14552675.463068543002009, 3684081.197196064982563 ], [ 14545739.143984731286764, 3672067.140125391073525 ], [ 14531866.505817104130983, 3672067.140125391073525 ], [ 14524930.186733292415738, 3684081.197196064982563 ], [ 14531866.505817104130983, 3696095.254266738891602 ], [ 14524930.186733292415738, 3708109.311337412334979 ], [ 14531866.505817104130983, 3720123.368408086244017 ], [ 14545739.143984731286764, 3720123.368408086244017 ], [ 14552675.463068543002009, 3708109.311337412334979 ], [ 14545739.143984731286764, 3696095.25426673842594 ], [ 14552675.463068543002009, 3684081.197196064982563 ] ] ] } },
{ "type": "Feature", "properties": { "N03_003": "鹿児島郡", "N03_001": "鹿児島県" }, "geometry": { "type": "MultiPolygon", "coordinates": [ [ [ [ 14441694.357727536931634, 3419771.941641243640333 ], [ 14427821.719559909775853, 3419771.941641243640333 ], [ 14420885.400476098060608, 3431785.998711917549372 ], [ 14427821.719559909775853, 3443800.055782590992749 ], [ 14420885.400476098060608, 3455814.112853264901787 ], [ 14427821.719559909775853, 3467828.169923938810825 ], [ 14441694.357727536931634, 3467828.169923938810825 ], [ 14448630.676811348646879, 3455814.112853264901787 ], [ 14441694.357727536931634, 3443800.055782590992749 ], [ 14448630.676811348646879, 3431785.998711917549372 ], [ 14441694.357727536931634, 3419771.941641243640333 ] ] ], [ [ [ 14448630.676811348646879, 3479842.226994612254202 ], [ 14441694.357727536931634, 3491856.284065286163241 ], [ 14448630.676811348646879, 3503870.341135960072279 ], [ 14462503.31497897580266, 3503870.341135960072279 ], [ 14469439.634062787517905, 3491856.284065286163241 ], [ 14462503.31497897580266, 3479842.226994612254202 ], [ 14448630.676811348646879, 3479842.226994612254202 ] ] ], [ [ [ 14441694.357727536931634, 3611996.854772022925317 ], [ 14448630.676811348646879, 3624010.911842696834356 ], [ 14462503.31497897580266, 3624010.911842696834356 ], [ 14469439.634062787517905, 3611996.854772022925317 ], [ 14462503.31497897580266, 3599982.797701349016279 ], [ 14448630.676811348646879, 3599982.797701349016279 ], [ 14441694.357727536931634, 3611996.854772022925317 ] ] ], [ [ [ 14483312.272230414673686, 3611996.854772022925317 ], [ 14490248.591314226388931, 3624010.911842696834356 ], [ 14504121.229481853544712, 3624010.911842696834356 ], [ 14511057.548565665259957, 3611996.854772022925317 ], [ 14504121.229481853544712, 3599982.797701349016279 ], [ 14490248.591314226388931, 3599982.797701349016279 ], [ 14483312.272230414673686, 3611996.854772022925317 ] ] ] ] } },
{ "type": "Feature", "properties": { "N03_003": "鹿屋市", "N03_001": "鹿児島県" }, "geometry": { "type": "Polygon", "coordinates": [ [ [ 14573484.420319981873035, 3672067.140125391073525 ], [ 14566548.10123617015779, 3684081.197196064982563 ], [ 14552675.463068543002009, 3684081.197196064982563 ], [ 14545739.143984731286764, 3672067.140125391073525 ], [ 14552675.463068543002009, 3660053.083054717164487 ], [ 14566548.10123617015779, 3660053.083054717164487 ], [ 14573484.420319981873035, 3672067.140125391073525 ] ] ] } },
{ "type": "Feature", "properties": { "N03_003": "鹿嶋市", "N03_001": "茨城県" }, "geometry": { "type": "Polygon", "coordinates": [ [ [ 15676359.154646242037416, 4308812.1648710956797 ], [ 15669422.83556243032217, 4320826.221941769123077 ], [ 15655550.197394803166389, 4320826.221941769123077 ], [ 15648613.878310991451144, 4308812.1648710956797 ], [ 15655550.197394803166389, 4296798.107800422236323 ], [ 15669422.83556243032217, 4296798.107800422236323 ], [ 15676359.154646242037416, 4308812.1648710956797 ] ] ] } },
{ "type": "Feature", "properties": { "N03_003": "鹿沼市", "N03_001": "栃木県" }, "geometry": { "type": "Polygon", "coordinates": [ [ [ 15565378.04930523596704, 4380896.507295138202608 ], [ 15572314.368389047682285, 4368882.450224464759231 ], [ 15565378.04930523596704, 4356868.393153791315854 ], [ 15551505.411137608811259, 4356868.393153791315854 ], [ 15544569.092053797096014, 4368882.450224464759231 ], [ 15530696.453886169940233, 4368882.450224464759231 ], [ 15523760.134802358224988, 4380896.507295138202608 ], [ 15530696.453886169940233, 4392910.564365811645985 ], [ 15544569.092053797096014, 4392910.564365811645985 ], [ 15551505.411137608811259, 4380896.507295138202608 ], [ 15565378.04930523596704, 4380896.507295138202608 ] ] ] } },
{ "type": "Feature", "properties": { "N03_003": "鹿角市", "N03_001": "秋田県" }, "geometry": { "type": "MultiPolygon", "coordinates": [ [ [ [ 15690231.792813869193196, 4885486.904263432137668 ], [ 15676359.154646242037416, 4885486.904263432137668 ], [ 15669422.83556243032217, 4897500.961334105581045 ], [ 15676359.154646242037416, 4909515.018404779024422 ], [ 15690231.792813869193196, 4909515.018404779024422 ], [ 15697168.111897680908442, 4897500.961334105581045 ], [ 15690231.792813869193196, 4885486.904263432137668 ] ] ], [ [ [ 15690231.792813869193196, 4909515.018404779955745 ], [ 15676359.154646242037416, 4909515.018404779955745 ], [ 15669422.83556243032217, 4921529.075475453399122 ], [ 15676359.154646242037416, 4933543.132546126842499 ], [ 15690231.792813869193196, 4933543.132546126842499 ], [ 15697168.111897680908442, 4921529.075475453399122 ], [ 15690231.792813869193196, 4909515.018404779955745 ] ] ] ] } },
{ "type": "Feature", "properties": { "N03_003": "鹿足郡", "N03_001": "島根県" }, "geometry": { "type": "Polygon", "coordinates": [ [ [ 14691401.844744803383946, 4092559.137598969973624 ], [ 14698338.163828615099192, 4080545.080528296064585 ], [ 14691401.844744803383946, 4068531.023457622155547 ], [ 14677529.206577176228166, 4068531.023457622155547 ], [ 14670592.88749336451292, 4080545.080528296064585 ], [ 14656720.24932573735714, 4080545.080528296064585 ], [ 14649783.930241925641894, 4092559.137598969973624 ], [ 14656720.24932573735714, 4104573.194669643882662 ], [ 14670592.88749336451292, 4104573.194669643882662 ], [ 14677529.206577176228166, 4092559.137598969973624 ], [ 14691401.844744803383946, 4092559.137598969973624 ] ] ] } },
{ "type": "Feature", "properties": { "N03_003": "黒川郡", "N03_001": "宮城県" }, "geometry": { "type": "Polygon", "coordinates": [ [ [ 15690231.792813869193196, 4645205.762849958613515 ], [ 15697168.111897680908442, 4633191.705779285170138 ], [ 15690231.792813869193196, 4621177.648708611726761 ], [ 15676359.154646242037416, 4621177.648708611726761 ], [ 15669422.83556243032217, 4633191.705779285170138 ], [ 15655550.197394803166389, 4633191.705779285170138 ], [ 15648613.878310991451144, 4645205.762849958613515 ], [ 15655550.197394803166389, 4657219.819920632056892 ], [ 15669422.83556243032217, 4657219.819920632056892 ], [ 15676359.154646242037416, 4645205.762849958613515 ], [ 15690231.792813869193196, 4645205.762849958613515 ] ] ] } },
{ "type": "Feature", "properties": { "N03_003": "黒石市", "N03_001": "青森県" }, "geometry": { "type": "Polygon", "coordinates": [ [ [ 15676359.154646242037416, 4957571.246687474660575 ], [ 15669422.83556243032217, 4969585.303758148103952 ], [ 15655550.197394803166389, 4969585.303758148103952 ], [ 15648613.878310991451144, 4957571.246687474660575 ], [ 15655550.197394803166389, 4945557.189616801217198 ], [ 15669422.83556243032217, 4945557.189616801217198 ], [ 15676359.154646242037416, 4957571.246687474660575 ] ] ] } },
{ "type": "Feature", "properties": { "N03_003": "黒部市", "N03_001": "富山県" }, "geometry": { "type": "Polygon", "coordinates": [ [ [ 15336479.519539408385754, 4416938.678507158532739 ], [ 15343415.838623220100999, 4404924.621436485089362 ], [ 15336479.519539408385754, 4392910.564365811645985 ], [ 15322606.881371781229973, 4392910.564365811645985 ], [ 15315670.562287969514728, 4404924.621436485089362 ], [ 15301797.924120342358947, 4404924.621436485089362 ], [ 15294861.605036530643702, 4416938.678507158532739 ], [ 15280988.966868903487921, 4416938.678507158532739 ], [ 15274052.647785091772676, 4428952.735577831976116 ], [ 15280988.966868903487921, 4440966.792648505419493 ], [ 15294861.605036530643702, 4440966.792648505419493 ], [ 15301797.924120342358947, 4428952.735577831976116 ], [ 15315670.562287969514728, 4428952.735577831976116 ], [ 15322606.881371781229973, 4416938.678507158532739 ], [ 15336479.519539408385754, 4416938.678507158532739 ] ] ] } },
{ "type": "Feature", "properties": { "N03_003": "龍ケ崎市", "N03_001": "茨城県" }, "geometry": { "type": "Polygon", "coordinates": [ [ [ 15613932.282891925424337, 4296798.107800422236323 ], [ 15606995.963808113709092, 4308812.1648710956797 ], [ 15593123.325640486553311, 4308812.1648710956797 ], [ 15586187.006556674838066, 4296798.107800422236323 ], [ 15593123.325640486553311, 4284784.050729748792946 ], [ 15606995.963808113709092, 4284784.050729748792946 ], [ 15613932.282891925424337, 4296798.107800422236323 ] ] ] } }
]
}
