{
  "type": "FeatureCollection",
  "name": "pref_hex_merged",
  "crs": {
    "type": "name",
    "properties": {
      "name": "urn:ogc:def:crs:EPSG::3857"
    }
  },
  "features": [
    {
      "type": "Feature",
      "properties": {
        "pref_name": "三重県"
      },
      "geometry": {
        "type": "MultiPolygon",
        "coordinates": [
          [
            [
              [
                14548554.435132112,
                5051979.408981467
              ],
              [
                14553745.101039506,
                5051979.408981467
              ],
              [
                14556340.433993204,
                5056474.657519828
              ],
              [
                14561531.099900598,
                5056474.657519828
              ],
              [
                14564126.432854295,
                5051979.408981467
              ],
              [
                14561531.099900598,
                5047484.160443106
              ],
              [
                14556340.433993204,
                5047484.160443106
              ],
              [
                14553745.101039506,
                5042988.911904745
              ],
              [
                14548554.435132112,
                5042988.911904745
              ],
              [
                14545959.102178415,
                5047484.160443106
              ],
              [
                14548554.435132112,
                5051979.408981467
              ]
            ]
          ],
          [
            [
              [
                14564126.432854295,
                5069960.40313491
              ],
              [
                14561531.099900598,
                5074455.651673271
              ],
              [
                14564126.432854295,
                5078950.900211632
              ],
              [
                14561531.099900598,
                5083446.148749993
              ],
              [
                14564126.432854295,
                5087941.397288354
              ],
              [
                14561531.099900598,
                5092436.645826715
              ],
              [
                14564126.432854295,
                5096931.894365076
              ],
              [
                14561531.099900598,
                5101427.142903437
              ],
              [
                14556340.433993204,
                5101427.142903437
              ],
              [
                14553745.101039506,
                5105922.391441798
              ],
              [
                14556340.433993204,
                5110417.639980159
              ],
              [
                14553745.101039506,
                5114912.88851852
              ],
              [
                14556340.433993204,
                5119408.137056881
              ],
              [
                14561531.099900598,
                5119408.137056881
              ],
              [
                14564126.432854295,
                5114912.88851852
              ],
              [
                14569317.098761689,
                5114912.88851852
              ],
              [
                14571912.431715386,
                5119408.137056881
              ],
              [
                14569317.098761689,
                5123903.385595242
              ],
              [
                14571912.431715386,
                5128398.6341336025
              ],
              [
                14577103.09762278,
                5128398.6341336025
              ],
              [
                14579698.430576477,
                5132893.882671963
              ],
              [
                14584889.096483871,
                5132893.882671963
              ],
              [
                14587484.429437568,
                5128398.6341336025
              ],
              [
                14584889.096483871,
                5123903.385595242
              ],
              [
                14579698.430576477,
                5123903.385595242
              ],
              [
                14577103.09762278,
                5119408.137056881
              ],
              [
                14579698.430576477,
                5114912.88851852
              ],
              [
                14577103.09762278,
                5110417.639980159
              ],
              [
                14579698.430576477,
                5105922.391441798
              ],
              [
                14577103.09762278,
                5101427.142903437
              ],
              [
                14579698.430576477,
                5096931.894365076
              ],
              [
                14584889.096483871,
                5096931.894365076
              ],
              [
                14587484.429437568,
                5092436.645826715
              ],
              [
                14592675.095344963,
                5092436.645826715
              ],
              [
                14595270.42829866,
                5087941.397288354
              ],
              [
                14592675.095344963,
                5083446.148749993
              ],
              [
                14595270.42829866,
                5078950.900211632
              ],
              [
                14592675.095344963,
                5074455.651673271
              ],
              [
                14587484.429437568,
                5074455.651673271
              ],
              [
                14584889.096483871,
                5069960.40313491
              ],
              [
                14579698.430576477,
                5069960.40313491
              ],
              [
                14577103.09762278,
                5065465.154596549
              ],
              [
                14571912.431715386,
                5065465.154596549
              ],
              [
                14569317.098761689,
                5060969.9060581885
              ],
              [
                14564126.432854295,
                5060969.9060581885
              ],
              [
                14561531.099900598,
                5065465.154596549
              ],
              [
                14564126.432854295,
                5069960.40313491
              ]
            ]
          ]
        ]
      },
      "id": "三重県"
    },
    {
      "type": "Feature",
      "properties": {
        "pref_name": "京都府"
      },
      "geometry": {
        "type": "MultiPolygon",
        "coordinates": [
          [
            [
              [
                14509624.440826656,
                5128398.6341336025
              ],
              [
                14507029.10787296,
                5132893.882671963
              ],
              [
                14501838.441965565,
                5132893.882671963
              ],
              [
                14499243.109011868,
                5137389.131210324
              ],
              [
                14501838.441965565,
                5141884.379748685
              ],
              [
                14499243.109011868,
                5146379.628287046
              ],
              [
                14494052.443104474,
                5146379.628287046
              ],
              [
                14491457.110150777,
                5150874.876825407
              ],
              [
                14494052.443104474,
                5155370.125363768
              ],
              [
                14491457.110150777,
                5159865.373902129
              ],
              [
                14494052.443104474,
                5164360.62244049
              ],
              [
                14491457.110150777,
                5168855.870978851
              ],
              [
                14494052.443104474,
                5173351.119517212
              ],
              [
                14499243.109011868,
                5173351.119517212
              ],
              [
                14501838.441965565,
                5177846.368055573
              ],
              [
                14507029.10787296,
                5177846.368055573
              ],
              [
                14509624.440826656,
                5173351.119517212
              ],
              [
                14514815.10673405,
                5173351.119517212
              ],
              [
                14517410.439687748,
                5168855.870978851
              ],
              [
                14514815.10673405,
                5164360.62244049
              ],
              [
                14517410.439687748,
                5159865.373902129
              ],
              [
                14514815.10673405,
                5155370.125363768
              ],
              [
                14517410.439687748,
                5150874.876825407
              ],
              [
                14522601.105595142,
                5150874.876825407
              ],
              [
                14525196.438548839,
                5155370.125363768
              ],
              [
                14530387.104456233,
                5155370.125363768
              ],
              [
                14532982.43740993,
                5150874.876825407
              ],
              [
                14538173.103317324,
                5150874.876825407
              ],
              [
                14540768.436271021,
                5146379.628287046
              ],
              [
                14538173.103317324,
                5141884.379748685
              ],
              [
                14540768.436271021,
                5137389.131210324
              ],
              [
                14538173.103317324,
                5132893.882671963
              ],
              [
                14540768.436271021,
                5128398.6341336025
              ],
              [
                14538173.103317324,
                5123903.385595242
              ],
              [
                14532982.43740993,
                5123903.385595242
              ],
              [
                14530387.104456233,
                5128398.6341336025
              ],
              [
                14525196.438548839,
                5128398.6341336025
              ],
              [
                14522601.105595142,
                5123903.385595242
              ],
              [
                14517410.439687748,
                5123903.385595242
              ],
              [
                14514815.10673405,
                5128398.6341336025
              ],
              [
                14509624.440826656,
                5128398.6341336025
              ]
            ]
          ],
          [
            [
              [
                14545959.102178415,
                5119408.137056881
              ],
              [
                14548554.435132112,
                5114912.88851852
              ],
              [
                14545959.102178415,
                5110417.639980159
              ],
              [
                14540768.436271021,
                5110417.639980159
              ],
              [
                14538173.103317324,
                5114912.88851852
              ],
              [
                14540768.436271021,
                5119408.137056881
              ],
              [
                14545959.102178415,
                5119408.137056881
              ]
            ]
          ]
        ]
      },
      "id": "京都府"
    },
    {
      "type": "Feature",
      "properties": {
        "pref_name": "佐賀県"
      },
      "geometry": {
        "type": "Polygon",
        "coordinates": [
          [
            [
              14283830.473855011,
              5025007.917751301
            ],
            [
              14281235.140901314,
              5029503.166289662
            ],
            [
              14276044.47499392,
              5029503.166289662
            ],
            [
              14273449.142040223,
              5033998.414828023
            ],
            [
              14268258.476132829,
              5033998.414828023
            ],
            [
              14265663.143179132,
              5038493.663366384
            ],
            [
              14260472.477271738,
              5038493.663366384
            ],
            [
              14257877.14431804,
              5042988.911904745
            ],
            [
              14260472.477271738,
              5047484.160443106
            ],
            [
              14257877.14431804,
              5051979.408981467
            ],
            [
              14260472.477271738,
              5056474.657519828
            ],
            [
              14265663.143179132,
              5056474.657519828
            ],
            [
              14268258.476132829,
              5060969.9060581885
            ],
            [
              14273449.142040223,
              5060969.9060581885
            ],
            [
              14276044.47499392,
              5065465.154596549
            ],
            [
              14281235.140901314,
              5065465.154596549
            ],
            [
              14283830.473855011,
              5060969.9060581885
            ],
            [
              14289021.139762405,
              5060969.9060581885
            ],
            [
              14291616.472716102,
              5056474.657519828
            ],
            [
              14296807.138623497,
              5056474.657519828
            ],
            [
              14299402.471577194,
              5051979.408981467
            ],
            [
              14304593.137484588,
              5051979.408981467
            ],
            [
              14307188.470438285,
              5047484.160443106
            ],
            [
              14312379.136345679,
              5047484.160443106
            ],
            [
              14314974.469299376,
              5042988.911904745
            ],
            [
              14312379.136345679,
              5038493.663366384
            ],
            [
              14314974.469299376,
              5033998.414828023
            ],
            [
              14312379.136345679,
              5029503.166289662
            ],
            [
              14307188.470438285,
              5029503.166289662
            ],
            [
              14304593.137484588,
              5033998.414828023
            ],
            [
              14299402.471577194,
              5033998.414828023
            ],
            [
              14296807.138623497,
              5029503.166289662
            ],
            [
              14299402.471577194,
              5025007.917751301
            ],
            [
              14296807.138623497,
              5020512.66921294
            ],
            [
              14291616.472716102,
              5020512.66921294
            ],
            [
              14289021.139762405,
              5025007.917751301
            ],
            [
              14283830.473855011,
              5025007.917751301
            ]
          ]
        ]
      },
      "id": "佐賀県"
    },
    {
      "type": "Feature",
      "properties": {
        "pref_name": "兵庫県"
      },
      "geometry": {
        "type": "Polygon",
        "coordinates": [
          [
            [
              14486266.444243383,
              5105922.391441798
            ],
            [
              14483671.111289686,
              5110417.639980159
            ],
            [
              14478480.445382291,
              5110417.639980159
            ],
            [
              14475885.112428594,
              5114912.88851852
            ],
            [
              14470694.4465212,
              5114912.88851852
            ],
            [
              14468099.113567503,
              5119408.137056881
            ],
            [
              14470694.4465212,
              5123903.385595242
            ],
            [
              14468099.113567503,
              5128398.6341336025
            ],
            [
              14470694.4465212,
              5132893.882671963
            ],
            [
              14468099.113567503,
              5137389.131210324
            ],
            [
              14470694.4465212,
              5141884.379748685
            ],
            [
              14475885.112428594,
              5141884.379748685
            ],
            [
              14478480.445382291,
              5146379.628287046
            ],
            [
              14475885.112428594,
              5150874.876825407
            ],
            [
              14478480.445382291,
              5155370.125363768
            ],
            [
              14475885.112428594,
              5159865.373902129
            ],
            [
              14478480.445382291,
              5164360.62244049
            ],
            [
              14483671.111289686,
              5164360.62244049
            ],
            [
              14486266.444243383,
              5168855.870978851
            ],
            [
              14491457.110150777,
              5168855.870978851
            ],
            [
              14494052.443104474,
              5164360.62244049
            ],
            [
              14491457.110150777,
              5159865.373902129
            ],
            [
              14494052.443104474,
              5155370.125363768
            ],
            [
              14491457.110150777,
              5150874.876825407
            ],
            [
              14494052.443104474,
              5146379.628287046
            ],
            [
              14499243.109011868,
              5146379.628287046
            ],
            [
              14501838.441965565,
              5141884.379748685
            ],
            [
              14499243.109011868,
              5137389.131210324
            ],
            [
              14501838.441965565,
              5132893.882671963
            ],
            [
              14507029.10787296,
              5132893.882671963
            ],
            [
              14509624.440826656,
              5128398.6341336025
            ],
            [
              14507029.10787296,
              5123903.385595242
            ],
            [
              14509624.440826656,
              5119408.137056881
            ],
            [
              14507029.10787296,
              5114912.88851852
            ],
            [
              14501838.441965565,
              5114912.88851852
            ],
            [
              14499243.109011868,
              5110417.639980159
            ],
            [
              14494052.443104474,
              5110417.639980159
            ],
            [
              14491457.110150777,
              5105922.391441798
            ],
            [
              14486266.444243383,
              5105922.391441798
            ]
          ]
        ]
      },
      "id": "兵庫県"
    },
    {
      "type": "Feature",
      "properties": {
        "pref_name": "北海道"
      },
      "geometry": {
        "type": "MultiPolygon",
        "coordinates": [
          [
            [
              [
                14735418.407798301,
                5465542.274510672
              ],
              [
                14740609.073705696,
                5465542.274510672
              ],
              [
                14743204.406659393,
                5470037.523049033
              ],
              [
                14740609.073705696,
                5474532.771587394
              ],
              [
                14743204.406659393,
                5479028.020125755
              ],
              [
                14748395.072566787,
                5479028.020125755
              ],
              [
                14750990.405520484,
                5483523.268664116
              ],
              [
                14756181.071427878,
                5483523.268664116
              ],
              [
                14758776.404381575,
                5488018.517202477
              ],
              [
                14756181.071427878,
                5492513.765740838
              ],
              [
                14750990.405520484,
                5492513.765740838
              ],
              [
                14748395.072566787,
                5497009.014279199
              ],
              [
                14750990.405520484,
                5501504.26281756
              ],
              [
                14756181.071427878,
                5501504.26281756
              ],
              [
                14758776.404381575,
                5505999.511355921
              ],
              [
                14763967.07028897,
                5505999.511355921
              ],
              [
                14766562.403242666,
                5510494.759894282
              ],
              [
                14771753.06915006,
                5510494.759894282
              ],
              [
                14774348.402103757,
                5514990.008432643
              ],
              [
                14779539.068011152,
                5514990.008432643
              ],
              [
                14782134.400964849,
                5510494.759894282
              ],
              [
                14779539.068011152,
                5505999.511355921
              ],
              [
                14782134.400964849,
                5501504.26281756
              ],
              [
                14779539.068011152,
                5497009.014279199
              ],
              [
                14774348.402103757,
                5497009.014279199
              ],
              [
                14771753.06915006,
                5492513.765740838
              ],
              [
                14766562.403242666,
                5492513.765740838
              ],
              [
                14763967.07028897,
                5488018.517202477
              ],
              [
                14766562.403242666,
                5483523.268664116
              ],
              [
                14763967.07028897,
                5479028.020125755
              ],
              [
                14758776.404381575,
                5479028.020125755
              ],
              [
                14756181.071427878,
                5474532.771587394
              ],
              [
                14750990.405520484,
                5474532.771587394
              ],
              [
                14748395.072566787,
                5470037.523049033
              ],
              [
                14750990.405520484,
                5465542.274510672
              ],
              [
                14748395.072566787,
                5461047.025972311
              ],
              [
                14743204.406659393,
                5461047.025972311
              ],
              [
                14740609.073705696,
                5456551.77743395
              ],
              [
                14735418.407798301,
                5456551.77743395
              ],
              [
                14732823.074844604,
                5461047.025972311
              ],
              [
                14735418.407798301,
                5465542.274510672
              ]
            ]
          ],
          [
            [
              [
                14813278.396409214,
                5519485.2569710035
              ],
              [
                14818469.062316608,
                5519485.2569710035
              ],
              [
                14821064.395270305,
                5523980.505509364
              ],
              [
                14826255.061177699,
                5523980.505509364
              ],
              [
                14828850.394131396,
                5519485.2569710035
              ],
              [
                14834041.06003879,
                5519485.2569710035
              ],
              [
                14836636.392992487,
                5514990.008432643
              ],
              [
                14834041.06003879,
                5510494.759894282
              ],
              [
                14828850.394131396,
                5510494.759894282
              ],
              [
                14826255.061177699,
                5514990.008432643
              ],
              [
                14821064.395270305,
                5514990.008432643
              ],
              [
                14818469.062316608,
                5510494.759894282
              ],
              [
                14813278.396409214,
                5510494.759894282
              ],
              [
                14810683.063455516,
                5514990.008432643
              ],
              [
                14813278.396409214,
                5519485.2569710035
              ]
            ]
          ],
          [
            [
              [
                14849613.057760973,
                5519485.2569710035
              ],
              [
                14852208.39071467,
                5514990.008432643
              ],
              [
                14849613.057760973,
                5510494.759894282
              ],
              [
                14844422.391853578,
                5510494.759894282
              ],
              [
                14841827.058899881,
                5514990.008432643
              ],
              [
                14844422.391853578,
                5519485.2569710035
              ],
              [
                14849613.057760973,
                5519485.2569710035
              ]
            ]
          ],
          [
            [
              [
                14865185.055483155,
                5519485.2569710035
              ],
              [
                14867780.388436852,
                5523980.505509364
              ],
              [
                14872971.054344246,
                5523980.505509364
              ],
              [
                14875566.387297943,
                5519485.2569710035
              ],
              [
                14872971.054344246,
                5514990.008432643
              ],
              [
                14867780.388436852,
                5514990.008432643
              ],
              [
                14865185.055483155,
                5510494.759894282
              ],
              [
                14859994.38957576,
                5510494.759894282
              ],
              [
                14857399.056622064,
                5514990.008432643
              ],
              [
                14859994.38957576,
                5519485.2569710035
              ],
              [
                14865185.055483155,
                5519485.2569710035
              ]
            ]
          ],
          [
            [
              [
                14779539.068011152,
                5550951.99673953
              ],
              [
                14782134.400964849,
                5555447.245277891
              ],
              [
                14779539.068011152,
                5559942.493816252
              ],
              [
                14782134.400964849,
                5564437.742354613
              ],
              [
                14779539.068011152,
                5568932.990892974
              ],
              [
                14782134.400964849,
                5573428.239431335
              ],
              [
                14787325.066872243,
                5573428.239431335
              ],
              [
                14789920.39982594,
                5568932.990892974
              ],
              [
                14787325.066872243,
                5564437.742354613
              ],
              [
                14789920.39982594,
                5559942.493816252
              ],
              [
                14787325.066872243,
                5555447.245277891
              ],
              [
                14789920.39982594,
                5550951.99673953
              ],
              [
                14787325.066872243,
                5546456.748201169
              ],
              [
                14789920.39982594,
                5541961.499662808
              ],
              [
                14787325.066872243,
                5537466.251124447
              ],
              [
                14782134.400964849,
                5537466.251124447
              ],
              [
                14779539.068011152,
                5541961.499662808
              ],
              [
                14782134.400964849,
                5546456.748201169
              ],
              [
                14779539.068011152,
                5550951.99673953
              ]
            ]
          ]
        ]
      },
      "id": "北海道"
    },
    {
      "type": "Feature",
      "properties": {
        "pref_name": "千葉県"
      },
      "geometry": {
        "type": "Polygon",
        "coordinates": [
          [
            [
              14712060.411215028,
              5119408.137056881
            ],
            [
              14709465.07826133,
              5123903.385595242
            ],
            [
              14712060.411215028,
              5128398.6341336025
            ],
            [
              14717251.077122422,
              5128398.6341336025
            ],
            [
              14719846.410076119,
              5132893.882671963
            ],
            [
              14717251.077122422,
              5137389.131210324
            ],
            [
              14719846.410076119,
              5141884.379748685
            ],
            [
              14725037.075983513,
              5141884.379748685
            ],
            [
              14727632.40893721,
              5146379.628287046
            ],
            [
              14725037.075983513,
              5150874.876825407
            ],
            [
              14727632.40893721,
              5155370.125363768
            ],
            [
              14725037.075983513,
              5159865.373902129
            ],
            [
              14727632.40893721,
              5164360.62244049
            ],
            [
              14725037.075983513,
              5168855.870978851
            ],
            [
              14719846.410076119,
              5168855.870978851
            ],
            [
              14717251.077122422,
              5173351.119517212
            ],
            [
              14719846.410076119,
              5177846.368055573
            ],
            [
              14717251.077122422,
              5182341.616593934
            ],
            [
              14719846.410076119,
              5186836.865132295
            ],
            [
              14725037.075983513,
              5186836.865132295
            ],
            [
              14727632.40893721,
              5182341.616593934
            ],
            [
              14732823.074844604,
              5182341.616593934
            ],
            [
              14735418.407798301,
              5177846.368055573
            ],
            [
              14740609.073705696,
              5177846.368055573
            ],
            [
              14743204.406659393,
              5182341.616593934
            ],
            [
              14748395.072566787,
              5182341.616593934
            ],
            [
              14750990.405520484,
              5177846.368055573
            ],
            [
              14748395.072566787,
              5173351.119517212
            ],
            [
              14750990.405520484,
              5168855.870978851
            ],
            [
              14748395.072566787,
              5164360.62244049
            ],
            [
              14750990.405520484,
              5159865.373902129
            ],
            [
              14748395.072566787,
              5155370.125363768
            ],
            [
              14743204.406659393,
              5155370.125363768
            ],
            [
              14740609.073705696,
              5150874.876825407
            ],
            [
              14743204.406659393,
              5146379.628287046
            ],
            [
              14740609.073705696,
              5141884.379748685
            ],
            [
              14743204.406659393,
              5137389.131210324
            ],
            [
              14740609.073705696,
              5132893.882671963
            ],
            [
              14743204.406659393,
              5128398.6341336025
            ],
            [
              14740609.073705696,
              5123903.385595242
            ],
            [
              14735418.407798301,
              5123903.385595242
            ],
            [
              14732823.074844604,
              5119408.137056881
            ],
            [
              14727632.40893721,
              5119408.137056881
            ],
            [
              14725037.075983513,
              5114912.88851852
            ],
            [
              14719846.410076119,
              5114912.88851852
            ],
            [
              14717251.077122422,
              5110417.639980159
            ],
            [
              14712060.411215028,
              5110417.639980159
            ],
            [
              14709465.07826133,
              5114912.88851852
            ],
            [
              14712060.411215028,
              5119408.137056881
            ]
          ]
        ]
      },
      "id": "千葉県"
    },
    {
      "type": "Feature",
      "properties": {
        "pref_name": "和歌山県"
      },
      "geometry": {
        "type": "Polygon",
        "coordinates": [
          [
            [
              14514815.10673405,
              5029503.166289662
            ],
            [
              14517410.439687748,
              5033998.414828023
            ],
            [
              14514815.10673405,
              5038493.663366384
            ],
            [
              14509624.440826656,
              5038493.663366384
            ],
            [
              14507029.10787296,
              5042988.911904745
            ],
            [
              14501838.441965565,
              5042988.911904745
            ],
            [
              14499243.109011868,
              5047484.160443106
            ],
            [
              14501838.441965565,
              5051979.408981467
            ],
            [
              14499243.109011868,
              5056474.657519828
            ],
            [
              14501838.441965565,
              5060969.9060581885
            ],
            [
              14499243.109011868,
              5065465.154596549
            ],
            [
              14501838.441965565,
              5069960.40313491
            ],
            [
              14499243.109011868,
              5074455.651673271
            ],
            [
              14501838.441965565,
              5078950.900211632
            ],
            [
              14507029.10787296,
              5078950.900211632
            ],
            [
              14509624.440826656,
              5074455.651673271
            ],
            [
              14514815.10673405,
              5074455.651673271
            ],
            [
              14517410.439687748,
              5078950.900211632
            ],
            [
              14522601.105595142,
              5078950.900211632
            ],
            [
              14525196.438548839,
              5074455.651673271
            ],
            [
              14530387.104456233,
              5074455.651673271
            ],
            [
              14532982.43740993,
              5069960.40313491
            ],
            [
              14530387.104456233,
              5065465.154596549
            ],
            [
              14525196.438548839,
              5065465.154596549
            ],
            [
              14522601.105595142,
              5060969.9060581885
            ],
            [
              14525196.438548839,
              5056474.657519828
            ],
            [
              14530387.104456233,
              5056474.657519828
            ],
            [
              14532982.43740993,
              5051979.408981467
            ],
            [
              14530387.104456233,
              5047484.160443106
            ],
            [
              14532982.43740993,
              5042988.911904745
            ],
            [
              14538173.103317324,
              5042988.911904745
            ],
            [
              14540768.436271021,
              5047484.160443106
            ],
            [
              14545959.102178415,
              5047484.160443106
            ],
            [
              14548554.435132112,
              5042988.911904745
            ],
            [
              14545959.102178415,
              5038493.663366384
            ],
            [
              14548554.435132112,
              5033998.414828023
            ],
            [
              14545959.102178415,
              5029503.166289662
            ],
            [
              14540768.436271021,
              5029503.166289662
            ],
            [
              14538173.103317324,
              5025007.917751301
            ],
            [
              14532982.43740993,
              5025007.917751301
            ],
            [
              14530387.104456233,
              5029503.166289662
            ],
            [
              14525196.438548839,
              5029503.166289662
            ],
            [
              14522601.105595142,
              5025007.917751301
            ],
            [
              14517410.439687748,
              5025007.917751301
            ],
            [
              14514815.10673405,
              5029503.166289662
            ]
          ]
        ]
      },
      "id": "和歌山県"
    },
    {
      "type": "Feature",
      "properties": {
        "pref_name": "埼玉県"
      },
      "geometry": {
        "type": "Polygon",
        "coordinates": [
          [
            [
              14649772.420326298,
              5191332.1136706555
            ],
            [
              14647177.087372601,
              5195827.362209016
            ],
            [
              14649772.420326298,
              5200322.610747377
            ],
            [
              14654963.086233692,
              5200322.610747377
            ],
            [
              14657558.41918739,
              5195827.362209016
            ],
            [
              14662749.085094783,
              5195827.362209016
            ],
            [
              14665344.41804848,
              5200322.610747377
            ],
            [
              14662749.085094783,
              5204817.859285738
            ],
            [
              14665344.41804848,
              5209313.107824099
            ],
            [
              14670535.083955875,
              5209313.107824099
            ],
            [
              14673130.416909572,
              5213808.35636246
            ],
            [
              14678321.082816966,
              5213808.35636246
            ],
            [
              14680916.415770663,
              5209313.107824099
            ],
            [
              14686107.081678057,
              5209313.107824099
            ],
            [
              14688702.414631754,
              5204817.859285738
            ],
            [
              14693893.080539148,
              5204817.859285738
            ],
            [
              14696488.413492845,
              5209313.107824099
            ],
            [
              14701679.07940024,
              5209313.107824099
            ],
            [
              14704274.412353937,
              5204817.859285738
            ],
            [
              14709465.07826133,
              5204817.859285738
            ],
            [
              14712060.411215028,
              5200322.610747377
            ],
            [
              14709465.07826133,
              5195827.362209016
            ],
            [
              14712060.411215028,
              5191332.1136706555
            ],
            [
              14717251.077122422,
              5191332.1136706555
            ],
            [
              14719846.410076119,
              5186836.865132295
            ],
            [
              14717251.077122422,
              5182341.616593934
            ],
            [
              14719846.410076119,
              5177846.368055573
            ],
            [
              14717251.077122422,
              5173351.119517212
            ],
            [
              14712060.411215028,
              5173351.119517212
            ],
            [
              14709465.07826133,
              5177846.368055573
            ],
            [
              14704274.412353937,
              5177846.368055573
            ],
            [
              14701679.07940024,
              5173351.119517212
            ],
            [
              14696488.413492845,
              5173351.119517212
            ],
            [
              14693893.080539148,
              5177846.368055573
            ],
            [
              14688702.414631754,
              5177846.368055573
            ],
            [
              14686107.081678057,
              5182341.616593934
            ],
            [
              14680916.415770663,
              5182341.616593934
            ],
            [
              14678321.082816966,
              5186836.865132295
            ],
            [
              14673130.416909572,
              5186836.865132295
            ],
            [
              14670535.083955875,
              5182341.616593934
            ],
            [
              14665344.41804848,
              5182341.616593934
            ],
            [
              14662749.085094783,
              5186836.865132295
            ],
            [
              14657558.41918739,
              5186836.865132295
            ],
            [
              14654963.086233692,
              5182341.616593934
            ],
            [
              14649772.420326298,
              5182341.616593934
            ],
            [
              14647177.087372601,
              5186836.865132295
            ],
            [
              14649772.420326298,
              5191332.1136706555
            ]
          ]
        ]
      },
      "id": "埼玉県"
    },
    {
      "type": "Feature",
      "properties": {
        "pref_name": "大分県"
      },
      "geometry": {
        "type": "Polygon",
        "coordinates": [
          [
            [
              14343523.131790044,
              5011522.172136218
            ],
            [
              14346118.46474374,
              5016017.420674579
            ],
            [
              14343523.131790044,
              5020512.66921294
            ],
            [
              14338332.46588265,
              5020512.66921294
            ],
            [
              14335737.132928953,
              5025007.917751301
            ],
            [
              14330546.467021558,
              5025007.917751301
            ],
            [
              14327951.134067861,
              5029503.166289662
            ],
            [
              14330546.467021558,
              5033998.414828023
            ],
            [
              14327951.134067861,
              5038493.663366384
            ],
            [
              14330546.467021558,
              5042988.911904745
            ],
            [
              14327951.134067861,
              5047484.160443106
            ],
            [
              14330546.467021558,
              5051979.408981467
            ],
            [
              14335737.132928953,
              5051979.408981467
            ],
            [
              14338332.46588265,
              5056474.657519828
            ],
            [
              14343523.131790044,
              5056474.657519828
            ],
            [
              14346118.46474374,
              5051979.408981467
            ],
            [
              14351309.130651135,
              5051979.408981467
            ],
            [
              14353904.463604832,
              5056474.657519828
            ],
            [
              14359095.129512226,
              5056474.657519828
            ],
            [
              14361690.462465923,
              5051979.408981467
            ],
            [
              14359095.129512226,
              5047484.160443106
            ],
            [
              14361690.462465923,
              5042988.911904745
            ],
            [
              14359095.129512226,
              5038493.663366384
            ],
            [
              14353904.463604832,
              5038493.663366384
            ],
            [
              14351309.130651135,
              5033998.414828023
            ],
            [
              14353904.463604832,
              5029503.166289662
            ],
            [
              14359095.129512226,
              5029503.166289662
            ],
            [
              14361690.462465923,
              5033998.414828023
            ],
            [
              14366881.128373317,
              5033998.414828023
            ],
            [
              14369476.461327014,
              5029503.166289662
            ],
            [
              14366881.128373317,
              5025007.917751301
            ],
            [
              14369476.461327014,
              5020512.66921294
            ],
            [
              14374667.127234409,
              5020512.66921294
            ],
            [
              14377262.460188106,
              5016017.420674579
            ],
            [
              14374667.127234409,
              5011522.172136218
            ],
            [
              14377262.460188106,
              5007026.923597857
            ],
            [
              14374667.127234409,
              5002531.675059496
            ],
            [
              14369476.461327014,
              5002531.675059496
            ],
            [
              14366881.128373317,
              5007026.923597857
            ],
            [
              14361690.462465923,
              5007026.923597857
            ],
            [
              14359095.129512226,
              5002531.675059496
            ],
            [
              14353904.463604832,
              5002531.675059496
            ],
            [
              14351309.130651135,
              5007026.923597857
            ],
            [
              14346118.46474374,
              5007026.923597857
            ],
            [
              14343523.131790044,
              5011522.172136218
            ]
          ]
        ]
      },
      "id": "大分県"
    },
    {
      "type": "Feature",
      "properties": {
        "pref_name": "大阪府"
      },
      "geometry": {
        "type": "Polygon",
        "coordinates": [
          [
            [
              14507029.10787296,
              5078950.900211632
            ],
            [
              14501838.441965565,
              5078950.900211632
            ],
            [
              14499243.109011868,
              5083446.148749993
            ],
            [
              14501838.441965565,
              5087941.397288354
            ],
            [
              14507029.10787296,
              5087941.397288354
            ],
            [
              14509624.440826656,
              5092436.645826715
            ],
            [
              14514815.10673405,
              5092436.645826715
            ],
            [
              14517410.439687748,
              5096931.894365076
            ],
            [
              14514815.10673405,
              5101427.142903437
            ],
            [
              14509624.440826656,
              5101427.142903437
            ],
            [
              14507029.10787296,
              5105922.391441798
            ],
            [
              14509624.440826656,
              5110417.639980159
            ],
            [
              14507029.10787296,
              5114912.88851852
            ],
            [
              14509624.440826656,
              5119408.137056881
            ],
            [
              14507029.10787296,
              5123903.385595242
            ],
            [
              14509624.440826656,
              5128398.6341336025
            ],
            [
              14514815.10673405,
              5128398.6341336025
            ],
            [
              14517410.439687748,
              5123903.385595242
            ],
            [
              14522601.105595142,
              5123903.385595242
            ],
            [
              14525196.438548839,
              5128398.6341336025
            ],
            [
              14530387.104456233,
              5128398.6341336025
            ],
            [
              14532982.43740993,
              5123903.385595242
            ],
            [
              14538173.103317324,
              5123903.385595242
            ],
            [
              14540768.436271021,
              5119408.137056881
            ],
            [
              14538173.103317324,
              5114912.88851852
            ],
            [
              14540768.436271021,
              5110417.639980159
            ],
            [
              14538173.103317324,
              5105922.391441798
            ],
            [
              14540768.436271021,
              5101427.142903437
            ],
            [
              14538173.103317324,
              5096931.894365076
            ],
            [
              14540768.436271021,
              5092436.645826715
            ],
            [
              14538173.103317324,
              5087941.397288354
            ],
            [
              14540768.436271021,
              5083446.148749993
            ],
            [
              14538173.103317324,
              5078950.900211632
            ],
            [
              14532982.43740993,
              5078950.900211632
            ],
            [
              14530387.104456233,
              5074455.651673271
            ],
            [
              14525196.438548839,
              5074455.651673271
            ],
            [
              14522601.105595142,
              5078950.900211632
            ],
            [
              14517410.439687748,
              5078950.900211632
            ],
            [
              14514815.10673405,
              5074455.651673271
            ],
            [
              14509624.440826656,
              5074455.651673271
            ],
            [
              14507029.10787296,
              5078950.900211632
            ]
          ]
        ]
      },
      "id": "大阪府"
    },
    {
      "type": "Feature",
      "properties": {
        "pref_name": "奈良県"
      },
      "geometry": {
        "type": "Polygon",
        "coordinates": [
          [
            [
              14532982.43740993,
              5051979.408981467
            ],
            [
              14530387.104456233,
              5056474.657519828
            ],
            [
              14525196.438548839,
              5056474.657519828
            ],
            [
              14522601.105595142,
              5060969.9060581885
            ],
            [
              14525196.438548839,
              5065465.154596549
            ],
            [
              14530387.104456233,
              5065465.154596549
            ],
            [
              14532982.43740993,
              5069960.40313491
            ],
            [
              14530387.104456233,
              5074455.651673271
            ],
            [
              14532982.43740993,
              5078950.900211632
            ],
            [
              14538173.103317324,
              5078950.900211632
            ],
            [
              14540768.436271021,
              5083446.148749993
            ],
            [
              14538173.103317324,
              5087941.397288354
            ],
            [
              14540768.436271021,
              5092436.645826715
            ],
            [
              14538173.103317324,
              5096931.894365076
            ],
            [
              14540768.436271021,
              5101427.142903437
            ],
            [
              14538173.103317324,
              5105922.391441798
            ],
            [
              14540768.436271021,
              5110417.639980159
            ],
            [
              14545959.102178415,
              5110417.639980159
            ],
            [
              14548554.435132112,
              5114912.88851852
            ],
            [
              14553745.101039506,
              5114912.88851852
            ],
            [
              14556340.433993204,
              5110417.639980159
            ],
            [
              14553745.101039506,
              5105922.391441798
            ],
            [
              14556340.433993204,
              5101427.142903437
            ],
            [
              14561531.099900598,
              5101427.142903437
            ],
            [
              14564126.432854295,
              5096931.894365076
            ],
            [
              14561531.099900598,
              5092436.645826715
            ],
            [
              14564126.432854295,
              5087941.397288354
            ],
            [
              14561531.099900598,
              5083446.148749993
            ],
            [
              14564126.432854295,
              5078950.900211632
            ],
            [
              14561531.099900598,
              5074455.651673271
            ],
            [
              14564126.432854295,
              5069960.40313491
            ],
            [
              14561531.099900598,
              5065465.154596549
            ],
            [
              14564126.432854295,
              5060969.9060581885
            ],
            [
              14561531.099900598,
              5056474.657519828
            ],
            [
              14556340.433993204,
              5056474.657519828
            ],
            [
              14553745.101039506,
              5051979.408981467
            ],
            [
              14548554.435132112,
              5051979.408981467
            ],
            [
              14545959.102178415,
              5047484.160443106
            ],
            [
              14540768.436271021,
              5047484.160443106
            ],
            [
              14538173.103317324,
              5042988.911904745
            ],
            [
              14532982.43740993,
              5042988.911904745
            ],
            [
              14530387.104456233,
              5047484.160443106
            ],
            [
              14532982.43740993,
              5051979.408981467
            ]
          ]
        ]
      },
      "id": "奈良県"
    },
    {
      "type": "Feature",
      "properties": {
        "pref_name": "宮城県"
      },
      "geometry": {
        "type": "Polygon",
        "coordinates": [
          [
            [
              14719846.410076119,
              5285732.332976235
            ],
            [
              14725037.075983513,
              5285732.332976235
            ],
            [
              14727632.40893721,
              5290227.581514596
            ],
            [
              14725037.075983513,
              5294722.830052957
            ],
            [
              14727632.40893721,
              5299218.078591318
            ],
            [
              14725037.075983513,
              5303713.327129679
            ],
            [
              14727632.40893721,
              5308208.57566804
            ],
            [
              14732823.074844604,
              5308208.57566804
            ],
            [
              14735418.407798301,
              5312703.824206401
            ],
            [
              14732823.074844604,
              5317199.072744762
            ],
            [
              14735418.407798301,
              5321694.3212831225
            ],
            [
              14732823.074844604,
              5326189.569821483
            ],
            [
              14735418.407798301,
              5330684.818359844
            ],
            [
              14732823.074844604,
              5335180.066898205
            ],
            [
              14735418.407798301,
              5339675.315436566
            ],
            [
              14740609.073705696,
              5339675.315436566
            ],
            [
              14743204.406659393,
              5344170.563974927
            ],
            [
              14748395.072566787,
              5344170.563974927
            ],
            [
              14750990.405520484,
              5339675.315436566
            ],
            [
              14748395.072566787,
              5335180.066898205
            ],
            [
              14750990.405520484,
              5330684.818359844
            ],
            [
              14756181.071427878,
              5330684.818359844
            ],
            [
              14758776.404381575,
              5335180.066898205
            ],
            [
              14763967.07028897,
              5335180.066898205
            ],
            [
              14766562.403242666,
              5330684.818359844
            ],
            [
              14763967.07028897,
              5326189.569821483
            ],
            [
              14766562.403242666,
              5321694.3212831225
            ],
            [
              14763967.07028897,
              5317199.072744762
            ],
            [
              14766562.403242666,
              5312703.824206401
            ],
            [
              14763967.07028897,
              5308208.57566804
            ],
            [
              14758776.404381575,
              5308208.57566804
            ],
            [
              14756181.071427878,
              5303713.327129679
            ],
            [
              14750990.405520484,
              5303713.327129679
            ],
            [
              14748395.072566787,
              5299218.078591318
            ],
            [
              14743204.406659393,
              5299218.078591318
            ],
            [
              14740609.073705696,
              5294722.830052957
            ],
            [
              14743204.406659393,
              5290227.581514596
            ],
            [
              14740609.073705696,
              5285732.332976235
            ],
            [
              14743204.406659393,
              5281237.084437874
            ],
            [
              14740609.073705696,
              5276741.835899513
            ],
            [
              14735418.407798301,
              5276741.835899513
            ],
            [
              14732823.074844604,
              5281237.084437874
            ],
            [
              14727632.40893721,
              5281237.084437874
            ],
            [
              14725037.075983513,
              5276741.835899513
            ],
            [
              14719846.410076119,
              5276741.835899513
            ],
            [
              14717251.077122422,
              5281237.084437874
            ],
            [
              14719846.410076119,
              5285732.332976235
            ]
          ]
        ]
      },
      "id": "宮城県"
    },
    {
      "type": "Feature",
      "properties": {
        "pref_name": "宮崎県"
      },
      "geometry": {
        "type": "Polygon",
        "coordinates": [
          [
            [
              14343523.131790044,
              4939598.195522443
            ],
            [
              14346118.46474374,
              4944093.444060804
            ],
            [
              14343523.131790044,
              4948588.692599165
            ],
            [
              14338332.46588265,
              4948588.692599165
            ],
            [
              14335737.132928953,
              4953083.941137526
            ],
            [
              14330546.467021558,
              4953083.941137526
            ],
            [
              14327951.134067861,
              4957579.189675887
            ],
            [
              14330546.467021558,
              4962074.438214248
            ],
            [
              14327951.134067861,
              4966569.686752609
            ],
            [
              14330546.467021558,
              4971064.93529097
            ],
            [
              14335737.132928953,
              4971064.93529097
            ],
            [
              14338332.46588265,
              4975560.183829331
            ],
            [
              14335737.132928953,
              4980055.432367692
            ],
            [
              14338332.46588265,
              4984550.680906053
            ],
            [
              14335737.132928953,
              4989045.929444414
            ],
            [
              14338332.46588265,
              4993541.177982775
            ],
            [
              14335737.132928953,
              4998036.4265211355
            ],
            [
              14338332.46588265,
              5002531.675059496
            ],
            [
              14343523.131790044,
              5002531.675059496
            ],
            [
              14346118.46474374,
              5007026.923597857
            ],
            [
              14351309.130651135,
              5007026.923597857
            ],
            [
              14353904.463604832,
              5002531.675059496
            ],
            [
              14359095.129512226,
              5002531.675059496
            ],
            [
              14361690.462465923,
              5007026.923597857
            ],
            [
              14366881.128373317,
              5007026.923597857
            ],
            [
              14369476.461327014,
              5002531.675059496
            ],
            [
              14366881.128373317,
              4998036.4265211355
            ],
            [
              14369476.461327014,
              4993541.177982775
            ],
            [
              14366881.128373317,
              4989045.929444414
            ],
            [
              14361690.462465923,
              4989045.929444414
            ],
            [
              14359095.129512226,
              4984550.680906053
            ],
            [
              14361690.462465923,
              4980055.432367692
            ],
            [
              14359095.129512226,
              4975560.183829331
            ],
            [
              14361690.462465923,
              4971064.93529097
            ],
            [
              14359095.129512226,
              4966569.686752609
            ],
            [
              14353904.463604832,
              4966569.686752609
            ],
            [
              14351309.130651135,
              4962074.438214248
            ],
            [
              14353904.463604832,
              4957579.189675887
            ],
            [
              14351309.130651135,
              4953083.941137526
            ],
            [
              14353904.463604832,
              4948588.692599165
            ],
            [
              14351309.130651135,
              4944093.444060804
            ],
            [
              14353904.463604832,
              4939598.195522443
            ],
            [
              14351309.130651135,
              4935102.946984082
            ],
            [
              14346118.46474374,
              4935102.946984082
            ],
            [
              14343523.131790044,
              4939598.195522443
            ]
          ]
        ]
      },
      "id": "宮崎県"
    },
    {
      "type": "Feature",
      "properties": {
        "pref_name": "富山県"
      },
      "geometry": {
        "type": "Polygon",
        "coordinates": [
          [
            [
              14595270.42829866,
              5186836.865132295
            ],
            [
              14592675.095344963,
              5191332.1136706555
            ],
            [
              14587484.429437568,
              5191332.1136706555
            ],
            [
              14584889.096483871,
              5195827.362209016
            ],
            [
              14587484.429437568,
              5200322.610747377
            ],
            [
              14584889.096483871,
              5204817.859285738
            ],
            [
              14587484.429437568,
              5209313.107824099
            ],
            [
              14584889.096483871,
              5213808.35636246
            ],
            [
              14587484.429437568,
              5218303.604900821
            ],
            [
              14584889.096483871,
              5222798.853439182
            ],
            [
              14587484.429437568,
              5227294.101977543
            ],
            [
              14592675.095344963,
              5227294.101977543
            ],
            [
              14595270.42829866,
              5231789.350515904
            ],
            [
              14592675.095344963,
              5236284.599054265
            ],
            [
              14595270.42829866,
              5240779.847592626
            ],
            [
              14592675.095344963,
              5245275.096130987
            ],
            [
              14595270.42829866,
              5249770.344669348
            ],
            [
              14600461.094206054,
              5249770.344669348
            ],
            [
              14603056.42715975,
              5245275.096130987
            ],
            [
              14600461.094206054,
              5240779.847592626
            ],
            [
              14603056.42715975,
              5236284.599054265
            ],
            [
              14608247.093067145,
              5236284.599054265
            ],
            [
              14610842.426020842,
              5231789.350515904
            ],
            [
              14608247.093067145,
              5227294.101977543
            ],
            [
              14610842.426020842,
              5222798.853439182
            ],
            [
              14616033.091928236,
              5222798.853439182
            ],
            [
              14618628.424881933,
              5227294.101977543
            ],
            [
              14616033.091928236,
              5231789.350515904
            ],
            [
              14618628.424881933,
              5236284.599054265
            ],
            [
              14623819.090789327,
              5236284.599054265
            ],
            [
              14626414.423743024,
              5231789.350515904
            ],
            [
              14623819.090789327,
              5227294.101977543
            ],
            [
              14626414.423743024,
              5222798.853439182
            ],
            [
              14623819.090789327,
              5218303.604900821
            ],
            [
              14626414.423743024,
              5213808.35636246
            ],
            [
              14623819.090789327,
              5209313.107824099
            ],
            [
              14626414.423743024,
              5204817.859285738
            ],
            [
              14623819.090789327,
              5200322.610747377
            ],
            [
              14618628.424881933,
              5200322.610747377
            ],
            [
              14616033.091928236,
              5195827.362209016
            ],
            [
              14610842.426020842,
              5195827.362209016
            ],
            [
              14608247.093067145,
              5200322.610747377
            ],
            [
              14603056.42715975,
              5200322.610747377
            ],
            [
              14600461.094206054,
              5195827.362209016
            ],
            [
              14603056.42715975,
              5191332.1136706555
            ],
            [
              14600461.094206054,
              5186836.865132295
            ],
            [
              14595270.42829866,
              5186836.865132295
            ]
          ]
        ]
      },
      "id": "富山県"
    },
    {
      "type": "Feature",
      "properties": {
        "pref_name": "山口県"
      },
      "geometry": {
        "type": "Polygon",
        "coordinates": [
          [
            [
              14330546.467021558,
              5078950.900211632
            ],
            [
              14327951.134067861,
              5083446.148749993
            ],
            [
              14322760.468160467,
              5083446.148749993
            ],
            [
              14320165.13520677,
              5087941.397288354
            ],
            [
              14322760.468160467,
              5092436.645826715
            ],
            [
              14320165.13520677,
              5096931.894365076
            ],
            [
              14322760.468160467,
              5101427.142903437
            ],
            [
              14327951.134067861,
              5101427.142903437
            ],
            [
              14330546.467021558,
              5096931.894365076
            ],
            [
              14335737.132928953,
              5096931.894365076
            ],
            [
              14338332.46588265,
              5101427.142903437
            ],
            [
              14343523.131790044,
              5101427.142903437
            ],
            [
              14346118.46474374,
              5105922.391441798
            ],
            [
              14343523.131790044,
              5110417.639980159
            ],
            [
              14346118.46474374,
              5114912.88851852
            ],
            [
              14351309.130651135,
              5114912.88851852
            ],
            [
              14353904.463604832,
              5110417.639980159
            ],
            [
              14351309.130651135,
              5105922.391441798
            ],
            [
              14353904.463604832,
              5101427.142903437
            ],
            [
              14359095.129512226,
              5101427.142903437
            ],
            [
              14361690.462465923,
              5096931.894365076
            ],
            [
              14366881.128373317,
              5096931.894365076
            ],
            [
              14369476.461327014,
              5101427.142903437
            ],
            [
              14374667.127234409,
              5101427.142903437
            ],
            [
              14377262.460188106,
              5096931.894365076
            ],
            [
              14374667.127234409,
              5092436.645826715
            ],
            [
              14377262.460188106,
              5087941.397288354
            ],
            [
              14374667.127234409,
              5083446.148749993
            ],
            [
              14377262.460188106,
              5078950.900211632
            ],
            [
              14374667.127234409,
              5074455.651673271
            ],
            [
              14377262.460188106,
              5069960.40313491
            ],
            [
              14374667.127234409,
              5065465.154596549
            ],
            [
              14369476.461327014,
              5065465.154596549
            ],
            [
              14366881.128373317,
              5069960.40313491
            ],
            [
              14361690.462465923,
              5069960.40313491
            ],
            [
              14359095.129512226,
              5074455.651673271
            ],
            [
              14353904.463604832,
              5074455.651673271
            ],
            [
              14351309.130651135,
              5078950.900211632
            ],
            [
              14346118.46474374,
              5078950.900211632
            ],
            [
              14343523.131790044,
              5074455.651673271
            ],
            [
              14338332.46588265,
              5074455.651673271
            ],
            [
              14335737.132928953,
              5069960.40313491
            ],
            [
              14330546.467021558,
              5069960.40313491
            ],
            [
              14327951.134067861,
              5074455.651673271
            ],
            [
              14330546.467021558,
              5078950.900211632
            ]
          ]
        ]
      },
      "id": "山口県"
    },
    {
      "type": "Feature",
      "properties": {
        "pref_name": "山形県"
      },
      "geometry": {
        "type": "Polygon",
        "coordinates": [
          [
            [
              14712060.411215028,
              5272246.587361152
            ],
            [
              14709465.07826133,
              5276741.835899513
            ],
            [
              14704274.412353937,
              5276741.835899513
            ],
            [
              14701679.07940024,
              5281237.084437874
            ],
            [
              14704274.412353937,
              5285732.332976235
            ],
            [
              14701679.07940024,
              5290227.581514596
            ],
            [
              14704274.412353937,
              5294722.830052957
            ],
            [
              14709465.07826133,
              5294722.830052957
            ],
            [
              14712060.411215028,
              5299218.078591318
            ],
            [
              14709465.07826133,
              5303713.327129679
            ],
            [
              14704274.412353937,
              5303713.327129679
            ],
            [
              14701679.07940024,
              5308208.57566804
            ],
            [
              14704274.412353937,
              5312703.824206401
            ],
            [
              14701679.07940024,
              5317199.072744762
            ],
            [
              14704274.412353937,
              5321694.3212831225
            ],
            [
              14709465.07826133,
              5321694.3212831225
            ],
            [
              14712060.411215028,
              5326189.569821483
            ],
            [
              14709465.07826133,
              5330684.818359844
            ],
            [
              14712060.411215028,
              5335180.066898205
            ],
            [
              14709465.07826133,
              5339675.315436566
            ],
            [
              14712060.411215028,
              5344170.563974927
            ],
            [
              14717251.077122422,
              5344170.563974927
            ],
            [
              14719846.410076119,
              5339675.315436566
            ],
            [
              14725037.075983513,
              5339675.315436566
            ],
            [
              14727632.40893721,
              5335180.066898205
            ],
            [
              14732823.074844604,
              5335180.066898205
            ],
            [
              14735418.407798301,
              5330684.818359844
            ],
            [
              14732823.074844604,
              5326189.569821483
            ],
            [
              14735418.407798301,
              5321694.3212831225
            ],
            [
              14732823.074844604,
              5317199.072744762
            ],
            [
              14735418.407798301,
              5312703.824206401
            ],
            [
              14732823.074844604,
              5308208.57566804
            ],
            [
              14727632.40893721,
              5308208.57566804
            ],
            [
              14725037.075983513,
              5303713.327129679
            ],
            [
              14727632.40893721,
              5299218.078591318
            ],
            [
              14725037.075983513,
              5294722.830052957
            ],
            [
              14727632.40893721,
              5290227.581514596
            ],
            [
              14725037.075983513,
              5285732.332976235
            ],
            [
              14719846.410076119,
              5285732.332976235
            ],
            [
              14717251.077122422,
              5281237.084437874
            ],
            [
              14719846.410076119,
              5276741.835899513
            ],
            [
              14717251.077122422,
              5272246.587361152
            ],
            [
              14712060.411215028,
              5272246.587361152
            ]
          ]
        ]
      },
      "id": "山形県"
    },
    {
      "type": "Feature",
      "properties": {
        "pref_name": "山梨県"
      },
      "geometry": {
        "type": "MultiPolygon",
        "coordinates": [
          [
            [
              [
                14641986.421465207,
                5132893.882671963
              ],
              [
                14647177.087372601,
                5132893.882671963
              ],
              [
                14649772.420326298,
                5128398.6341336025
              ],
              [
                14647177.087372601,
                5123903.385595242
              ],
              [
                14641986.421465207,
                5123903.385595242
              ],
              [
                14639391.08851151,
                5128398.6341336025
              ],
              [
                14641986.421465207,
                5132893.882671963
              ]
            ]
          ],
          [
            [
              [
                14634200.422604116,
                5146379.628287046
              ],
              [
                14631605.089650419,
                5150874.876825407
              ],
              [
                14634200.422604116,
                5155370.125363768
              ],
              [
                14631605.089650419,
                5159865.373902129
              ],
              [
                14626414.423743024,
                5159865.373902129
              ],
              [
                14623819.090789327,
                5164360.62244049
              ],
              [
                14626414.423743024,
                5168855.870978851
              ],
              [
                14623819.090789327,
                5173351.119517212
              ],
              [
                14626414.423743024,
                5177846.368055573
              ],
              [
                14631605.089650419,
                5177846.368055573
              ],
              [
                14634200.422604116,
                5182341.616593934
              ],
              [
                14631605.089650419,
                5186836.865132295
              ],
              [
                14634200.422604116,
                5191332.1136706555
              ],
              [
                14639391.08851151,
                5191332.1136706555
              ],
              [
                14641986.421465207,
                5186836.865132295
              ],
              [
                14647177.087372601,
                5186836.865132295
              ],
              [
                14649772.420326298,
                5182341.616593934
              ],
              [
                14654963.086233692,
                5182341.616593934
              ],
              [
                14657558.41918739,
                5177846.368055573
              ],
              [
                14662749.085094783,
                5177846.368055573
              ],
              [
                14665344.41804848,
                5173351.119517212
              ],
              [
                14662749.085094783,
                5168855.870978851
              ],
              [
                14665344.41804848,
                5164360.62244049
              ],
              [
                14662749.085094783,
                5159865.373902129
              ],
              [
                14665344.41804848,
                5155370.125363768
              ],
              [
                14662749.085094783,
                5150874.876825407
              ],
              [
                14665344.41804848,
                5146379.628287046
              ],
              [
                14662749.085094783,
                5141884.379748685
              ],
              [
                14657558.41918739,
                5141884.379748685
              ],
              [
                14654963.086233692,
                5137389.131210324
              ],
              [
                14649772.420326298,
                5137389.131210324
              ],
              [
                14647177.087372601,
                5141884.379748685
              ],
              [
                14641986.421465207,
                5141884.379748685
              ],
              [
                14639391.08851151,
                5137389.131210324
              ],
              [
                14634200.422604116,
                5137389.131210324
              ],
              [
                14631605.089650419,
                5141884.379748685
              ],
              [
                14634200.422604116,
                5146379.628287046
              ]
            ]
          ]
        ]
      },
      "id": "山梨県"
    },
    {
      "type": "Feature",
      "properties": {
        "pref_name": "岐阜県"
      },
      "geometry": {
        "type": "Polygon",
        "coordinates": [
          [
            [
              14577103.09762278,
              5137389.131210324
            ],
            [
              14571912.431715386,
              5137389.131210324
            ],
            [
              14569317.098761689,
              5141884.379748685
            ],
            [
              14571912.431715386,
              5146379.628287046
            ],
            [
              14577103.09762278,
              5146379.628287046
            ],
            [
              14579698.430576477,
              5150874.876825407
            ],
            [
              14577103.09762278,
              5155370.125363768
            ],
            [
              14571912.431715386,
              5155370.125363768
            ],
            [
              14569317.098761689,
              5159865.373902129
            ],
            [
              14571912.431715386,
              5164360.62244049
            ],
            [
              14569317.098761689,
              5168855.870978851
            ],
            [
              14571912.431715386,
              5173351.119517212
            ],
            [
              14577103.09762278,
              5173351.119517212
            ],
            [
              14579698.430576477,
              5168855.870978851
            ],
            [
              14584889.096483871,
              5168855.870978851
            ],
            [
              14587484.429437568,
              5173351.119517212
            ],
            [
              14584889.096483871,
              5177846.368055573
            ],
            [
              14587484.429437568,
              5182341.616593934
            ],
            [
              14592675.095344963,
              5182341.616593934
            ],
            [
              14595270.42829866,
              5186836.865132295
            ],
            [
              14600461.094206054,
              5186836.865132295
            ],
            [
              14603056.42715975,
              5191332.1136706555
            ],
            [
              14600461.094206054,
              5195827.362209016
            ],
            [
              14603056.42715975,
              5200322.610747377
            ],
            [
              14608247.093067145,
              5200322.610747377
            ],
            [
              14610842.426020842,
              5195827.362209016
            ],
            [
              14616033.091928236,
              5195827.362209016
            ],
            [
              14618628.424881933,
              5200322.610747377
            ],
            [
              14623819.090789327,
              5200322.610747377
            ],
            [
              14626414.423743024,
              5195827.362209016
            ],
            [
              14623819.090789327,
              5191332.1136706555
            ],
            [
              14618628.424881933,
              5191332.1136706555
            ],
            [
              14616033.091928236,
              5186836.865132295
            ],
            [
              14618628.424881933,
              5182341.616593934
            ],
            [
              14616033.091928236,
              5177846.368055573
            ],
            [
              14610842.426020842,
              5177846.368055573
            ],
            [
              14608247.093067145,
              5173351.119517212
            ],
            [
              14610842.426020842,
              5168855.870978851
            ],
            [
              14608247.093067145,
              5164360.62244049
            ],
            [
              14610842.426020842,
              5159865.373902129
            ],
            [
              14616033.091928236,
              5159865.373902129
            ],
            [
              14618628.424881933,
              5155370.125363768
            ],
            [
              14616033.091928236,
              5150874.876825407
            ],
            [
              14610842.426020842,
              5150874.876825407
            ],
            [
              14608247.093067145,
              5146379.628287046
            ],
            [
              14603056.42715975,
              5146379.628287046
            ],
            [
              14600461.094206054,
              5150874.876825407
            ],
            [
              14595270.42829866,
              5150874.876825407
            ],
            [
              14592675.095344963,
              5155370.125363768
            ],
            [
              14587484.429437568,
              5155370.125363768
            ],
            [
              14584889.096483871,
              5150874.876825407
            ],
            [
              14587484.429437568,
              5146379.628287046
            ],
            [
              14584889.096483871,
              5141884.379748685
            ],
            [
              14587484.429437568,
              5137389.131210324
            ],
            [
              14584889.096483871,
              5132893.882671963
            ],
            [
              14579698.430576477,
              5132893.882671963
            ],
            [
              14577103.09762278,
              5137389.131210324
            ]
          ]
        ]
      },
      "id": "岐阜県"
    },
    {
      "type": "Feature",
      "properties": {
        "pref_name": "岡山県"
      },
      "geometry": {
        "type": "Polygon",
        "coordinates": [
          [
            [
              14423978.453354653,
              5105922.391441798
            ],
            [
              14421383.120400956,
              5110417.639980159
            ],
            [
              14423978.453354653,
              5114912.88851852
            ],
            [
              14421383.120400956,
              5119408.137056881
            ],
            [
              14423978.453354653,
              5123903.385595242
            ],
            [
              14421383.120400956,
              5128398.6341336025
            ],
            [
              14423978.453354653,
              5132893.882671963
            ],
            [
              14421383.120400956,
              5137389.131210324
            ],
            [
              14423978.453354653,
              5141884.379748685
            ],
            [
              14429169.119262047,
              5141884.379748685
            ],
            [
              14431764.452215744,
              5137389.131210324
            ],
            [
              14436955.118123138,
              5137389.131210324
            ],
            [
              14439550.451076835,
              5132893.882671963
            ],
            [
              14444741.11698423,
              5132893.882671963
            ],
            [
              14447336.449937927,
              5137389.131210324
            ],
            [
              14452527.11584532,
              5137389.131210324
            ],
            [
              14455122.448799018,
              5141884.379748685
            ],
            [
              14460313.114706412,
              5141884.379748685
            ],
            [
              14462908.447660109,
              5137389.131210324
            ],
            [
              14460313.114706412,
              5132893.882671963
            ],
            [
              14462908.447660109,
              5128398.6341336025
            ],
            [
              14468099.113567503,
              5128398.6341336025
            ],
            [
              14470694.4465212,
              5123903.385595242
            ],
            [
              14468099.113567503,
              5119408.137056881
            ],
            [
              14470694.4465212,
              5114912.88851852
            ],
            [
              14468099.113567503,
              5110417.639980159
            ],
            [
              14462908.447660109,
              5110417.639980159
            ],
            [
              14460313.114706412,
              5105922.391441798
            ],
            [
              14455122.448799018,
              5105922.391441798
            ],
            [
              14452527.11584532,
              5110417.639980159
            ],
            [
              14447336.449937927,
              5110417.639980159
            ],
            [
              14444741.11698423,
              5105922.391441798
            ],
            [
              14439550.451076835,
              5105922.391441798
            ],
            [
              14436955.118123138,
              5101427.142903437
            ],
            [
              14431764.452215744,
              5101427.142903437
            ],
            [
              14429169.119262047,
              5096931.894365076
            ],
            [
              14423978.453354653,
              5096931.894365076
            ],
            [
              14421383.120400956,
              5101427.142903437
            ],
            [
              14423978.453354653,
              5105922.391441798
            ]
          ]
        ]
      },
      "id": "岡山県"
    },
    {
      "type": "Feature",
      "properties": {
        "pref_name": "岩手県"
      },
      "geometry": {
        "type": "Polygon",
        "coordinates": [
          [
            [
              14750990.405520484,
              5339675.315436566
            ],
            [
              14748395.072566787,
              5344170.563974927
            ],
            [
              14743204.406659393,
              5344170.563974927
            ],
            [
              14740609.073705696,
              5348665.812513288
            ],
            [
              14743204.406659393,
              5353161.061051649
            ],
            [
              14740609.073705696,
              5357656.30959001
            ],
            [
              14743204.406659393,
              5362151.558128371
            ],
            [
              14740609.073705696,
              5366646.806666732
            ],
            [
              14743204.406659393,
              5371142.055205093
            ],
            [
              14748395.072566787,
              5371142.055205093
            ],
            [
              14750990.405520484,
              5375637.303743454
            ],
            [
              14748395.072566787,
              5380132.552281815
            ],
            [
              14750990.405520484,
              5384627.800820176
            ],
            [
              14748395.072566787,
              5389123.0493585365
            ],
            [
              14750990.405520484,
              5393618.297896897
            ],
            [
              14756181.071427878,
              5393618.297896897
            ],
            [
              14758776.404381575,
              5398113.546435258
            ],
            [
              14763967.07028897,
              5398113.546435258
            ],
            [
              14766562.403242666,
              5402608.794973619
            ],
            [
              14763967.07028897,
              5407104.04351198
            ],
            [
              14766562.403242666,
              5411599.292050341
            ],
            [
              14771753.06915006,
              5411599.292050341
            ],
            [
              14774348.402103757,
              5407104.04351198
            ],
            [
              14771753.06915006,
              5402608.794973619
            ],
            [
              14774348.402103757,
              5398113.546435258
            ],
            [
              14771753.06915006,
              5393618.297896897
            ],
            [
              14774348.402103757,
              5389123.0493585365
            ],
            [
              14771753.06915006,
              5384627.800820176
            ],
            [
              14774348.402103757,
              5380132.552281815
            ],
            [
              14771753.06915006,
              5375637.303743454
            ],
            [
              14774348.402103757,
              5371142.055205093
            ],
            [
              14771753.06915006,
              5366646.806666732
            ],
            [
              14774348.402103757,
              5362151.558128371
            ],
            [
              14771753.06915006,
              5357656.30959001
            ],
            [
              14774348.402103757,
              5353161.061051649
            ],
            [
              14771753.06915006,
              5348665.812513288
            ],
            [
              14774348.402103757,
              5344170.563974927
            ],
            [
              14771753.06915006,
              5339675.315436566
            ],
            [
              14766562.403242666,
              5339675.315436566
            ],
            [
              14763967.07028897,
              5335180.066898205
            ],
            [
              14758776.404381575,
              5335180.066898205
            ],
            [
              14756181.071427878,
              5330684.818359844
            ],
            [
              14750990.405520484,
              5330684.818359844
            ],
            [
              14748395.072566787,
              5335180.066898205
            ],
            [
              14750990.405520484,
              5339675.315436566
            ]
          ]
        ]
      },
      "id": "岩手県"
    },
    {
      "type": "Feature",
      "properties": {
        "pref_name": "島根県"
      },
      "geometry": {
        "type": "Polygon",
        "coordinates": [
          [
            [
              14361690.462465923,
              5096931.894365076
            ],
            [
              14359095.129512226,
              5101427.142903437
            ],
            [
              14353904.463604832,
              5101427.142903437
            ],
            [
              14351309.130651135,
              5105922.391441798
            ],
            [
              14353904.463604832,
              5110417.639980159
            ],
            [
              14359095.129512226,
              5110417.639980159
            ],
            [
              14361690.462465923,
              5114912.88851852
            ],
            [
              14359095.129512226,
              5119408.137056881
            ],
            [
              14361690.462465923,
              5123903.385595242
            ],
            [
              14366881.128373317,
              5123903.385595242
            ],
            [
              14369476.461327014,
              5128398.6341336025
            ],
            [
              14374667.127234409,
              5128398.6341336025
            ],
            [
              14377262.460188106,
              5132893.882671963
            ],
            [
              14382453.1260955,
              5132893.882671963
            ],
            [
              14385048.459049197,
              5137389.131210324
            ],
            [
              14382453.1260955,
              5141884.379748685
            ],
            [
              14385048.459049197,
              5146379.628287046
            ],
            [
              14390239.124956591,
              5146379.628287046
            ],
            [
              14392834.457910288,
              5150874.876825407
            ],
            [
              14398025.123817682,
              5150874.876825407
            ],
            [
              14400620.45677138,
              5155370.125363768
            ],
            [
              14405811.122678773,
              5155370.125363768
            ],
            [
              14408406.45563247,
              5159865.373902129
            ],
            [
              14413597.121539865,
              5159865.373902129
            ],
            [
              14416192.454493562,
              5155370.125363768
            ],
            [
              14413597.121539865,
              5150874.876825407
            ],
            [
              14416192.454493562,
              5146379.628287046
            ],
            [
              14413597.121539865,
              5141884.379748685
            ],
            [
              14416192.454493562,
              5137389.131210324
            ],
            [
              14413597.121539865,
              5132893.882671963
            ],
            [
              14408406.45563247,
              5132893.882671963
            ],
            [
              14405811.122678773,
              5128398.6341336025
            ],
            [
              14400620.45677138,
              5128398.6341336025
            ],
            [
              14398025.123817682,
              5123903.385595242
            ],
            [
              14392834.457910288,
              5123903.385595242
            ],
            [
              14390239.124956591,
              5119408.137056881
            ],
            [
              14392834.457910288,
              5114912.88851852
            ],
            [
              14390239.124956591,
              5110417.639980159
            ],
            [
              14385048.459049197,
              5110417.639980159
            ],
            [
              14382453.1260955,
              5114912.88851852
            ],
            [
              14377262.460188106,
              5114912.88851852
            ],
            [
              14374667.127234409,
              5110417.639980159
            ],
            [
              14369476.461327014,
              5110417.639980159
            ],
            [
              14366881.128373317,
              5105922.391441798
            ],
            [
              14369476.461327014,
              5101427.142903437
            ],
            [
              14366881.128373317,
              5096931.894365076
            ],
            [
              14361690.462465923,
              5096931.894365076
            ]
          ]
        ]
      },
      "id": "島根県"
    },
    {
      "type": "Feature",
      "properties": {
        "pref_name": "広島県"
      },
      "geometry": {
        "type": "Polygon",
        "coordinates": [
          [
            [
              14377262.460188106,
              5096931.894365076
            ],
            [
              14374667.127234409,
              5101427.142903437
            ],
            [
              14369476.461327014,
              5101427.142903437
            ],
            [
              14366881.128373317,
              5105922.391441798
            ],
            [
              14369476.461327014,
              5110417.639980159
            ],
            [
              14374667.127234409,
              5110417.639980159
            ],
            [
              14377262.460188106,
              5114912.88851852
            ],
            [
              14382453.1260955,
              5114912.88851852
            ],
            [
              14385048.459049197,
              5110417.639980159
            ],
            [
              14390239.124956591,
              5110417.639980159
            ],
            [
              14392834.457910288,
              5114912.88851852
            ],
            [
              14390239.124956591,
              5119408.137056881
            ],
            [
              14392834.457910288,
              5123903.385595242
            ],
            [
              14398025.123817682,
              5123903.385595242
            ],
            [
              14400620.45677138,
              5128398.6341336025
            ],
            [
              14405811.122678773,
              5128398.6341336025
            ],
            [
              14408406.45563247,
              5132893.882671963
            ],
            [
              14413597.121539865,
              5132893.882671963
            ],
            [
              14416192.454493562,
              5128398.6341336025
            ],
            [
              14421383.120400956,
              5128398.6341336025
            ],
            [
              14423978.453354653,
              5123903.385595242
            ],
            [
              14421383.120400956,
              5119408.137056881
            ],
            [
              14423978.453354653,
              5114912.88851852
            ],
            [
              14421383.120400956,
              5110417.639980159
            ],
            [
              14423978.453354653,
              5105922.391441798
            ],
            [
              14421383.120400956,
              5101427.142903437
            ],
            [
              14423978.453354653,
              5096931.894365076
            ],
            [
              14421383.120400956,
              5092436.645826715
            ],
            [
              14416192.454493562,
              5092436.645826715
            ],
            [
              14413597.121539865,
              5096931.894365076
            ],
            [
              14408406.45563247,
              5096931.894365076
            ],
            [
              14405811.122678773,
              5092436.645826715
            ],
            [
              14400620.45677138,
              5092436.645826715
            ],
            [
              14398025.123817682,
              5087941.397288354
            ],
            [
              14392834.457910288,
              5087941.397288354
            ],
            [
              14390239.124956591,
              5092436.645826715
            ],
            [
              14385048.459049197,
              5092436.645826715
            ],
            [
              14382453.1260955,
              5087941.397288354
            ],
            [
              14377262.460188106,
              5087941.397288354
            ],
            [
              14374667.127234409,
              5092436.645826715
            ],
            [
              14377262.460188106,
              5096931.894365076
            ]
          ]
        ]
      },
      "id": "広島県"
    },
    {
      "type": "Feature",
      "properties": {
        "pref_name": "徳島県"
      },
      "geometry": {
        "type": "Polygon",
        "coordinates": [
          [
            [
              14460313.114706412,
              5033998.414828023
            ],
            [
              14455122.448799018,
              5033998.414828023
            ],
            [
              14452527.11584532,
              5038493.663366384
            ],
            [
              14455122.448799018,
              5042988.911904745
            ],
            [
              14452527.11584532,
              5047484.160443106
            ],
            [
              14447336.449937927,
              5047484.160443106
            ],
            [
              14444741.11698423,
              5051979.408981467
            ],
            [
              14439550.451076835,
              5051979.408981467
            ],
            [
              14436955.118123138,
              5056474.657519828
            ],
            [
              14439550.451076835,
              5060969.9060581885
            ],
            [
              14436955.118123138,
              5065465.154596549
            ],
            [
              14439550.451076835,
              5069960.40313491
            ],
            [
              14444741.11698423,
              5069960.40313491
            ],
            [
              14447336.449937927,
              5065465.154596549
            ],
            [
              14444741.11698423,
              5060969.9060581885
            ],
            [
              14447336.449937927,
              5056474.657519828
            ],
            [
              14452527.11584532,
              5056474.657519828
            ],
            [
              14455122.448799018,
              5060969.9060581885
            ],
            [
              14452527.11584532,
              5065465.154596549
            ],
            [
              14455122.448799018,
              5069960.40313491
            ],
            [
              14460313.114706412,
              5069960.40313491
            ],
            [
              14462908.447660109,
              5065465.154596549
            ],
            [
              14468099.113567503,
              5065465.154596549
            ],
            [
              14470694.4465212,
              5069960.40313491
            ],
            [
              14468099.113567503,
              5074455.651673271
            ],
            [
              14470694.4465212,
              5078950.900211632
            ],
            [
              14475885.112428594,
              5078950.900211632
            ],
            [
              14478480.445382291,
              5083446.148749993
            ],
            [
              14483671.111289686,
              5083446.148749993
            ],
            [
              14486266.444243383,
              5078950.900211632
            ],
            [
              14483671.111289686,
              5074455.651673271
            ],
            [
              14486266.444243383,
              5069960.40313491
            ],
            [
              14483671.111289686,
              5065465.154596549
            ],
            [
              14486266.444243383,
              5060969.9060581885
            ],
            [
              14491457.110150777,
              5060969.9060581885
            ],
            [
              14494052.443104474,
              5056474.657519828
            ],
            [
              14491457.110150777,
              5051979.408981467
            ],
            [
              14494052.443104474,
              5047484.160443106
            ],
            [
              14491457.110150777,
              5042988.911904745
            ],
            [
              14486266.444243383,
              5042988.911904745
            ],
            [
              14483671.111289686,
              5038493.663366384
            ],
            [
              14478480.445382291,
              5038493.663366384
            ],
            [
              14475885.112428594,
              5033998.414828023
            ],
            [
              14470694.4465212,
              5033998.414828023
            ],
            [
              14468099.113567503,
              5029503.166289662
            ],
            [
              14462908.447660109,
              5029503.166289662
            ],
            [
              14460313.114706412,
              5033998.414828023
            ]
          ]
        ]
      },
      "id": "徳島県"
    },
    {
      "type": "Feature",
      "properties": {
        "pref_name": "愛媛県"
      },
      "geometry": {
        "type": "Polygon",
        "coordinates": [
          [
            [
              14390239.124956591,
              5011522.172136218
            ],
            [
              14392834.457910288,
              5016017.420674579
            ],
            [
              14390239.124956591,
              5020512.66921294
            ],
            [
              14392834.457910288,
              5025007.917751301
            ],
            [
              14390239.124956591,
              5029503.166289662
            ],
            [
              14385048.459049197,
              5029503.166289662
            ],
            [
              14382453.1260955,
              5033998.414828023
            ],
            [
              14377262.460188106,
              5033998.414828023
            ],
            [
              14374667.127234409,
              5038493.663366384
            ],
            [
              14377262.460188106,
              5042988.911904745
            ],
            [
              14382453.1260955,
              5042988.911904745
            ],
            [
              14385048.459049197,
              5047484.160443106
            ],
            [
              14390239.124956591,
              5047484.160443106
            ],
            [
              14392834.457910288,
              5051979.408981467
            ],
            [
              14390239.124956591,
              5056474.657519828
            ],
            [
              14392834.457910288,
              5060969.9060581885
            ],
            [
              14390239.124956591,
              5065465.154596549
            ],
            [
              14392834.457910288,
              5069960.40313491
            ],
            [
              14398025.123817682,
              5069960.40313491
            ],
            [
              14400620.45677138,
              5074455.651673271
            ],
            [
              14405811.122678773,
              5074455.651673271
            ],
            [
              14408406.45563247,
              5069960.40313491
            ],
            [
              14413597.121539865,
              5069960.40313491
            ],
            [
              14416192.454493562,
              5065465.154596549
            ],
            [
              14421383.120400956,
              5065465.154596549
            ],
            [
              14423978.453354653,
              5069960.40313491
            ],
            [
              14429169.119262047,
              5069960.40313491
            ],
            [
              14431764.452215744,
              5065465.154596549
            ],
            [
              14436955.118123138,
              5065465.154596549
            ],
            [
              14439550.451076835,
              5060969.9060581885
            ],
            [
              14436955.118123138,
              5056474.657519828
            ],
            [
              14431764.452215744,
              5056474.657519828
            ],
            [
              14429169.119262047,
              5060969.9060581885
            ],
            [
              14423978.453354653,
              5060969.9060581885
            ],
            [
              14421383.120400956,
              5056474.657519828
            ],
            [
              14423978.453354653,
              5051979.408981467
            ],
            [
              14421383.120400956,
              5047484.160443106
            ],
            [
              14416192.454493562,
              5047484.160443106
            ],
            [
              14413597.121539865,
              5042988.911904745
            ],
            [
              14416192.454493562,
              5038493.663366384
            ],
            [
              14413597.121539865,
              5033998.414828023
            ],
            [
              14408406.45563247,
              5033998.414828023
            ],
            [
              14405811.122678773,
              5029503.166289662
            ],
            [
              14408406.45563247,
              5025007.917751301
            ],
            [
              14405811.122678773,
              5020512.66921294
            ],
            [
              14400620.45677138,
              5020512.66921294
            ],
            [
              14398025.123817682,
              5016017.420674579
            ],
            [
              14400620.45677138,
              5011522.172136218
            ],
            [
              14398025.123817682,
              5007026.923597857
            ],
            [
              14392834.457910288,
              5007026.923597857
            ],
            [
              14390239.124956591,
              5011522.172136218
            ]
          ]
        ]
      },
      "id": "愛媛県"
    },
    {
      "type": "Feature",
      "properties": {
        "pref_name": "愛知県"
      },
      "geometry": {
        "type": "Polygon",
        "coordinates": [
          [
            [
              14600461.094206054,
              5096931.894365076
            ],
            [
              14603056.42715975,
              5101427.142903437
            ],
            [
              14600461.094206054,
              5105922.391441798
            ],
            [
              14595270.42829866,
              5105922.391441798
            ],
            [
              14592675.095344963,
              5101427.142903437
            ],
            [
              14587484.429437568,
              5101427.142903437
            ],
            [
              14584889.096483871,
              5105922.391441798
            ],
            [
              14587484.429437568,
              5110417.639980159
            ],
            [
              14584889.096483871,
              5114912.88851852
            ],
            [
              14587484.429437568,
              5119408.137056881
            ],
            [
              14584889.096483871,
              5123903.385595242
            ],
            [
              14587484.429437568,
              5128398.6341336025
            ],
            [
              14584889.096483871,
              5132893.882671963
            ],
            [
              14587484.429437568,
              5137389.131210324
            ],
            [
              14584889.096483871,
              5141884.379748685
            ],
            [
              14587484.429437568,
              5146379.628287046
            ],
            [
              14584889.096483871,
              5150874.876825407
            ],
            [
              14587484.429437568,
              5155370.125363768
            ],
            [
              14592675.095344963,
              5155370.125363768
            ],
            [
              14595270.42829866,
              5150874.876825407
            ],
            [
              14600461.094206054,
              5150874.876825407
            ],
            [
              14603056.42715975,
              5146379.628287046
            ],
            [
              14608247.093067145,
              5146379.628287046
            ],
            [
              14610842.426020842,
              5150874.876825407
            ],
            [
              14616033.091928236,
              5150874.876825407
            ],
            [
              14618628.424881933,
              5146379.628287046
            ],
            [
              14616033.091928236,
              5141884.379748685
            ],
            [
              14618628.424881933,
              5137389.131210324
            ],
            [
              14623819.090789327,
              5137389.131210324
            ],
            [
              14626414.423743024,
              5132893.882671963
            ],
            [
              14623819.090789327,
              5128398.6341336025
            ],
            [
              14626414.423743024,
              5123903.385595242
            ],
            [
              14623819.090789327,
              5119408.137056881
            ],
            [
              14618628.424881933,
              5119408.137056881
            ],
            [
              14616033.091928236,
              5114912.88851852
            ],
            [
              14618628.424881933,
              5110417.639980159
            ],
            [
              14616033.091928236,
              5105922.391441798
            ],
            [
              14618628.424881933,
              5101427.142903437
            ],
            [
              14616033.091928236,
              5096931.894365076
            ],
            [
              14610842.426020842,
              5096931.894365076
            ],
            [
              14608247.093067145,
              5092436.645826715
            ],
            [
              14603056.42715975,
              5092436.645826715
            ],
            [
              14600461.094206054,
              5096931.894365076
            ]
          ]
        ]
      },
      "id": "愛知県"
    },
    {
      "type": "Feature",
      "properties": {
        "pref_name": "新潟県"
      },
      "geometry": {
        "type": "Polygon",
        "coordinates": [
          [
            [
              14626414.423743024,
              5231789.350515904
            ],
            [
              14623819.090789327,
              5236284.599054265
            ],
            [
              14626414.423743024,
              5240779.847592626
            ],
            [
              14631605.089650419,
              5240779.847592626
            ],
            [
              14634200.422604116,
              5245275.096130987
            ],
            [
              14639391.08851151,
              5245275.096130987
            ],
            [
              14641986.421465207,
              5249770.344669348
            ],
            [
              14647177.087372601,
              5249770.344669348
            ],
            [
              14649772.420326298,
              5254265.593207709
            ],
            [
              14654963.086233692,
              5254265.593207709
            ],
            [
              14657558.41918739,
              5258760.8417460695
            ],
            [
              14662749.085094783,
              5258760.8417460695
            ],
            [
              14665344.41804848,
              5263256.09028443
            ],
            [
              14670535.083955875,
              5263256.09028443
            ],
            [
              14673130.416909572,
              5267751.338822791
            ],
            [
              14670535.083955875,
              5272246.587361152
            ],
            [
              14673130.416909572,
              5276741.835899513
            ],
            [
              14678321.082816966,
              5276741.835899513
            ],
            [
              14680916.415770663,
              5281237.084437874
            ],
            [
              14686107.081678057,
              5281237.084437874
            ],
            [
              14688702.414631754,
              5285732.332976235
            ],
            [
              14693893.080539148,
              5285732.332976235
            ],
            [
              14696488.413492845,
              5290227.581514596
            ],
            [
              14693893.080539148,
              5294722.830052957
            ],
            [
              14696488.413492845,
              5299218.078591318
            ],
            [
              14693893.080539148,
              5303713.327129679
            ],
            [
              14696488.413492845,
              5308208.57566804
            ],
            [
              14701679.07940024,
              5308208.57566804
            ],
            [
              14704274.412353937,
              5303713.327129679
            ],
            [
              14709465.07826133,
              5303713.327129679
            ],
            [
              14712060.411215028,
              5299218.078591318
            ],
            [
              14709465.07826133,
              5294722.830052957
            ],
            [
              14704274.412353937,
              5294722.830052957
            ],
            [
              14701679.07940024,
              5290227.581514596
            ],
            [
              14704274.412353937,
              5285732.332976235
            ],
            [
              14701679.07940024,
              5281237.084437874
            ],
            [
              14704274.412353937,
              5276741.835899513
            ],
            [
              14701679.07940024,
              5272246.587361152
            ],
            [
              14696488.413492845,
              5272246.587361152
            ],
            [
              14693893.080539148,
              5267751.338822791
            ],
            [
              14688702.414631754,
              5267751.338822791
            ],
            [
              14686107.081678057,
              5263256.09028443
            ],
            [
              14680916.415770663,
              5263256.09028443
            ],
            [
              14678321.082816966,
              5258760.8417460695
            ],
            [
              14680916.415770663,
              5254265.593207709
            ],
            [
              14678321.082816966,
              5249770.344669348
            ],
            [
              14673130.416909572,
              5249770.344669348
            ],
            [
              14670535.083955875,
              5245275.096130987
            ],
            [
              14665344.41804848,
              5245275.096130987
            ],
            [
              14662749.085094783,
              5240779.847592626
            ],
            [
              14665344.41804848,
              5236284.599054265
            ],
            [
              14662749.085094783,
              5231789.350515904
            ],
            [
              14657558.41918739,
              5231789.350515904
            ],
            [
              14654963.086233692,
              5236284.599054265
            ],
            [
              14657558.41918739,
              5240779.847592626
            ],
            [
              14654963.086233692,
              5245275.096130987
            ],
            [
              14649772.420326298,
              5245275.096130987
            ],
            [
              14647177.087372601,
              5240779.847592626
            ],
            [
              14649772.420326298,
              5236284.599054265
            ],
            [
              14647177.087372601,
              5231789.350515904
            ],
            [
              14641986.421465207,
              5231789.350515904
            ],
            [
              14639391.08851151,
              5227294.101977543
            ],
            [
              14634200.422604116,
              5227294.101977543
            ],
            [
              14631605.089650419,
              5222798.853439182
            ],
            [
              14626414.423743024,
              5222798.853439182
            ],
            [
              14623819.090789327,
              5227294.101977543
            ],
            [
              14626414.423743024,
              5231789.350515904
            ]
          ]
        ]
      },
      "id": "新潟県"
    },
    {
      "type": "Feature",
      "properties": {
        "pref_name": "東京都"
      },
      "geometry": {
        "type": "Polygon",
        "coordinates": [
          [
            [
              14665344.41804848,
              5164360.62244049
            ],
            [
              14662749.085094783,
              5168855.870978851
            ],
            [
              14665344.41804848,
              5173351.119517212
            ],
            [
              14662749.085094783,
              5177846.368055573
            ],
            [
              14657558.41918739,
              5177846.368055573
            ],
            [
              14654963.086233692,
              5182341.616593934
            ],
            [
              14657558.41918739,
              5186836.865132295
            ],
            [
              14662749.085094783,
              5186836.865132295
            ],
            [
              14665344.41804848,
              5182341.616593934
            ],
            [
              14670535.083955875,
              5182341.616593934
            ],
            [
              14673130.416909572,
              5186836.865132295
            ],
            [
              14678321.082816966,
              5186836.865132295
            ],
            [
              14680916.415770663,
              5182341.616593934
            ],
            [
              14686107.081678057,
              5182341.616593934
            ],
            [
              14688702.414631754,
              5177846.368055573
            ],
            [
              14693893.080539148,
              5177846.368055573
            ],
            [
              14696488.413492845,
              5173351.119517212
            ],
            [
              14701679.07940024,
              5173351.119517212
            ],
            [
              14704274.412353937,
              5177846.368055573
            ],
            [
              14709465.07826133,
              5177846.368055573
            ],
            [
              14712060.411215028,
              5173351.119517212
            ],
            [
              14717251.077122422,
              5173351.119517212
            ],
            [
              14719846.410076119,
              5168855.870978851
            ],
            [
              14717251.077122422,
              5164360.62244049
            ],
            [
              14712060.411215028,
              5164360.62244049
            ],
            [
              14709465.07826133,
              5159865.373902129
            ],
            [
              14704274.412353937,
              5159865.373902129
            ],
            [
              14701679.07940024,
              5155370.125363768
            ],
            [
              14704274.412353937,
              5150874.876825407
            ],
            [
              14701679.07940024,
              5146379.628287046
            ],
            [
              14704274.412353937,
              5141884.379748685
            ],
            [
              14701679.07940024,
              5137389.131210324
            ],
            [
              14696488.413492845,
              5137389.131210324
            ],
            [
              14693893.080539148,
              5141884.379748685
            ],
            [
              14696488.413492845,
              5146379.628287046
            ],
            [
              14693893.080539148,
              5150874.876825407
            ],
            [
              14688702.414631754,
              5150874.876825407
            ],
            [
              14686107.081678057,
              5155370.125363768
            ],
            [
              14680916.415770663,
              5155370.125363768
            ],
            [
              14678321.082816966,
              5159865.373902129
            ],
            [
              14673130.416909572,
              5159865.373902129
            ],
            [
              14670535.083955875,
              5155370.125363768
            ],
            [
              14665344.41804848,
              5155370.125363768
            ],
            [
              14662749.085094783,
              5159865.373902129
            ],
            [
              14665344.41804848,
              5164360.62244049
            ]
          ]
        ]
      },
      "id": "東京都"
    },
    {
      "type": "Feature",
      "properties": {
        "pref_name": "栃木県"
      },
      "geometry": {
        "type": "Polygon",
        "coordinates": [
          [
            [
              14704274.412353937,
              5204817.859285738
            ],
            [
              14701679.07940024,
              5209313.107824099
            ],
            [
              14696488.413492845,
              5209313.107824099
            ],
            [
              14693893.080539148,
              5213808.35636246
            ],
            [
              14688702.414631754,
              5213808.35636246
            ],
            [
              14686107.081678057,
              5218303.604900821
            ],
            [
              14688702.414631754,
              5222798.853439182
            ],
            [
              14686107.081678057,
              5227294.101977543
            ],
            [
              14688702.414631754,
              5231789.350515904
            ],
            [
              14686107.081678057,
              5236284.599054265
            ],
            [
              14688702.414631754,
              5240779.847592626
            ],
            [
              14686107.081678057,
              5245275.096130987
            ],
            [
              14688702.414631754,
              5249770.344669348
            ],
            [
              14693893.080539148,
              5249770.344669348
            ],
            [
              14696488.413492845,
              5254265.593207709
            ],
            [
              14701679.07940024,
              5254265.593207709
            ],
            [
              14704274.412353937,
              5258760.8417460695
            ],
            [
              14709465.07826133,
              5258760.8417460695
            ],
            [
              14712060.411215028,
              5254265.593207709
            ],
            [
              14717251.077122422,
              5254265.593207709
            ],
            [
              14719846.410076119,
              5249770.344669348
            ],
            [
              14725037.075983513,
              5249770.344669348
            ],
            [
              14727632.40893721,
              5245275.096130987
            ],
            [
              14725037.075983513,
              5240779.847592626
            ],
            [
              14727632.40893721,
              5236284.599054265
            ],
            [
              14725037.075983513,
              5231789.350515904
            ],
            [
              14727632.40893721,
              5227294.101977543
            ],
            [
              14725037.075983513,
              5222798.853439182
            ],
            [
              14727632.40893721,
              5218303.604900821
            ],
            [
              14725037.075983513,
              5213808.35636246
            ],
            [
              14719846.410076119,
              5213808.35636246
            ],
            [
              14717251.077122422,
              5209313.107824099
            ],
            [
              14712060.411215028,
              5209313.107824099
            ],
            [
              14709465.07826133,
              5204817.859285738
            ],
            [
              14704274.412353937,
              5204817.859285738
            ]
          ]
        ]
      },
      "id": "栃木県"
    },
    {
      "type": "Feature",
      "properties": {
        "pref_name": "沖縄県"
      },
      "geometry": {
        "type": "MultiPolygon",
        "coordinates": [
          [
            [
              [
                14182612.488660825,
                4714835.768604397
              ],
              [
                14180017.155707128,
                4719331.017142758
              ],
              [
                14182612.488660825,
                4723826.265681119
              ],
              [
                14180017.155707128,
                4728321.51421948
              ],
              [
                14182612.488660825,
                4732816.762757841
              ],
              [
                14187803.15456822,
                4732816.762757841
              ],
              [
                14190398.487521917,
                4737312.0112962015
              ],
              [
                14195589.15342931,
                4737312.0112962015
              ],
              [
                14198184.486383008,
                4741807.259834562
              ],
              [
                14203375.152290402,
                4741807.259834562
              ],
              [
                14205970.485244099,
                4746302.508372923
              ],
              [
                14203375.152290402,
                4750797.756911284
              ],
              [
                14205970.485244099,
                4755293.005449645
              ],
              [
                14211161.151151493,
                4755293.005449645
              ],
              [
                14213756.48410519,
                4759788.253988006
              ],
              [
                14218947.150012584,
                4759788.253988006
              ],
              [
                14221542.482966281,
                4755293.005449645
              ],
              [
                14226733.148873676,
                4755293.005449645
              ],
              [
                14229328.481827373,
                4759788.253988006
              ],
              [
                14234519.147734767,
                4759788.253988006
              ],
              [
                14237114.480688464,
                4755293.005449645
              ],
              [
                14234519.147734767,
                4750797.756911284
              ],
              [
                14229328.481827373,
                4750797.756911284
              ],
              [
                14226733.148873676,
                4746302.508372923
              ],
              [
                14229328.481827373,
                4741807.259834562
              ],
              [
                14234519.147734767,
                4741807.259834562
              ],
              [
                14237114.480688464,
                4737312.0112962015
              ],
              [
                14234519.147734767,
                4732816.762757841
              ],
              [
                14229328.481827373,
                4732816.762757841
              ],
              [
                14226733.148873676,
                4728321.51421948
              ],
              [
                14221542.482966281,
                4728321.51421948
              ],
              [
                14218947.150012584,
                4732816.762757841
              ],
              [
                14213756.48410519,
                4732816.762757841
              ],
              [
                14211161.151151493,
                4728321.51421948
              ],
              [
                14213756.48410519,
                4723826.265681119
              ],
              [
                14218947.150012584,
                4723826.265681119
              ],
              [
                14221542.482966281,
                4719331.017142758
              ],
              [
                14218947.150012584,
                4714835.768604397
              ],
              [
                14213756.48410519,
                4714835.768604397
              ],
              [
                14211161.151151493,
                4719331.017142758
              ],
              [
                14205970.485244099,
                4719331.017142758
              ],
              [
                14203375.152290402,
                4714835.768604397
              ],
              [
                14198184.486383008,
                4714835.768604397
              ],
              [
                14195589.15342931,
                4710340.520066036
              ],
              [
                14190398.487521917,
                4710340.520066036
              ],
              [
                14187803.15456822,
                4705845.271527675
              ],
              [
                14182612.488660825,
                4705845.271527675
              ],
              [
                14180017.155707128,
                4710340.520066036
              ],
              [
                14182612.488660825,
                4714835.768604397
              ]
            ]
          ],
          [
            [
              [
                14198184.486383008,
                4768778.751064728
              ],
              [
                14203375.152290402,
                4768778.751064728
              ],
              [
                14205970.485244099,
                4764283.502526367
              ],
              [
                14203375.152290402,
                4759788.253988006
              ],
              [
                14198184.486383008,
                4759788.253988006
              ],
              [
                14195589.15342931,
                4764283.502526367
              ],
              [
                14198184.486383008,
                4768778.751064728
              ]
            ]
          ]
        ]
      },
      "id": "沖縄県"
    },
    {
      "type": "Feature",
      "properties": {
        "pref_name": "滋賀県"
      },
      "geometry": {
        "type": "Polygon",
        "coordinates": [
          [
            [
              14545959.102178415,
              5119408.137056881
            ],
            [
              14540768.436271021,
              5119408.137056881
            ],
            [
              14538173.103317324,
              5123903.385595242
            ],
            [
              14540768.436271021,
              5128398.6341336025
            ],
            [
              14538173.103317324,
              5132893.882671963
            ],
            [
              14540768.436271021,
              5137389.131210324
            ],
            [
              14538173.103317324,
              5141884.379748685
            ],
            [
              14540768.436271021,
              5146379.628287046
            ],
            [
              14538173.103317324,
              5150874.876825407
            ],
            [
              14532982.43740993,
              5150874.876825407
            ],
            [
              14530387.104456233,
              5155370.125363768
            ],
            [
              14532982.43740993,
              5159865.373902129
            ],
            [
              14538173.103317324,
              5159865.373902129
            ],
            [
              14540768.436271021,
              5155370.125363768
            ],
            [
              14545959.102178415,
              5155370.125363768
            ],
            [
              14548554.435132112,
              5159865.373902129
            ],
            [
              14553745.101039506,
              5159865.373902129
            ],
            [
              14556340.433993204,
              5164360.62244049
            ],
            [
              14561531.099900598,
              5164360.62244049
            ],
            [
              14564126.432854295,
              5159865.373902129
            ],
            [
              14569317.098761689,
              5159865.373902129
            ],
            [
              14571912.431715386,
              5155370.125363768
            ],
            [
              14577103.09762278,
              5155370.125363768
            ],
            [
              14579698.430576477,
              5150874.876825407
            ],
            [
              14577103.09762278,
              5146379.628287046
            ],
            [
              14571912.431715386,
              5146379.628287046
            ],
            [
              14569317.098761689,
              5141884.379748685
            ],
            [
              14571912.431715386,
              5137389.131210324
            ],
            [
              14577103.09762278,
              5137389.131210324
            ],
            [
              14579698.430576477,
              5132893.882671963
            ],
            [
              14577103.09762278,
              5128398.6341336025
            ],
            [
              14571912.431715386,
              5128398.6341336025
            ],
            [
              14569317.098761689,
              5123903.385595242
            ],
            [
              14571912.431715386,
              5119408.137056881
            ],
            [
              14569317.098761689,
              5114912.88851852
            ],
            [
              14564126.432854295,
              5114912.88851852
            ],
            [
              14561531.099900598,
              5119408.137056881
            ],
            [
              14556340.433993204,
              5119408.137056881
            ],
            [
              14553745.101039506,
              5114912.88851852
            ],
            [
              14548554.435132112,
              5114912.88851852
            ],
            [
              14545959.102178415,
              5119408.137056881
            ]
          ]
        ]
      },
      "id": "滋賀県"
    },
    {
      "type": "Feature",
      "properties": {
        "pref_name": "熊本県"
      },
      "geometry": {
        "type": "Polygon",
        "coordinates": [
          [
            [
              14322760.468160467,
              4966569.686752609
            ],
            [
              14320165.13520677,
              4971064.93529097
            ],
            [
              14314974.469299376,
              4971064.93529097
            ],
            [
              14312379.136345679,
              4975560.183829331
            ],
            [
              14307188.470438285,
              4975560.183829331
            ],
            [
              14304593.137484588,
              4980055.432367692
            ],
            [
              14307188.470438285,
              4984550.680906053
            ],
            [
              14312379.136345679,
              4984550.680906053
            ],
            [
              14314974.469299376,
              4989045.929444414
            ],
            [
              14312379.136345679,
              4993541.177982775
            ],
            [
              14314974.469299376,
              4998036.4265211355
            ],
            [
              14312379.136345679,
              5002531.675059496
            ],
            [
              14314974.469299376,
              5007026.923597857
            ],
            [
              14312379.136345679,
              5011522.172136218
            ],
            [
              14314974.469299376,
              5016017.420674579
            ],
            [
              14312379.136345679,
              5020512.66921294
            ],
            [
              14314974.469299376,
              5025007.917751301
            ],
            [
              14320165.13520677,
              5025007.917751301
            ],
            [
              14322760.468160467,
              5020512.66921294
            ],
            [
              14327951.134067861,
              5020512.66921294
            ],
            [
              14330546.467021558,
              5025007.917751301
            ],
            [
              14335737.132928953,
              5025007.917751301
            ],
            [
              14338332.46588265,
              5020512.66921294
            ],
            [
              14343523.131790044,
              5020512.66921294
            ],
            [
              14346118.46474374,
              5016017.420674579
            ],
            [
              14343523.131790044,
              5011522.172136218
            ],
            [
              14346118.46474374,
              5007026.923597857
            ],
            [
              14343523.131790044,
              5002531.675059496
            ],
            [
              14338332.46588265,
              5002531.675059496
            ],
            [
              14335737.132928953,
              4998036.4265211355
            ],
            [
              14338332.46588265,
              4993541.177982775
            ],
            [
              14335737.132928953,
              4989045.929444414
            ],
            [
              14338332.46588265,
              4984550.680906053
            ],
            [
              14335737.132928953,
              4980055.432367692
            ],
            [
              14338332.46588265,
              4975560.183829331
            ],
            [
              14335737.132928953,
              4971064.93529097
            ],
            [
              14330546.467021558,
              4971064.93529097
            ],
            [
              14327951.134067861,
              4966569.686752609
            ],
            [
              14322760.468160467,
              4966569.686752609
            ]
          ]
        ]
      },
      "id": "熊本県"
    },
    {
      "type": "Feature",
      "properties": {
        "pref_name": "石川県"
      },
      "geometry": {
        "type": "Polygon",
        "coordinates": [
          [
            [
              14571912.431715386,
              5191332.1136706555
            ],
            [
              14569317.098761689,
              5195827.362209016
            ],
            [
              14564126.432854295,
              5195827.362209016
            ],
            [
              14561531.099900598,
              5191332.1136706555
            ],
            [
              14556340.433993204,
              5191332.1136706555
            ],
            [
              14553745.101039506,
              5195827.362209016
            ],
            [
              14556340.433993204,
              5200322.610747377
            ],
            [
              14561531.099900598,
              5200322.610747377
            ],
            [
              14564126.432854295,
              5204817.859285738
            ],
            [
              14561531.099900598,
              5209313.107824099
            ],
            [
              14564126.432854295,
              5213808.35636246
            ],
            [
              14569317.098761689,
              5213808.35636246
            ],
            [
              14571912.431715386,
              5218303.604900821
            ],
            [
              14569317.098761689,
              5222798.853439182
            ],
            [
              14571912.431715386,
              5227294.101977543
            ],
            [
              14577103.09762278,
              5227294.101977543
            ],
            [
              14579698.430576477,
              5231789.350515904
            ],
            [
              14577103.09762278,
              5236284.599054265
            ],
            [
              14579698.430576477,
              5240779.847592626
            ],
            [
              14577103.09762278,
              5245275.096130987
            ],
            [
              14579698.430576477,
              5249770.344669348
            ],
            [
              14577103.09762278,
              5254265.593207709
            ],
            [
              14579698.430576477,
              5258760.8417460695
            ],
            [
              14584889.096483871,
              5258760.8417460695
            ],
            [
              14587484.429437568,
              5263256.09028443
            ],
            [
              14592675.095344963,
              5263256.09028443
            ],
            [
              14595270.42829866,
              5258760.8417460695
            ],
            [
              14600461.094206054,
              5258760.8417460695
            ],
            [
              14603056.42715975,
              5263256.09028443
            ],
            [
              14608247.093067145,
              5263256.09028443
            ],
            [
              14610842.426020842,
              5258760.8417460695
            ],
            [
              14608247.093067145,
              5254265.593207709
            ],
            [
              14603056.42715975,
              5254265.593207709
            ],
            [
              14600461.094206054,
              5249770.344669348
            ],
            [
              14595270.42829866,
              5249770.344669348
            ],
            [
              14592675.095344963,
              5245275.096130987
            ],
            [
              14595270.42829866,
              5240779.847592626
            ],
            [
              14592675.095344963,
              5236284.599054265
            ],
            [
              14595270.42829866,
              5231789.350515904
            ],
            [
              14592675.095344963,
              5227294.101977543
            ],
            [
              14587484.429437568,
              5227294.101977543
            ],
            [
              14584889.096483871,
              5222798.853439182
            ],
            [
              14587484.429437568,
              5218303.604900821
            ],
            [
              14584889.096483871,
              5213808.35636246
            ],
            [
              14587484.429437568,
              5209313.107824099
            ],
            [
              14584889.096483871,
              5204817.859285738
            ],
            [
              14587484.429437568,
              5200322.610747377
            ],
            [
              14584889.096483871,
              5195827.362209016
            ],
            [
              14587484.429437568,
              5191332.1136706555
            ],
            [
              14592675.095344963,
              5191332.1136706555
            ],
            [
              14595270.42829866,
              5186836.865132295
            ],
            [
              14592675.095344963,
              5182341.616593934
            ],
            [
              14587484.429437568,
              5182341.616593934
            ],
            [
              14584889.096483871,
              5186836.865132295
            ],
            [
              14579698.430576477,
              5186836.865132295
            ],
            [
              14577103.09762278,
              5191332.1136706555
            ],
            [
              14571912.431715386,
              5191332.1136706555
            ]
          ]
        ]
      },
      "id": "石川県"
    },
    {
      "type": "Feature",
      "properties": {
        "pref_name": "神奈川県"
      },
      "geometry": {
        "type": "Polygon",
        "coordinates": [
          [
            [
              14680916.415770663,
              5119408.137056881
            ],
            [
              14678321.082816966,
              5114912.88851852
            ],
            [
              14673130.416909572,
              5114912.88851852
            ],
            [
              14670535.083955875,
              5119408.137056881
            ],
            [
              14665344.41804848,
              5119408.137056881
            ],
            [
              14662749.085094783,
              5123903.385595242
            ],
            [
              14665344.41804848,
              5128398.6341336025
            ],
            [
              14662749.085094783,
              5132893.882671963
            ],
            [
              14657558.41918739,
              5132893.882671963
            ],
            [
              14654963.086233692,
              5137389.131210324
            ],
            [
              14657558.41918739,
              5141884.379748685
            ],
            [
              14662749.085094783,
              5141884.379748685
            ],
            [
              14665344.41804848,
              5146379.628287046
            ],
            [
              14662749.085094783,
              5150874.876825407
            ],
            [
              14665344.41804848,
              5155370.125363768
            ],
            [
              14670535.083955875,
              5155370.125363768
            ],
            [
              14673130.416909572,
              5159865.373902129
            ],
            [
              14678321.082816966,
              5159865.373902129
            ],
            [
              14680916.415770663,
              5155370.125363768
            ],
            [
              14686107.081678057,
              5155370.125363768
            ],
            [
              14688702.414631754,
              5150874.876825407
            ],
            [
              14693893.080539148,
              5150874.876825407
            ],
            [
              14696488.413492845,
              5146379.628287046
            ],
            [
              14693893.080539148,
              5141884.379748685
            ],
            [
              14696488.413492845,
              5137389.131210324
            ],
            [
              14701679.07940024,
              5137389.131210324
            ],
            [
              14704274.412353937,
              5141884.379748685
            ],
            [
              14701679.07940024,
              5146379.628287046
            ],
            [
              14704274.412353937,
              5150874.876825407
            ],
            [
              14701679.07940024,
              5155370.125363768
            ],
            [
              14704274.412353937,
              5159865.373902129
            ],
            [
              14709465.07826133,
              5159865.373902129
            ],
            [
              14712060.411215028,
              5155370.125363768
            ],
            [
              14709465.07826133,
              5150874.876825407
            ],
            [
              14712060.411215028,
              5146379.628287046
            ],
            [
              14709465.07826133,
              5141884.379748685
            ],
            [
              14712060.411215028,
              5137389.131210324
            ],
            [
              14709465.07826133,
              5132893.882671963
            ],
            [
              14712060.411215028,
              5128398.6341336025
            ],
            [
              14709465.07826133,
              5123903.385595242
            ],
            [
              14712060.411215028,
              5119408.137056881
            ],
            [
              14709465.07826133,
              5114912.88851852
            ],
            [
              14704274.412353937,
              5114912.88851852
            ],
            [
              14701679.07940024,
              5119408.137056881
            ],
            [
              14696488.413492845,
              5119408.137056881
            ],
            [
              14693893.080539148,
              5123903.385595242
            ],
            [
              14688702.414631754,
              5123903.385595242
            ],
            [
              14686107.081678057,
              5119408.137056881
            ],
            [
              14680916.415770663,
              5119408.137056881
            ]
          ]
        ]
      },
      "id": "神奈川県"
    },
    {
      "type": "Feature",
      "properties": {
        "pref_name": "福井県"
      },
      "geometry": {
        "type": "Polygon",
        "coordinates": [
          [
            [
              14517410.439687748,
              5159865.373902129
            ],
            [
              14514815.10673405,
              5164360.62244049
            ],
            [
              14517410.439687748,
              5168855.870978851
            ],
            [
              14522601.105595142,
              5168855.870978851
            ],
            [
              14525196.438548839,
              5164360.62244049
            ],
            [
              14530387.104456233,
              5164360.62244049
            ],
            [
              14532982.43740993,
              5168855.870978851
            ],
            [
              14538173.103317324,
              5168855.870978851
            ],
            [
              14540768.436271021,
              5164360.62244049
            ],
            [
              14545959.102178415,
              5164360.62244049
            ],
            [
              14548554.435132112,
              5168855.870978851
            ],
            [
              14545959.102178415,
              5173351.119517212
            ],
            [
              14540768.436271021,
              5173351.119517212
            ],
            [
              14538173.103317324,
              5177846.368055573
            ],
            [
              14540768.436271021,
              5182341.616593934
            ],
            [
              14538173.103317324,
              5186836.865132295
            ],
            [
              14540768.436271021,
              5191332.1136706555
            ],
            [
              14538173.103317324,
              5195827.362209016
            ],
            [
              14540768.436271021,
              5200322.610747377
            ],
            [
              14545959.102178415,
              5200322.610747377
            ],
            [
              14548554.435132112,
              5195827.362209016
            ],
            [
              14553745.101039506,
              5195827.362209016
            ],
            [
              14556340.433993204,
              5191332.1136706555
            ],
            [
              14561531.099900598,
              5191332.1136706555
            ],
            [
              14564126.432854295,
              5195827.362209016
            ],
            [
              14569317.098761689,
              5195827.362209016
            ],
            [
              14571912.431715386,
              5191332.1136706555
            ],
            [
              14577103.09762278,
              5191332.1136706555
            ],
            [
              14579698.430576477,
              5186836.865132295
            ],
            [
              14584889.096483871,
              5186836.865132295
            ],
            [
              14587484.429437568,
              5182341.616593934
            ],
            [
              14584889.096483871,
              5177846.368055573
            ],
            [
              14587484.429437568,
              5173351.119517212
            ],
            [
              14584889.096483871,
              5168855.870978851
            ],
            [
              14579698.430576477,
              5168855.870978851
            ],
            [
              14577103.09762278,
              5173351.119517212
            ],
            [
              14571912.431715386,
              5173351.119517212
            ],
            [
              14569317.098761689,
              5168855.870978851
            ],
            [
              14571912.431715386,
              5164360.62244049
            ],
            [
              14569317.098761689,
              5159865.373902129
            ],
            [
              14564126.432854295,
              5159865.373902129
            ],
            [
              14561531.099900598,
              5164360.62244049
            ],
            [
              14556340.433993204,
              5164360.62244049
            ],
            [
              14553745.101039506,
              5159865.373902129
            ],
            [
              14548554.435132112,
              5159865.373902129
            ],
            [
              14545959.102178415,
              5155370.125363768
            ],
            [
              14540768.436271021,
              5155370.125363768
            ],
            [
              14538173.103317324,
              5159865.373902129
            ],
            [
              14532982.43740993,
              5159865.373902129
            ],
            [
              14530387.104456233,
              5155370.125363768
            ],
            [
              14525196.438548839,
              5155370.125363768
            ],
            [
              14522601.105595142,
              5150874.876825407
            ],
            [
              14517410.439687748,
              5150874.876825407
            ],
            [
              14514815.10673405,
              5155370.125363768
            ],
            [
              14517410.439687748,
              5159865.373902129
            ]
          ]
        ]
      },
      "id": "福井県"
    },
    {
      "type": "Feature",
      "properties": {
        "pref_name": "福岡県"
      },
      "geometry": {
        "type": "Polygon",
        "coordinates": [
          [
            [
              14307188.470438285,
              5029503.166289662
            ],
            [
              14312379.136345679,
              5029503.166289662
            ],
            [
              14314974.469299376,
              5033998.414828023
            ],
            [
              14312379.136345679,
              5038493.663366384
            ],
            [
              14314974.469299376,
              5042988.911904745
            ],
            [
              14312379.136345679,
              5047484.160443106
            ],
            [
              14307188.470438285,
              5047484.160443106
            ],
            [
              14304593.137484588,
              5051979.408981467
            ],
            [
              14299402.471577194,
              5051979.408981467
            ],
            [
              14296807.138623497,
              5056474.657519828
            ],
            [
              14291616.472716102,
              5056474.657519828
            ],
            [
              14289021.139762405,
              5060969.9060581885
            ],
            [
              14283830.473855011,
              5060969.9060581885
            ],
            [
              14281235.140901314,
              5065465.154596549
            ],
            [
              14283830.473855011,
              5069960.40313491
            ],
            [
              14289021.139762405,
              5069960.40313491
            ],
            [
              14291616.472716102,
              5074455.651673271
            ],
            [
              14296807.138623497,
              5074455.651673271
            ],
            [
              14299402.471577194,
              5078950.900211632
            ],
            [
              14304593.137484588,
              5078950.900211632
            ],
            [
              14307188.470438285,
              5083446.148749993
            ],
            [
              14312379.136345679,
              5083446.148749993
            ],
            [
              14314974.469299376,
              5078950.900211632
            ],
            [
              14320165.13520677,
              5078950.900211632
            ],
            [
              14322760.468160467,
              5074455.651673271
            ],
            [
              14327951.134067861,
              5074455.651673271
            ],
            [
              14330546.467021558,
              5069960.40313491
            ],
            [
              14327951.134067861,
              5065465.154596549
            ],
            [
              14330546.467021558,
              5060969.9060581885
            ],
            [
              14335737.132928953,
              5060969.9060581885
            ],
            [
              14338332.46588265,
              5056474.657519828
            ],
            [
              14335737.132928953,
              5051979.408981467
            ],
            [
              14330546.467021558,
              5051979.408981467
            ],
            [
              14327951.134067861,
              5047484.160443106
            ],
            [
              14330546.467021558,
              5042988.911904745
            ],
            [
              14327951.134067861,
              5038493.663366384
            ],
            [
              14330546.467021558,
              5033998.414828023
            ],
            [
              14327951.134067861,
              5029503.166289662
            ],
            [
              14330546.467021558,
              5025007.917751301
            ],
            [
              14327951.134067861,
              5020512.66921294
            ],
            [
              14322760.468160467,
              5020512.66921294
            ],
            [
              14320165.13520677,
              5025007.917751301
            ],
            [
              14314974.469299376,
              5025007.917751301
            ],
            [
              14312379.136345679,
              5020512.66921294
            ],
            [
              14307188.470438285,
              5020512.66921294
            ],
            [
              14304593.137484588,
              5025007.917751301
            ],
            [
              14307188.470438285,
              5029503.166289662
            ]
          ]
        ]
      },
      "id": "福岡県"
    },
    {
      "type": "Feature",
      "properties": {
        "pref_name": "福島県"
      },
      "geometry": {
        "type": "Polygon",
        "coordinates": [
          [
            [
              14680916.415770663,
              5254265.593207709
            ],
            [
              14678321.082816966,
              5258760.8417460695
            ],
            [
              14680916.415770663,
              5263256.09028443
            ],
            [
              14686107.081678057,
              5263256.09028443
            ],
            [
              14688702.414631754,
              5267751.338822791
            ],
            [
              14693893.080539148,
              5267751.338822791
            ],
            [
              14696488.413492845,
              5272246.587361152
            ],
            [
              14701679.07940024,
              5272246.587361152
            ],
            [
              14704274.412353937,
              5276741.835899513
            ],
            [
              14709465.07826133,
              5276741.835899513
            ],
            [
              14712060.411215028,
              5272246.587361152
            ],
            [
              14717251.077122422,
              5272246.587361152
            ],
            [
              14719846.410076119,
              5276741.835899513
            ],
            [
              14725037.075983513,
              5276741.835899513
            ],
            [
              14727632.40893721,
              5281237.084437874
            ],
            [
              14732823.074844604,
              5281237.084437874
            ],
            [
              14735418.407798301,
              5276741.835899513
            ],
            [
              14740609.073705696,
              5276741.835899513
            ],
            [
              14743204.406659393,
              5272246.587361152
            ],
            [
              14740609.073705696,
              5267751.338822791
            ],
            [
              14743204.406659393,
              5263256.09028443
            ],
            [
              14740609.073705696,
              5258760.8417460695
            ],
            [
              14743204.406659393,
              5254265.593207709
            ],
            [
              14748395.072566787,
              5254265.593207709
            ],
            [
              14750990.405520484,
              5249770.344669348
            ],
            [
              14748395.072566787,
              5245275.096130987
            ],
            [
              14750990.405520484,
              5240779.847592626
            ],
            [
              14748395.072566787,
              5236284.599054265
            ],
            [
              14743204.406659393,
              5236284.599054265
            ],
            [
              14740609.073705696,
              5240779.847592626
            ],
            [
              14735418.407798301,
              5240779.847592626
            ],
            [
              14732823.074844604,
              5236284.599054265
            ],
            [
              14727632.40893721,
              5236284.599054265
            ],
            [
              14725037.075983513,
              5240779.847592626
            ],
            [
              14727632.40893721,
              5245275.096130987
            ],
            [
              14725037.075983513,
              5249770.344669348
            ],
            [
              14719846.410076119,
              5249770.344669348
            ],
            [
              14717251.077122422,
              5254265.593207709
            ],
            [
              14712060.411215028,
              5254265.593207709
            ],
            [
              14709465.07826133,
              5258760.8417460695
            ],
            [
              14704274.412353937,
              5258760.8417460695
            ],
            [
              14701679.07940024,
              5254265.593207709
            ],
            [
              14696488.413492845,
              5254265.593207709
            ],
            [
              14693893.080539148,
              5249770.344669348
            ],
            [
              14688702.414631754,
              5249770.344669348
            ],
            [
              14686107.081678057,
              5245275.096130987
            ],
            [
              14680916.415770663,
              5245275.096130987
            ],
            [
              14678321.082816966,
              5249770.344669348
            ],
            [
              14680916.415770663,
              5254265.593207709
            ]
          ]
        ]
      },
      "id": "福島県"
    },
    {
      "type": "Feature",
      "properties": {
        "pref_name": "秋田県"
      },
      "geometry": {
        "type": "Polygon",
        "coordinates": [
          [
            [
              14727632.40893721,
              5335180.066898205
            ],
            [
              14725037.075983513,
              5339675.315436566
            ],
            [
              14719846.410076119,
              5339675.315436566
            ],
            [
              14717251.077122422,
              5344170.563974927
            ],
            [
              14719846.410076119,
              5348665.812513288
            ],
            [
              14717251.077122422,
              5353161.061051649
            ],
            [
              14719846.410076119,
              5357656.30959001
            ],
            [
              14725037.075983513,
              5357656.30959001
            ],
            [
              14727632.40893721,
              5362151.558128371
            ],
            [
              14725037.075983513,
              5366646.806666732
            ],
            [
              14727632.40893721,
              5371142.055205093
            ],
            [
              14725037.075983513,
              5375637.303743454
            ],
            [
              14719846.410076119,
              5375637.303743454
            ],
            [
              14717251.077122422,
              5380132.552281815
            ],
            [
              14719846.410076119,
              5384627.800820176
            ],
            [
              14725037.075983513,
              5384627.800820176
            ],
            [
              14727632.40893721,
              5389123.0493585365
            ],
            [
              14725037.075983513,
              5393618.297896897
            ],
            [
              14727632.40893721,
              5398113.546435258
            ],
            [
              14725037.075983513,
              5402608.794973619
            ],
            [
              14727632.40893721,
              5407104.04351198
            ],
            [
              14732823.074844604,
              5407104.04351198
            ],
            [
              14735418.407798301,
              5402608.794973619
            ],
            [
              14740609.073705696,
              5402608.794973619
            ],
            [
              14743204.406659393,
              5407104.04351198
            ],
            [
              14748395.072566787,
              5407104.04351198
            ],
            [
              14750990.405520484,
              5402608.794973619
            ],
            [
              14748395.072566787,
              5398113.546435258
            ],
            [
              14750990.405520484,
              5393618.297896897
            ],
            [
              14748395.072566787,
              5389123.0493585365
            ],
            [
              14750990.405520484,
              5384627.800820176
            ],
            [
              14748395.072566787,
              5380132.552281815
            ],
            [
              14750990.405520484,
              5375637.303743454
            ],
            [
              14748395.072566787,
              5371142.055205093
            ],
            [
              14743204.406659393,
              5371142.055205093
            ],
            [
              14740609.073705696,
              5366646.806666732
            ],
            [
              14743204.406659393,
              5362151.558128371
            ],
            [
              14740609.073705696,
              5357656.30959001
            ],
            [
              14743204.406659393,
              5353161.061051649
            ],
            [
              14740609.073705696,
              5348665.812513288
            ],
            [
              14743204.406659393,
              5344170.563974927
            ],
            [
              14740609.073705696,
              5339675.315436566
            ],
            [
              14735418.407798301,
              5339675.315436566
            ],
            [
              14732823.074844604,
              5335180.066898205
            ],
            [
              14727632.40893721,
              5335180.066898205
            ]
          ]
        ]
      },
      "id": "秋田県"
    },
    {
      "type": "Feature",
      "properties": {
        "pref_name": "群馬県"
      },
      "geometry": {
        "type": "Polygon",
        "coordinates": [
          [
            [
              14641986.421465207,
              5204817.859285738
            ],
            [
              14639391.08851151,
              5209313.107824099
            ],
            [
              14641986.421465207,
              5213808.35636246
            ],
            [
              14647177.087372601,
              5213808.35636246
            ],
            [
              14649772.420326298,
              5218303.604900821
            ],
            [
              14647177.087372601,
              5222798.853439182
            ],
            [
              14649772.420326298,
              5227294.101977543
            ],
            [
              14654963.086233692,
              5227294.101977543
            ],
            [
              14657558.41918739,
              5231789.350515904
            ],
            [
              14662749.085094783,
              5231789.350515904
            ],
            [
              14665344.41804848,
              5236284.599054265
            ],
            [
              14662749.085094783,
              5240779.847592626
            ],
            [
              14665344.41804848,
              5245275.096130987
            ],
            [
              14670535.083955875,
              5245275.096130987
            ],
            [
              14673130.416909572,
              5249770.344669348
            ],
            [
              14678321.082816966,
              5249770.344669348
            ],
            [
              14680916.415770663,
              5245275.096130987
            ],
            [
              14686107.081678057,
              5245275.096130987
            ],
            [
              14688702.414631754,
              5240779.847592626
            ],
            [
              14686107.081678057,
              5236284.599054265
            ],
            [
              14688702.414631754,
              5231789.350515904
            ],
            [
              14686107.081678057,
              5227294.101977543
            ],
            [
              14688702.414631754,
              5222798.853439182
            ],
            [
              14686107.081678057,
              5218303.604900821
            ],
            [
              14688702.414631754,
              5213808.35636246
            ],
            [
              14693893.080539148,
              5213808.35636246
            ],
            [
              14696488.413492845,
              5209313.107824099
            ],
            [
              14693893.080539148,
              5204817.859285738
            ],
            [
              14688702.414631754,
              5204817.859285738
            ],
            [
              14686107.081678057,
              5209313.107824099
            ],
            [
              14680916.415770663,
              5209313.107824099
            ],
            [
              14678321.082816966,
              5213808.35636246
            ],
            [
              14673130.416909572,
              5213808.35636246
            ],
            [
              14670535.083955875,
              5209313.107824099
            ],
            [
              14665344.41804848,
              5209313.107824099
            ],
            [
              14662749.085094783,
              5204817.859285738
            ],
            [
              14665344.41804848,
              5200322.610747377
            ],
            [
              14662749.085094783,
              5195827.362209016
            ],
            [
              14657558.41918739,
              5195827.362209016
            ],
            [
              14654963.086233692,
              5200322.610747377
            ],
            [
              14649772.420326298,
              5200322.610747377
            ],
            [
              14647177.087372601,
              5195827.362209016
            ],
            [
              14641986.421465207,
              5195827.362209016
            ],
            [
              14639391.08851151,
              5200322.610747377
            ],
            [
              14641986.421465207,
              5204817.859285738
            ]
          ]
        ]
      },
      "id": "群馬県"
    },
    {
      "type": "Feature",
      "properties": {
        "pref_name": "茨城県"
      },
      "geometry": {
        "type": "Polygon",
        "coordinates": [
          [
            [
              14727632.40893721,
              5182341.616593934
            ],
            [
              14725037.075983513,
              5186836.865132295
            ],
            [
              14719846.410076119,
              5186836.865132295
            ],
            [
              14717251.077122422,
              5191332.1136706555
            ],
            [
              14712060.411215028,
              5191332.1136706555
            ],
            [
              14709465.07826133,
              5195827.362209016
            ],
            [
              14712060.411215028,
              5200322.610747377
            ],
            [
              14709465.07826133,
              5204817.859285738
            ],
            [
              14712060.411215028,
              5209313.107824099
            ],
            [
              14717251.077122422,
              5209313.107824099
            ],
            [
              14719846.410076119,
              5213808.35636246
            ],
            [
              14725037.075983513,
              5213808.35636246
            ],
            [
              14727632.40893721,
              5218303.604900821
            ],
            [
              14725037.075983513,
              5222798.853439182
            ],
            [
              14727632.40893721,
              5227294.101977543
            ],
            [
              14725037.075983513,
              5231789.350515904
            ],
            [
              14727632.40893721,
              5236284.599054265
            ],
            [
              14732823.074844604,
              5236284.599054265
            ],
            [
              14735418.407798301,
              5240779.847592626
            ],
            [
              14740609.073705696,
              5240779.847592626
            ],
            [
              14743204.406659393,
              5236284.599054265
            ],
            [
              14740609.073705696,
              5231789.350515904
            ],
            [
              14743204.406659393,
              5227294.101977543
            ],
            [
              14740609.073705696,
              5222798.853439182
            ],
            [
              14743204.406659393,
              5218303.604900821
            ],
            [
              14740609.073705696,
              5213808.35636246
            ],
            [
              14743204.406659393,
              5209313.107824099
            ],
            [
              14740609.073705696,
              5204817.859285738
            ],
            [
              14743204.406659393,
              5200322.610747377
            ],
            [
              14740609.073705696,
              5195827.362209016
            ],
            [
              14743204.406659393,
              5191332.1136706555
            ],
            [
              14748395.072566787,
              5191332.1136706555
            ],
            [
              14750990.405520484,
              5186836.865132295
            ],
            [
              14748395.072566787,
              5182341.616593934
            ],
            [
              14743204.406659393,
              5182341.616593934
            ],
            [
              14740609.073705696,
              5177846.368055573
            ],
            [
              14735418.407798301,
              5177846.368055573
            ],
            [
              14732823.074844604,
              5182341.616593934
            ],
            [
              14727632.40893721,
              5182341.616593934
            ]
          ]
        ]
      },
      "id": "茨城県"
    },
    {
      "type": "Feature",
      "properties": {
        "pref_name": "長崎県"
      },
      "geometry": {
        "type": "MultiPolygon",
        "coordinates": [
          [
            [
              [
                14273449.142040223,
                4989045.929444414
              ],
              [
                14268258.476132829,
                4989045.929444414
              ],
              [
                14265663.143179132,
                4993541.177982775
              ],
              [
                14268258.476132829,
                4998036.4265211355
              ],
              [
                14265663.143179132,
                5002531.675059496
              ],
              [
                14268258.476132829,
                5007026.923597857
              ],
              [
                14273449.142040223,
                5007026.923597857
              ],
              [
                14276044.47499392,
                5002531.675059496
              ],
              [
                14281235.140901314,
                5002531.675059496
              ],
              [
                14283830.473855011,
                5007026.923597857
              ],
              [
                14281235.140901314,
                5011522.172136218
              ],
              [
                14276044.47499392,
                5011522.172136218
              ],
              [
                14273449.142040223,
                5016017.420674579
              ],
              [
                14276044.47499392,
                5020512.66921294
              ],
              [
                14273449.142040223,
                5025007.917751301
              ],
              [
                14268258.476132829,
                5025007.917751301
              ],
              [
                14265663.143179132,
                5029503.166289662
              ],
              [
                14260472.477271738,
                5029503.166289662
              ],
              [
                14257877.14431804,
                5033998.414828023
              ],
              [
                14252686.478410646,
                5033998.414828023
              ],
              [
                14250091.14545695,
                5038493.663366384
              ],
              [
                14252686.478410646,
                5042988.911904745
              ],
              [
                14250091.14545695,
                5047484.160443106
              ],
              [
                14252686.478410646,
                5051979.408981467
              ],
              [
                14257877.14431804,
                5051979.408981467
              ],
              [
                14260472.477271738,
                5047484.160443106
              ],
              [
                14257877.14431804,
                5042988.911904745
              ],
              [
                14260472.477271738,
                5038493.663366384
              ],
              [
                14265663.143179132,
                5038493.663366384
              ],
              [
                14268258.476132829,
                5033998.414828023
              ],
              [
                14273449.142040223,
                5033998.414828023
              ],
              [
                14276044.47499392,
                5029503.166289662
              ],
              [
                14281235.140901314,
                5029503.166289662
              ],
              [
                14283830.473855011,
                5025007.917751301
              ],
              [
                14289021.139762405,
                5025007.917751301
              ],
              [
                14291616.472716102,
                5020512.66921294
              ],
              [
                14296807.138623497,
                5020512.66921294
              ],
              [
                14299402.471577194,
                5016017.420674579
              ],
              [
                14304593.137484588,
                5016017.420674579
              ],
              [
                14307188.470438285,
                5011522.172136218
              ],
              [
                14304593.137484588,
                5007026.923597857
              ],
              [
                14307188.470438285,
                5002531.675059496
              ],
              [
                14304593.137484588,
                4998036.4265211355
              ],
              [
                14307188.470438285,
                4993541.177982775
              ],
              [
                14304593.137484588,
                4989045.929444414
              ],
              [
                14299402.471577194,
                4989045.929444414
              ],
              [
                14296807.138623497,
                4984550.680906053
              ],
              [
                14291616.472716102,
                4984550.680906053
              ],
              [
                14289021.139762405,
                4989045.929444414
              ],
              [
                14283830.473855011,
                4989045.929444414
              ],
              [
                14281235.140901314,
                4984550.680906053
              ],
              [
                14276044.47499392,
                4984550.680906053
              ],
              [
                14273449.142040223,
                4989045.929444414
              ]
            ]
          ],
          [
            [
              [
                14252686.478410646,
                5007026.923597857
              ],
              [
                14257877.14431804,
                5007026.923597857
              ],
              [
                14260472.477271738,
                5002531.675059496
              ],
              [
                14257877.14431804,
                4998036.4265211355
              ],
              [
                14252686.478410646,
                4998036.4265211355
              ],
              [
                14250091.14545695,
                5002531.675059496
              ],
              [
                14252686.478410646,
                5007026.923597857
              ]
            ]
          ],
          [
            [
              [
                14242305.146595858,
                5025007.917751301
              ],
              [
                14244900.479549555,
                5029503.166289662
              ],
              [
                14250091.14545695,
                5029503.166289662
              ],
              [
                14252686.478410646,
                5025007.917751301
              ],
              [
                14250091.14545695,
                5020512.66921294
              ],
              [
                14252686.478410646,
                5016017.420674579
              ],
              [
                14250091.14545695,
                5011522.172136218
              ],
              [
                14244900.479549555,
                5011522.172136218
              ],
              [
                14242305.146595858,
                5016017.420674579
              ],
              [
                14244900.479549555,
                5020512.66921294
              ],
              [
                14242305.146595858,
                5025007.917751301
              ]
            ]
          ]
        ]
      },
      "id": "長崎県"
    },
    {
      "type": "Feature",
      "properties": {
        "pref_name": "長野県"
      },
      "geometry": {
        "type": "Polygon",
        "coordinates": [
          [
            [
              14618628.424881933,
              5146379.628287046
            ],
            [
              14616033.091928236,
              5150874.876825407
            ],
            [
              14618628.424881933,
              5155370.125363768
            ],
            [
              14616033.091928236,
              5159865.373902129
            ],
            [
              14610842.426020842,
              5159865.373902129
            ],
            [
              14608247.093067145,
              5164360.62244049
            ],
            [
              14610842.426020842,
              5168855.870978851
            ],
            [
              14608247.093067145,
              5173351.119517212
            ],
            [
              14610842.426020842,
              5177846.368055573
            ],
            [
              14616033.091928236,
              5177846.368055573
            ],
            [
              14618628.424881933,
              5182341.616593934
            ],
            [
              14616033.091928236,
              5186836.865132295
            ],
            [
              14618628.424881933,
              5191332.1136706555
            ],
            [
              14623819.090789327,
              5191332.1136706555
            ],
            [
              14626414.423743024,
              5195827.362209016
            ],
            [
              14623819.090789327,
              5200322.610747377
            ],
            [
              14626414.423743024,
              5204817.859285738
            ],
            [
              14623819.090789327,
              5209313.107824099
            ],
            [
              14626414.423743024,
              5213808.35636246
            ],
            [
              14623819.090789327,
              5218303.604900821
            ],
            [
              14626414.423743024,
              5222798.853439182
            ],
            [
              14631605.089650419,
              5222798.853439182
            ],
            [
              14634200.422604116,
              5227294.101977543
            ],
            [
              14639391.08851151,
              5227294.101977543
            ],
            [
              14641986.421465207,
              5231789.350515904
            ],
            [
              14647177.087372601,
              5231789.350515904
            ],
            [
              14649772.420326298,
              5236284.599054265
            ],
            [
              14647177.087372601,
              5240779.847592626
            ],
            [
              14649772.420326298,
              5245275.096130987
            ],
            [
              14654963.086233692,
              5245275.096130987
            ],
            [
              14657558.41918739,
              5240779.847592626
            ],
            [
              14654963.086233692,
              5236284.599054265
            ],
            [
              14657558.41918739,
              5231789.350515904
            ],
            [
              14654963.086233692,
              5227294.101977543
            ],
            [
              14649772.420326298,
              5227294.101977543
            ],
            [
              14647177.087372601,
              5222798.853439182
            ],
            [
              14649772.420326298,
              5218303.604900821
            ],
            [
              14647177.087372601,
              5213808.35636246
            ],
            [
              14641986.421465207,
              5213808.35636246
            ],
            [
              14639391.08851151,
              5209313.107824099
            ],
            [
              14641986.421465207,
              5204817.859285738
            ],
            [
              14639391.08851151,
              5200322.610747377
            ],
            [
              14641986.421465207,
              5195827.362209016
            ],
            [
              14647177.087372601,
              5195827.362209016
            ],
            [
              14649772.420326298,
              5191332.1136706555
            ],
            [
              14647177.087372601,
              5186836.865132295
            ],
            [
              14641986.421465207,
              5186836.865132295
            ],
            [
              14639391.08851151,
              5191332.1136706555
            ],
            [
              14634200.422604116,
              5191332.1136706555
            ],
            [
              14631605.089650419,
              5186836.865132295
            ],
            [
              14634200.422604116,
              5182341.616593934
            ],
            [
              14631605.089650419,
              5177846.368055573
            ],
            [
              14626414.423743024,
              5177846.368055573
            ],
            [
              14623819.090789327,
              5173351.119517212
            ],
            [
              14626414.423743024,
              5168855.870978851
            ],
            [
              14623819.090789327,
              5164360.62244049
            ],
            [
              14626414.423743024,
              5159865.373902129
            ],
            [
              14623819.090789327,
              5155370.125363768
            ],
            [
              14626414.423743024,
              5150874.876825407
            ],
            [
              14631605.089650419,
              5150874.876825407
            ],
            [
              14634200.422604116,
              5146379.628287046
            ],
            [
              14631605.089650419,
              5141884.379748685
            ],
            [
              14626414.423743024,
              5141884.379748685
            ],
            [
              14623819.090789327,
              5137389.131210324
            ],
            [
              14618628.424881933,
              5137389.131210324
            ],
            [
              14616033.091928236,
              5141884.379748685
            ],
            [
              14618628.424881933,
              5146379.628287046
            ]
          ]
        ]
      },
      "id": "長野県"
    },
    {
      "type": "Feature",
      "properties": {
        "pref_name": "青森県"
      },
      "geometry": {
        "type": "MultiPolygon",
        "coordinates": [
          [
            [
              [
                14750990.405520484,
                5402608.794973619
              ],
              [
                14748395.072566787,
                5407104.04351198
              ],
              [
                14743204.406659393,
                5407104.04351198
              ],
              [
                14740609.073705696,
                5402608.794973619
              ],
              [
                14735418.407798301,
                5402608.794973619
              ],
              [
                14732823.074844604,
                5407104.04351198
              ],
              [
                14727632.40893721,
                5407104.04351198
              ],
              [
                14725037.075983513,
                5411599.292050341
              ],
              [
                14727632.40893721,
                5416094.540588702
              ],
              [
                14725037.075983513,
                5420589.789127063
              ],
              [
                14727632.40893721,
                5425085.037665424
              ],
              [
                14732823.074844604,
                5425085.037665424
              ],
              [
                14735418.407798301,
                5429580.286203785
              ],
              [
                14740609.073705696,
                5429580.286203785
              ],
              [
                14743204.406659393,
                5434075.534742146
              ],
              [
                14740609.073705696,
                5438570.783280507
              ],
              [
                14743204.406659393,
                5443066.031818868
              ],
              [
                14740609.073705696,
                5447561.280357229
              ],
              [
                14743204.406659393,
                5452056.5288955895
              ],
              [
                14748395.072566787,
                5452056.5288955895
              ],
              [
                14750990.405520484,
                5447561.280357229
              ],
              [
                14748395.072566787,
                5443066.031818868
              ],
              [
                14750990.405520484,
                5438570.783280507
              ],
              [
                14748395.072566787,
                5434075.534742146
              ],
              [
                14750990.405520484,
                5429580.286203785
              ],
              [
                14756181.071427878,
                5429580.286203785
              ],
              [
                14758776.404381575,
                5434075.534742146
              ],
              [
                14763967.07028897,
                5434075.534742146
              ],
              [
                14766562.403242666,
                5429580.286203785
              ],
              [
                14763967.07028897,
                5425085.037665424
              ],
              [
                14766562.403242666,
                5420589.789127063
              ],
              [
                14763967.07028897,
                5416094.540588702
              ],
              [
                14766562.403242666,
                5411599.292050341
              ],
              [
                14763967.07028897,
                5407104.04351198
              ],
              [
                14766562.403242666,
                5402608.794973619
              ],
              [
                14763967.07028897,
                5398113.546435258
              ],
              [
                14758776.404381575,
                5398113.546435258
              ],
              [
                14756181.071427878,
                5393618.297896897
              ],
              [
                14750990.405520484,
                5393618.297896897
              ],
              [
                14748395.072566787,
                5398113.546435258
              ],
              [
                14750990.405520484,
                5402608.794973619
              ]
            ]
          ],
          [
            [
              [
                14756181.071427878,
                5456551.77743395
              ],
              [
                14758776.404381575,
                5461047.025972311
              ],
              [
                14763967.07028897,
                5461047.025972311
              ],
              [
                14766562.403242666,
                5456551.77743395
              ],
              [
                14771753.06915006,
                5456551.77743395
              ],
              [
                14774348.402103757,
                5452056.5288955895
              ],
              [
                14771753.06915006,
                5447561.280357229
              ],
              [
                14766562.403242666,
                5447561.280357229
              ],
              [
                14763967.07028897,
                5452056.5288955895
              ],
              [
                14758776.404381575,
                5452056.5288955895
              ],
              [
                14756181.071427878,
                5456551.77743395
              ]
            ]
          ],
          [
            [
              [
                14766562.403242666,
                5474532.771587394
              ],
              [
                14763967.07028897,
                5479028.020125755
              ],
              [
                14766562.403242666,
                5483523.268664116
              ],
              [
                14771753.06915006,
                5483523.268664116
              ],
              [
                14774348.402103757,
                5479028.020125755
              ],
              [
                14771753.06915006,
                5474532.771587394
              ],
              [
                14774348.402103757,
                5470037.523049033
              ],
              [
                14771753.06915006,
                5465542.274510672
              ],
              [
                14766562.403242666,
                5465542.274510672
              ],
              [
                14763967.07028897,
                5470037.523049033
              ],
              [
                14766562.403242666,
                5474532.771587394
              ]
            ]
          ]
        ]
      },
      "id": "青森県"
    },
    {
      "type": "Feature",
      "properties": {
        "pref_name": "静岡県"
      },
      "geometry": {
        "type": "MultiPolygon",
        "coordinates": [
          [
            [
              [
                14634200.422604116,
                5092436.645826715
              ],
              [
                14631605.089650419,
                5096931.894365076
              ],
              [
                14626414.423743024,
                5096931.894365076
              ],
              [
                14623819.090789327,
                5101427.142903437
              ],
              [
                14618628.424881933,
                5101427.142903437
              ],
              [
                14616033.091928236,
                5105922.391441798
              ],
              [
                14618628.424881933,
                5110417.639980159
              ],
              [
                14616033.091928236,
                5114912.88851852
              ],
              [
                14618628.424881933,
                5119408.137056881
              ],
              [
                14623819.090789327,
                5119408.137056881
              ],
              [
                14626414.423743024,
                5123903.385595242
              ],
              [
                14623819.090789327,
                5128398.6341336025
              ],
              [
                14626414.423743024,
                5132893.882671963
              ],
              [
                14623819.090789327,
                5137389.131210324
              ],
              [
                14626414.423743024,
                5141884.379748685
              ],
              [
                14631605.089650419,
                5141884.379748685
              ],
              [
                14634200.422604116,
                5137389.131210324
              ],
              [
                14639391.08851151,
                5137389.131210324
              ],
              [
                14641986.421465207,
                5141884.379748685
              ],
              [
                14647177.087372601,
                5141884.379748685
              ],
              [
                14649772.420326298,
                5137389.131210324
              ],
              [
                14654963.086233692,
                5137389.131210324
              ],
              [
                14657558.41918739,
                5132893.882671963
              ],
              [
                14662749.085094783,
                5132893.882671963
              ],
              [
                14665344.41804848,
                5128398.6341336025
              ],
              [
                14662749.085094783,
                5123903.385595242
              ],
              [
                14665344.41804848,
                5119408.137056881
              ],
              [
                14670535.083955875,
                5119408.137056881
              ],
              [
                14673130.416909572,
                5114912.88851852
              ],
              [
                14670535.083955875,
                5110417.639980159
              ],
              [
                14673130.416909572,
                5105922.391441798
              ],
              [
                14670535.083955875,
                5101427.142903437
              ],
              [
                14673130.416909572,
                5096931.894365076
              ],
              [
                14670535.083955875,
                5092436.645826715
              ],
              [
                14665344.41804848,
                5092436.645826715
              ],
              [
                14662749.085094783,
                5096931.894365076
              ],
              [
                14665344.41804848,
                5101427.142903437
              ],
              [
                14662749.085094783,
                5105922.391441798
              ],
              [
                14657558.41918739,
                5105922.391441798
              ],
              [
                14654963.086233692,
                5110417.639980159
              ],
              [
                14657558.41918739,
                5114912.88851852
              ],
              [
                14654963.086233692,
                5119408.137056881
              ],
              [
                14649772.420326298,
                5119408.137056881
              ],
              [
                14647177.087372601,
                5114912.88851852
              ],
              [
                14641986.421465207,
                5114912.88851852
              ],
              [
                14639391.08851151,
                5110417.639980159
              ],
              [
                14641986.421465207,
                5105922.391441798
              ],
              [
                14639391.08851151,
                5101427.142903437
              ],
              [
                14641986.421465207,
                5096931.894365076
              ],
              [
                14639391.08851151,
                5092436.645826715
              ],
              [
                14634200.422604116,
                5092436.645826715
              ]
            ],
            [
              [
                14641986.421465207,
                5123903.385595242
              ],
              [
                14647177.087372601,
                5123903.385595242
              ],
              [
                14649772.420326298,
                5128398.6341336025
              ],
              [
                14647177.087372601,
                5132893.882671963
              ],
              [
                14641986.421465207,
                5132893.882671963
              ],
              [
                14639391.08851151,
                5128398.6341336025
              ],
              [
                14641986.421465207,
                5123903.385595242
              ]
            ]
          ],
          [
            [
              [
                14626414.423743024,
                5159865.373902129
              ],
              [
                14631605.089650419,
                5159865.373902129
              ],
              [
                14634200.422604116,
                5155370.125363768
              ],
              [
                14631605.089650419,
                5150874.876825407
              ],
              [
                14626414.423743024,
                5150874.876825407
              ],
              [
                14623819.090789327,
                5155370.125363768
              ],
              [
                14626414.423743024,
                5159865.373902129
              ]
            ]
          ]
        ]
      },
      "id": "静岡県"
    },
    {
      "type": "Feature",
      "properties": {
        "pref_name": "香川県"
      },
      "geometry": {
        "type": "Polygon",
        "coordinates": [
          [
            [
              14447336.449937927,
              5065465.154596549
            ],
            [
              14444741.11698423,
              5069960.40313491
            ],
            [
              14439550.451076835,
              5069960.40313491
            ],
            [
              14436955.118123138,
              5065465.154596549
            ],
            [
              14431764.452215744,
              5065465.154596549
            ],
            [
              14429169.119262047,
              5069960.40313491
            ],
            [
              14431764.452215744,
              5074455.651673271
            ],
            [
              14429169.119262047,
              5078950.900211632
            ],
            [
              14423978.453354653,
              5078950.900211632
            ],
            [
              14421383.120400956,
              5083446.148749993
            ],
            [
              14423978.453354653,
              5087941.397288354
            ],
            [
              14429169.119262047,
              5087941.397288354
            ],
            [
              14431764.452215744,
              5092436.645826715
            ],
            [
              14429169.119262047,
              5096931.894365076
            ],
            [
              14431764.452215744,
              5101427.142903437
            ],
            [
              14436955.118123138,
              5101427.142903437
            ],
            [
              14439550.451076835,
              5105922.391441798
            ],
            [
              14444741.11698423,
              5105922.391441798
            ],
            [
              14447336.449937927,
              5101427.142903437
            ],
            [
              14452527.11584532,
              5101427.142903437
            ],
            [
              14455122.448799018,
              5105922.391441798
            ],
            [
              14460313.114706412,
              5105922.391441798
            ],
            [
              14462908.447660109,
              5101427.142903437
            ],
            [
              14468099.113567503,
              5101427.142903437
            ],
            [
              14470694.4465212,
              5096931.894365076
            ],
            [
              14468099.113567503,
              5092436.645826715
            ],
            [
              14470694.4465212,
              5087941.397288354
            ],
            [
              14475885.112428594,
              5087941.397288354
            ],
            [
              14478480.445382291,
              5083446.148749993
            ],
            [
              14475885.112428594,
              5078950.900211632
            ],
            [
              14470694.4465212,
              5078950.900211632
            ],
            [
              14468099.113567503,
              5074455.651673271
            ],
            [
              14470694.4465212,
              5069960.40313491
            ],
            [
              14468099.113567503,
              5065465.154596549
            ],
            [
              14462908.447660109,
              5065465.154596549
            ],
            [
              14460313.114706412,
              5069960.40313491
            ],
            [
              14455122.448799018,
              5069960.40313491
            ],
            [
              14452527.11584532,
              5065465.154596549
            ],
            [
              14455122.448799018,
              5060969.9060581885
            ],
            [
              14452527.11584532,
              5056474.657519828
            ],
            [
              14447336.449937927,
              5056474.657519828
            ],
            [
              14444741.11698423,
              5060969.9060581885
            ],
            [
              14447336.449937927,
              5065465.154596549
            ]
          ]
        ]
      },
      "id": "香川県"
    },
    {
      "type": "Feature",
      "properties": {
        "pref_name": "高知県"
      },
      "geometry": {
        "type": "Polygon",
        "coordinates": [
          [
            [
              14405811.122678773,
              5002531.675059496
            ],
            [
              14408406.45563247,
              5007026.923597857
            ],
            [
              14405811.122678773,
              5011522.172136218
            ],
            [
              14400620.45677138,
              5011522.172136218
            ],
            [
              14398025.123817682,
              5016017.420674579
            ],
            [
              14400620.45677138,
              5020512.66921294
            ],
            [
              14405811.122678773,
              5020512.66921294
            ],
            [
              14408406.45563247,
              5025007.917751301
            ],
            [
              14405811.122678773,
              5029503.166289662
            ],
            [
              14408406.45563247,
              5033998.414828023
            ],
            [
              14413597.121539865,
              5033998.414828023
            ],
            [
              14416192.454493562,
              5038493.663366384
            ],
            [
              14413597.121539865,
              5042988.911904745
            ],
            [
              14416192.454493562,
              5047484.160443106
            ],
            [
              14421383.120400956,
              5047484.160443106
            ],
            [
              14423978.453354653,
              5051979.408981467
            ],
            [
              14421383.120400956,
              5056474.657519828
            ],
            [
              14423978.453354653,
              5060969.9060581885
            ],
            [
              14429169.119262047,
              5060969.9060581885
            ],
            [
              14431764.452215744,
              5056474.657519828
            ],
            [
              14436955.118123138,
              5056474.657519828
            ],
            [
              14439550.451076835,
              5051979.408981467
            ],
            [
              14444741.11698423,
              5051979.408981467
            ],
            [
              14447336.449937927,
              5047484.160443106
            ],
            [
              14452527.11584532,
              5047484.160443106
            ],
            [
              14455122.448799018,
              5042988.911904745
            ],
            [
              14452527.11584532,
              5038493.663366384
            ],
            [
              14455122.448799018,
              5033998.414828023
            ],
            [
              14460313.114706412,
              5033998.414828023
            ],
            [
              14462908.447660109,
              5029503.166289662
            ],
            [
              14468099.113567503,
              5029503.166289662
            ],
            [
              14470694.4465212,
              5025007.917751301
            ],
            [
              14468099.113567503,
              5020512.66921294
            ],
            [
              14462908.447660109,
              5020512.66921294
            ],
            [
              14460313.114706412,
              5025007.917751301
            ],
            [
              14455122.448799018,
              5025007.917751301
            ],
            [
              14452527.11584532,
              5029503.166289662
            ],
            [
              14447336.449937927,
              5029503.166289662
            ],
            [
              14444741.11698423,
              5033998.414828023
            ],
            [
              14439550.451076835,
              5033998.414828023
            ],
            [
              14436955.118123138,
              5029503.166289662
            ],
            [
              14431764.452215744,
              5029503.166289662
            ],
            [
              14429169.119262047,
              5025007.917751301
            ],
            [
              14423978.453354653,
              5025007.917751301
            ],
            [
              14421383.120400956,
              5020512.66921294
            ],
            [
              14423978.453354653,
              5016017.420674579
            ],
            [
              14421383.120400956,
              5011522.172136218
            ],
            [
              14416192.454493562,
              5011522.172136218
            ],
            [
              14413597.121539865,
              5007026.923597857
            ],
            [
              14416192.454493562,
              5002531.675059496
            ],
            [
              14413597.121539865,
              4998036.4265211355
            ],
            [
              14408406.45563247,
              4998036.4265211355
            ],
            [
              14405811.122678773,
              5002531.675059496
            ]
          ]
        ]
      },
      "id": "高知県"
    },
    {
      "type": "Feature",
      "properties": {
        "pref_name": "鳥取県"
      },
      "geometry": {
        "type": "Polygon",
        "coordinates": [
          [
            [
              14413597.121539865,
              5132893.882671963
            ],
            [
              14416192.454493562,
              5137389.131210324
            ],
            [
              14413597.121539865,
              5141884.379748685
            ],
            [
              14416192.454493562,
              5146379.628287046
            ],
            [
              14413597.121539865,
              5150874.876825407
            ],
            [
              14416192.454493562,
              5155370.125363768
            ],
            [
              14421383.120400956,
              5155370.125363768
            ],
            [
              14423978.453354653,
              5159865.373902129
            ],
            [
              14421383.120400956,
              5164360.62244049
            ],
            [
              14423978.453354653,
              5168855.870978851
            ],
            [
              14429169.119262047,
              5168855.870978851
            ],
            [
              14431764.452215744,
              5164360.62244049
            ],
            [
              14436955.118123138,
              5164360.62244049
            ],
            [
              14439550.451076835,
              5168855.870978851
            ],
            [
              14444741.11698423,
              5168855.870978851
            ],
            [
              14447336.449937927,
              5164360.62244049
            ],
            [
              14452527.11584532,
              5164360.62244049
            ],
            [
              14455122.448799018,
              5168855.870978851
            ],
            [
              14460313.114706412,
              5168855.870978851
            ],
            [
              14462908.447660109,
              5164360.62244049
            ],
            [
              14468099.113567503,
              5164360.62244049
            ],
            [
              14470694.4465212,
              5168855.870978851
            ],
            [
              14475885.112428594,
              5168855.870978851
            ],
            [
              14478480.445382291,
              5164360.62244049
            ],
            [
              14475885.112428594,
              5159865.373902129
            ],
            [
              14478480.445382291,
              5155370.125363768
            ],
            [
              14475885.112428594,
              5150874.876825407
            ],
            [
              14478480.445382291,
              5146379.628287046
            ],
            [
              14475885.112428594,
              5141884.379748685
            ],
            [
              14470694.4465212,
              5141884.379748685
            ],
            [
              14468099.113567503,
              5137389.131210324
            ],
            [
              14470694.4465212,
              5132893.882671963
            ],
            [
              14468099.113567503,
              5128398.6341336025
            ],
            [
              14462908.447660109,
              5128398.6341336025
            ],
            [
              14460313.114706412,
              5132893.882671963
            ],
            [
              14462908.447660109,
              5137389.131210324
            ],
            [
              14460313.114706412,
              5141884.379748685
            ],
            [
              14455122.448799018,
              5141884.379748685
            ],
            [
              14452527.11584532,
              5137389.131210324
            ],
            [
              14447336.449937927,
              5137389.131210324
            ],
            [
              14444741.11698423,
              5132893.882671963
            ],
            [
              14439550.451076835,
              5132893.882671963
            ],
            [
              14436955.118123138,
              5137389.131210324
            ],
            [
              14431764.452215744,
              5137389.131210324
            ],
            [
              14429169.119262047,
              5141884.379748685
            ],
            [
              14423978.453354653,
              5141884.379748685
            ],
            [
              14421383.120400956,
              5137389.131210324
            ],
            [
              14423978.453354653,
              5132893.882671963
            ],
            [
              14421383.120400956,
              5128398.6341336025
            ],
            [
              14416192.454493562,
              5128398.6341336025
            ],
            [
              14413597.121539865,
              5132893.882671963
            ]
          ]
        ]
      },
      "id": "鳥取県"
    },
    {
      "type": "Feature",
      "properties": {
        "pref_name": "鹿児島県"
      },
      "geometry": {
        "type": "Polygon",
        "coordinates": [
          [
            [
              14307188.470438285,
              4921617.201369
            ],
            [
              14304593.137484588,
              4926112.449907361
            ],
            [
              14299402.471577194,
              4926112.449907361
            ],
            [
              14296807.138623497,
              4930607.6984457215
            ],
            [
              14291616.472716102,
              4930607.6984457215
            ],
            [
              14289021.139762405,
              4935102.946984082
            ],
            [
              14291616.472716102,
              4939598.195522443
            ],
            [
              14296807.138623497,
              4939598.195522443
            ],
            [
              14299402.471577194,
              4944093.444060804
            ],
            [
              14296807.138623497,
              4948588.692599165
            ],
            [
              14291616.472716102,
              4948588.692599165
            ],
            [
              14289021.139762405,
              4953083.941137526
            ],
            [
              14291616.472716102,
              4957579.189675887
            ],
            [
              14289021.139762405,
              4962074.438214248
            ],
            [
              14291616.472716102,
              4966569.686752609
            ],
            [
              14296807.138623497,
              4966569.686752609
            ],
            [
              14299402.471577194,
              4971064.93529097
            ],
            [
              14304593.137484588,
              4971064.93529097
            ],
            [
              14307188.470438285,
              4975560.183829331
            ],
            [
              14312379.136345679,
              4975560.183829331
            ],
            [
              14314974.469299376,
              4971064.93529097
            ],
            [
              14320165.13520677,
              4971064.93529097
            ],
            [
              14322760.468160467,
              4966569.686752609
            ],
            [
              14327951.134067861,
              4966569.686752609
            ],
            [
              14330546.467021558,
              4962074.438214248
            ],
            [
              14327951.134067861,
              4957579.189675887
            ],
            [
              14330546.467021558,
              4953083.941137526
            ],
            [
              14335737.132928953,
              4953083.941137526
            ],
            [
              14338332.46588265,
              4948588.692599165
            ],
            [
              14343523.131790044,
              4948588.692599165
            ],
            [
              14346118.46474374,
              4944093.444060804
            ],
            [
              14343523.131790044,
              4939598.195522443
            ],
            [
              14338332.46588265,
              4939598.195522443
            ],
            [
              14335737.132928953,
              4935102.946984082
            ],
            [
              14338332.46588265,
              4930607.6984457215
            ],
            [
              14335737.132928953,
              4926112.449907361
            ],
            [
              14330546.467021558,
              4926112.449907361
            ],
            [
              14327951.134067861,
              4921617.201369
            ],
            [
              14322760.468160467,
              4921617.201369
            ],
            [
              14320165.13520677,
              4917121.952830639
            ],
            [
              14314974.469299376,
              4917121.952830639
            ],
            [
              14312379.136345679,
              4921617.201369
            ],
            [
              14307188.470438285,
              4921617.201369
            ]
          ],
          [
            [
              14312379.136345679,
              4948588.692599165
            ],
            [
              14314974.469299376,
              4944093.444060804
            ],
            [
              14312379.136345679,
              4939598.195522443
            ],
            [
              14307188.470438285,
              4939598.195522443
            ],
            [
              14304593.137484588,
              4935102.946984082
            ],
            [
              14307188.470438285,
              4930607.6984457215
            ],
            [
              14312379.136345679,
              4930607.6984457215
            ],
            [
              14314974.469299376,
              4926112.449907361
            ],
            [
              14320165.13520677,
              4926112.449907361
            ],
            [
              14322760.468160467,
              4930607.6984457215
            ],
            [
              14320165.13520677,
              4935102.946984082
            ],
            [
              14322760.468160467,
              4939598.195522443
            ],
            [
              14320165.13520677,
              4944093.444060804
            ],
            [
              14322760.468160467,
              4948588.692599165
            ],
            [
              14320165.13520677,
              4953083.941137526
            ],
            [
              14314974.469299376,
              4953083.941137526
            ],
            [
              14312379.136345679,
              4948588.692599165
            ]
          ]
        ]
      },
      "id": "鹿児島県"
    }
  ]
}