{
"type": "FeatureCollection",
"name": "tilegram_hex",
"crs": { "type": "name", "properties": { "name": "urn:ogc:def:crs:EPSG::3857" } },
"features": [
{ "type": "Feature", "properties": { "pref_name": "沖縄県" }, "geometry": { "type": "Polygon", "coordinates": [ [ [ 14257320.716393698006868, 3059335.222768182866275 ], [ 14247511.279872421175241, 3076325.665216654073447 ], [ 14227892.406829871237278, 3076325.665216654073447 ], [ 14218082.970308594405651, 3059335.222768182866275 ], [ 14227892.406829871237278, 3042344.780319711659104 ], [ 14247511.279872421175241, 3042344.780319711659104 ], [ 14257320.716393698006868, 3059335.222768182866275 ] ] ] } },
{ "type": "Feature", "properties": { "pref_name": "長崎県" }, "geometry": { "type": "Polygon", "coordinates": [ [ [ 14463318.883340485394001, 3891866.902743272017688 ], [ 14453509.446819208562374, 3908857.345191743224859 ], [ 14433890.573776658624411, 3908857.345191743224859 ], [ 14424081.137255381792784, 3891866.902743272017688 ], [ 14433890.573776658624411, 3874876.460294800810516 ], [ 14453509.446819208562374, 3874876.460294800810516 ], [ 14463318.883340485394001, 3891866.902743272017688 ] ] ] } },
{ "type": "Feature", "properties": { "pref_name": "長崎県" }, "geometry": { "type": "Polygon", "coordinates": [ [ [ 14463318.883340485394001, 3925847.787640214432031 ], [ 14453509.446819208562374, 3942838.230088685639203 ], [ 14433890.573776658624411, 3942838.230088685639203 ], [ 14424081.137255381792784, 3925847.787640214432031 ], [ 14433890.573776658624411, 3908857.345191743224859 ], [ 14453509.446819208562374, 3908857.345191743224859 ], [ 14463318.883340485394001, 3925847.787640214432031 ] ] ] } },
{ "type": "Feature", "properties": { "pref_name": "長崎県" }, "geometry": { "type": "Polygon", "coordinates": [ [ [ 14492747.192904312163591, 3874876.460294800810516 ], [ 14482937.756383035331964, 3891866.902743272017688 ], [ 14463318.883340485394001, 3891866.902743272017688 ], [ 14453509.446819208562374, 3874876.460294800810516 ], [ 14463318.883340485394001, 3857886.017846329603344 ], [ 14482937.756383035331964, 3857886.017846329603344 ], [ 14492747.192904312163591, 3874876.460294800810516 ] ] ] } },
{ "type": "Feature", "properties": { "pref_name": "佐賀県" }, "geometry": { "type": "Polygon", "coordinates": [ [ [ 14492747.192904312163591, 3908857.345191743224859 ], [ 14482937.756383035331964, 3925847.787640214432031 ], [ 14463318.883340485394001, 3925847.787640214432031 ], [ 14453509.446819208562374, 3908857.345191743224859 ], [ 14463318.883340485394001, 3891866.902743272017688 ], [ 14482937.756383035331964, 3891866.902743272017688 ], [ 14492747.192904312163591, 3908857.345191743224859 ] ] ] } },
{ "type": "Feature", "properties": { "pref_name": "佐賀県" }, "geometry": { "type": "Polygon", "coordinates": [ [ [ 14492747.192904312163591, 3942838.230088685639203 ], [ 14482937.756383035331964, 3959828.672537156846374 ], [ 14463318.883340485394001, 3959828.672537156846374 ], [ 14453509.446819208562374, 3942838.230088685639203 ], [ 14463318.883340485394001, 3925847.787640214432031 ], [ 14482937.756383035331964, 3925847.787640214432031 ], [ 14492747.192904312163591, 3942838.230088685639203 ] ] ] } },
{ "type": "Feature", "properties": { "pref_name": "鹿児島県" }, "geometry": { "type": "Polygon", "coordinates": [ [ [ 14522175.502468138933182, 3687981.593361617531627 ], [ 14512366.065946862101555, 3704972.035810088738799 ], [ 14492747.192904312163591, 3704972.035810088738799 ], [ 14482937.756383035331964, 3687981.593361617531627 ], [ 14492747.192904312163591, 3670991.150913146324456 ], [ 14512366.065946862101555, 3670991.150913146324456 ], [ 14522175.502468138933182, 3687981.593361617531627 ] ] ] } },
{ "type": "Feature", "properties": { "pref_name": "鹿児島県" }, "geometry": { "type": "Polygon", "coordinates": [ [ [ 14522175.502468138933182, 3755943.363155502360314 ], [ 14512366.065946862101555, 3772933.805603973567486 ], [ 14492747.192904312163591, 3772933.805603973567486 ], [ 14482937.756383035331964, 3755943.363155502360314 ], [ 14492747.192904312163591, 3738952.920707031153142 ], [ 14512366.065946862101555, 3738952.920707031153142 ], [ 14522175.502468138933182, 3755943.363155502360314 ] ] ] } },
{ "type": "Feature", "properties": { "pref_name": "長崎県" }, "geometry": { "type": "Polygon", "coordinates": [ [ [ 14522175.502468138933182, 3857886.017846329603344 ], [ 14512366.065946862101555, 3874876.460294800810516 ], [ 14492747.192904312163591, 3874876.460294800810516 ], [ 14482937.756383035331964, 3857886.017846329603344 ], [ 14492747.192904312163591, 3840895.575397858396173 ], [ 14512366.065946862101555, 3840895.575397858396173 ], [ 14522175.502468138933182, 3857886.017846329603344 ] ] ] } },
{ "type": "Feature", "properties": { "pref_name": "佐賀県" }, "geometry": { "type": "Polygon", "coordinates": [ [ [ 14522175.502468138933182, 3925847.787640214432031 ], [ 14512366.065946862101555, 3942838.230088685639203 ], [ 14492747.192904312163591, 3942838.230088685639203 ], [ 14482937.756383035331964, 3925847.787640214432031 ], [ 14492747.192904312163591, 3908857.345191743224859 ], [ 14512366.065946862101555, 3908857.345191743224859 ], [ 14522175.502468138933182, 3925847.787640214432031 ] ] ] } },
{ "type": "Feature", "properties": { "pref_name": "福岡県" }, "geometry": { "type": "Polygon", "coordinates": [ [ [ 14522175.502468138933182, 3959828.672537156846374 ], [ 14512366.065946862101555, 3976819.114985628053546 ], [ 14492747.192904312163591, 3976819.114985628053546 ], [ 14482937.756383035331964, 3959828.672537156846374 ], [ 14492747.192904312163591, 3942838.230088685639203 ], [ 14512366.065946862101555, 3942838.230088685639203 ], [ 14522175.502468138933182, 3959828.672537156846374 ] ] ] } },
{ "type": "Feature", "properties": { "pref_name": "鹿児島県" }, "geometry": { "type": "Polygon", "coordinates": [ [ [ 14551603.812031965702772, 3670991.150913146324456 ], [ 14541794.375510688871145, 3687981.593361617531627 ], [ 14522175.502468138933182, 3687981.593361617531627 ], [ 14512366.065946862101555, 3670991.150913146324456 ], [ 14522175.502468138933182, 3654000.708464675117284 ], [ 14541794.375510688871145, 3654000.708464675117284 ], [ 14551603.812031965702772, 3670991.150913146324456 ] ] ] } },
{ "type": "Feature", "properties": { "pref_name": "鹿児島県" }, "geometry": { "type": "Polygon", "coordinates": [ [ [ 14551603.812031965702772, 3704972.035810088738799 ], [ 14541794.375510688871145, 3721962.478258559945971 ], [ 14522175.502468138933182, 3721962.478258559945971 ], [ 14512366.065946862101555, 3704972.035810088738799 ], [ 14522175.502468138933182, 3687981.593361617531627 ], [ 14541794.375510688871145, 3687981.593361617531627 ], [ 14551603.812031965702772, 3704972.035810088738799 ] ] ] } },
{ "type": "Feature", "properties": { "pref_name": "鹿児島県" }, "geometry": { "type": "Polygon", "coordinates": [ [ [ 14551603.812031965702772, 3738952.920707031153142 ], [ 14541794.375510688871145, 3755943.363155502360314 ], [ 14522175.502468138933182, 3755943.363155502360314 ], [ 14512366.065946862101555, 3738952.920707031153142 ], [ 14522175.502468138933182, 3721962.478258559945971 ], [ 14541794.375510688871145, 3721962.478258559945971 ], [ 14551603.812031965702772, 3738952.920707031153142 ] ] ] } },
{ "type": "Feature", "properties": { "pref_name": "鹿児島県" }, "geometry": { "type": "Polygon", "coordinates": [ [ [ 14551603.812031965702772, 3772933.805603973567486 ], [ 14541794.375510688871145, 3789924.248052444774657 ], [ 14522175.502468138933182, 3789924.248052444774657 ], [ 14512366.065946862101555, 3772933.805603973567486 ], [ 14522175.502468138933182, 3755943.363155502360314 ], [ 14541794.375510688871145, 3755943.363155502360314 ], [ 14551603.812031965702772, 3772933.805603973567486 ] ] ] } },
{ "type": "Feature", "properties": { "pref_name": "熊本県" }, "geometry": { "type": "Polygon", "coordinates": [ [ [ 14551603.812031965702772, 3806914.690500915981829 ], [ 14541794.375510688871145, 3823905.132949387189001 ], [ 14522175.502468138933182, 3823905.132949387189001 ], [ 14512366.065946862101555, 3806914.690500915981829 ], [ 14522175.502468138933182, 3789924.248052444774657 ], [ 14541794.375510688871145, 3789924.248052444774657 ], [ 14551603.812031965702772, 3806914.690500915981829 ] ] ] } },
{ "type": "Feature", "properties": { "pref_name": "福岡県" }, "geometry": { "type": "Polygon", "coordinates": [ [ [ 14551603.812031965702772, 3908857.345191743224859 ], [ 14541794.375510688871145, 3925847.787640214432031 ], [ 14522175.502468138933182, 3925847.787640214432031 ], [ 14512366.065946862101555, 3908857.345191743224859 ], [ 14522175.502468138933182, 3891866.902743272017688 ], [ 14541794.375510688871145, 3891866.902743272017688 ], [ 14551603.812031965702772, 3908857.345191743224859 ] ] ] } },
{ "type": "Feature", "properties": { "pref_name": "福岡県" }, "geometry": { "type": "Polygon", "coordinates": [ [ [ 14551603.812031965702772, 3942838.230088685639203 ], [ 14541794.375510688871145, 3959828.672537156846374 ], [ 14522175.502468138933182, 3959828.672537156846374 ], [ 14512366.065946862101555, 3942838.230088685639203 ], [ 14522175.502468138933182, 3925847.787640214432031 ], [ 14541794.375510688871145, 3925847.787640214432031 ], [ 14551603.812031965702772, 3942838.230088685639203 ] ] ] } },
{ "type": "Feature", "properties": { "pref_name": "福岡県" }, "geometry": { "type": "Polygon", "coordinates": [ [ [ 14551603.812031965702772, 3976819.114985628053546 ], [ 14541794.375510688871145, 3993809.557434099260718 ], [ 14522175.502468138933182, 3993809.557434099260718 ], [ 14512366.065946862101555, 3976819.114985628053546 ], [ 14522175.502468138933182, 3959828.672537156846374 ], [ 14541794.375510688871145, 3959828.672537156846374 ], [ 14551603.812031965702772, 3976819.114985628053546 ] ] ] } },
{ "type": "Feature", "properties": { "pref_name": "福岡県" }, "geometry": { "type": "Polygon", "coordinates": [ [ [ 14551603.812031965702772, 4010799.999882570467889 ], [ 14541794.375510688871145, 4027790.442331041675061 ], [ 14522175.502468138933182, 4027790.442331041675061 ], [ 14512366.065946862101555, 4010799.999882570467889 ], [ 14522175.502468138933182, 3993809.557434099260718 ], [ 14541794.375510688871145, 3993809.557434099260718 ], [ 14551603.812031965702772, 4010799.999882570467889 ] ] ] } },
{ "type": "Feature", "properties": { "pref_name": "鹿児島県" }, "geometry": { "type": "Polygon", "coordinates": [ [ [ 14581032.121595792472363, 3654000.708464675117284 ], [ 14571222.685074515640736, 3670991.150913146324456 ], [ 14551603.812031965702772, 3670991.150913146324456 ], [ 14541794.375510688871145, 3654000.708464675117284 ], [ 14551603.812031965702772, 3637010.266016203910112 ], [ 14571222.685074515640736, 3637010.266016203910112 ], [ 14581032.121595792472363, 3654000.708464675117284 ] ] ] } },
{ "type": "Feature", "properties": { "pref_name": "鹿児島県" }, "geometry": { "type": "Polygon", "coordinates": [ [ [ 14581032.121595792472363, 3687981.593361617531627 ], [ 14571222.685074515640736, 3704972.035810088738799 ], [ 14551603.812031965702772, 3704972.035810088738799 ], [ 14541794.375510688871145, 3687981.593361617531627 ], [ 14551603.812031965702772, 3670991.150913146324456 ], [ 14571222.685074515640736, 3670991.150913146324456 ], [ 14581032.121595792472363, 3687981.593361617531627 ] ] ] } },
{ "type": "Feature", "properties": { "pref_name": "鹿児島県" }, "geometry": { "type": "Polygon", "coordinates": [ [ [ 14581032.121595792472363, 3721962.478258559945971 ], [ 14571222.685074515640736, 3738952.920707031153142 ], [ 14551603.812031965702772, 3738952.920707031153142 ], [ 14541794.375510688871145, 3721962.478258559945971 ], [ 14551603.812031965702772, 3704972.035810088738799 ], [ 14571222.685074515640736, 3704972.035810088738799 ], [ 14581032.121595792472363, 3721962.478258559945971 ] ] ] } },
{ "type": "Feature", "properties": { "pref_name": "鹿児島県" }, "geometry": { "type": "Polygon", "coordinates": [ [ [ 14581032.121595792472363, 3755943.363155502360314 ], [ 14571222.685074515640736, 3772933.805603973567486 ], [ 14551603.812031965702772, 3772933.805603973567486 ], [ 14541794.375510688871145, 3755943.363155502360314 ], [ 14551603.812031965702772, 3738952.920707031153142 ], [ 14571222.685074515640736, 3738952.920707031153142 ], [ 14581032.121595792472363, 3755943.363155502360314 ] ] ] } },
{ "type": "Feature", "properties": { "pref_name": "熊本県" }, "geometry": { "type": "Polygon", "coordinates": [ [ [ 14581032.121595792472363, 3789924.248052444774657 ], [ 14571222.685074515640736, 3806914.690500915981829 ], [ 14551603.812031965702772, 3806914.690500915981829 ], [ 14541794.375510688871145, 3789924.248052444774657 ], [ 14551603.812031965702772, 3772933.805603973567486 ], [ 14571222.685074515640736, 3772933.805603973567486 ], [ 14581032.121595792472363, 3789924.248052444774657 ] ] ] } },
{ "type": "Feature", "properties": { "pref_name": "熊本県" }, "geometry": { "type": "Polygon", "coordinates": [ [ [ 14581032.121595792472363, 3823905.132949387189001 ], [ 14571222.685074515640736, 3840895.575397858396173 ], [ 14551603.812031965702772, 3840895.575397858396173 ], [ 14541794.375510688871145, 3823905.132949387189001 ], [ 14551603.812031965702772, 3806914.690500915981829 ], [ 14571222.685074515640736, 3806914.690500915981829 ], [ 14581032.121595792472363, 3823905.132949387189001 ] ] ] } },
{ "type": "Feature", "properties": { "pref_name": "熊本県" }, "geometry": { "type": "Polygon", "coordinates": [ [ [ 14581032.121595792472363, 3857886.017846329603344 ], [ 14571222.685074515640736, 3874876.460294800810516 ], [ 14551603.812031965702772, 3874876.460294800810516 ], [ 14541794.375510688871145, 3857886.017846329603344 ], [ 14551603.812031965702772, 3840895.575397858396173 ], [ 14571222.685074515640736, 3840895.575397858396173 ], [ 14581032.121595792472363, 3857886.017846329603344 ] ] ] } },
{ "type": "Feature", "properties": { "pref_name": "熊本県" }, "geometry": { "type": "Polygon", "coordinates": [ [ [ 14581032.121595792472363, 3891866.902743272017688 ], [ 14571222.685074515640736, 3908857.345191743224859 ], [ 14551603.812031965702772, 3908857.345191743224859 ], [ 14541794.375510688871145, 3891866.902743272017688 ], [ 14551603.812031965702772, 3874876.460294800810516 ], [ 14571222.685074515640736, 3874876.460294800810516 ], [ 14581032.121595792472363, 3891866.902743272017688 ] ] ] } },
{ "type": "Feature", "properties": { "pref_name": "福岡県" }, "geometry": { "type": "Polygon", "coordinates": [ [ [ 14581032.121595792472363, 3925847.787640214432031 ], [ 14571222.685074515640736, 3942838.230088685639203 ], [ 14551603.812031965702772, 3942838.230088685639203 ], [ 14541794.375510688871145, 3925847.787640214432031 ], [ 14551603.812031965702772, 3908857.345191743224859 ], [ 14571222.685074515640736, 3908857.345191743224859 ], [ 14581032.121595792472363, 3925847.787640214432031 ] ] ] } },
{ "type": "Feature", "properties": { "pref_name": "福岡県" }, "geometry": { "type": "Polygon", "coordinates": [ [ [ 14581032.121595792472363, 3959828.672537156846374 ], [ 14571222.685074515640736, 3976819.114985628053546 ], [ 14551603.812031965702772, 3976819.114985628053546 ], [ 14541794.375510688871145, 3959828.672537156846374 ], [ 14551603.812031965702772, 3942838.230088685639203 ], [ 14571222.685074515640736, 3942838.230088685639203 ], [ 14581032.121595792472363, 3959828.672537156846374 ] ] ] } },
{ "type": "Feature", "properties": { "pref_name": "福岡県" }, "geometry": { "type": "Polygon", "coordinates": [ [ [ 14581032.121595792472363, 3993809.557434099260718 ], [ 14571222.685074515640736, 4010799.999882570467889 ], [ 14551603.812031965702772, 4010799.999882570467889 ], [ 14541794.375510688871145, 3993809.557434099260718 ], [ 14551603.812031965702772, 3976819.114985628053546 ], [ 14571222.685074515640736, 3976819.114985628053546 ], [ 14581032.121595792472363, 3993809.557434099260718 ] ] ] } },
{ "type": "Feature", "properties": { "pref_name": "鹿児島県" }, "geometry": { "type": "Polygon", "coordinates": [ [ [ 14610460.431159619241953, 3670991.150913146324456 ], [ 14600650.994638342410326, 3687981.593361617531627 ], [ 14581032.121595792472363, 3687981.593361617531627 ], [ 14571222.685074515640736, 3670991.150913146324456 ], [ 14581032.121595792472363, 3654000.708464675117284 ], [ 14600650.994638342410326, 3654000.708464675117284 ], [ 14610460.431159619241953, 3670991.150913146324456 ] ] ] } },
{ "type": "Feature", "properties": { "pref_name": "鹿児島県" }, "geometry": { "type": "Polygon", "coordinates": [ [ [ 14610460.431159619241953, 3704972.035810088738799 ], [ 14600650.994638342410326, 3721962.478258559945971 ], [ 14581032.121595792472363, 3721962.478258559945971 ], [ 14571222.685074515640736, 3704972.035810088738799 ], [ 14581032.121595792472363, 3687981.593361617531627 ], [ 14600650.994638342410326, 3687981.593361617531627 ], [ 14610460.431159619241953, 3704972.035810088738799 ] ] ] } },
{ "type": "Feature", "properties": { "pref_name": "宮崎県" }, "geometry": { "type": "Polygon", "coordinates": [ [ [ 14610460.431159619241953, 3738952.920707031153142 ], [ 14600650.994638342410326, 3755943.363155502360314 ], [ 14581032.121595792472363, 3755943.363155502360314 ], [ 14571222.685074515640736, 3738952.920707031153142 ], [ 14581032.121595792472363, 3721962.478258559945971 ], [ 14600650.994638342410326, 3721962.478258559945971 ], [ 14610460.431159619241953, 3738952.920707031153142 ] ] ] } },
{ "type": "Feature", "properties": { "pref_name": "宮崎県" }, "geometry": { "type": "Polygon", "coordinates": [ [ [ 14610460.431159619241953, 3772933.805603973567486 ], [ 14600650.994638342410326, 3789924.248052444774657 ], [ 14581032.121595792472363, 3789924.248052444774657 ], [ 14571222.685074515640736, 3772933.805603973567486 ], [ 14581032.121595792472363, 3755943.363155502360314 ], [ 14600650.994638342410326, 3755943.363155502360314 ], [ 14610460.431159619241953, 3772933.805603973567486 ] ] ] } },
{ "type": "Feature", "properties": { "pref_name": "熊本県" }, "geometry": { "type": "Polygon", "coordinates": [ [ [ 14610460.431159619241953, 3806914.690500915981829 ], [ 14600650.994638342410326, 3823905.132949387189001 ], [ 14581032.121595792472363, 3823905.132949387189001 ], [ 14571222.685074515640736, 3806914.690500915981829 ], [ 14581032.121595792472363, 3789924.248052444774657 ], [ 14600650.994638342410326, 3789924.248052444774657 ], [ 14610460.431159619241953, 3806914.690500915981829 ] ] ] } },
{ "type": "Feature", "properties": { "pref_name": "熊本県" }, "geometry": { "type": "Polygon", "coordinates": [ [ [ 14610460.431159619241953, 3840895.575397858396173 ], [ 14600650.994638342410326, 3857886.017846329603344 ], [ 14581032.121595792472363, 3857886.017846329603344 ], [ 14571222.685074515640736, 3840895.575397858396173 ], [ 14581032.121595792472363, 3823905.132949387189001 ], [ 14600650.994638342410326, 3823905.132949387189001 ], [ 14610460.431159619241953, 3840895.575397858396173 ] ] ] } },
{ "type": "Feature", "properties": { "pref_name": "熊本県" }, "geometry": { "type": "Polygon", "coordinates": [ [ [ 14610460.431159619241953, 3874876.460294800810516 ], [ 14600650.994638342410326, 3891866.902743272017688 ], [ 14581032.121595792472363, 3891866.902743272017688 ], [ 14571222.685074515640736, 3874876.460294800810516 ], [ 14581032.121595792472363, 3857886.017846329603344 ], [ 14600650.994638342410326, 3857886.017846329603344 ], [ 14610460.431159619241953, 3874876.460294800810516 ] ] ] } },
{ "type": "Feature", "properties": { "pref_name": "熊本県" }, "geometry": { "type": "Polygon", "coordinates": [ [ [ 14610460.431159619241953, 3908857.345191743224859 ], [ 14600650.994638342410326, 3925847.787640214432031 ], [ 14581032.121595792472363, 3925847.787640214432031 ], [ 14571222.685074515640736, 3908857.345191743224859 ], [ 14581032.121595792472363, 3891866.902743272017688 ], [ 14600650.994638342410326, 3891866.902743272017688 ], [ 14610460.431159619241953, 3908857.345191743224859 ] ] ] } },
{ "type": "Feature", "properties": { "pref_name": "大分県" }, "geometry": { "type": "Polygon", "coordinates": [ [ [ 14610460.431159619241953, 3942838.230088685639203 ], [ 14600650.994638342410326, 3959828.672537156846374 ], [ 14581032.121595792472363, 3959828.672537156846374 ], [ 14571222.685074515640736, 3942838.230088685639203 ], [ 14581032.121595792472363, 3925847.787640214432031 ], [ 14600650.994638342410326, 3925847.787640214432031 ], [ 14610460.431159619241953, 3942838.230088685639203 ] ] ] } },
{ "type": "Feature", "properties": { "pref_name": "福岡県" }, "geometry": { "type": "Polygon", "coordinates": [ [ [ 14610460.431159619241953, 3976819.114985628053546 ], [ 14600650.994638342410326, 3993809.557434099260718 ], [ 14581032.121595792472363, 3993809.557434099260718 ], [ 14571222.685074515640736, 3976819.114985628053546 ], [ 14581032.121595792472363, 3959828.672537156846374 ], [ 14600650.994638342410326, 3959828.672537156846374 ], [ 14610460.431159619241953, 3976819.114985628053546 ] ] ] } },
{ "type": "Feature", "properties": { "pref_name": "山口県" }, "geometry": { "type": "Polygon", "coordinates": [ [ [ 14610460.431159619241953, 4044780.884779512882233 ], [ 14600650.994638342410326, 4061771.327227984089404 ], [ 14581032.121595792472363, 4061771.327227984089404 ], [ 14571222.685074515640736, 4044780.884779512882233 ], [ 14581032.121595792472363, 4027790.442331041675061 ], [ 14600650.994638342410326, 4027790.442331041675061 ], [ 14610460.431159619241953, 4044780.884779512882233 ] ] ] } },
{ "type": "Feature", "properties": { "pref_name": "山口県" }, "geometry": { "type": "Polygon", "coordinates": [ [ [ 14610460.431159619241953, 4078761.769676455296576 ], [ 14600650.994638342410326, 4095752.212124926503748 ], [ 14581032.121595792472363, 4095752.212124926503748 ], [ 14571222.685074515640736, 4078761.769676455296576 ], [ 14581032.121595792472363, 4061771.327227984089404 ], [ 14600650.994638342410326, 4061771.327227984089404 ], [ 14610460.431159619241953, 4078761.769676455296576 ] ] ] } },
{ "type": "Feature", "properties": { "pref_name": "宮崎県" }, "geometry": { "type": "Polygon", "coordinates": [ [ [ 14639888.740723446011543, 3687981.593361617531627 ], [ 14630079.304202169179916, 3704972.035810088738799 ], [ 14610460.431159619241953, 3704972.035810088738799 ], [ 14600650.994638342410326, 3687981.593361617531627 ], [ 14610460.431159619241953, 3670991.150913146324456 ], [ 14630079.304202169179916, 3670991.150913146324456 ], [ 14639888.740723446011543, 3687981.593361617531627 ] ] ] } },
{ "type": "Feature", "properties": { "pref_name": "宮崎県" }, "geometry": { "type": "Polygon", "coordinates": [ [ [ 14639888.740723446011543, 3721962.478258559945971 ], [ 14630079.304202169179916, 3738952.920707031153142 ], [ 14610460.431159619241953, 3738952.920707031153142 ], [ 14600650.994638342410326, 3721962.478258559945971 ], [ 14610460.431159619241953, 3704972.035810088738799 ], [ 14630079.304202169179916, 3704972.035810088738799 ], [ 14639888.740723446011543, 3721962.478258559945971 ] ] ] } },
{ "type": "Feature", "properties": { "pref_name": "宮崎県" }, "geometry": { "type": "Polygon", "coordinates": [ [ [ 14639888.740723446011543, 3755943.363155502360314 ], [ 14630079.304202169179916, 3772933.805603973567486 ], [ 14610460.431159619241953, 3772933.805603973567486 ], [ 14600650.994638342410326, 3755943.363155502360314 ], [ 14610460.431159619241953, 3738952.920707031153142 ], [ 14630079.304202169179916, 3738952.920707031153142 ], [ 14639888.740723446011543, 3755943.363155502360314 ] ] ] } },
{ "type": "Feature", "properties": { "pref_name": "宮崎県" }, "geometry": { "type": "Polygon", "coordinates": [ [ [ 14639888.740723446011543, 3789924.248052444774657 ], [ 14630079.304202169179916, 3806914.690500915981829 ], [ 14610460.431159619241953, 3806914.690500915981829 ], [ 14600650.994638342410326, 3789924.248052444774657 ], [ 14610460.431159619241953, 3772933.805603973567486 ], [ 14630079.304202169179916, 3772933.805603973567486 ], [ 14639888.740723446011543, 3789924.248052444774657 ] ] ] } },
{ "type": "Feature", "properties": { "pref_name": "宮崎県" }, "geometry": { "type": "Polygon", "coordinates": [ [ [ 14639888.740723446011543, 3823905.132949387189001 ], [ 14630079.304202169179916, 3840895.575397858396173 ], [ 14610460.431159619241953, 3840895.575397858396173 ], [ 14600650.994638342410326, 3823905.132949387189001 ], [ 14610460.431159619241953, 3806914.690500915981829 ], [ 14630079.304202169179916, 3806914.690500915981829 ], [ 14639888.740723446011543, 3823905.132949387189001 ] ] ] } },
{ "type": "Feature", "properties": { "pref_name": "宮崎県" }, "geometry": { "type": "Polygon", "coordinates": [ [ [ 14639888.740723446011543, 3857886.017846329603344 ], [ 14630079.304202169179916, 3874876.460294800810516 ], [ 14610460.431159619241953, 3874876.460294800810516 ], [ 14600650.994638342410326, 3857886.017846329603344 ], [ 14610460.431159619241953, 3840895.575397858396173 ], [ 14630079.304202169179916, 3840895.575397858396173 ], [ 14639888.740723446011543, 3857886.017846329603344 ] ] ] } },
{ "type": "Feature", "properties": { "pref_name": "大分県" }, "geometry": { "type": "Polygon", "coordinates": [ [ [ 14639888.740723446011543, 3891866.902743272017688 ], [ 14630079.304202169179916, 3908857.345191743224859 ], [ 14610460.431159619241953, 3908857.345191743224859 ], [ 14600650.994638342410326, 3891866.902743272017688 ], [ 14610460.431159619241953, 3874876.460294800810516 ], [ 14630079.304202169179916, 3874876.460294800810516 ], [ 14639888.740723446011543, 3891866.902743272017688 ] ] ] } },
{ "type": "Feature", "properties": { "pref_name": "大分県" }, "geometry": { "type": "Polygon", "coordinates": [ [ [ 14639888.740723446011543, 3925847.787640214432031 ], [ 14630079.304202169179916, 3942838.230088685639203 ], [ 14610460.431159619241953, 3942838.230088685639203 ], [ 14600650.994638342410326, 3925847.787640214432031 ], [ 14610460.431159619241953, 3908857.345191743224859 ], [ 14630079.304202169179916, 3908857.345191743224859 ], [ 14639888.740723446011543, 3925847.787640214432031 ] ] ] } },
{ "type": "Feature", "properties": { "pref_name": "大分県" }, "geometry": { "type": "Polygon", "coordinates": [ [ [ 14639888.740723446011543, 3959828.672537156846374 ], [ 14630079.304202169179916, 3976819.114985628053546 ], [ 14610460.431159619241953, 3976819.114985628053546 ], [ 14600650.994638342410326, 3959828.672537156846374 ], [ 14610460.431159619241953, 3942838.230088685639203 ], [ 14630079.304202169179916, 3942838.230088685639203 ], [ 14639888.740723446011543, 3959828.672537156846374 ] ] ] } },
{ "type": "Feature", "properties": { "pref_name": "山口県" }, "geometry": { "type": "Polygon", "coordinates": [ [ [ 14639888.740723446011543, 4027790.442331041675061 ], [ 14630079.304202169179916, 4044780.884779512882233 ], [ 14610460.431159619241953, 4044780.884779512882233 ], [ 14600650.994638342410326, 4027790.442331041675061 ], [ 14610460.431159619241953, 4010799.999882570467889 ], [ 14630079.304202169179916, 4010799.999882570467889 ], [ 14639888.740723446011543, 4027790.442331041675061 ] ] ] } },
{ "type": "Feature", "properties": { "pref_name": "山口県" }, "geometry": { "type": "Polygon", "coordinates": [ [ [ 14639888.740723446011543, 4061771.327227984089404 ], [ 14630079.304202169179916, 4078761.769676455296576 ], [ 14610460.431159619241953, 4078761.769676455296576 ], [ 14600650.994638342410326, 4061771.327227984089404 ], [ 14610460.431159619241953, 4044780.884779512882233 ], [ 14630079.304202169179916, 4044780.884779512882233 ], [ 14639888.740723446011543, 4061771.327227984089404 ] ] ] } },
{ "type": "Feature", "properties": { "pref_name": "宮崎県" }, "geometry": { "type": "Polygon", "coordinates": [ [ [ 14669317.050287272781134, 3806914.690500915981829 ], [ 14659507.613765995949507, 3823905.132949387189001 ], [ 14639888.740723446011543, 3823905.132949387189001 ], [ 14630079.304202169179916, 3806914.690500915981829 ], [ 14639888.740723446011543, 3789924.248052444774657 ], [ 14659507.613765995949507, 3789924.248052444774657 ], [ 14669317.050287272781134, 3806914.690500915981829 ] ] ] } },
{ "type": "Feature", "properties": { "pref_name": "宮崎県" }, "geometry": { "type": "Polygon", "coordinates": [ [ [ 14669317.050287272781134, 3840895.575397858396173 ], [ 14659507.613765995949507, 3857886.017846329603344 ], [ 14639888.740723446011543, 3857886.017846329603344 ], [ 14630079.304202169179916, 3840895.575397858396173 ], [ 14639888.740723446011543, 3823905.132949387189001 ], [ 14659507.613765995949507, 3823905.132949387189001 ], [ 14669317.050287272781134, 3840895.575397858396173 ] ] ] } },
{ "type": "Feature", "properties": { "pref_name": "大分県" }, "geometry": { "type": "Polygon", "coordinates": [ [ [ 14669317.050287272781134, 3874876.460294800810516 ], [ 14659507.613765995949507, 3891866.902743272017688 ], [ 14639888.740723446011543, 3891866.902743272017688 ], [ 14630079.304202169179916, 3874876.460294800810516 ], [ 14639888.740723446011543, 3857886.017846329603344 ], [ 14659507.613765995949507, 3857886.017846329603344 ], [ 14669317.050287272781134, 3874876.460294800810516 ] ] ] } },
{ "type": "Feature", "properties": { "pref_name": "大分県" }, "geometry": { "type": "Polygon", "coordinates": [ [ [ 14669317.050287272781134, 3908857.345191743224859 ], [ 14659507.613765995949507, 3925847.787640214432031 ], [ 14639888.740723446011543, 3925847.787640214432031 ], [ 14630079.304202169179916, 3908857.345191743224859 ], [ 14639888.740723446011543, 3891866.902743272017688 ], [ 14659507.613765995949507, 3891866.902743272017688 ], [ 14669317.050287272781134, 3908857.345191743224859 ] ] ] } },
{ "type": "Feature", "properties": { "pref_name": "大分県" }, "geometry": { "type": "Polygon", "coordinates": [ [ [ 14669317.050287272781134, 3976819.114985628053546 ], [ 14659507.613765995949507, 3993809.557434099260718 ], [ 14639888.740723446011543, 3993809.557434099260718 ], [ 14630079.304202169179916, 3976819.114985628053546 ], [ 14639888.740723446011543, 3959828.672537156846374 ], [ 14659507.613765995949507, 3959828.672537156846374 ], [ 14669317.050287272781134, 3976819.114985628053546 ] ] ] } },
{ "type": "Feature", "properties": { "pref_name": "山口県" }, "geometry": { "type": "Polygon", "coordinates": [ [ [ 14669317.050287272781134, 4044780.884779512882233 ], [ 14659507.613765995949507, 4061771.327227984089404 ], [ 14639888.740723446011543, 4061771.327227984089404 ], [ 14630079.304202169179916, 4044780.884779512882233 ], [ 14639888.740723446011543, 4027790.442331041675061 ], [ 14659507.613765995949507, 4027790.442331041675061 ], [ 14669317.050287272781134, 4044780.884779512882233 ] ] ] } },
{ "type": "Feature", "properties": { "pref_name": "山口県" }, "geometry": { "type": "Polygon", "coordinates": [ [ [ 14669317.050287272781134, 4078761.769676455296576 ], [ 14659507.613765995949507, 4095752.212124926503748 ], [ 14639888.740723446011543, 4095752.212124926503748 ], [ 14630079.304202169179916, 4078761.769676455296576 ], [ 14639888.740723446011543, 4061771.327227984089404 ], [ 14659507.613765995949507, 4061771.327227984089404 ], [ 14669317.050287272781134, 4078761.769676455296576 ] ] ] } },
{ "type": "Feature", "properties": { "pref_name": "山口県" }, "geometry": { "type": "Polygon", "coordinates": [ [ [ 14669317.050287272781134, 4112742.654573397710919 ], [ 14659507.613765995949507, 4129733.097021868918091 ], [ 14639888.740723446011543, 4129733.097021868918091 ], [ 14630079.304202169179916, 4112742.654573397710919 ], [ 14639888.740723446011543, 4095752.212124926503748 ], [ 14659507.613765995949507, 4095752.212124926503748 ], [ 14669317.050287272781134, 4112742.654573397710919 ] ] ] } },
{ "type": "Feature", "properties": { "pref_name": "大分県" }, "geometry": { "type": "Polygon", "coordinates": [ [ [ 14698745.359851099550724, 3891866.902743272017688 ], [ 14688935.923329822719097, 3908857.345191743224859 ], [ 14669317.050287272781134, 3908857.345191743224859 ], [ 14659507.613765995949507, 3891866.902743272017688 ], [ 14669317.050287272781134, 3874876.460294800810516 ], [ 14688935.923329822719097, 3874876.460294800810516 ], [ 14698745.359851099550724, 3891866.902743272017688 ] ] ] } },
{ "type": "Feature", "properties": { "pref_name": "大分県" }, "geometry": { "type": "Polygon", "coordinates": [ [ [ 14698745.359851099550724, 3925847.787640214432031 ], [ 14688935.923329822719097, 3942838.230088685639203 ], [ 14669317.050287272781134, 3942838.230088685639203 ], [ 14659507.613765995949507, 3925847.787640214432031 ], [ 14669317.050287272781134, 3908857.345191743224859 ], [ 14688935.923329822719097, 3908857.345191743224859 ], [ 14698745.359851099550724, 3925847.787640214432031 ] ] ] } },
{ "type": "Feature", "properties": { "pref_name": "山口県" }, "geometry": { "type": "Polygon", "coordinates": [ [ [ 14698745.359851099550724, 4061771.327227984089404 ], [ 14688935.923329822719097, 4078761.769676455296576 ], [ 14669317.050287272781134, 4078761.769676455296576 ], [ 14659507.613765995949507, 4061771.327227984089404 ], [ 14669317.050287272781134, 4044780.884779512882233 ], [ 14688935.923329822719097, 4044780.884779512882233 ], [ 14698745.359851099550724, 4061771.327227984089404 ] ] ] } },
{ "type": "Feature", "properties": { "pref_name": "島根県" }, "geometry": { "type": "Polygon", "coordinates": [ [ [ 14698745.359851099550724, 4095752.212124926503748 ], [ 14688935.923329822719097, 4112742.654573397710919 ], [ 14669317.050287272781134, 4112742.654573397710919 ], [ 14659507.613765995949507, 4095752.212124926503748 ], [ 14669317.050287272781134, 4078761.769676455296576 ], [ 14688935.923329822719097, 4078761.769676455296576 ], [ 14698745.359851099550724, 4095752.212124926503748 ] ] ] } },
{ "type": "Feature", "properties": { "pref_name": "山口県" }, "geometry": { "type": "Polygon", "coordinates": [ [ [ 14728173.669414926320314, 4010799.999882570467889 ], [ 14718364.232893649488688, 4027790.442331041675061 ], [ 14698745.359851099550724, 4027790.442331041675061 ], [ 14688935.923329822719097, 4010799.999882570467889 ], [ 14698745.359851099550724, 3993809.557434099260718 ], [ 14718364.232893649488688, 3993809.557434099260718 ], [ 14728173.669414926320314, 4010799.999882570467889 ] ] ] } },
{ "type": "Feature", "properties": { "pref_name": "山口県" }, "geometry": { "type": "Polygon", "coordinates": [ [ [ 14728173.669414926320314, 4044780.884779512882233 ], [ 14718364.232893649488688, 4061771.327227984089404 ], [ 14698745.359851099550724, 4061771.327227984089404 ], [ 14688935.923329822719097, 4044780.884779512882233 ], [ 14698745.359851099550724, 4027790.442331041675061 ], [ 14718364.232893649488688, 4027790.442331041675061 ], [ 14728173.669414926320314, 4044780.884779512882233 ] ] ] } },
{ "type": "Feature", "properties": { "pref_name": "広島県" }, "geometry": { "type": "Polygon", "coordinates": [ [ [ 14728173.669414926320314, 4078761.769676455296576 ], [ 14718364.232893649488688, 4095752.212124926503748 ], [ 14698745.359851099550724, 4095752.212124926503748 ], [ 14688935.923329822719097, 4078761.769676455296576 ], [ 14698745.359851099550724, 4061771.327227984089404 ], [ 14718364.232893649488688, 4061771.327227984089404 ], [ 14728173.669414926320314, 4078761.769676455296576 ] ] ] } },
{ "type": "Feature", "properties": { "pref_name": "広島県" }, "geometry": { "type": "Polygon", "coordinates": [ [ [ 14728173.669414926320314, 4112742.654573397710919 ], [ 14718364.232893649488688, 4129733.097021868918091 ], [ 14698745.359851099550724, 4129733.097021868918091 ], [ 14688935.923329822719097, 4112742.654573397710919 ], [ 14698745.359851099550724, 4095752.212124926503748 ], [ 14718364.232893649488688, 4095752.212124926503748 ], [ 14728173.669414926320314, 4112742.654573397710919 ] ] ] } },
{ "type": "Feature", "properties": { "pref_name": "島根県" }, "geometry": { "type": "Polygon", "coordinates": [ [ [ 14728173.669414926320314, 4146723.539470340125263 ], [ 14718364.232893649488688, 4163713.981918811332434 ], [ 14698745.359851099550724, 4163713.981918811332434 ], [ 14688935.923329822719097, 4146723.539470340125263 ], [ 14698745.359851099550724, 4129733.097021868918091 ], [ 14718364.232893649488688, 4129733.097021868918091 ], [ 14728173.669414926320314, 4146723.539470340125263 ] ] ] } },
{ "type": "Feature", "properties": { "pref_name": "愛媛県" }, "geometry": { "type": "Polygon", "coordinates": [ [ [ 14757601.978978753089905, 3959828.672537156846374 ], [ 14747792.542457476258278, 3976819.114985628053546 ], [ 14728173.669414926320314, 3976819.114985628053546 ], [ 14718364.232893649488688, 3959828.672537156846374 ], [ 14728173.669414926320314, 3942838.230088685639203 ], [ 14747792.542457476258278, 3942838.230088685639203 ], [ 14757601.978978753089905, 3959828.672537156846374 ] ] ] } },
{ "type": "Feature", "properties": { "pref_name": "広島県" }, "geometry": { "type": "Polygon", "coordinates": [ [ [ 14757601.978978753089905, 4095752.212124926503748 ], [ 14747792.542457476258278, 4112742.654573397710919 ], [ 14728173.669414926320314, 4112742.654573397710919 ], [ 14718364.232893649488688, 4095752.212124926503748 ], [ 14728173.669414926320314, 4078761.769676455296576 ], [ 14747792.542457476258278, 4078761.769676455296576 ], [ 14757601.978978753089905, 4095752.212124926503748 ] ] ] } },
{ "type": "Feature", "properties": { "pref_name": "広島県" }, "geometry": { "type": "Polygon", "coordinates": [ [ [ 14757601.978978753089905, 4129733.097021868918091 ], [ 14747792.542457476258278, 4146723.539470340125263 ], [ 14728173.669414926320314, 4146723.539470340125263 ], [ 14718364.232893649488688, 4129733.097021868918091 ], [ 14728173.669414926320314, 4112742.654573397710919 ], [ 14747792.542457476258278, 4112742.654573397710919 ], [ 14757601.978978753089905, 4129733.097021868918091 ] ] ] } },
{ "type": "Feature", "properties": { "pref_name": "島根県" }, "geometry": { "type": "Polygon", "coordinates": [ [ [ 14757601.978978753089905, 4163713.981918811332434 ], [ 14747792.542457476258278, 4180704.424367282539606 ], [ 14728173.669414926320314, 4180704.424367282539606 ], [ 14718364.232893649488688, 4163713.981918811332434 ], [ 14728173.669414926320314, 4146723.539470340125263 ], [ 14747792.542457476258278, 4146723.539470340125263 ], [ 14757601.978978753089905, 4163713.981918811332434 ] ] ] } },
{ "type": "Feature", "properties": { "pref_name": "愛媛県" }, "geometry": { "type": "Polygon", "coordinates": [ [ [ 14787030.288542579859495, 3908857.345191743224859 ], [ 14777220.852021303027868, 3925847.787640214432031 ], [ 14757601.978978753089905, 3925847.787640214432031 ], [ 14747792.542457476258278, 3908857.345191743224859 ], [ 14757601.978978753089905, 3891866.902743272017688 ], [ 14777220.852021303027868, 3891866.902743272017688 ], [ 14787030.288542579859495, 3908857.345191743224859 ] ] ] } },
{ "type": "Feature", "properties": { "pref_name": "愛媛県" }, "geometry": { "type": "Polygon", "coordinates": [ [ [ 14787030.288542579859495, 3942838.230088685639203 ], [ 14777220.852021303027868, 3959828.672537156846374 ], [ 14757601.978978753089905, 3959828.672537156846374 ], [ 14747792.542457476258278, 3942838.230088685639203 ], [ 14757601.978978753089905, 3925847.787640214432031 ], [ 14777220.852021303027868, 3925847.787640214432031 ], [ 14787030.288542579859495, 3942838.230088685639203 ] ] ] } },
{ "type": "Feature", "properties": { "pref_name": "愛媛県" }, "geometry": { "type": "Polygon", "coordinates": [ [ [ 14787030.288542579859495, 3976819.114985628053546 ], [ 14777220.852021303027868, 3993809.557434099260718 ], [ 14757601.978978753089905, 3993809.557434099260718 ], [ 14747792.542457476258278, 3976819.114985628053546 ], [ 14757601.978978753089905, 3959828.672537156846374 ], [ 14777220.852021303027868, 3959828.672537156846374 ], [ 14787030.288542579859495, 3976819.114985628053546 ] ] ] } },
{ "type": "Feature", "properties": { "pref_name": "広島県" }, "geometry": { "type": "Polygon", "coordinates": [ [ [ 14787030.288542579859495, 4078761.769676455296576 ], [ 14777220.852021303027868, 4095752.212124926503748 ], [ 14757601.978978753089905, 4095752.212124926503748 ], [ 14747792.542457476258278, 4078761.769676455296576 ], [ 14757601.978978753089905, 4061771.327227984089404 ], [ 14777220.852021303027868, 4061771.327227984089404 ], [ 14787030.288542579859495, 4078761.769676455296576 ] ] ] } },
{ "type": "Feature", "properties": { "pref_name": "広島県" }, "geometry": { "type": "Polygon", "coordinates": [ [ [ 14787030.288542579859495, 4112742.654573397710919 ], [ 14777220.852021303027868, 4129733.097021868918091 ], [ 14757601.978978753089905, 4129733.097021868918091 ], [ 14747792.542457476258278, 4112742.654573397710919 ], [ 14757601.978978753089905, 4095752.212124926503748 ], [ 14777220.852021303027868, 4095752.212124926503748 ], [ 14787030.288542579859495, 4112742.654573397710919 ] ] ] } },
{ "type": "Feature", "properties": { "pref_name": "島根県" }, "geometry": { "type": "Polygon", "coordinates": [ [ [ 14787030.288542579859495, 4146723.539470340125263 ], [ 14777220.852021303027868, 4163713.981918811332434 ], [ 14757601.978978753089905, 4163713.981918811332434 ], [ 14747792.542457476258278, 4146723.539470340125263 ], [ 14757601.978978753089905, 4129733.097021868918091 ], [ 14777220.852021303027868, 4129733.097021868918091 ], [ 14787030.288542579859495, 4146723.539470340125263 ] ] ] } },
{ "type": "Feature", "properties": { "pref_name": "島根県" }, "geometry": { "type": "Polygon", "coordinates": [ [ [ 14787030.288542579859495, 4180704.424367282539606 ], [ 14777220.852021303027868, 4197694.866815754212439 ], [ 14757601.978978753089905, 4197694.866815754212439 ], [ 14747792.542457476258278, 4180704.424367282539606 ], [ 14757601.978978753089905, 4163713.981918811332434 ], [ 14777220.852021303027868, 4163713.981918811332434 ], [ 14787030.288542579859495, 4180704.424367282539606 ] ] ] } },
{ "type": "Feature", "properties": { "pref_name": "高知県" }, "geometry": { "type": "Polygon", "coordinates": [ [ [ 14816458.598106406629086, 3891866.902743272017688 ], [ 14806649.161585129797459, 3908857.345191743224859 ], [ 14787030.288542579859495, 3908857.345191743224859 ], [ 14777220.852021303027868, 3891866.902743272017688 ], [ 14787030.288542579859495, 3874876.460294800810516 ], [ 14806649.161585129797459, 3874876.460294800810516 ], [ 14816458.598106406629086, 3891866.902743272017688 ] ] ] } },
{ "type": "Feature", "properties": { "pref_name": "高知県" }, "geometry": { "type": "Polygon", "coordinates": [ [ [ 14816458.598106406629086, 3925847.787640214432031 ], [ 14806649.161585129797459, 3942838.230088685639203 ], [ 14787030.288542579859495, 3942838.230088685639203 ], [ 14777220.852021303027868, 3925847.787640214432031 ], [ 14787030.288542579859495, 3908857.345191743224859 ], [ 14806649.161585129797459, 3908857.345191743224859 ], [ 14816458.598106406629086, 3925847.787640214432031 ] ] ] } },
{ "type": "Feature", "properties": { "pref_name": "愛媛県" }, "geometry": { "type": "Polygon", "coordinates": [ [ [ 14816458.598106406629086, 3959828.672537156846374 ], [ 14806649.161585129797459, 3976819.114985628053546 ], [ 14787030.288542579859495, 3976819.114985628053546 ], [ 14777220.852021303027868, 3959828.672537156846374 ], [ 14787030.288542579859495, 3942838.230088685639203 ], [ 14806649.161585129797459, 3942838.230088685639203 ], [ 14816458.598106406629086, 3959828.672537156846374 ] ] ] } },
{ "type": "Feature", "properties": { "pref_name": "愛媛県" }, "geometry": { "type": "Polygon", "coordinates": [ [ [ 14816458.598106406629086, 3993809.557434099260718 ], [ 14806649.161585129797459, 4010799.999882570467889 ], [ 14787030.288542579859495, 4010799.999882570467889 ], [ 14777220.852021303027868, 3993809.557434099260718 ], [ 14787030.288542579859495, 3976819.114985628053546 ], [ 14806649.161585129797459, 3976819.114985628053546 ], [ 14816458.598106406629086, 3993809.557434099260718 ] ] ] } },
{ "type": "Feature", "properties": { "pref_name": "愛媛県" }, "geometry": { "type": "Polygon", "coordinates": [ [ [ 14816458.598106406629086, 4027790.442331041675061 ], [ 14806649.161585129797459, 4044780.884779512882233 ], [ 14787030.288542579859495, 4044780.884779512882233 ], [ 14777220.852021303027868, 4027790.442331041675061 ], [ 14787030.288542579859495, 4010799.999882570467889 ], [ 14806649.161585129797459, 4010799.999882570467889 ], [ 14816458.598106406629086, 4027790.442331041675061 ] ] ] } },
{ "type": "Feature", "properties": { "pref_name": "広島県" }, "geometry": { "type": "Polygon", "coordinates": [ [ [ 14816458.598106406629086, 4095752.212124926503748 ], [ 14806649.161585129797459, 4112742.654573397710919 ], [ 14787030.288542579859495, 4112742.654573397710919 ], [ 14777220.852021303027868, 4095752.212124926503748 ], [ 14787030.288542579859495, 4078761.769676455296576 ], [ 14806649.161585129797459, 4078761.769676455296576 ], [ 14816458.598106406629086, 4095752.212124926503748 ] ] ] } },
{ "type": "Feature", "properties": { "pref_name": "広島県" }, "geometry": { "type": "Polygon", "coordinates": [ [ [ 14816458.598106406629086, 4129733.097021868918091 ], [ 14806649.161585129797459, 4146723.539470340125263 ], [ 14787030.288542579859495, 4146723.539470340125263 ], [ 14777220.852021303027868, 4129733.097021868918091 ], [ 14787030.288542579859495, 4112742.654573397710919 ], [ 14806649.161585129797459, 4112742.654573397710919 ], [ 14816458.598106406629086, 4129733.097021868918091 ] ] ] } },
{ "type": "Feature", "properties": { "pref_name": "広島県" }, "geometry": { "type": "Polygon", "coordinates": [ [ [ 14816458.598106406629086, 4163713.981918811332434 ], [ 14806649.161585129797459, 4180704.424367282539606 ], [ 14787030.288542579859495, 4180704.424367282539606 ], [ 14777220.852021303027868, 4163713.981918811332434 ], [ 14787030.288542579859495, 4146723.539470340125263 ], [ 14806649.161585129797459, 4146723.539470340125263 ], [ 14816458.598106406629086, 4163713.981918811332434 ] ] ] } },
{ "type": "Feature", "properties": { "pref_name": "島根県" }, "geometry": { "type": "Polygon", "coordinates": [ [ [ 14816458.598106406629086, 4197694.866815753281116 ], [ 14806649.161585129797459, 4214685.309264224953949 ], [ 14787030.288542579859495, 4214685.309264224953949 ], [ 14777220.852021303027868, 4197694.866815753281116 ], [ 14787030.288542579859495, 4180704.424367282073945 ], [ 14806649.161585129797459, 4180704.424367282073945 ], [ 14816458.598106406629086, 4197694.866815753281116 ] ] ] } },
{ "type": "Feature", "properties": { "pref_name": "島根県" }, "geometry": { "type": "Polygon", "coordinates": [ [ [ 14816458.598106406629086, 4231675.751712696626782 ], [ 14806649.161585129797459, 4248666.194161168299615 ], [ 14787030.288542579859495, 4248666.194161168299615 ], [ 14777220.852021303027868, 4231675.751712696626782 ], [ 14787030.288542579859495, 4214685.309264224953949 ], [ 14806649.161585129797459, 4214685.309264224953949 ], [ 14816458.598106406629086, 4231675.751712696626782 ] ] ] } },
{ "type": "Feature", "properties": { "pref_name": "高知県" }, "geometry": { "type": "Polygon", "coordinates": [ [ [ 14845886.907670233398676, 3942838.230088685639203 ], [ 14836077.471148956567049, 3959828.672537156846374 ], [ 14816458.598106406629086, 3959828.672537156846374 ], [ 14806649.161585129797459, 3942838.230088685639203 ], [ 14816458.598106406629086, 3925847.787640214432031 ], [ 14836077.471148956567049, 3925847.787640214432031 ], [ 14845886.907670233398676, 3942838.230088685639203 ] ] ] } },
{ "type": "Feature", "properties": { "pref_name": "高知県" }, "geometry": { "type": "Polygon", "coordinates": [ [ [ 14845886.907670233398676, 3976819.114985628053546 ], [ 14836077.471148956567049, 3993809.557434099260718 ], [ 14816458.598106406629086, 3993809.557434099260718 ], [ 14806649.161585129797459, 3976819.114985628053546 ], [ 14816458.598106406629086, 3959828.672537156846374 ], [ 14836077.471148956567049, 3959828.672537156846374 ], [ 14845886.907670233398676, 3976819.114985628053546 ] ] ] } },
{ "type": "Feature", "properties": { "pref_name": "愛媛県" }, "geometry": { "type": "Polygon", "coordinates": [ [ [ 14845886.907670233398676, 4010799.999882570467889 ], [ 14836077.471148956567049, 4027790.442331041675061 ], [ 14816458.598106406629086, 4027790.442331041675061 ], [ 14806649.161585129797459, 4010799.999882570467889 ], [ 14816458.598106406629086, 3993809.557434099260718 ], [ 14836077.471148956567049, 3993809.557434099260718 ], [ 14845886.907670233398676, 4010799.999882570467889 ] ] ] } },
{ "type": "Feature", "properties": { "pref_name": "広島県" }, "geometry": { "type": "Polygon", "coordinates": [ [ [ 14845886.907670233398676, 4112742.654573397710919 ], [ 14836077.471148956567049, 4129733.097021868918091 ], [ 14816458.598106406629086, 4129733.097021868918091 ], [ 14806649.161585129797459, 4112742.654573397710919 ], [ 14816458.598106406629086, 4095752.212124926503748 ], [ 14836077.471148956567049, 4095752.212124926503748 ], [ 14845886.907670233398676, 4112742.654573397710919 ] ] ] } },
{ "type": "Feature", "properties": { "pref_name": "広島県" }, "geometry": { "type": "Polygon", "coordinates": [ [ [ 14845886.907670233398676, 4146723.539470340125263 ], [ 14836077.471148956567049, 4163713.981918811332434 ], [ 14816458.598106406629086, 4163713.981918811332434 ], [ 14806649.161585129797459, 4146723.539470340125263 ], [ 14816458.598106406629086, 4129733.097021868918091 ], [ 14836077.471148956567049, 4129733.097021868918091 ], [ 14845886.907670233398676, 4146723.539470340125263 ] ] ] } },
{ "type": "Feature", "properties": { "pref_name": "鳥取県" }, "geometry": { "type": "Polygon", "coordinates": [ [ [ 14845886.907670233398676, 4180704.424367282539606 ], [ 14836077.471148956567049, 4197694.866815754212439 ], [ 14816458.598106406629086, 4197694.866815754212439 ], [ 14806649.161585129797459, 4180704.424367282539606 ], [ 14816458.598106406629086, 4163713.981918811332434 ], [ 14836077.471148956567049, 4163713.981918811332434 ], [ 14845886.907670233398676, 4180704.424367282539606 ] ] ] } },
{ "type": "Feature", "properties": { "pref_name": "島根県" }, "geometry": { "type": "Polygon", "coordinates": [ [ [ 14845886.907670233398676, 4214685.309264224953949 ], [ 14836077.471148956567049, 4231675.751712696626782 ], [ 14816458.598106406629086, 4231675.751712696626782 ], [ 14806649.161585129797459, 4214685.309264224953949 ], [ 14816458.598106406629086, 4197694.866815753281116 ], [ 14836077.471148956567049, 4197694.866815753281116 ], [ 14845886.907670233398676, 4214685.309264224953949 ] ] ] } },
{ "type": "Feature", "properties": { "pref_name": "高知県" }, "geometry": { "type": "Polygon", "coordinates": [ [ [ 14875315.217234060168266, 3959828.672537156846374 ], [ 14865505.780712783336639, 3976819.114985628053546 ], [ 14845886.907670233398676, 3976819.114985628053546 ], [ 14836077.471148956567049, 3959828.672537156846374 ], [ 14845886.907670233398676, 3942838.230088685639203 ], [ 14865505.780712783336639, 3942838.230088685639203 ], [ 14875315.217234060168266, 3959828.672537156846374 ] ] ] } },
{ "type": "Feature", "properties": { "pref_name": "高知県" }, "geometry": { "type": "Polygon", "coordinates": [ [ [ 14875315.217234060168266, 3993809.557434099260718 ], [ 14865505.780712783336639, 4010799.999882570467889 ], [ 14845886.907670233398676, 4010799.999882570467889 ], [ 14836077.471148956567049, 3993809.557434099260718 ], [ 14845886.907670233398676, 3976819.114985628053546 ], [ 14865505.780712783336639, 3976819.114985628053546 ], [ 14875315.217234060168266, 3993809.557434099260718 ] ] ] } },
{ "type": "Feature", "properties": { "pref_name": "広島県" }, "geometry": { "type": "Polygon", "coordinates": [ [ [ 14875315.217234060168266, 4095752.212124926503748 ], [ 14865505.780712783336639, 4112742.654573397710919 ], [ 14845886.907670233398676, 4112742.654573397710919 ], [ 14836077.471148956567049, 4095752.212124926503748 ], [ 14845886.907670233398676, 4078761.769676455296576 ], [ 14865505.780712783336639, 4078761.769676455296576 ], [ 14875315.217234060168266, 4095752.212124926503748 ] ] ] } },
{ "type": "Feature", "properties": { "pref_name": "岡山県" }, "geometry": { "type": "Polygon", "coordinates": [ [ [ 14875315.217234060168266, 4129733.097021868918091 ], [ 14865505.780712783336639, 4146723.539470340125263 ], [ 14845886.907670233398676, 4146723.539470340125263 ], [ 14836077.471148956567049, 4129733.097021868918091 ], [ 14845886.907670233398676, 4112742.654573397710919 ], [ 14865505.780712783336639, 4112742.654573397710919 ], [ 14875315.217234060168266, 4129733.097021868918091 ] ] ] } },
{ "type": "Feature", "properties": { "pref_name": "岡山県" }, "geometry": { "type": "Polygon", "coordinates": [ [ [ 14875315.217234060168266, 4163713.981918811332434 ], [ 14865505.780712783336639, 4180704.424367282539606 ], [ 14845886.907670233398676, 4180704.424367282539606 ], [ 14836077.471148956567049, 4163713.981918811332434 ], [ 14845886.907670233398676, 4146723.539470340125263 ], [ 14865505.780712783336639, 4146723.539470340125263 ], [ 14875315.217234060168266, 4163713.981918811332434 ] ] ] } },
{ "type": "Feature", "properties": { "pref_name": "鳥取県" }, "geometry": { "type": "Polygon", "coordinates": [ [ [ 14875315.217234060168266, 4197694.866815753281116 ], [ 14865505.780712783336639, 4214685.309264224953949 ], [ 14845886.907670233398676, 4214685.309264224953949 ], [ 14836077.471148956567049, 4197694.866815753281116 ], [ 14845886.907670233398676, 4180704.424367282073945 ], [ 14865505.780712783336639, 4180704.424367282073945 ], [ 14875315.217234060168266, 4197694.866815753281116 ] ] ] } },
{ "type": "Feature", "properties": { "pref_name": "高知県" }, "geometry": { "type": "Polygon", "coordinates": [ [ [ 14904743.526797886937857, 3976819.114985628053546 ], [ 14894934.09027661010623, 3993809.557434099260718 ], [ 14875315.217234060168266, 3993809.557434099260718 ], [ 14865505.780712783336639, 3976819.114985628053546 ], [ 14875315.217234060168266, 3959828.672537156846374 ], [ 14894934.09027661010623, 3959828.672537156846374 ], [ 14904743.526797886937857, 3976819.114985628053546 ] ] ] } },
{ "type": "Feature", "properties": { "pref_name": "徳島県" }, "geometry": { "type": "Polygon", "coordinates": [ [ [ 14904743.526797886937857, 4010799.999882570467889 ], [ 14894934.09027661010623, 4027790.442331041675061 ], [ 14875315.217234060168266, 4027790.442331041675061 ], [ 14865505.780712783336639, 4010799.999882570467889 ], [ 14875315.217234060168266, 3993809.557434099260718 ], [ 14894934.09027661010623, 3993809.557434099260718 ], [ 14904743.526797886937857, 4010799.999882570467889 ] ] ] } },
{ "type": "Feature", "properties": { "pref_name": "香川県" }, "geometry": { "type": "Polygon", "coordinates": [ [ [ 14904743.526797886937857, 4044780.884779512882233 ], [ 14894934.09027661010623, 4061771.327227984089404 ], [ 14875315.217234060168266, 4061771.327227984089404 ], [ 14865505.780712783336639, 4044780.884779512882233 ], [ 14875315.217234060168266, 4027790.442331041675061 ], [ 14894934.09027661010623, 4027790.442331041675061 ], [ 14904743.526797886937857, 4044780.884779512882233 ] ] ] } },
{ "type": "Feature", "properties": { "pref_name": "岡山県" }, "geometry": { "type": "Polygon", "coordinates": [ [ [ 14904743.526797886937857, 4112742.654573397710919 ], [ 14894934.09027661010623, 4129733.097021868918091 ], [ 14875315.217234060168266, 4129733.097021868918091 ], [ 14865505.780712783336639, 4112742.654573397710919 ], [ 14875315.217234060168266, 4095752.212124926503748 ], [ 14894934.09027661010623, 4095752.212124926503748 ], [ 14904743.526797886937857, 4112742.654573397710919 ] ] ] } },
{ "type": "Feature", "properties": { "pref_name": "岡山県" }, "geometry": { "type": "Polygon", "coordinates": [ [ [ 14904743.526797886937857, 4146723.539470340125263 ], [ 14894934.09027661010623, 4163713.981918811332434 ], [ 14875315.217234060168266, 4163713.981918811332434 ], [ 14865505.780712783336639, 4146723.539470340125263 ], [ 14875315.217234060168266, 4129733.097021868918091 ], [ 14894934.09027661010623, 4129733.097021868918091 ], [ 14904743.526797886937857, 4146723.539470340125263 ] ] ] } },
{ "type": "Feature", "properties": { "pref_name": "岡山県" }, "geometry": { "type": "Polygon", "coordinates": [ [ [ 14904743.526797886937857, 4180704.424367282539606 ], [ 14894934.09027661010623, 4197694.866815754212439 ], [ 14875315.217234060168266, 4197694.866815754212439 ], [ 14865505.780712783336639, 4180704.424367282539606 ], [ 14875315.217234060168266, 4163713.981918811332434 ], [ 14894934.09027661010623, 4163713.981918811332434 ], [ 14904743.526797886937857, 4180704.424367282539606 ] ] ] } },
{ "type": "Feature", "properties": { "pref_name": "鳥取県" }, "geometry": { "type": "Polygon", "coordinates": [ [ [ 14904743.526797886937857, 4214685.309264224953949 ], [ 14894934.09027661010623, 4231675.751712696626782 ], [ 14875315.217234060168266, 4231675.751712696626782 ], [ 14865505.780712783336639, 4214685.309264224953949 ], [ 14875315.217234060168266, 4197694.866815753281116 ], [ 14894934.09027661010623, 4197694.866815753281116 ], [ 14904743.526797886937857, 4214685.309264224953949 ] ] ] } },
{ "type": "Feature", "properties": { "pref_name": "高知県" }, "geometry": { "type": "Polygon", "coordinates": [ [ [ 14934171.836361713707447, 3959828.672537156846374 ], [ 14924362.39984043687582, 3976819.114985628053546 ], [ 14904743.526797886937857, 3976819.114985628053546 ], [ 14894934.09027661010623, 3959828.672537156846374 ], [ 14904743.526797886937857, 3942838.230088685639203 ], [ 14924362.39984043687582, 3942838.230088685639203 ], [ 14934171.836361713707447, 3959828.672537156846374 ] ] ] } },
{ "type": "Feature", "properties": { "pref_name": "高知県" }, "geometry": { "type": "Polygon", "coordinates": [ [ [ 14934171.836361713707447, 3993809.557434099260718 ], [ 14924362.39984043687582, 4010799.999882570467889 ], [ 14904743.526797886937857, 4010799.999882570467889 ], [ 14894934.09027661010623, 3993809.557434099260718 ], [ 14904743.526797886937857, 3976819.114985628053546 ], [ 14924362.39984043687582, 3976819.114985628053546 ], [ 14934171.836361713707447, 3993809.557434099260718 ] ] ] } },
{ "type": "Feature", "properties": { "pref_name": "徳島県" }, "geometry": { "type": "Polygon", "coordinates": [ [ [ 14934171.836361713707447, 4027790.442331041675061 ], [ 14924362.39984043687582, 4044780.884779512882233 ], [ 14904743.526797886937857, 4044780.884779512882233 ], [ 14894934.09027661010623, 4027790.442331041675061 ], [ 14904743.526797886937857, 4010799.999882570467889 ], [ 14924362.39984043687582, 4010799.999882570467889 ], [ 14934171.836361713707447, 4027790.442331041675061 ] ] ] } },
{ "type": "Feature", "properties": { "pref_name": "香川県" }, "geometry": { "type": "Polygon", "coordinates": [ [ [ 14934171.836361713707447, 4061771.327227984089404 ], [ 14924362.39984043687582, 4078761.769676455296576 ], [ 14904743.526797886937857, 4078761.769676455296576 ], [ 14894934.09027661010623, 4061771.327227984089404 ], [ 14904743.526797886937857, 4044780.884779512882233 ], [ 14924362.39984043687582, 4044780.884779512882233 ], [ 14934171.836361713707447, 4061771.327227984089404 ] ] ] } },
{ "type": "Feature", "properties": { "pref_name": "岡山県" }, "geometry": { "type": "Polygon", "coordinates": [ [ [ 14934171.836361713707447, 4129733.097021868918091 ], [ 14924362.39984043687582, 4146723.539470340125263 ], [ 14904743.526797886937857, 4146723.539470340125263 ], [ 14894934.09027661010623, 4129733.097021868918091 ], [ 14904743.526797886937857, 4112742.654573397710919 ], [ 14924362.39984043687582, 4112742.654573397710919 ], [ 14934171.836361713707447, 4129733.097021868918091 ] ] ] } },
{ "type": "Feature", "properties": { "pref_name": "岡山県" }, "geometry": { "type": "Polygon", "coordinates": [ [ [ 14934171.836361713707447, 4163713.981918811332434 ], [ 14924362.39984043687582, 4180704.424367282539606 ], [ 14904743.526797886937857, 4180704.424367282539606 ], [ 14894934.09027661010623, 4163713.981918811332434 ], [ 14904743.526797886937857, 4146723.539470340125263 ], [ 14924362.39984043687582, 4146723.539470340125263 ], [ 14934171.836361713707447, 4163713.981918811332434 ] ] ] } },
{ "type": "Feature", "properties": { "pref_name": "岡山県" }, "geometry": { "type": "Polygon", "coordinates": [ [ [ 14934171.836361713707447, 4197694.866815753281116 ], [ 14924362.39984043687582, 4214685.309264224953949 ], [ 14904743.526797886937857, 4214685.309264224953949 ], [ 14894934.09027661010623, 4197694.866815753281116 ], [ 14904743.526797886937857, 4180704.424367282073945 ], [ 14924362.39984043687582, 4180704.424367282073945 ], [ 14934171.836361713707447, 4197694.866815753281116 ] ] ] } },
{ "type": "Feature", "properties": { "pref_name": "鳥取県" }, "geometry": { "type": "Polygon", "coordinates": [ [ [ 14934171.836361713707447, 4231675.751712696626782 ], [ 14924362.39984043687582, 4248666.194161168299615 ], [ 14904743.526797886937857, 4248666.194161168299615 ], [ 14894934.09027661010623, 4231675.751712696626782 ], [ 14904743.526797886937857, 4214685.309264224953949 ], [ 14924362.39984043687582, 4214685.309264224953949 ], [ 14934171.836361713707447, 4231675.751712696626782 ] ] ] } },
{ "type": "Feature", "properties": { "pref_name": "徳島県" }, "geometry": { "type": "Polygon", "coordinates": [ [ [ 14963600.145925540477037, 3976819.114985628053546 ], [ 14953790.709404263645411, 3993809.557434099260718 ], [ 14934171.836361713707447, 3993809.557434099260718 ], [ 14924362.39984043687582, 3976819.114985628053546 ], [ 14934171.836361713707447, 3959828.672537156846374 ], [ 14953790.709404263645411, 3959828.672537156846374 ], [ 14963600.145925540477037, 3976819.114985628053546 ] ] ] } },
{ "type": "Feature", "properties": { "pref_name": "徳島県" }, "geometry": { "type": "Polygon", "coordinates": [ [ [ 14963600.145925540477037, 4010799.999882570467889 ], [ 14953790.709404263645411, 4027790.442331041675061 ], [ 14934171.836361713707447, 4027790.442331041675061 ], [ 14924362.39984043687582, 4010799.999882570467889 ], [ 14934171.836361713707447, 3993809.557434099260718 ], [ 14953790.709404263645411, 3993809.557434099260718 ], [ 14963600.145925540477037, 4010799.999882570467889 ] ] ] } },
{ "type": "Feature", "properties": { "pref_name": "徳島県" }, "geometry": { "type": "Polygon", "coordinates": [ [ [ 14963600.145925540477037, 4044780.884779512882233 ], [ 14953790.709404263645411, 4061771.327227984089404 ], [ 14934171.836361713707447, 4061771.327227984089404 ], [ 14924362.39984043687582, 4044780.884779512882233 ], [ 14934171.836361713707447, 4027790.442331041675061 ], [ 14953790.709404263645411, 4027790.442331041675061 ], [ 14963600.145925540477037, 4044780.884779512882233 ] ] ] } },
{ "type": "Feature", "properties": { "pref_name": "岡山県" }, "geometry": { "type": "Polygon", "coordinates": [ [ [ 14963600.145925540477037, 4146723.539470340125263 ], [ 14953790.709404263645411, 4163713.981918811332434 ], [ 14934171.836361713707447, 4163713.981918811332434 ], [ 14924362.39984043687582, 4146723.539470340125263 ], [ 14934171.836361713707447, 4129733.097021868918091 ], [ 14953790.709404263645411, 4129733.097021868918091 ], [ 14963600.145925540477037, 4146723.539470340125263 ] ] ] } },
{ "type": "Feature", "properties": { "pref_name": "岡山県" }, "geometry": { "type": "Polygon", "coordinates": [ [ [ 14963600.145925540477037, 4180704.424367282539606 ], [ 14953790.709404263645411, 4197694.866815754212439 ], [ 14934171.836361713707447, 4197694.866815754212439 ], [ 14924362.39984043687582, 4180704.424367282539606 ], [ 14934171.836361713707447, 4163713.981918811332434 ], [ 14953790.709404263645411, 4163713.981918811332434 ], [ 14963600.145925540477037, 4180704.424367282539606 ] ] ] } },
{ "type": "Feature", "properties": { "pref_name": "鳥取県" }, "geometry": { "type": "Polygon", "coordinates": [ [ [ 14963600.145925540477037, 4214685.309264224953949 ], [ 14953790.709404263645411, 4231675.751712696626782 ], [ 14934171.836361713707447, 4231675.751712696626782 ], [ 14924362.39984043687582, 4214685.309264224953949 ], [ 14934171.836361713707447, 4197694.866815753281116 ], [ 14953790.709404263645411, 4197694.866815753281116 ], [ 14963600.145925540477037, 4214685.309264224953949 ] ] ] } },
{ "type": "Feature", "properties": { "pref_name": "徳島県" }, "geometry": { "type": "Polygon", "coordinates": [ [ [ 14993028.455489367246628, 3993809.557434099260718 ], [ 14983219.018968090415001, 4010799.999882570467889 ], [ 14963600.145925540477037, 4010799.999882570467889 ], [ 14953790.709404263645411, 3993809.557434099260718 ], [ 14963600.145925540477037, 3976819.114985628053546 ], [ 14983219.018968090415001, 3976819.114985628053546 ], [ 14993028.455489367246628, 3993809.557434099260718 ] ] ] } },
{ "type": "Feature", "properties": { "pref_name": "徳島県" }, "geometry": { "type": "Polygon", "coordinates": [ [ [ 14993028.455489367246628, 4027790.442331041675061 ], [ 14983219.018968090415001, 4044780.884779512882233 ], [ 14963600.145925540477037, 4044780.884779512882233 ], [ 14953790.709404263645411, 4027790.442331041675061 ], [ 14963600.145925540477037, 4010799.999882570467889 ], [ 14983219.018968090415001, 4010799.999882570467889 ], [ 14993028.455489367246628, 4027790.442331041675061 ] ] ] } },
{ "type": "Feature", "properties": { "pref_name": "兵庫県" }, "geometry": { "type": "Polygon", "coordinates": [ [ [ 14993028.455489367246628, 4163713.981918811332434 ], [ 14983219.018968090415001, 4180704.424367282539606 ], [ 14963600.145925540477037, 4180704.424367282539606 ], [ 14953790.709404263645411, 4163713.981918811332434 ], [ 14963600.145925540477037, 4146723.539470340125263 ], [ 14983219.018968090415001, 4146723.539470340125263 ], [ 14993028.455489367246628, 4163713.981918811332434 ] ] ] } },
{ "type": "Feature", "properties": { "pref_name": "兵庫県" }, "geometry": { "type": "Polygon", "coordinates": [ [ [ 14993028.455489367246628, 4197694.866815753281116 ], [ 14983219.018968090415001, 4214685.309264224953949 ], [ 14963600.145925540477037, 4214685.309264224953949 ], [ 14953790.709404263645411, 4197694.866815753281116 ], [ 14963600.145925540477037, 4180704.424367282073945 ], [ 14983219.018968090415001, 4180704.424367282073945 ], [ 14993028.455489367246628, 4197694.866815753281116 ] ] ] } },
{ "type": "Feature", "properties": { "pref_name": "兵庫県" }, "geometry": { "type": "Polygon", "coordinates": [ [ [ 14993028.455489367246628, 4231675.751712696626782 ], [ 14983219.018968090415001, 4248666.194161168299615 ], [ 14963600.145925540477037, 4248666.194161168299615 ], [ 14953790.709404263645411, 4231675.751712696626782 ], [ 14963600.145925540477037, 4214685.309264224953949 ], [ 14983219.018968090415001, 4214685.309264224953949 ], [ 14993028.455489367246628, 4231675.751712696626782 ] ] ] } },
{ "type": "Feature", "properties": { "pref_name": "兵庫県" }, "geometry": { "type": "Polygon", "coordinates": [ [ [ 15022456.765053194016218, 4146723.539470340125263 ], [ 15012647.328531917184591, 4163713.981918811332434 ], [ 14993028.455489367246628, 4163713.981918811332434 ], [ 14983219.018968090415001, 4146723.539470340125263 ], [ 14993028.455489367246628, 4129733.097021868918091 ], [ 15012647.328531917184591, 4129733.097021868918091 ], [ 15022456.765053194016218, 4146723.539470340125263 ] ] ] } },
{ "type": "Feature", "properties": { "pref_name": "兵庫県" }, "geometry": { "type": "Polygon", "coordinates": [ [ [ 15022456.765053194016218, 4180704.424367282539606 ], [ 15012647.328531917184591, 4197694.866815754212439 ], [ 14993028.455489367246628, 4197694.866815754212439 ], [ 14983219.018968090415001, 4180704.424367282539606 ], [ 14993028.455489367246628, 4163713.981918811332434 ], [ 15012647.328531917184591, 4163713.981918811332434 ], [ 15022456.765053194016218, 4180704.424367282539606 ] ] ] } },
{ "type": "Feature", "properties": { "pref_name": "兵庫県" }, "geometry": { "type": "Polygon", "coordinates": [ [ [ 15022456.765053194016218, 4214685.309264224953949 ], [ 15012647.328531917184591, 4231675.751712696626782 ], [ 14993028.455489367246628, 4231675.751712696626782 ], [ 14983219.018968090415001, 4214685.309264224953949 ], [ 14993028.455489367246628, 4197694.866815753281116 ], [ 15012647.328531917184591, 4197694.866815753281116 ], [ 15022456.765053194016218, 4214685.309264224953949 ] ] ] } },
{ "type": "Feature", "properties": { "pref_name": "兵庫県" }, "geometry": { "type": "Polygon", "coordinates": [ [ [ 15022456.765053194016218, 4248666.194161168299615 ], [ 15012647.328531917184591, 4265656.636609639972448 ], [ 14993028.455489367246628, 4265656.636609639972448 ], [ 14983219.018968090415001, 4248666.194161168299615 ], [ 14993028.455489367246628, 4231675.751712696626782 ], [ 15012647.328531917184591, 4231675.751712696626782 ], [ 15022456.765053194016218, 4248666.194161168299615 ] ] ] } },
{ "type": "Feature", "properties": { "pref_name": "兵庫県" }, "geometry": { "type": "Polygon", "coordinates": [ [ [ 15051885.074617020785809, 4129733.097021868918091 ], [ 15042075.638095743954182, 4146723.539470340125263 ], [ 15022456.765053194016218, 4146723.539470340125263 ], [ 15012647.328531917184591, 4129733.097021868918091 ], [ 15022456.765053194016218, 4112742.654573397710919 ], [ 15042075.638095743954182, 4112742.654573397710919 ], [ 15051885.074617020785809, 4129733.097021868918091 ] ] ] } },
{ "type": "Feature", "properties": { "pref_name": "兵庫県" }, "geometry": { "type": "Polygon", "coordinates": [ [ [ 15051885.074617020785809, 4163713.981918811332434 ], [ 15042075.638095743954182, 4180704.424367282539606 ], [ 15022456.765053194016218, 4180704.424367282539606 ], [ 15012647.328531917184591, 4163713.981918811332434 ], [ 15022456.765053194016218, 4146723.539470340125263 ], [ 15042075.638095743954182, 4146723.539470340125263 ], [ 15051885.074617020785809, 4163713.981918811332434 ] ] ] } },
{ "type": "Feature", "properties": { "pref_name": "兵庫県" }, "geometry": { "type": "Polygon", "coordinates": [ [ [ 15051885.074617020785809, 4197694.866815753281116 ], [ 15042075.638095743954182, 4214685.309264224953949 ], [ 15022456.765053194016218, 4214685.309264224953949 ], [ 15012647.328531917184591, 4197694.866815753281116 ], [ 15022456.765053194016218, 4180704.424367282073945 ], [ 15042075.638095743954182, 4180704.424367282073945 ], [ 15051885.074617020785809, 4197694.866815753281116 ] ] ] } },
{ "type": "Feature", "properties": { "pref_name": "兵庫県" }, "geometry": { "type": "Polygon", "coordinates": [ [ [ 15051885.074617020785809, 4231675.751712696626782 ], [ 15042075.638095743954182, 4248666.194161168299615 ], [ 15022456.765053194016218, 4248666.194161168299615 ], [ 15012647.328531917184591, 4231675.751712696626782 ], [ 15022456.765053194016218, 4214685.309264224953949 ], [ 15042075.638095743954182, 4214685.309264224953949 ], [ 15051885.074617020785809, 4231675.751712696626782 ] ] ] } },
{ "type": "Feature", "properties": { "pref_name": "和歌山県" }, "geometry": { "type": "Polygon", "coordinates": [ [ [ 15081313.384180847555399, 4010799.999882570467889 ], [ 15071503.947659570723772, 4027790.442331041675061 ], [ 15051885.074617020785809, 4027790.442331041675061 ], [ 15042075.638095743954182, 4010799.999882570467889 ], [ 15051885.074617020785809, 3993809.557434099260718 ], [ 15071503.947659570723772, 3993809.557434099260718 ], [ 15081313.384180847555399, 4010799.999882570467889 ] ] ] } },
{ "type": "Feature", "properties": { "pref_name": "和歌山県" }, "geometry": { "type": "Polygon", "coordinates": [ [ [ 15081313.384180847555399, 4044780.884779512882233 ], [ 15071503.947659570723772, 4061771.327227984089404 ], [ 15051885.074617020785809, 4061771.327227984089404 ], [ 15042075.638095743954182, 4044780.884779512882233 ], [ 15051885.074617020785809, 4027790.442331041675061 ], [ 15071503.947659570723772, 4027790.442331041675061 ], [ 15081313.384180847555399, 4044780.884779512882233 ] ] ] } },
{ "type": "Feature", "properties": { "pref_name": "大阪府" }, "geometry": { "type": "Polygon", "coordinates": [ [ [ 15081313.384180847555399, 4078761.769676455296576 ], [ 15071503.947659570723772, 4095752.212124926503748 ], [ 15051885.074617020785809, 4095752.212124926503748 ], [ 15042075.638095743954182, 4078761.769676455296576 ], [ 15051885.074617020785809, 4061771.327227984089404 ], [ 15071503.947659570723772, 4061771.327227984089404 ], [ 15081313.384180847555399, 4078761.769676455296576 ] ] ] } },
{ "type": "Feature", "properties": { "pref_name": "兵庫県" }, "geometry": { "type": "Polygon", "coordinates": [ [ [ 15081313.384180847555399, 4146723.539470340125263 ], [ 15071503.947659570723772, 4163713.981918811332434 ], [ 15051885.074617020785809, 4163713.981918811332434 ], [ 15042075.638095743954182, 4146723.539470340125263 ], [ 15051885.074617020785809, 4129733.097021868918091 ], [ 15071503.947659570723772, 4129733.097021868918091 ], [ 15081313.384180847555399, 4146723.539470340125263 ] ] ] } },
{ "type": "Feature", "properties": { "pref_name": "兵庫県" }, "geometry": { "type": "Polygon", "coordinates": [ [ [ 15081313.384180847555399, 4180704.424367282539606 ], [ 15071503.947659570723772, 4197694.866815754212439 ], [ 15051885.074617020785809, 4197694.866815754212439 ], [ 15042075.638095743954182, 4180704.424367282539606 ], [ 15051885.074617020785809, 4163713.981918811332434 ], [ 15071503.947659570723772, 4163713.981918811332434 ], [ 15081313.384180847555399, 4180704.424367282539606 ] ] ] } },
{ "type": "Feature", "properties": { "pref_name": "京都府" }, "geometry": { "type": "Polygon", "coordinates": [ [ [ 15081313.384180847555399, 4214685.309264224953949 ], [ 15071503.947659570723772, 4231675.751712696626782 ], [ 15051885.074617020785809, 4231675.751712696626782 ], [ 15042075.638095743954182, 4214685.309264224953949 ], [ 15051885.074617020785809, 4197694.866815753281116 ], [ 15071503.947659570723772, 4197694.866815753281116 ], [ 15081313.384180847555399, 4214685.309264224953949 ] ] ] } },
{ "type": "Feature", "properties": { "pref_name": "和歌山県" }, "geometry": { "type": "Polygon", "coordinates": [ [ [ 15110741.693744674324989, 3993809.557434099260718 ], [ 15100932.257223397493362, 4010799.999882570467889 ], [ 15081313.384180847555399, 4010799.999882570467889 ], [ 15071503.947659570723772, 3993809.557434099260718 ], [ 15081313.384180847555399, 3976819.114985628053546 ], [ 15100932.257223397493362, 3976819.114985628053546 ], [ 15110741.693744674324989, 3993809.557434099260718 ] ] ] } },
{ "type": "Feature", "properties": { "pref_name": "和歌山県" }, "geometry": { "type": "Polygon", "coordinates": [ [ [ 15110741.693744674324989, 4027790.442331041675061 ], [ 15100932.257223397493362, 4044780.884779512882233 ], [ 15081313.384180847555399, 4044780.884779512882233 ], [ 15071503.947659570723772, 4027790.442331041675061 ], [ 15081313.384180847555399, 4010799.999882570467889 ], [ 15100932.257223397493362, 4010799.999882570467889 ], [ 15110741.693744674324989, 4027790.442331041675061 ] ] ] } },
{ "type": "Feature", "properties": { "pref_name": "和歌山県" }, "geometry": { "type": "Polygon", "coordinates": [ [ [ 15110741.693744674324989, 4061771.327227984089404 ], [ 15100932.257223397493362, 4078761.769676455296576 ], [ 15081313.384180847555399, 4078761.769676455296576 ], [ 15071503.947659570723772, 4061771.327227984089404 ], [ 15081313.384180847555399, 4044780.884779512882233 ], [ 15100932.257223397493362, 4044780.884779512882233 ], [ 15110741.693744674324989, 4061771.327227984089404 ] ] ] } },
{ "type": "Feature", "properties": { "pref_name": "大阪府" }, "geometry": { "type": "Polygon", "coordinates": [ [ [ 15110741.693744674324989, 4095752.212124926503748 ], [ 15100932.257223397493362, 4112742.654573397710919 ], [ 15081313.384180847555399, 4112742.654573397710919 ], [ 15071503.947659570723772, 4095752.212124926503748 ], [ 15081313.384180847555399, 4078761.769676455296576 ], [ 15100932.257223397493362, 4078761.769676455296576 ], [ 15110741.693744674324989, 4095752.212124926503748 ] ] ] } },
{ "type": "Feature", "properties": { "pref_name": "大阪府" }, "geometry": { "type": "Polygon", "coordinates": [ [ [ 15110741.693744674324989, 4129733.097021868918091 ], [ 15100932.257223397493362, 4146723.539470340125263 ], [ 15081313.384180847555399, 4146723.539470340125263 ], [ 15071503.947659570723772, 4129733.097021868918091 ], [ 15081313.384180847555399, 4112742.654573397710919 ], [ 15100932.257223397493362, 4112742.654573397710919 ], [ 15110741.693744674324989, 4129733.097021868918091 ] ] ] } },
{ "type": "Feature", "properties": { "pref_name": "京都府" }, "geometry": { "type": "Polygon", "coordinates": [ [ [ 15110741.693744674324989, 4163713.981918811332434 ], [ 15100932.257223397493362, 4180704.424367282539606 ], [ 15081313.384180847555399, 4180704.424367282539606 ], [ 15071503.947659570723772, 4163713.981918811332434 ], [ 15081313.384180847555399, 4146723.539470340125263 ], [ 15100932.257223397493362, 4146723.539470340125263 ], [ 15110741.693744674324989, 4163713.981918811332434 ] ] ] } },
{ "type": "Feature", "properties": { "pref_name": "京都府" }, "geometry": { "type": "Polygon", "coordinates": [ [ [ 15110741.693744674324989, 4197694.866815753281116 ], [ 15100932.257223397493362, 4214685.309264224953949 ], [ 15081313.384180847555399, 4214685.309264224953949 ], [ 15071503.947659570723772, 4197694.866815753281116 ], [ 15081313.384180847555399, 4180704.424367282073945 ], [ 15100932.257223397493362, 4180704.424367282073945 ], [ 15110741.693744674324989, 4197694.866815753281116 ] ] ] } },
{ "type": "Feature", "properties": { "pref_name": "和歌山県" }, "geometry": { "type": "Polygon", "coordinates": [ [ [ 15140170.00330850109458, 3976819.114985628053546 ], [ 15130360.566787224262953, 3993809.557434099260718 ], [ 15110741.693744674324989, 3993809.557434099260718 ], [ 15100932.257223397493362, 3976819.114985628053546 ], [ 15110741.693744674324989, 3959828.672537156846374 ], [ 15130360.566787224262953, 3959828.672537156846374 ], [ 15140170.00330850109458, 3976819.114985628053546 ] ] ] } },
{ "type": "Feature", "properties": { "pref_name": "和歌山県" }, "geometry": { "type": "Polygon", "coordinates": [ [ [ 15140170.00330850109458, 4010799.999882570467889 ], [ 15130360.566787224262953, 4027790.442331041675061 ], [ 15110741.693744674324989, 4027790.442331041675061 ], [ 15100932.257223397493362, 4010799.999882570467889 ], [ 15110741.693744674324989, 3993809.557434099260718 ], [ 15130360.566787224262953, 3993809.557434099260718 ], [ 15140170.00330850109458, 4010799.999882570467889 ] ] ] } },
{ "type": "Feature", "properties": { "pref_name": "奈良県" }, "geometry": { "type": "Polygon", "coordinates": [ [ [ 15140170.00330850109458, 4044780.884779512882233 ], [ 15130360.566787224262953, 4061771.327227984089404 ], [ 15110741.693744674324989, 4061771.327227984089404 ], [ 15100932.257223397493362, 4044780.884779512882233 ], [ 15110741.693744674324989, 4027790.442331041675061 ], [ 15130360.566787224262953, 4027790.442331041675061 ], [ 15140170.00330850109458, 4044780.884779512882233 ] ] ] } },
{ "type": "Feature", "properties": { "pref_name": "奈良県" }, "geometry": { "type": "Polygon", "coordinates": [ [ [ 15140170.00330850109458, 4078761.769676455296576 ], [ 15130360.566787224262953, 4095752.212124926503748 ], [ 15110741.693744674324989, 4095752.212124926503748 ], [ 15100932.257223397493362, 4078761.769676455296576 ], [ 15110741.693744674324989, 4061771.327227984089404 ], [ 15130360.566787224262953, 4061771.327227984089404 ], [ 15140170.00330850109458, 4078761.769676455296576 ] ] ] } },
{ "type": "Feature", "properties": { "pref_name": "奈良県" }, "geometry": { "type": "Polygon", "coordinates": [ [ [ 15140170.00330850109458, 4112742.654573397710919 ], [ 15130360.566787224262953, 4129733.097021868918091 ], [ 15110741.693744674324989, 4129733.097021868918091 ], [ 15100932.257223397493362, 4112742.654573397710919 ], [ 15110741.693744674324989, 4095752.212124926503748 ], [ 15130360.566787224262953, 4095752.212124926503748 ], [ 15140170.00330850109458, 4112742.654573397710919 ] ] ] } },
{ "type": "Feature", "properties": { "pref_name": "京都府" }, "geometry": { "type": "Polygon", "coordinates": [ [ [ 15140170.00330850109458, 4146723.539470340125263 ], [ 15130360.566787224262953, 4163713.981918811332434 ], [ 15110741.693744674324989, 4163713.981918811332434 ], [ 15100932.257223397493362, 4146723.539470340125263 ], [ 15110741.693744674324989, 4129733.097021868918091 ], [ 15130360.566787224262953, 4129733.097021868918091 ], [ 15140170.00330850109458, 4146723.539470340125263 ] ] ] } },
{ "type": "Feature", "properties": { "pref_name": "京都府" }, "geometry": { "type": "Polygon", "coordinates": [ [ [ 15140170.00330850109458, 4180704.424367282539606 ], [ 15130360.566787224262953, 4197694.866815754212439 ], [ 15110741.693744674324989, 4197694.866815754212439 ], [ 15100932.257223397493362, 4180704.424367282539606 ], [ 15110741.693744674324989, 4163713.981918811332434 ], [ 15130360.566787224262953, 4163713.981918811332434 ], [ 15140170.00330850109458, 4180704.424367282539606 ] ] ] } },
{ "type": "Feature", "properties": { "pref_name": "滋賀県" }, "geometry": { "type": "Polygon", "coordinates": [ [ [ 15140170.00330850109458, 4214685.309264224953949 ], [ 15130360.566787224262953, 4231675.751712696626782 ], [ 15110741.693744674324989, 4231675.751712696626782 ], [ 15100932.257223397493362, 4214685.309264224953949 ], [ 15110741.693744674324989, 4197694.866815753281116 ], [ 15130360.566787224262953, 4197694.866815753281116 ], [ 15140170.00330850109458, 4214685.309264224953949 ] ] ] } },
{ "type": "Feature", "properties": { "pref_name": "三重県" }, "geometry": { "type": "Polygon", "coordinates": [ [ [ 15169598.31287232786417, 4027790.442331041675061 ], [ 15159788.876351051032543, 4044780.884779512882233 ], [ 15140170.00330850109458, 4044780.884779512882233 ], [ 15130360.566787224262953, 4027790.442331041675061 ], [ 15140170.00330850109458, 4010799.999882570467889 ], [ 15159788.876351051032543, 4010799.999882570467889 ], [ 15169598.31287232786417, 4027790.442331041675061 ] ] ] } },
{ "type": "Feature", "properties": { "pref_name": "奈良県" }, "geometry": { "type": "Polygon", "coordinates": [ [ [ 15169598.31287232786417, 4061771.327227984089404 ], [ 15159788.876351051032543, 4078761.769676455296576 ], [ 15140170.00330850109458, 4078761.769676455296576 ], [ 15130360.566787224262953, 4061771.327227984089404 ], [ 15140170.00330850109458, 4044780.884779512882233 ], [ 15159788.876351051032543, 4044780.884779512882233 ], [ 15169598.31287232786417, 4061771.327227984089404 ] ] ] } },
{ "type": "Feature", "properties": { "pref_name": "奈良県" }, "geometry": { "type": "Polygon", "coordinates": [ [ [ 15169598.31287232786417, 4095752.212124926503748 ], [ 15159788.876351051032543, 4112742.654573397710919 ], [ 15140170.00330850109458, 4112742.654573397710919 ], [ 15130360.566787224262953, 4095752.212124926503748 ], [ 15140170.00330850109458, 4078761.769676455296576 ], [ 15159788.876351051032543, 4078761.769676455296576 ], [ 15169598.31287232786417, 4095752.212124926503748 ] ] ] } },
{ "type": "Feature", "properties": { "pref_name": "三重県" }, "geometry": { "type": "Polygon", "coordinates": [ [ [ 15169598.31287232786417, 4129733.097021868918091 ], [ 15159788.876351051032543, 4146723.539470340125263 ], [ 15140170.00330850109458, 4146723.539470340125263 ], [ 15130360.566787224262953, 4129733.097021868918091 ], [ 15140170.00330850109458, 4112742.654573397710919 ], [ 15159788.876351051032543, 4112742.654573397710919 ], [ 15169598.31287232786417, 4129733.097021868918091 ] ] ] } },
{ "type": "Feature", "properties": { "pref_name": "滋賀県" }, "geometry": { "type": "Polygon", "coordinates": [ [ [ 15169598.31287232786417, 4163713.981918811332434 ], [ 15159788.876351051032543, 4180704.424367282539606 ], [ 15140170.00330850109458, 4180704.424367282539606 ], [ 15130360.566787224262953, 4163713.981918811332434 ], [ 15140170.00330850109458, 4146723.539470340125263 ], [ 15159788.876351051032543, 4146723.539470340125263 ], [ 15169598.31287232786417, 4163713.981918811332434 ] ] ] } },
{ "type": "Feature", "properties": { "pref_name": "滋賀県" }, "geometry": { "type": "Polygon", "coordinates": [ [ [ 15169598.31287232786417, 4197694.866815753281116 ], [ 15159788.876351051032543, 4214685.309264224953949 ], [ 15140170.00330850109458, 4214685.309264224953949 ], [ 15130360.566787224262953, 4197694.866815753281116 ], [ 15140170.00330850109458, 4180704.424367282073945 ], [ 15159788.876351051032543, 4180704.424367282073945 ], [ 15169598.31287232786417, 4197694.866815753281116 ] ] ] } },
{ "type": "Feature", "properties": { "pref_name": "滋賀県" }, "geometry": { "type": "Polygon", "coordinates": [ [ [ 15169598.31287232786417, 4231675.751712696626782 ], [ 15159788.876351051032543, 4248666.194161168299615 ], [ 15140170.00330850109458, 4248666.194161168299615 ], [ 15130360.566787224262953, 4231675.751712696626782 ], [ 15140170.00330850109458, 4214685.309264224953949 ], [ 15159788.876351051032543, 4214685.309264224953949 ], [ 15169598.31287232786417, 4231675.751712696626782 ] ] ] } },
{ "type": "Feature", "properties": { "pref_name": "福井県" }, "geometry": { "type": "Polygon", "coordinates": [ [ [ 15169598.31287232786417, 4299637.521506581455469 ], [ 15159788.876351051032543, 4316627.963955053128302 ], [ 15140170.00330850109458, 4316627.963955053128302 ], [ 15130360.566787224262953, 4299637.521506581455469 ], [ 15140170.00330850109458, 4282647.079058109782636 ], [ 15159788.876351051032543, 4282647.079058109782636 ], [ 15169598.31287232786417, 4299637.521506581455469 ] ] ] } },
{ "type": "Feature", "properties": { "pref_name": "三重県" }, "geometry": { "type": "Polygon", "coordinates": [ [ [ 15199026.62243615463376, 4078761.769676455296576 ], [ 15189217.185914877802134, 4095752.212124926503748 ], [ 15169598.31287232786417, 4095752.212124926503748 ], [ 15159788.876351051032543, 4078761.769676455296576 ], [ 15169598.31287232786417, 4061771.327227984089404 ], [ 15189217.185914877802134, 4061771.327227984089404 ], [ 15199026.62243615463376, 4078761.769676455296576 ] ] ] } },
{ "type": "Feature", "properties": { "pref_name": "三重県" }, "geometry": { "type": "Polygon", "coordinates": [ [ [ 15199026.62243615463376, 4112742.654573397710919 ], [ 15189217.185914877802134, 4129733.097021868918091 ], [ 15169598.31287232786417, 4129733.097021868918091 ], [ 15159788.876351051032543, 4112742.654573397710919 ], [ 15169598.31287232786417, 4095752.212124926503748 ], [ 15189217.185914877802134, 4095752.212124926503748 ], [ 15199026.62243615463376, 4112742.654573397710919 ] ] ] } },
{ "type": "Feature", "properties": { "pref_name": "三重県" }, "geometry": { "type": "Polygon", "coordinates": [ [ [ 15199026.62243615463376, 4146723.539470340125263 ], [ 15189217.185914877802134, 4163713.981918811332434 ], [ 15169598.31287232786417, 4163713.981918811332434 ], [ 15159788.876351051032543, 4146723.539470340125263 ], [ 15169598.31287232786417, 4129733.097021868918091 ], [ 15189217.185914877802134, 4129733.097021868918091 ], [ 15199026.62243615463376, 4146723.539470340125263 ] ] ] } },
{ "type": "Feature", "properties": { "pref_name": "滋賀県" }, "geometry": { "type": "Polygon", "coordinates": [ [ [ 15199026.62243615463376, 4180704.424367282539606 ], [ 15189217.185914877802134, 4197694.866815754212439 ], [ 15169598.31287232786417, 4197694.866815754212439 ], [ 15159788.876351051032543, 4180704.424367282539606 ], [ 15169598.31287232786417, 4163713.981918811332434 ], [ 15189217.185914877802134, 4163713.981918811332434 ], [ 15199026.62243615463376, 4180704.424367282539606 ] ] ] } },
{ "type": "Feature", "properties": { "pref_name": "滋賀県" }, "geometry": { "type": "Polygon", "coordinates": [ [ [ 15199026.62243615463376, 4214685.309264224953949 ], [ 15189217.185914877802134, 4231675.751712696626782 ], [ 15169598.31287232786417, 4231675.751712696626782 ], [ 15159788.876351051032543, 4214685.309264224953949 ], [ 15169598.31287232786417, 4197694.866815753281116 ], [ 15189217.185914877802134, 4197694.866815753281116 ], [ 15199026.62243615463376, 4214685.309264224953949 ] ] ] } },
{ "type": "Feature", "properties": { "pref_name": "岐阜県" }, "geometry": { "type": "Polygon", "coordinates": [ [ [ 15199026.62243615463376, 4248666.194161168299615 ], [ 15189217.185914877802134, 4265656.636609639972448 ], [ 15169598.31287232786417, 4265656.636609639972448 ], [ 15159788.876351051032543, 4248666.194161168299615 ], [ 15169598.31287232786417, 4231675.751712696626782 ], [ 15189217.185914877802134, 4231675.751712696626782 ], [ 15199026.62243615463376, 4248666.194161168299615 ] ] ] } },
{ "type": "Feature", "properties": { "pref_name": "福井県" }, "geometry": { "type": "Polygon", "coordinates": [ [ [ 15199026.62243615463376, 4282647.079058109782636 ], [ 15189217.185914877802134, 4299637.521506581455469 ], [ 15169598.31287232786417, 4299637.521506581455469 ], [ 15159788.876351051032543, 4282647.079058109782636 ], [ 15169598.31287232786417, 4265656.636609638109803 ], [ 15189217.185914877802134, 4265656.636609638109803 ], [ 15199026.62243615463376, 4282647.079058109782636 ] ] ] } },
{ "type": "Feature", "properties": { "pref_name": "福井県" }, "geometry": { "type": "Polygon", "coordinates": [ [ [ 15199026.62243615463376, 4316627.963955053128302 ], [ 15189217.185914877802134, 4333618.406403524801135 ], [ 15169598.31287232786417, 4333618.406403524801135 ], [ 15159788.876351051032543, 4316627.963955053128302 ], [ 15169598.31287232786417, 4299637.521506581455469 ], [ 15189217.185914877802134, 4299637.521506581455469 ], [ 15199026.62243615463376, 4316627.963955053128302 ] ] ] } },
{ "type": "Feature", "properties": { "pref_name": "石川県" }, "geometry": { "type": "Polygon", "coordinates": [ [ [ 15199026.62243615463376, 4350608.848851994611323 ], [ 15189217.185914877802134, 4367599.291300466284156 ], [ 15169598.31287232786417, 4367599.291300466284156 ], [ 15159788.876351051032543, 4350608.848851994611323 ], [ 15169598.31287232786417, 4333618.40640352293849 ], [ 15189217.185914877802134, 4333618.40640352293849 ], [ 15199026.62243615463376, 4350608.848851994611323 ] ] ] } },
{ "type": "Feature", "properties": { "pref_name": "三重県" }, "geometry": { "type": "Polygon", "coordinates": [ [ [ 15228454.931999981403351, 4095752.212124926503748 ], [ 15218645.495478704571724, 4112742.654573397710919 ], [ 15199026.62243615463376, 4112742.654573397710919 ], [ 15189217.185914877802134, 4095752.212124926503748 ], [ 15199026.62243615463376, 4078761.769676455296576 ], [ 15218645.495478704571724, 4078761.769676455296576 ], [ 15228454.931999981403351, 4095752.212124926503748 ] ] ] } },
{ "type": "Feature", "properties": { "pref_name": "三重県" }, "geometry": { "type": "Polygon", "coordinates": [ [ [ 15228454.931999981403351, 4163713.981918811332434 ], [ 15218645.495478704571724, 4180704.424367282539606 ], [ 15199026.62243615463376, 4180704.424367282539606 ], [ 15189217.185914877802134, 4163713.981918811332434 ], [ 15199026.62243615463376, 4146723.539470340125263 ], [ 15218645.495478704571724, 4146723.539470340125263 ], [ 15228454.931999981403351, 4163713.981918811332434 ] ] ] } },
{ "type": "Feature", "properties": { "pref_name": "岐阜県" }, "geometry": { "type": "Polygon", "coordinates": [ [ [ 15228454.931999981403351, 4197694.866815753281116 ], [ 15218645.495478704571724, 4214685.309264224953949 ], [ 15199026.62243615463376, 4214685.309264224953949 ], [ 15189217.185914877802134, 4197694.866815753281116 ], [ 15199026.62243615463376, 4180704.424367282073945 ], [ 15218645.495478704571724, 4180704.424367282073945 ], [ 15228454.931999981403351, 4197694.866815753281116 ] ] ] } },
{ "type": "Feature", "properties": { "pref_name": "岐阜県" }, "geometry": { "type": "Polygon", "coordinates": [ [ [ 15228454.931999981403351, 4231675.751712696626782 ], [ 15218645.495478704571724, 4248666.194161168299615 ], [ 15199026.62243615463376, 4248666.194161168299615 ], [ 15189217.185914877802134, 4231675.751712696626782 ], [ 15199026.62243615463376, 4214685.309264224953949 ], [ 15218645.495478704571724, 4214685.309264224953949 ], [ 15228454.931999981403351, 4231675.751712696626782 ] ] ] } },
{ "type": "Feature", "properties": { "pref_name": "岐阜県" }, "geometry": { "type": "Polygon", "coordinates": [ [ [ 15228454.931999981403351, 4265656.636609638109803 ], [ 15218645.495478704571724, 4282647.079058109782636 ], [ 15199026.62243615463376, 4282647.079058109782636 ], [ 15189217.185914877802134, 4265656.636609638109803 ], [ 15199026.62243615463376, 4248666.19416116643697 ], [ 15218645.495478704571724, 4248666.19416116643697 ], [ 15228454.931999981403351, 4265656.636609638109803 ] ] ] } },
{ "type": "Feature", "properties": { "pref_name": "福井県" }, "geometry": { "type": "Polygon", "coordinates": [ [ [ 15228454.931999981403351, 4299637.521506581455469 ], [ 15218645.495478704571724, 4316627.963955053128302 ], [ 15199026.62243615463376, 4316627.963955053128302 ], [ 15189217.185914877802134, 4299637.521506581455469 ], [ 15199026.62243615463376, 4282647.079058109782636 ], [ 15218645.495478704571724, 4282647.079058109782636 ], [ 15228454.931999981403351, 4299637.521506581455469 ] ] ] } },
{ "type": "Feature", "properties": { "pref_name": "石川県" }, "geometry": { "type": "Polygon", "coordinates": [ [ [ 15228454.931999981403351, 4333618.40640352293849 ], [ 15218645.495478704571724, 4350608.848851994611323 ], [ 15199026.62243615463376, 4350608.848851994611323 ], [ 15189217.185914877802134, 4333618.40640352293849 ], [ 15199026.62243615463376, 4316627.963955051265657 ], [ 15218645.495478704571724, 4316627.963955051265657 ], [ 15228454.931999981403351, 4333618.40640352293849 ] ] ] } },
{ "type": "Feature", "properties": { "pref_name": "石川県" }, "geometry": { "type": "Polygon", "coordinates": [ [ [ 15228454.931999981403351, 4367599.291300466284156 ], [ 15218645.495478704571724, 4384589.733748937956989 ], [ 15199026.62243615463376, 4384589.733748937956989 ], [ 15189217.185914877802134, 4367599.291300466284156 ], [ 15199026.62243615463376, 4350608.848851994611323 ], [ 15218645.495478704571724, 4350608.848851994611323 ], [ 15228454.931999981403351, 4367599.291300466284156 ] ] ] } },
{ "type": "Feature", "properties": { "pref_name": "愛知県" }, "geometry": { "type": "Polygon", "coordinates": [ [ [ 15257883.241563808172941, 4146723.539470340125263 ], [ 15248073.805042531341314, 4163713.981918811332434 ], [ 15228454.931999981403351, 4163713.981918811332434 ], [ 15218645.495478704571724, 4146723.539470340125263 ], [ 15228454.931999981403351, 4129733.097021868918091 ], [ 15248073.805042531341314, 4129733.097021868918091 ], [ 15257883.241563808172941, 4146723.539470340125263 ] ] ] } },
{ "type": "Feature", "properties": { "pref_name": "愛知県" }, "geometry": { "type": "Polygon", "coordinates": [ [ [ 15257883.241563808172941, 4180704.424367282539606 ], [ 15248073.805042531341314, 4197694.866815754212439 ], [ 15228454.931999981403351, 4197694.866815754212439 ], [ 15218645.495478704571724, 4180704.424367282539606 ], [ 15228454.931999981403351, 4163713.981918811332434 ], [ 15248073.805042531341314, 4163713.981918811332434 ], [ 15257883.241563808172941, 4180704.424367282539606 ] ] ] } },
{ "type": "Feature", "properties": { "pref_name": "愛知県" }, "geometry": { "type": "Polygon", "coordinates": [ [ [ 15257883.241563808172941, 4214685.309264224953949 ], [ 15248073.805042531341314, 4231675.751712696626782 ], [ 15228454.931999981403351, 4231675.751712696626782 ], [ 15218645.495478704571724, 4214685.309264224953949 ], [ 15228454.931999981403351, 4197694.866815753281116 ], [ 15248073.805042531341314, 4197694.866815753281116 ], [ 15257883.241563808172941, 4214685.309264224953949 ] ] ] } },
{ "type": "Feature", "properties": { "pref_name": "岐阜県" }, "geometry": { "type": "Polygon", "coordinates": [ [ [ 15257883.241563808172941, 4248666.194161168299615 ], [ 15248073.805042531341314, 4265656.636609639972448 ], [ 15228454.931999981403351, 4265656.636609639972448 ], [ 15218645.495478704571724, 4248666.194161168299615 ], [ 15228454.931999981403351, 4231675.751712696626782 ], [ 15248073.805042531341314, 4231675.751712696626782 ], [ 15257883.241563808172941, 4248666.194161168299615 ] ] ] } },
{ "type": "Feature", "properties": { "pref_name": "岐阜県" }, "geometry": { "type": "Polygon", "coordinates": [ [ [ 15257883.241563808172941, 4282647.079058109782636 ], [ 15248073.805042531341314, 4299637.521506581455469 ], [ 15228454.931999981403351, 4299637.521506581455469 ], [ 15218645.495478704571724, 4282647.079058109782636 ], [ 15228454.931999981403351, 4265656.636609638109803 ], [ 15248073.805042531341314, 4265656.636609638109803 ], [ 15257883.241563808172941, 4282647.079058109782636 ] ] ] } },
{ "type": "Feature", "properties": { "pref_name": "岐阜県" }, "geometry": { "type": "Polygon", "coordinates": [ [ [ 15257883.241563808172941, 4316627.963955053128302 ], [ 15248073.805042531341314, 4333618.406403524801135 ], [ 15228454.931999981403351, 4333618.406403524801135 ], [ 15218645.495478704571724, 4316627.963955053128302 ], [ 15228454.931999981403351, 4299637.521506581455469 ], [ 15248073.805042531341314, 4299637.521506581455469 ], [ 15257883.241563808172941, 4316627.963955053128302 ] ] ] } },
{ "type": "Feature", "properties": { "pref_name": "富山県" }, "geometry": { "type": "Polygon", "coordinates": [ [ [ 15257883.241563808172941, 4350608.848851994611323 ], [ 15248073.805042531341314, 4367599.291300466284156 ], [ 15228454.931999981403351, 4367599.291300466284156 ], [ 15218645.495478704571724, 4350608.848851994611323 ], [ 15228454.931999981403351, 4333618.40640352293849 ], [ 15248073.805042531341314, 4333618.40640352293849 ], [ 15257883.241563808172941, 4350608.848851994611323 ] ] ] } },
{ "type": "Feature", "properties": { "pref_name": "富山県" }, "geometry": { "type": "Polygon", "coordinates": [ [ [ 15257883.241563808172941, 4384589.733748937956989 ], [ 15248073.805042531341314, 4401580.176197409629822 ], [ 15228454.931999981403351, 4401580.176197409629822 ], [ 15218645.495478704571724, 4384589.733748937956989 ], [ 15228454.931999981403351, 4367599.291300466284156 ], [ 15248073.805042531341314, 4367599.291300466284156 ], [ 15257883.241563808172941, 4384589.733748937956989 ] ] ] } },
{ "type": "Feature", "properties": { "pref_name": "富山県" }, "geometry": { "type": "Polygon", "coordinates": [ [ [ 15257883.241563808172941, 4418570.61864587944001 ], [ 15248073.805042531341314, 4435561.061094351112843 ], [ 15228454.931999981403351, 4435561.061094351112843 ], [ 15218645.495478704571724, 4418570.61864587944001 ], [ 15228454.931999981403351, 4401580.176197407767177 ], [ 15248073.805042531341314, 4401580.176197407767177 ], [ 15257883.241563808172941, 4418570.61864587944001 ] ] ] } },
{ "type": "Feature", "properties": { "pref_name": "石川県" }, "geometry": { "type": "Polygon", "coordinates": [ [ [ 15257883.241563808172941, 4486532.388439764268696 ], [ 15248073.805042531341314, 4503522.830888235941529 ], [ 15228454.931999981403351, 4503522.830888235941529 ], [ 15218645.495478704571724, 4486532.388439764268696 ], [ 15228454.931999981403351, 4469541.945991292595863 ], [ 15248073.805042531341314, 4469541.945991292595863 ], [ 15257883.241563808172941, 4486532.388439764268696 ] ] ] } },
{ "type": "Feature", "properties": { "pref_name": "愛知県" }, "geometry": { "type": "Polygon", "coordinates": [ [ [ 15287311.551127634942532, 4163713.981918811332434 ], [ 15277502.114606358110905, 4180704.424367282539606 ], [ 15257883.241563808172941, 4180704.424367282539606 ], [ 15248073.805042531341314, 4163713.981918811332434 ], [ 15257883.241563808172941, 4146723.539470340125263 ], [ 15277502.114606358110905, 4146723.539470340125263 ], [ 15287311.551127634942532, 4163713.981918811332434 ] ] ] } },
{ "type": "Feature", "properties": { "pref_name": "愛知県" }, "geometry": { "type": "Polygon", "coordinates": [ [ [ 15287311.551127634942532, 4197694.866815753281116 ], [ 15277502.114606358110905, 4214685.309264224953949 ], [ 15257883.241563808172941, 4214685.309264224953949 ], [ 15248073.805042531341314, 4197694.866815753281116 ], [ 15257883.241563808172941, 4180704.424367282073945 ], [ 15277502.114606358110905, 4180704.424367282073945 ], [ 15287311.551127634942532, 4197694.866815753281116 ] ] ] } },
{ "type": "Feature", "properties": { "pref_name": "岐阜県" }, "geometry": { "type": "Polygon", "coordinates": [ [ [ 15287311.551127634942532, 4231675.751712696626782 ], [ 15277502.114606358110905, 4248666.194161168299615 ], [ 15257883.241563808172941, 4248666.194161168299615 ], [ 15248073.805042531341314, 4231675.751712696626782 ], [ 15257883.241563808172941, 4214685.309264224953949 ], [ 15277502.114606358110905, 4214685.309264224953949 ], [ 15287311.551127634942532, 4231675.751712696626782 ] ] ] } },
{ "type": "Feature", "properties": { "pref_name": "岐阜県" }, "geometry": { "type": "Polygon", "coordinates": [ [ [ 15287311.551127634942532, 4265656.636609638109803 ], [ 15277502.114606358110905, 4282647.079058109782636 ], [ 15257883.241563808172941, 4282647.079058109782636 ], [ 15248073.805042531341314, 4265656.636609638109803 ], [ 15257883.241563808172941, 4248666.19416116643697 ], [ 15277502.114606358110905, 4248666.19416116643697 ], [ 15287311.551127634942532, 4265656.636609638109803 ] ] ] } },
{ "type": "Feature", "properties": { "pref_name": "岐阜県" }, "geometry": { "type": "Polygon", "coordinates": [ [ [ 15287311.551127634942532, 4299637.521506581455469 ], [ 15277502.114606358110905, 4316627.963955053128302 ], [ 15257883.241563808172941, 4316627.963955053128302 ], [ 15248073.805042531341314, 4299637.521506581455469 ], [ 15257883.241563808172941, 4282647.079058109782636 ], [ 15277502.114606358110905, 4282647.079058109782636 ], [ 15287311.551127634942532, 4299637.521506581455469 ] ] ] } },
{ "type": "Feature", "properties": { "pref_name": "岐阜県" }, "geometry": { "type": "Polygon", "coordinates": [ [ [ 15287311.551127634942532, 4333618.40640352293849 ], [ 15277502.114606358110905, 4350608.848851994611323 ], [ 15257883.241563808172941, 4350608.848851994611323 ], [ 15248073.805042531341314, 4333618.40640352293849 ], [ 15257883.241563808172941, 4316627.963955051265657 ], [ 15277502.114606358110905, 4316627.963955051265657 ], [ 15287311.551127634942532, 4333618.40640352293849 ] ] ] } },
{ "type": "Feature", "properties": { "pref_name": "富山県" }, "geometry": { "type": "Polygon", "coordinates": [ [ [ 15287311.551127634942532, 4367599.291300466284156 ], [ 15277502.114606358110905, 4384589.733748937956989 ], [ 15257883.241563808172941, 4384589.733748937956989 ], [ 15248073.805042531341314, 4367599.291300466284156 ], [ 15257883.241563808172941, 4350608.848851994611323 ], [ 15277502.114606358110905, 4350608.848851994611323 ], [ 15287311.551127634942532, 4367599.291300466284156 ] ] ] } },
{ "type": "Feature", "properties": { "pref_name": "富山県" }, "geometry": { "type": "Polygon", "coordinates": [ [ [ 15287311.551127634942532, 4401580.176197407767177 ], [ 15277502.114606358110905, 4418570.61864587944001 ], [ 15257883.241563808172941, 4418570.61864587944001 ], [ 15248073.805042531341314, 4401580.176197407767177 ], [ 15257883.241563808172941, 4384589.733748936094344 ], [ 15277502.114606358110905, 4384589.733748936094344 ], [ 15287311.551127634942532, 4401580.176197407767177 ] ] ] } },
{ "type": "Feature", "properties": { "pref_name": "石川県" }, "geometry": { "type": "Polygon", "coordinates": [ [ [ 15287311.551127634942532, 4503522.830888235941529 ], [ 15277502.114606358110905, 4520513.273336707614362 ], [ 15257883.241563808172941, 4520513.273336707614362 ], [ 15248073.805042531341314, 4503522.830888235941529 ], [ 15257883.241563808172941, 4486532.388439764268696 ], [ 15277502.114606358110905, 4486532.388439764268696 ], [ 15287311.551127634942532, 4503522.830888235941529 ] ] ] } },
{ "type": "Feature", "properties": { "pref_name": "愛知県" }, "geometry": { "type": "Polygon", "coordinates": [ [ [ 15316739.860691461712122, 4146723.539470340125263 ], [ 15306930.424170184880495, 4163713.981918811332434 ], [ 15287311.551127634942532, 4163713.981918811332434 ], [ 15277502.114606358110905, 4146723.539470340125263 ], [ 15287311.551127634942532, 4129733.097021868918091 ], [ 15306930.424170184880495, 4129733.097021868918091 ], [ 15316739.860691461712122, 4146723.539470340125263 ] ] ] } },
{ "type": "Feature", "properties": { "pref_name": "愛知県" }, "geometry": { "type": "Polygon", "coordinates": [ [ [ 15316739.860691461712122, 4180704.424367282539606 ], [ 15306930.424170184880495, 4197694.866815754212439 ], [ 15287311.551127634942532, 4197694.866815754212439 ], [ 15277502.114606358110905, 4180704.424367282539606 ], [ 15287311.551127634942532, 4163713.981918811332434 ], [ 15306930.424170184880495, 4163713.981918811332434 ], [ 15316739.860691461712122, 4180704.424367282539606 ] ] ] } },
{ "type": "Feature", "properties": { "pref_name": "岐阜県" }, "geometry": { "type": "Polygon", "coordinates": [ [ [ 15316739.860691461712122, 4214685.309264224953949 ], [ 15306930.424170184880495, 4231675.751712696626782 ], [ 15287311.551127634942532, 4231675.751712696626782 ], [ 15277502.114606358110905, 4214685.309264224953949 ], [ 15287311.551127634942532, 4197694.866815753281116 ], [ 15306930.424170184880495, 4197694.866815753281116 ], [ 15316739.860691461712122, 4214685.309264224953949 ] ] ] } },
{ "type": "Feature", "properties": { "pref_name": "岐阜県" }, "geometry": { "type": "Polygon", "coordinates": [ [ [ 15316739.860691461712122, 4248666.194161168299615 ], [ 15306930.424170184880495, 4265656.636609639972448 ], [ 15287311.551127634942532, 4265656.636609639972448 ], [ 15277502.114606358110905, 4248666.194161168299615 ], [ 15287311.551127634942532, 4231675.751712696626782 ], [ 15306930.424170184880495, 4231675.751712696626782 ], [ 15316739.860691461712122, 4248666.194161168299615 ] ] ] } },
{ "type": "Feature", "properties": { "pref_name": "長野県" }, "geometry": { "type": "Polygon", "coordinates": [ [ [ 15316739.860691461712122, 4282647.079058109782636 ], [ 15306930.424170184880495, 4299637.521506581455469 ], [ 15287311.551127634942532, 4299637.521506581455469 ], [ 15277502.114606358110905, 4282647.079058109782636 ], [ 15287311.551127634942532, 4265656.636609638109803 ], [ 15306930.424170184880495, 4265656.636609638109803 ], [ 15316739.860691461712122, 4282647.079058109782636 ] ] ] } },
{ "type": "Feature", "properties": { "pref_name": "岐阜県" }, "geometry": { "type": "Polygon", "coordinates": [ [ [ 15316739.860691461712122, 4316627.963955053128302 ], [ 15306930.424170184880495, 4333618.406403524801135 ], [ 15287311.551127634942532, 4333618.406403524801135 ], [ 15277502.114606358110905, 4316627.963955053128302 ], [ 15287311.551127634942532, 4299637.521506581455469 ], [ 15306930.424170184880495, 4299637.521506581455469 ], [ 15316739.860691461712122, 4316627.963955053128302 ] ] ] } },
{ "type": "Feature", "properties": { "pref_name": "岐阜県" }, "geometry": { "type": "Polygon", "coordinates": [ [ [ 15316739.860691461712122, 4350608.848851994611323 ], [ 15306930.424170184880495, 4367599.291300466284156 ], [ 15287311.551127634942532, 4367599.291300466284156 ], [ 15277502.114606358110905, 4350608.848851994611323 ], [ 15287311.551127634942532, 4333618.40640352293849 ], [ 15306930.424170184880495, 4333618.40640352293849 ], [ 15316739.860691461712122, 4350608.848851994611323 ] ] ] } },
{ "type": "Feature", "properties": { "pref_name": "富山県" }, "geometry": { "type": "Polygon", "coordinates": [ [ [ 15316739.860691461712122, 4384589.733748937956989 ], [ 15306930.424170184880495, 4401580.176197409629822 ], [ 15287311.551127634942532, 4401580.176197409629822 ], [ 15277502.114606358110905, 4384589.733748937956989 ], [ 15287311.551127634942532, 4367599.291300466284156 ], [ 15306930.424170184880495, 4367599.291300466284156 ], [ 15316739.860691461712122, 4384589.733748937956989 ] ] ] } },
{ "type": "Feature", "properties": { "pref_name": "富山県" }, "geometry": { "type": "Polygon", "coordinates": [ [ [ 15316739.860691461712122, 4418570.61864587944001 ], [ 15306930.424170184880495, 4435561.061094351112843 ], [ 15287311.551127634942532, 4435561.061094351112843 ], [ 15277502.114606358110905, 4418570.61864587944001 ], [ 15287311.551127634942532, 4401580.176197407767177 ], [ 15306930.424170184880495, 4401580.176197407767177 ], [ 15316739.860691461712122, 4418570.61864587944001 ] ] ] } },
{ "type": "Feature", "properties": { "pref_name": "静岡県" }, "geometry": { "type": "Polygon", "coordinates": [ [ [ 15346168.170255288481712, 4129733.097021868918091 ], [ 15336358.733734011650085, 4146723.539470340125263 ], [ 15316739.860691461712122, 4146723.539470340125263 ], [ 15306930.424170184880495, 4129733.097021868918091 ], [ 15316739.860691461712122, 4112742.654573397710919 ], [ 15336358.733734011650085, 4112742.654573397710919 ], [ 15346168.170255288481712, 4129733.097021868918091 ] ] ] } },
{ "type": "Feature", "properties": { "pref_name": "愛知県" }, "geometry": { "type": "Polygon", "coordinates": [ [ [ 15346168.170255288481712, 4163713.981918811332434 ], [ 15336358.733734011650085, 4180704.424367282539606 ], [ 15316739.860691461712122, 4180704.424367282539606 ], [ 15306930.424170184880495, 4163713.981918811332434 ], [ 15316739.860691461712122, 4146723.539470340125263 ], [ 15336358.733734011650085, 4146723.539470340125263 ], [ 15346168.170255288481712, 4163713.981918811332434 ] ] ] } },
{ "type": "Feature", "properties": { "pref_name": "長野県" }, "geometry": { "type": "Polygon", "coordinates": [ [ [ 15346168.170255288481712, 4197694.866815753281116 ], [ 15336358.733734011650085, 4214685.309264224953949 ], [ 15316739.860691461712122, 4214685.309264224953949 ], [ 15306930.424170184880495, 4197694.866815753281116 ], [ 15316739.860691461712122, 4180704.424367282073945 ], [ 15336358.733734011650085, 4180704.424367282073945 ], [ 15346168.170255288481712, 4197694.866815753281116 ] ] ] } },
{ "type": "Feature", "properties": { "pref_name": "長野県" }, "geometry": { "type": "Polygon", "coordinates": [ [ [ 15346168.170255288481712, 4231675.751712696626782 ], [ 15336358.733734011650085, 4248666.194161168299615 ], [ 15316739.860691461712122, 4248666.194161168299615 ], [ 15306930.424170184880495, 4231675.751712696626782 ], [ 15316739.860691461712122, 4214685.309264224953949 ], [ 15336358.733734011650085, 4214685.309264224953949 ], [ 15346168.170255288481712, 4231675.751712696626782 ] ] ] } },
{ "type": "Feature", "properties": { "pref_name": "長野県" }, "geometry": { "type": "Polygon", "coordinates": [ [ [ 15346168.170255288481712, 4265656.636609638109803 ], [ 15336358.733734011650085, 4282647.079058109782636 ], [ 15316739.860691461712122, 4282647.079058109782636 ], [ 15306930.424170184880495, 4265656.636609638109803 ], [ 15316739.860691461712122, 4248666.19416116643697 ], [ 15336358.733734011650085, 4248666.19416116643697 ], [ 15346168.170255288481712, 4265656.636609638109803 ] ] ] } },
{ "type": "Feature", "properties": { "pref_name": "長野県" }, "geometry": { "type": "Polygon", "coordinates": [ [ [ 15346168.170255288481712, 4299637.521506581455469 ], [ 15336358.733734011650085, 4316627.963955053128302 ], [ 15316739.860691461712122, 4316627.963955053128302 ], [ 15306930.424170184880495, 4299637.521506581455469 ], [ 15316739.860691461712122, 4282647.079058109782636 ], [ 15336358.733734011650085, 4282647.079058109782636 ], [ 15346168.170255288481712, 4299637.521506581455469 ] ] ] } },
{ "type": "Feature", "properties": { "pref_name": "長野県" }, "geometry": { "type": "Polygon", "coordinates": [ [ [ 15346168.170255288481712, 4333618.40640352293849 ], [ 15336358.733734011650085, 4350608.848851994611323 ], [ 15316739.860691461712122, 4350608.848851994611323 ], [ 15306930.424170184880495, 4333618.40640352293849 ], [ 15316739.860691461712122, 4316627.963955051265657 ], [ 15336358.733734011650085, 4316627.963955051265657 ], [ 15346168.170255288481712, 4333618.40640352293849 ] ] ] } },
{ "type": "Feature", "properties": { "pref_name": "長野県" }, "geometry": { "type": "Polygon", "coordinates": [ [ [ 15346168.170255288481712, 4367599.291300466284156 ], [ 15336358.733734011650085, 4384589.733748937956989 ], [ 15316739.860691461712122, 4384589.733748937956989 ], [ 15306930.424170184880495, 4367599.291300466284156 ], [ 15316739.860691461712122, 4350608.848851994611323 ], [ 15336358.733734011650085, 4350608.848851994611323 ], [ 15346168.170255288481712, 4367599.291300466284156 ] ] ] } },
{ "type": "Feature", "properties": { "pref_name": "富山県" }, "geometry": { "type": "Polygon", "coordinates": [ [ [ 15346168.170255288481712, 4401580.176197407767177 ], [ 15336358.733734011650085, 4418570.61864587944001 ], [ 15316739.860691461712122, 4418570.61864587944001 ], [ 15306930.424170184880495, 4401580.176197407767177 ], [ 15316739.860691461712122, 4384589.733748936094344 ], [ 15336358.733734011650085, 4384589.733748936094344 ], [ 15346168.170255288481712, 4401580.176197407767177 ] ] ] } },
{ "type": "Feature", "properties": { "pref_name": "新潟県" }, "geometry": { "type": "Polygon", "coordinates": [ [ [ 15346168.170255288481712, 4435561.061094351112843 ], [ 15336358.733734011650085, 4452551.503542822785676 ], [ 15316739.860691461712122, 4452551.503542822785676 ], [ 15306930.424170184880495, 4435561.061094351112843 ], [ 15316739.860691461712122, 4418570.61864587944001 ], [ 15336358.733734011650085, 4418570.61864587944001 ], [ 15346168.170255288481712, 4435561.061094351112843 ] ] ] } },
{ "type": "Feature", "properties": { "pref_name": "静岡県" }, "geometry": { "type": "Polygon", "coordinates": [ [ [ 15375596.479819115251303, 4146723.539470340125263 ], [ 15365787.043297838419676, 4163713.981918811332434 ], [ 15346168.170255288481712, 4163713.981918811332434 ], [ 15336358.733734011650085, 4146723.539470340125263 ], [ 15346168.170255288481712, 4129733.097021868918091 ], [ 15365787.043297838419676, 4129733.097021868918091 ], [ 15375596.479819115251303, 4146723.539470340125263 ] ] ] } },
{ "type": "Feature", "properties": { "pref_name": "静岡県" }, "geometry": { "type": "Polygon", "coordinates": [ [ [ 15375596.479819115251303, 4180704.424367282539606 ], [ 15365787.043297838419676, 4197694.866815754212439 ], [ 15346168.170255288481712, 4197694.866815754212439 ], [ 15336358.733734011650085, 4180704.424367282539606 ], [ 15346168.170255288481712, 4163713.981918811332434 ], [ 15365787.043297838419676, 4163713.981918811332434 ], [ 15375596.479819115251303, 4180704.424367282539606 ] ] ] } },
{ "type": "Feature", "properties": { "pref_name": "長野県" }, "geometry": { "type": "Polygon", "coordinates": [ [ [ 15375596.479819115251303, 4214685.309264224953949 ], [ 15365787.043297838419676, 4231675.751712696626782 ], [ 15346168.170255288481712, 4231675.751712696626782 ], [ 15336358.733734011650085, 4214685.309264224953949 ], [ 15346168.170255288481712, 4197694.866815753281116 ], [ 15365787.043297838419676, 4197694.866815753281116 ], [ 15375596.479819115251303, 4214685.309264224953949 ] ] ] } },
{ "type": "Feature", "properties": { "pref_name": "長野県" }, "geometry": { "type": "Polygon", "coordinates": [ [ [ 15375596.479819115251303, 4248666.194161168299615 ], [ 15365787.043297838419676, 4265656.636609639972448 ], [ 15346168.170255288481712, 4265656.636609639972448 ], [ 15336358.733734011650085, 4248666.194161168299615 ], [ 15346168.170255288481712, 4231675.751712696626782 ], [ 15365787.043297838419676, 4231675.751712696626782 ], [ 15375596.479819115251303, 4248666.194161168299615 ] ] ] } },
{ "type": "Feature", "properties": { "pref_name": "長野県" }, "geometry": { "type": "Polygon", "coordinates": [ [ [ 15375596.479819115251303, 4282647.079058109782636 ], [ 15365787.043297838419676, 4299637.521506581455469 ], [ 15346168.170255288481712, 4299637.521506581455469 ], [ 15336358.733734011650085, 4282647.079058109782636 ], [ 15346168.170255288481712, 4265656.636609638109803 ], [ 15365787.043297838419676, 4265656.636609638109803 ], [ 15375596.479819115251303, 4282647.079058109782636 ] ] ] } },
{ "type": "Feature", "properties": { "pref_name": "長野県" }, "geometry": { "type": "Polygon", "coordinates": [ [ [ 15375596.479819115251303, 4316627.963955053128302 ], [ 15365787.043297838419676, 4333618.406403524801135 ], [ 15346168.170255288481712, 4333618.406403524801135 ], [ 15336358.733734011650085, 4316627.963955053128302 ], [ 15346168.170255288481712, 4299637.521506581455469 ], [ 15365787.043297838419676, 4299637.521506581455469 ], [ 15375596.479819115251303, 4316627.963955053128302 ] ] ] } },
{ "type": "Feature", "properties": { "pref_name": "長野県" }, "geometry": { "type": "Polygon", "coordinates": [ [ [ 15375596.479819115251303, 4350608.848851994611323 ], [ 15365787.043297838419676, 4367599.291300466284156 ], [ 15346168.170255288481712, 4367599.291300466284156 ], [ 15336358.733734011650085, 4350608.848851994611323 ], [ 15346168.170255288481712, 4333618.40640352293849 ], [ 15365787.043297838419676, 4333618.40640352293849 ], [ 15375596.479819115251303, 4350608.848851994611323 ] ] ] } },
{ "type": "Feature", "properties": { "pref_name": "長野県" }, "geometry": { "type": "Polygon", "coordinates": [ [ [ 15375596.479819115251303, 4384589.733748937956989 ], [ 15365787.043297838419676, 4401580.176197409629822 ], [ 15346168.170255288481712, 4401580.176197409629822 ], [ 15336358.733734011650085, 4384589.733748937956989 ], [ 15346168.170255288481712, 4367599.291300466284156 ], [ 15365787.043297838419676, 4367599.291300466284156 ], [ 15375596.479819115251303, 4384589.733748937956989 ] ] ] } },
{ "type": "Feature", "properties": { "pref_name": "長野県" }, "geometry": { "type": "Polygon", "coordinates": [ [ [ 15375596.479819115251303, 4418570.61864587944001 ], [ 15365787.043297838419676, 4435561.061094351112843 ], [ 15346168.170255288481712, 4435561.061094351112843 ], [ 15336358.733734011650085, 4418570.61864587944001 ], [ 15346168.170255288481712, 4401580.176197407767177 ], [ 15365787.043297838419676, 4401580.176197407767177 ], [ 15375596.479819115251303, 4418570.61864587944001 ] ] ] } },
{ "type": "Feature", "properties": { "pref_name": "静岡県" }, "geometry": { "type": "Polygon", "coordinates": [ [ [ 15405024.789382942020893, 4129733.097021868918091 ], [ 15395215.352861665189266, 4146723.539470340125263 ], [ 15375596.479819115251303, 4146723.539470340125263 ], [ 15365787.043297838419676, 4129733.097021868918091 ], [ 15375596.479819115251303, 4112742.654573397710919 ], [ 15395215.352861665189266, 4112742.654573397710919 ], [ 15405024.789382942020893, 4129733.097021868918091 ] ] ] } },
{ "type": "Feature", "properties": { "pref_name": "静岡県" }, "geometry": { "type": "Polygon", "coordinates": [ [ [ 15405024.789382942020893, 4163713.981918811332434 ], [ 15395215.352861665189266, 4180704.424367282539606 ], [ 15375596.479819115251303, 4180704.424367282539606 ], [ 15365787.043297838419676, 4163713.981918811332434 ], [ 15375596.479819115251303, 4146723.539470340125263 ], [ 15395215.352861665189266, 4146723.539470340125263 ], [ 15405024.789382942020893, 4163713.981918811332434 ] ] ] } },
{ "type": "Feature", "properties": { "pref_name": "静岡県" }, "geometry": { "type": "Polygon", "coordinates": [ [ [ 15405024.789382942020893, 4197694.866815753281116 ], [ 15395215.352861665189266, 4214685.309264224953949 ], [ 15375596.479819115251303, 4214685.309264224953949 ], [ 15365787.043297838419676, 4197694.866815753281116 ], [ 15375596.479819115251303, 4180704.424367282073945 ], [ 15395215.352861665189266, 4180704.424367282073945 ], [ 15405024.789382942020893, 4197694.866815753281116 ] ] ] } },
{ "type": "Feature", "properties": { "pref_name": "静岡県" }, "geometry": { "type": "Polygon", "coordinates": [ [ [ 15405024.789382942020893, 4231675.751712696626782 ], [ 15395215.352861665189266, 4248666.194161168299615 ], [ 15375596.479819115251303, 4248666.194161168299615 ], [ 15365787.043297838419676, 4231675.751712696626782 ], [ 15375596.479819115251303, 4214685.309264224953949 ], [ 15395215.352861665189266, 4214685.309264224953949 ], [ 15405024.789382942020893, 4231675.751712696626782 ] ] ] } },
{ "type": "Feature", "properties": { "pref_name": "長野県" }, "geometry": { "type": "Polygon", "coordinates": [ [ [ 15405024.789382942020893, 4265656.636609638109803 ], [ 15395215.352861665189266, 4282647.079058109782636 ], [ 15375596.479819115251303, 4282647.079058109782636 ], [ 15365787.043297838419676, 4265656.636609638109803 ], [ 15375596.479819115251303, 4248666.19416116643697 ], [ 15395215.352861665189266, 4248666.19416116643697 ], [ 15405024.789382942020893, 4265656.636609638109803 ] ] ] } },
{ "type": "Feature", "properties": { "pref_name": "長野県" }, "geometry": { "type": "Polygon", "coordinates": [ [ [ 15405024.789382942020893, 4299637.521506581455469 ], [ 15395215.352861665189266, 4316627.963955053128302 ], [ 15375596.479819115251303, 4316627.963955053128302 ], [ 15365787.043297838419676, 4299637.521506581455469 ], [ 15375596.479819115251303, 4282647.079058109782636 ], [ 15395215.352861665189266, 4282647.079058109782636 ], [ 15405024.789382942020893, 4299637.521506581455469 ] ] ] } },
{ "type": "Feature", "properties": { "pref_name": "長野県" }, "geometry": { "type": "Polygon", "coordinates": [ [ [ 15405024.789382942020893, 4333618.40640352293849 ], [ 15395215.352861665189266, 4350608.848851994611323 ], [ 15375596.479819115251303, 4350608.848851994611323 ], [ 15365787.043297838419676, 4333618.40640352293849 ], [ 15375596.479819115251303, 4316627.963955051265657 ], [ 15395215.352861665189266, 4316627.963955051265657 ], [ 15405024.789382942020893, 4333618.40640352293849 ] ] ] } },
{ "type": "Feature", "properties": { "pref_name": "長野県" }, "geometry": { "type": "Polygon", "coordinates": [ [ [ 15405024.789382942020893, 4367599.291300466284156 ], [ 15395215.352861665189266, 4384589.733748937956989 ], [ 15375596.479819115251303, 4384589.733748937956989 ], [ 15365787.043297838419676, 4367599.291300466284156 ], [ 15375596.479819115251303, 4350608.848851994611323 ], [ 15395215.352861665189266, 4350608.848851994611323 ], [ 15405024.789382942020893, 4367599.291300466284156 ] ] ] } },
{ "type": "Feature", "properties": { "pref_name": "長野県" }, "geometry": { "type": "Polygon", "coordinates": [ [ [ 15405024.789382942020893, 4401580.176197407767177 ], [ 15395215.352861665189266, 4418570.61864587944001 ], [ 15375596.479819115251303, 4418570.61864587944001 ], [ 15365787.043297838419676, 4401580.176197407767177 ], [ 15375596.479819115251303, 4384589.733748936094344 ], [ 15395215.352861665189266, 4384589.733748936094344 ], [ 15405024.789382942020893, 4401580.176197407767177 ] ] ] } },
{ "type": "Feature", "properties": { "pref_name": "新潟県" }, "geometry": { "type": "Polygon", "coordinates": [ [ [ 15405024.789382942020893, 4435561.061094351112843 ], [ 15395215.352861665189266, 4452551.503542822785676 ], [ 15375596.479819115251303, 4452551.503542822785676 ], [ 15365787.043297838419676, 4435561.061094351112843 ], [ 15375596.479819115251303, 4418570.61864587944001 ], [ 15395215.352861665189266, 4418570.61864587944001 ], [ 15405024.789382942020893, 4435561.061094351112843 ] ] ] } },
{ "type": "Feature", "properties": { "pref_name": "静岡県" }, "geometry": { "type": "Polygon", "coordinates": [ [ [ 15434453.098946768790483, 4180704.424367282539606 ], [ 15424643.662425491958857, 4197694.866815754212439 ], [ 15405024.789382942020893, 4197694.866815754212439 ], [ 15395215.352861665189266, 4180704.424367282539606 ], [ 15405024.789382942020893, 4163713.981918811332434 ], [ 15424643.662425491958857, 4163713.981918811332434 ], [ 15434453.098946768790483, 4180704.424367282539606 ] ] ] } },
{ "type": "Feature", "properties": { "pref_name": "山梨県" }, "geometry": { "type": "Polygon", "coordinates": [ [ [ 15434453.098946768790483, 4214685.309264224953949 ], [ 15424643.662425491958857, 4231675.751712696626782 ], [ 15405024.789382942020893, 4231675.751712696626782 ], [ 15395215.352861665189266, 4214685.309264224953949 ], [ 15405024.789382942020893, 4197694.866815753281116 ], [ 15424643.662425491958857, 4197694.866815753281116 ], [ 15434453.098946768790483, 4214685.309264224953949 ] ] ] } },
{ "type": "Feature", "properties": { "pref_name": "山梨県" }, "geometry": { "type": "Polygon", "coordinates": [ [ [ 15434453.098946768790483, 4248666.194161168299615 ], [ 15424643.662425491958857, 4265656.636609639972448 ], [ 15405024.789382942020893, 4265656.636609639972448 ], [ 15395215.352861665189266, 4248666.194161168299615 ], [ 15405024.789382942020893, 4231675.751712696626782 ], [ 15424643.662425491958857, 4231675.751712696626782 ], [ 15434453.098946768790483, 4248666.194161168299615 ] ] ] } },
{ "type": "Feature", "properties": { "pref_name": "山梨県" }, "geometry": { "type": "Polygon", "coordinates": [ [ [ 15434453.098946768790483, 4282647.079058109782636 ], [ 15424643.662425491958857, 4299637.521506581455469 ], [ 15405024.789382942020893, 4299637.521506581455469 ], [ 15395215.352861665189266, 4282647.079058109782636 ], [ 15405024.789382942020893, 4265656.636609638109803 ], [ 15424643.662425491958857, 4265656.636609638109803 ], [ 15434453.098946768790483, 4282647.079058109782636 ] ] ] } },
{ "type": "Feature", "properties": { "pref_name": "長野県" }, "geometry": { "type": "Polygon", "coordinates": [ [ [ 15434453.098946768790483, 4316627.963955053128302 ], [ 15424643.662425491958857, 4333618.406403524801135 ], [ 15405024.789382942020893, 4333618.406403524801135 ], [ 15395215.352861665189266, 4316627.963955053128302 ], [ 15405024.789382942020893, 4299637.521506581455469 ], [ 15424643.662425491958857, 4299637.521506581455469 ], [ 15434453.098946768790483, 4316627.963955053128302 ] ] ] } },
{ "type": "Feature", "properties": { "pref_name": "長野県" }, "geometry": { "type": "Polygon", "coordinates": [ [ [ 15434453.098946768790483, 4350608.848851994611323 ], [ 15424643.662425491958857, 4367599.291300466284156 ], [ 15405024.789382942020893, 4367599.291300466284156 ], [ 15395215.352861665189266, 4350608.848851994611323 ], [ 15405024.789382942020893, 4333618.40640352293849 ], [ 15424643.662425491958857, 4333618.40640352293849 ], [ 15434453.098946768790483, 4350608.848851994611323 ] ] ] } },
{ "type": "Feature", "properties": { "pref_name": "群馬県" }, "geometry": { "type": "Polygon", "coordinates": [ [ [ 15434453.098946768790483, 4384589.733748937956989 ], [ 15424643.662425491958857, 4401580.176197409629822 ], [ 15405024.789382942020893, 4401580.176197409629822 ], [ 15395215.352861665189266, 4384589.733748937956989 ], [ 15405024.789382942020893, 4367599.291300466284156 ], [ 15424643.662425491958857, 4367599.291300466284156 ], [ 15434453.098946768790483, 4384589.733748937956989 ] ] ] } },
{ "type": "Feature", "properties": { "pref_name": "長野県" }, "geometry": { "type": "Polygon", "coordinates": [ [ [ 15434453.098946768790483, 4418570.61864587944001 ], [ 15424643.662425491958857, 4435561.061094351112843 ], [ 15405024.789382942020893, 4435561.061094351112843 ], [ 15395215.352861665189266, 4418570.61864587944001 ], [ 15405024.789382942020893, 4401580.176197407767177 ], [ 15424643.662425491958857, 4401580.176197407767177 ], [ 15434453.098946768790483, 4418570.61864587944001 ] ] ] } },
{ "type": "Feature", "properties": { "pref_name": "新潟県" }, "geometry": { "type": "Polygon", "coordinates": [ [ [ 15434453.098946768790483, 4452551.503542822785676 ], [ 15424643.662425491958857, 4469541.945991294458508 ], [ 15405024.789382942020893, 4469541.945991294458508 ], [ 15395215.352861665189266, 4452551.503542822785676 ], [ 15405024.789382942020893, 4435561.061094351112843 ], [ 15424643.662425491958857, 4435561.061094351112843 ], [ 15434453.098946768790483, 4452551.503542822785676 ] ] ] } },
{ "type": "Feature", "properties": { "pref_name": "静岡県" }, "geometry": { "type": "Polygon", "coordinates": [ [ [ 15463881.408510595560074, 4197694.866815753281116 ], [ 15454071.971989318728447, 4214685.309264224953949 ], [ 15434453.098946768790483, 4214685.309264224953949 ], [ 15424643.662425491958857, 4197694.866815753281116 ], [ 15434453.098946768790483, 4180704.424367282073945 ], [ 15454071.971989318728447, 4180704.424367282073945 ], [ 15463881.408510595560074, 4197694.866815753281116 ] ] ] } },
{ "type": "Feature", "properties": { "pref_name": "山梨県" }, "geometry": { "type": "Polygon", "coordinates": [ [ [ 15463881.408510595560074, 4231675.751712696626782 ], [ 15454071.971989318728447, 4248666.194161168299615 ], [ 15434453.098946768790483, 4248666.194161168299615 ], [ 15424643.662425491958857, 4231675.751712696626782 ], [ 15434453.098946768790483, 4214685.309264224953949 ], [ 15454071.971989318728447, 4214685.309264224953949 ], [ 15463881.408510595560074, 4231675.751712696626782 ] ] ] } },
{ "type": "Feature", "properties": { "pref_name": "山梨県" }, "geometry": { "type": "Polygon", "coordinates": [ [ [ 15463881.408510595560074, 4265656.636609638109803 ], [ 15454071.971989318728447, 4282647.079058109782636 ], [ 15434453.098946768790483, 4282647.079058109782636 ], [ 15424643.662425491958857, 4265656.636609638109803 ], [ 15434453.098946768790483, 4248666.19416116643697 ], [ 15454071.971989318728447, 4248666.19416116643697 ], [ 15463881.408510595560074, 4265656.636609638109803 ] ] ] } },
{ "type": "Feature", "properties": { "pref_name": "埼玉県" }, "geometry": { "type": "Polygon", "coordinates": [ [ [ 15463881.408510595560074, 4299637.521506581455469 ], [ 15454071.971989318728447, 4316627.963955053128302 ], [ 15434453.098946768790483, 4316627.963955053128302 ], [ 15424643.662425491958857, 4299637.521506581455469 ], [ 15434453.098946768790483, 4282647.079058109782636 ], [ 15454071.971989318728447, 4282647.079058109782636 ], [ 15463881.408510595560074, 4299637.521506581455469 ] ] ] } },
{ "type": "Feature", "properties": { "pref_name": "群馬県" }, "geometry": { "type": "Polygon", "coordinates": [ [ [ 15463881.408510595560074, 4333618.40640352293849 ], [ 15454071.971989318728447, 4350608.848851994611323 ], [ 15434453.098946768790483, 4350608.848851994611323 ], [ 15424643.662425491958857, 4333618.40640352293849 ], [ 15434453.098946768790483, 4316627.963955051265657 ], [ 15454071.971989318728447, 4316627.963955051265657 ], [ 15463881.408510595560074, 4333618.40640352293849 ] ] ] } },
{ "type": "Feature", "properties": { "pref_name": "群馬県" }, "geometry": { "type": "Polygon", "coordinates": [ [ [ 15463881.408510595560074, 4367599.291300466284156 ], [ 15454071.971989318728447, 4384589.733748937956989 ], [ 15434453.098946768790483, 4384589.733748937956989 ], [ 15424643.662425491958857, 4367599.291300466284156 ], [ 15434453.098946768790483, 4350608.848851994611323 ], [ 15454071.971989318728447, 4350608.848851994611323 ], [ 15463881.408510595560074, 4367599.291300466284156 ] ] ] } },
{ "type": "Feature", "properties": { "pref_name": "群馬県" }, "geometry": { "type": "Polygon", "coordinates": [ [ [ 15463881.408510595560074, 4401580.176197407767177 ], [ 15454071.971989318728447, 4418570.61864587944001 ], [ 15434453.098946768790483, 4418570.61864587944001 ], [ 15424643.662425491958857, 4401580.176197407767177 ], [ 15434453.098946768790483, 4384589.733748936094344 ], [ 15454071.971989318728447, 4384589.733748936094344 ], [ 15463881.408510595560074, 4401580.176197407767177 ] ] ] } },
{ "type": "Feature", "properties": { "pref_name": "新潟県" }, "geometry": { "type": "Polygon", "coordinates": [ [ [ 15463881.408510595560074, 4435561.061094351112843 ], [ 15454071.971989318728447, 4452551.503542822785676 ], [ 15434453.098946768790483, 4452551.503542822785676 ], [ 15424643.662425491958857, 4435561.061094351112843 ], [ 15434453.098946768790483, 4418570.61864587944001 ], [ 15454071.971989318728447, 4418570.61864587944001 ], [ 15463881.408510595560074, 4435561.061094351112843 ] ] ] } },
{ "type": "Feature", "properties": { "pref_name": "新潟県" }, "geometry": { "type": "Polygon", "coordinates": [ [ [ 15463881.408510595560074, 4469541.945991292595863 ], [ 15454071.971989318728447, 4486532.388439764268696 ], [ 15434453.098946768790483, 4486532.388439764268696 ], [ 15424643.662425491958857, 4469541.945991292595863 ], [ 15434453.098946768790483, 4452551.50354282092303 ], [ 15454071.971989318728447, 4452551.50354282092303 ], [ 15463881.408510595560074, 4469541.945991292595863 ] ] ] } },
{ "type": "Feature", "properties": { "pref_name": "新潟県" }, "geometry": { "type": "Polygon", "coordinates": [ [ [ 15463881.408510595560074, 4503522.830888235941529 ], [ 15454071.971989318728447, 4520513.273336707614362 ], [ 15434453.098946768790483, 4520513.273336707614362 ], [ 15424643.662425491958857, 4503522.830888235941529 ], [ 15434453.098946768790483, 4486532.388439764268696 ], [ 15454071.971989318728447, 4486532.388439764268696 ], [ 15463881.408510595560074, 4503522.830888235941529 ] ] ] } },
{ "type": "Feature", "properties": { "pref_name": "静岡県" }, "geometry": { "type": "Polygon", "coordinates": [ [ [ 15493309.718074422329664, 4146723.539470340125263 ], [ 15483500.281553145498037, 4163713.981918811332434 ], [ 15463881.408510595560074, 4163713.981918811332434 ], [ 15454071.971989318728447, 4146723.539470340125263 ], [ 15463881.408510595560074, 4129733.097021868918091 ], [ 15483500.281553145498037, 4129733.097021868918091 ], [ 15493309.718074422329664, 4146723.539470340125263 ] ] ] } },
{ "type": "Feature", "properties": { "pref_name": "静岡県" }, "geometry": { "type": "Polygon", "coordinates": [ [ [ 15493309.718074422329664, 4180704.424367282539606 ], [ 15483500.281553145498037, 4197694.866815754212439 ], [ 15463881.408510595560074, 4197694.866815754212439 ], [ 15454071.971989318728447, 4180704.424367282539606 ], [ 15463881.408510595560074, 4163713.981918811332434 ], [ 15483500.281553145498037, 4163713.981918811332434 ], [ 15493309.718074422329664, 4180704.424367282539606 ] ] ] } },
{ "type": "Feature", "properties": { "pref_name": "静岡県" }, "geometry": { "type": "Polygon", "coordinates": [ [ [ 15493309.718074422329664, 4214685.309264224953949 ], [ 15483500.281553145498037, 4231675.751712696626782 ], [ 15463881.408510595560074, 4231675.751712696626782 ], [ 15454071.971989318728447, 4214685.309264224953949 ], [ 15463881.408510595560074, 4197694.866815753281116 ], [ 15483500.281553145498037, 4197694.866815753281116 ], [ 15493309.718074422329664, 4214685.309264224953949 ] ] ] } },
{ "type": "Feature", "properties": { "pref_name": "山梨県" }, "geometry": { "type": "Polygon", "coordinates": [ [ [ 15493309.718074422329664, 4248666.194161168299615 ], [ 15483500.281553145498037, 4265656.636609639972448 ], [ 15463881.408510595560074, 4265656.636609639972448 ], [ 15454071.971989318728447, 4248666.194161168299615 ], [ 15463881.408510595560074, 4231675.751712696626782 ], [ 15483500.281553145498037, 4231675.751712696626782 ], [ 15493309.718074422329664, 4248666.194161168299615 ] ] ] } },
{ "type": "Feature", "properties": { "pref_name": "東京都" }, "geometry": { "type": "Polygon", "coordinates": [ [ [ 15493309.718074422329664, 4282647.079058109782636 ], [ 15483500.281553145498037, 4299637.521506581455469 ], [ 15463881.408510595560074, 4299637.521506581455469 ], [ 15454071.971989318728447, 4282647.079058109782636 ], [ 15463881.408510595560074, 4265656.636609638109803 ], [ 15483500.281553145498037, 4265656.636609638109803 ], [ 15493309.718074422329664, 4282647.079058109782636 ] ] ] } },
{ "type": "Feature", "properties": { "pref_name": "埼玉県" }, "geometry": { "type": "Polygon", "coordinates": [ [ [ 15493309.718074422329664, 4316627.963955053128302 ], [ 15483500.281553145498037, 4333618.406403524801135 ], [ 15463881.408510595560074, 4333618.406403524801135 ], [ 15454071.971989318728447, 4316627.963955053128302 ], [ 15463881.408510595560074, 4299637.521506581455469 ], [ 15483500.281553145498037, 4299637.521506581455469 ], [ 15493309.718074422329664, 4316627.963955053128302 ] ] ] } },
{ "type": "Feature", "properties": { "pref_name": "群馬県" }, "geometry": { "type": "Polygon", "coordinates": [ [ [ 15493309.718074422329664, 4350608.848851994611323 ], [ 15483500.281553145498037, 4367599.291300466284156 ], [ 15463881.408510595560074, 4367599.291300466284156 ], [ 15454071.971989318728447, 4350608.848851994611323 ], [ 15463881.408510595560074, 4333618.40640352293849 ], [ 15483500.281553145498037, 4333618.40640352293849 ], [ 15493309.718074422329664, 4350608.848851994611323 ] ] ] } },
{ "type": "Feature", "properties": { "pref_name": "群馬県" }, "geometry": { "type": "Polygon", "coordinates": [ [ [ 15493309.718074422329664, 4384589.733748937956989 ], [ 15483500.281553145498037, 4401580.176197409629822 ], [ 15463881.408510595560074, 4401580.176197409629822 ], [ 15454071.971989318728447, 4384589.733748937956989 ], [ 15463881.408510595560074, 4367599.291300466284156 ], [ 15483500.281553145498037, 4367599.291300466284156 ], [ 15493309.718074422329664, 4384589.733748937956989 ] ] ] } },
{ "type": "Feature", "properties": { "pref_name": "群馬県" }, "geometry": { "type": "Polygon", "coordinates": [ [ [ 15493309.718074422329664, 4418570.61864587944001 ], [ 15483500.281553145498037, 4435561.061094351112843 ], [ 15463881.408510595560074, 4435561.061094351112843 ], [ 15454071.971989318728447, 4418570.61864587944001 ], [ 15463881.408510595560074, 4401580.176197407767177 ], [ 15483500.281553145498037, 4401580.176197407767177 ], [ 15493309.718074422329664, 4418570.61864587944001 ] ] ] } },
{ "type": "Feature", "properties": { "pref_name": "新潟県" }, "geometry": { "type": "Polygon", "coordinates": [ [ [ 15493309.718074422329664, 4452551.503542822785676 ], [ 15483500.281553145498037, 4469541.945991294458508 ], [ 15463881.408510595560074, 4469541.945991294458508 ], [ 15454071.971989318728447, 4452551.503542822785676 ], [ 15463881.408510595560074, 4435561.061094351112843 ], [ 15483500.281553145498037, 4435561.061094351112843 ], [ 15493309.718074422329664, 4452551.503542822785676 ] ] ] } },
{ "type": "Feature", "properties": { "pref_name": "新潟県" }, "geometry": { "type": "Polygon", "coordinates": [ [ [ 15493309.718074422329664, 4486532.388439764268696 ], [ 15483500.281553145498037, 4503522.830888235941529 ], [ 15463881.408510595560074, 4503522.830888235941529 ], [ 15454071.971989318728447, 4486532.388439764268696 ], [ 15463881.408510595560074, 4469541.945991292595863 ], [ 15483500.281553145498037, 4469541.945991292595863 ], [ 15493309.718074422329664, 4486532.388439764268696 ] ] ] } },
{ "type": "Feature", "properties": { "pref_name": "新潟県" }, "geometry": { "type": "Polygon", "coordinates": [ [ [ 15493309.718074422329664, 4520513.273336707614362 ], [ 15483500.281553145498037, 4537503.715785179287195 ], [ 15463881.408510595560074, 4537503.715785179287195 ], [ 15454071.971989318728447, 4520513.273336707614362 ], [ 15463881.408510595560074, 4503522.830888235941529 ], [ 15483500.281553145498037, 4503522.830888235941529 ], [ 15493309.718074422329664, 4520513.273336707614362 ] ] ] } },
{ "type": "Feature", "properties": { "pref_name": "新潟県" }, "geometry": { "type": "Polygon", "coordinates": [ [ [ 15493309.718074422329664, 4554494.158233649097383 ], [ 15483500.281553145498037, 4571484.600682120770216 ], [ 15463881.408510595560074, 4571484.600682120770216 ], [ 15454071.971989318728447, 4554494.158233649097383 ], [ 15463881.408510595560074, 4537503.71578517742455 ], [ 15483500.281553145498037, 4537503.71578517742455 ], [ 15493309.718074422329664, 4554494.158233649097383 ] ] ] } },
{ "type": "Feature", "properties": { "pref_name": "神奈川県" }, "geometry": { "type": "Polygon", "coordinates": [ [ [ 15522738.027638249099255, 4231675.751712696626782 ], [ 15512928.591116972267628, 4248666.194161168299615 ], [ 15493309.718074422329664, 4248666.194161168299615 ], [ 15483500.281553145498037, 4231675.751712696626782 ], [ 15493309.718074422329664, 4214685.309264224953949 ], [ 15512928.591116972267628, 4214685.309264224953949 ], [ 15522738.027638249099255, 4231675.751712696626782 ] ] ] } },
{ "type": "Feature", "properties": { "pref_name": "東京都" }, "geometry": { "type": "Polygon", "coordinates": [ [ [ 15522738.027638249099255, 4265656.636609638109803 ], [ 15512928.591116972267628, 4282647.079058109782636 ], [ 15493309.718074422329664, 4282647.079058109782636 ], [ 15483500.281553145498037, 4265656.636609638109803 ], [ 15493309.718074422329664, 4248666.19416116643697 ], [ 15512928.591116972267628, 4248666.19416116643697 ], [ 15522738.027638249099255, 4265656.636609638109803 ] ] ] } },
{ "type": "Feature", "properties": { "pref_name": "埼玉県" }, "geometry": { "type": "Polygon", "coordinates": [ [ [ 15522738.027638249099255, 4299637.521506581455469 ], [ 15512928.591116972267628, 4316627.963955053128302 ], [ 15493309.718074422329664, 4316627.963955053128302 ], [ 15483500.281553145498037, 4299637.521506581455469 ], [ 15493309.718074422329664, 4282647.079058109782636 ], [ 15512928.591116972267628, 4282647.079058109782636 ], [ 15522738.027638249099255, 4299637.521506581455469 ] ] ] } },
{ "type": "Feature", "properties": { "pref_name": "埼玉県" }, "geometry": { "type": "Polygon", "coordinates": [ [ [ 15522738.027638249099255, 4333618.40640352293849 ], [ 15512928.591116972267628, 4350608.848851994611323 ], [ 15493309.718074422329664, 4350608.848851994611323 ], [ 15483500.281553145498037, 4333618.40640352293849 ], [ 15493309.718074422329664, 4316627.963955051265657 ], [ 15512928.591116972267628, 4316627.963955051265657 ], [ 15522738.027638249099255, 4333618.40640352293849 ] ] ] } },
{ "type": "Feature", "properties": { "pref_name": "群馬県" }, "geometry": { "type": "Polygon", "coordinates": [ [ [ 15522738.027638249099255, 4367599.291300466284156 ], [ 15512928.591116972267628, 4384589.733748937956989 ], [ 15493309.718074422329664, 4384589.733748937956989 ], [ 15483500.281553145498037, 4367599.291300466284156 ], [ 15493309.718074422329664, 4350608.848851994611323 ], [ 15512928.591116972267628, 4350608.848851994611323 ], [ 15522738.027638249099255, 4367599.291300466284156 ] ] ] } },
{ "type": "Feature", "properties": { "pref_name": "群馬県" }, "geometry": { "type": "Polygon", "coordinates": [ [ [ 15522738.027638249099255, 4401580.176197407767177 ], [ 15512928.591116972267628, 4418570.61864587944001 ], [ 15493309.718074422329664, 4418570.61864587944001 ], [ 15483500.281553145498037, 4401580.176197407767177 ], [ 15493309.718074422329664, 4384589.733748936094344 ], [ 15512928.591116972267628, 4384589.733748936094344 ], [ 15522738.027638249099255, 4401580.176197407767177 ] ] ] } },
{ "type": "Feature", "properties": { "pref_name": "福島県" }, "geometry": { "type": "Polygon", "coordinates": [ [ [ 15522738.027638249099255, 4435561.061094351112843 ], [ 15512928.591116972267628, 4452551.503542822785676 ], [ 15493309.718074422329664, 4452551.503542822785676 ], [ 15483500.281553145498037, 4435561.061094351112843 ], [ 15493309.718074422329664, 4418570.61864587944001 ], [ 15512928.591116972267628, 4418570.61864587944001 ], [ 15522738.027638249099255, 4435561.061094351112843 ] ] ] } },
{ "type": "Feature", "properties": { "pref_name": "福島県" }, "geometry": { "type": "Polygon", "coordinates": [ [ [ 15522738.027638249099255, 4469541.945991292595863 ], [ 15512928.591116972267628, 4486532.388439764268696 ], [ 15493309.718074422329664, 4486532.388439764268696 ], [ 15483500.281553145498037, 4469541.945991292595863 ], [ 15493309.718074422329664, 4452551.50354282092303 ], [ 15512928.591116972267628, 4452551.50354282092303 ], [ 15522738.027638249099255, 4469541.945991292595863 ] ] ] } },
{ "type": "Feature", "properties": { "pref_name": "新潟県" }, "geometry": { "type": "Polygon", "coordinates": [ [ [ 15522738.027638249099255, 4503522.830888235941529 ], [ 15512928.591116972267628, 4520513.273336707614362 ], [ 15493309.718074422329664, 4520513.273336707614362 ], [ 15483500.281553145498037, 4503522.830888235941529 ], [ 15493309.718074422329664, 4486532.388439764268696 ], [ 15512928.591116972267628, 4486532.388439764268696 ], [ 15522738.027638249099255, 4503522.830888235941529 ] ] ] } },
{ "type": "Feature", "properties": { "pref_name": "新潟県" }, "geometry": { "type": "Polygon", "coordinates": [ [ [ 15522738.027638249099255, 4537503.71578517742455 ], [ 15512928.591116972267628, 4554494.158233649097383 ], [ 15493309.718074422329664, 4554494.158233649097383 ], [ 15483500.281553145498037, 4537503.71578517742455 ], [ 15493309.718074422329664, 4520513.273336705751717 ], [ 15512928.591116972267628, 4520513.273336705751717 ], [ 15522738.027638249099255, 4537503.71578517742455 ] ] ] } },
{ "type": "Feature", "properties": { "pref_name": "新潟県" }, "geometry": { "type": "Polygon", "coordinates": [ [ [ 15522738.027638249099255, 4571484.600682120770216 ], [ 15512928.591116972267628, 4588475.043130592443049 ], [ 15493309.718074422329664, 4588475.043130592443049 ], [ 15483500.281553145498037, 4571484.600682120770216 ], [ 15493309.718074422329664, 4554494.158233649097383 ], [ 15512928.591116972267628, 4554494.158233649097383 ], [ 15522738.027638249099255, 4571484.600682120770216 ] ] ] } },
{ "type": "Feature", "properties": { "pref_name": "神奈川県" }, "geometry": { "type": "Polygon", "coordinates": [ [ [ 15552166.337202075868845, 4214685.309264224953949 ], [ 15542356.900680799037218, 4231675.751712696626782 ], [ 15522738.027638249099255, 4231675.751712696626782 ], [ 15512928.591116972267628, 4214685.309264224953949 ], [ 15522738.027638249099255, 4197694.866815753281116 ], [ 15542356.900680799037218, 4197694.866815753281116 ], [ 15552166.337202075868845, 4214685.309264224953949 ] ] ] } },
{ "type": "Feature", "properties": { "pref_name": "神奈川県" }, "geometry": { "type": "Polygon", "coordinates": [ [ [ 15552166.337202075868845, 4248666.194161168299615 ], [ 15542356.900680799037218, 4265656.636609639972448 ], [ 15522738.027638249099255, 4265656.636609639972448 ], [ 15512928.591116972267628, 4248666.194161168299615 ], [ 15522738.027638249099255, 4231675.751712696626782 ], [ 15542356.900680799037218, 4231675.751712696626782 ], [ 15552166.337202075868845, 4248666.194161168299615 ] ] ] } },
{ "type": "Feature", "properties": { "pref_name": "埼玉県" }, "geometry": { "type": "Polygon", "coordinates": [ [ [ 15552166.337202075868845, 4282647.079058109782636 ], [ 15542356.900680799037218, 4299637.521506581455469 ], [ 15522738.027638249099255, 4299637.521506581455469 ], [ 15512928.591116972267628, 4282647.079058109782636 ], [ 15522738.027638249099255, 4265656.636609638109803 ], [ 15542356.900680799037218, 4265656.636609638109803 ], [ 15552166.337202075868845, 4282647.079058109782636 ] ] ] } },
{ "type": "Feature", "properties": { "pref_name": "埼玉県" }, "geometry": { "type": "Polygon", "coordinates": [ [ [ 15552166.337202075868845, 4316627.963955053128302 ], [ 15542356.900680799037218, 4333618.406403524801135 ], [ 15522738.027638249099255, 4333618.406403524801135 ], [ 15512928.591116972267628, 4316627.963955053128302 ], [ 15522738.027638249099255, 4299637.521506581455469 ], [ 15542356.900680799037218, 4299637.521506581455469 ], [ 15552166.337202075868845, 4316627.963955053128302 ] ] ] } },
{ "type": "Feature", "properties": { "pref_name": "栃木県" }, "geometry": { "type": "Polygon", "coordinates": [ [ [ 15552166.337202075868845, 4350608.848851994611323 ], [ 15542356.900680799037218, 4367599.291300466284156 ], [ 15522738.027638249099255, 4367599.291300466284156 ], [ 15512928.591116972267628, 4350608.848851994611323 ], [ 15522738.027638249099255, 4333618.40640352293849 ], [ 15542356.900680799037218, 4333618.40640352293849 ], [ 15552166.337202075868845, 4350608.848851994611323 ] ] ] } },
{ "type": "Feature", "properties": { "pref_name": "栃木県" }, "geometry": { "type": "Polygon", "coordinates": [ [ [ 15552166.337202075868845, 4384589.733748937956989 ], [ 15542356.900680799037218, 4401580.176197409629822 ], [ 15522738.027638249099255, 4401580.176197409629822 ], [ 15512928.591116972267628, 4384589.733748937956989 ], [ 15522738.027638249099255, 4367599.291300466284156 ], [ 15542356.900680799037218, 4367599.291300466284156 ], [ 15552166.337202075868845, 4384589.733748937956989 ] ] ] } },
{ "type": "Feature", "properties": { "pref_name": "栃木県" }, "geometry": { "type": "Polygon", "coordinates": [ [ [ 15552166.337202075868845, 4418570.61864587944001 ], [ 15542356.900680799037218, 4435561.061094351112843 ], [ 15522738.027638249099255, 4435561.061094351112843 ], [ 15512928.591116972267628, 4418570.61864587944001 ], [ 15522738.027638249099255, 4401580.176197407767177 ], [ 15542356.900680799037218, 4401580.176197407767177 ], [ 15552166.337202075868845, 4418570.61864587944001 ] ] ] } },
{ "type": "Feature", "properties": { "pref_name": "福島県" }, "geometry": { "type": "Polygon", "coordinates": [ [ [ 15552166.337202075868845, 4452551.503542822785676 ], [ 15542356.900680799037218, 4469541.945991294458508 ], [ 15522738.027638249099255, 4469541.945991294458508 ], [ 15512928.591116972267628, 4452551.503542822785676 ], [ 15522738.027638249099255, 4435561.061094351112843 ], [ 15542356.900680799037218, 4435561.061094351112843 ], [ 15552166.337202075868845, 4452551.503542822785676 ] ] ] } },
{ "type": "Feature", "properties": { "pref_name": "福島県" }, "geometry": { "type": "Polygon", "coordinates": [ [ [ 15552166.337202075868845, 4486532.388439764268696 ], [ 15542356.900680799037218, 4503522.830888235941529 ], [ 15522738.027638249099255, 4503522.830888235941529 ], [ 15512928.591116972267628, 4486532.388439764268696 ], [ 15522738.027638249099255, 4469541.945991292595863 ], [ 15542356.900680799037218, 4469541.945991292595863 ], [ 15552166.337202075868845, 4486532.388439764268696 ] ] ] } },
{ "type": "Feature", "properties": { "pref_name": "新潟県" }, "geometry": { "type": "Polygon", "coordinates": [ [ [ 15552166.337202075868845, 4520513.273336707614362 ], [ 15542356.900680799037218, 4537503.715785179287195 ], [ 15522738.027638249099255, 4537503.715785179287195 ], [ 15512928.591116972267628, 4520513.273336707614362 ], [ 15522738.027638249099255, 4503522.830888235941529 ], [ 15542356.900680799037218, 4503522.830888235941529 ], [ 15552166.337202075868845, 4520513.273336707614362 ] ] ] } },
{ "type": "Feature", "properties": { "pref_name": "新潟県" }, "geometry": { "type": "Polygon", "coordinates": [ [ [ 15552166.337202075868845, 4554494.158233649097383 ], [ 15542356.900680799037218, 4571484.600682120770216 ], [ 15522738.027638249099255, 4571484.600682120770216 ], [ 15512928.591116972267628, 4554494.158233649097383 ], [ 15522738.027638249099255, 4537503.71578517742455 ], [ 15542356.900680799037218, 4537503.71578517742455 ], [ 15552166.337202075868845, 4554494.158233649097383 ] ] ] } },
{ "type": "Feature", "properties": { "pref_name": "新潟県" }, "geometry": { "type": "Polygon", "coordinates": [ [ [ 15552166.337202075868845, 4588475.043130592443049 ], [ 15542356.900680799037218, 4605465.485579064115882 ], [ 15522738.027638249099255, 4605465.485579064115882 ], [ 15512928.591116972267628, 4588475.043130592443049 ], [ 15522738.027638249099255, 4571484.600682120770216 ], [ 15542356.900680799037218, 4571484.600682120770216 ], [ 15552166.337202075868845, 4588475.043130592443049 ] ] ] } },
{ "type": "Feature", "properties": { "pref_name": "新潟県" }, "geometry": { "type": "Polygon", "coordinates": [ [ [ 15552166.337202075868845, 4622455.92802753392607 ], [ 15542356.900680799037218, 4639446.370476005598903 ], [ 15522738.027638249099255, 4639446.370476005598903 ], [ 15512928.591116972267628, 4622455.92802753392607 ], [ 15522738.027638249099255, 4605465.485579062253237 ], [ 15542356.900680799037218, 4605465.485579062253237 ], [ 15552166.337202075868845, 4622455.92802753392607 ] ] ] } },
{ "type": "Feature", "properties": { "pref_name": "東京都" }, "geometry": { "type": "Polygon", "coordinates": [ [ [ 15581594.646765902638435, 4265656.636609638109803 ], [ 15571785.210244625806808, 4282647.079058109782636 ], [ 15552166.337202075868845, 4282647.079058109782636 ], [ 15542356.900680799037218, 4265656.636609638109803 ], [ 15552166.337202075868845, 4248666.19416116643697 ], [ 15571785.210244625806808, 4248666.19416116643697 ], [ 15581594.646765902638435, 4265656.636609638109803 ] ] ] } },
{ "type": "Feature", "properties": { "pref_name": "埼玉県" }, "geometry": { "type": "Polygon", "coordinates": [ [ [ 15581594.646765902638435, 4299637.521506581455469 ], [ 15571785.210244625806808, 4316627.963955053128302 ], [ 15552166.337202075868845, 4316627.963955053128302 ], [ 15542356.900680799037218, 4299637.521506581455469 ], [ 15552166.337202075868845, 4282647.079058109782636 ], [ 15571785.210244625806808, 4282647.079058109782636 ], [ 15581594.646765902638435, 4299637.521506581455469 ] ] ] } },
{ "type": "Feature", "properties": { "pref_name": "栃木県" }, "geometry": { "type": "Polygon", "coordinates": [ [ [ 15581594.646765902638435, 4333618.40640352293849 ], [ 15571785.210244625806808, 4350608.848851994611323 ], [ 15552166.337202075868845, 4350608.848851994611323 ], [ 15542356.900680799037218, 4333618.40640352293849 ], [ 15552166.337202075868845, 4316627.963955051265657 ], [ 15571785.210244625806808, 4316627.963955051265657 ], [ 15581594.646765902638435, 4333618.40640352293849 ] ] ] } },
{ "type": "Feature", "properties": { "pref_name": "栃木県" }, "geometry": { "type": "Polygon", "coordinates": [ [ [ 15581594.646765902638435, 4367599.291300466284156 ], [ 15571785.210244625806808, 4384589.733748937956989 ], [ 15552166.337202075868845, 4384589.733748937956989 ], [ 15542356.900680799037218, 4367599.291300466284156 ], [ 15552166.337202075868845, 4350608.848851994611323 ], [ 15571785.210244625806808, 4350608.848851994611323 ], [ 15581594.646765902638435, 4367599.291300466284156 ] ] ] } },
{ "type": "Feature", "properties": { "pref_name": "栃木県" }, "geometry": { "type": "Polygon", "coordinates": [ [ [ 15581594.646765902638435, 4401580.176197407767177 ], [ 15571785.210244625806808, 4418570.61864587944001 ], [ 15552166.337202075868845, 4418570.61864587944001 ], [ 15542356.900680799037218, 4401580.176197407767177 ], [ 15552166.337202075868845, 4384589.733748936094344 ], [ 15571785.210244625806808, 4384589.733748936094344 ], [ 15581594.646765902638435, 4401580.176197407767177 ] ] ] } },
{ "type": "Feature", "properties": { "pref_name": "栃木県" }, "geometry": { "type": "Polygon", "coordinates": [ [ [ 15581594.646765902638435, 4435561.061094351112843 ], [ 15571785.210244625806808, 4452551.503542822785676 ], [ 15552166.337202075868845, 4452551.503542822785676 ], [ 15542356.900680799037218, 4435561.061094351112843 ], [ 15552166.337202075868845, 4418570.61864587944001 ], [ 15571785.210244625806808, 4418570.61864587944001 ], [ 15581594.646765902638435, 4435561.061094351112843 ] ] ] } },
{ "type": "Feature", "properties": { "pref_name": "福島県" }, "geometry": { "type": "Polygon", "coordinates": [ [ [ 15581594.646765902638435, 4469541.945991292595863 ], [ 15571785.210244625806808, 4486532.388439764268696 ], [ 15552166.337202075868845, 4486532.388439764268696 ], [ 15542356.900680799037218, 4469541.945991292595863 ], [ 15552166.337202075868845, 4452551.50354282092303 ], [ 15571785.210244625806808, 4452551.50354282092303 ], [ 15581594.646765902638435, 4469541.945991292595863 ] ] ] } },
{ "type": "Feature", "properties": { "pref_name": "福島県" }, "geometry": { "type": "Polygon", "coordinates": [ [ [ 15581594.646765902638435, 4503522.830888235941529 ], [ 15571785.210244625806808, 4520513.273336707614362 ], [ 15552166.337202075868845, 4520513.273336707614362 ], [ 15542356.900680799037218, 4503522.830888235941529 ], [ 15552166.337202075868845, 4486532.388439764268696 ], [ 15571785.210244625806808, 4486532.388439764268696 ], [ 15581594.646765902638435, 4503522.830888235941529 ] ] ] } },
{ "type": "Feature", "properties": { "pref_name": "福島県" }, "geometry": { "type": "Polygon", "coordinates": [ [ [ 15581594.646765902638435, 4537503.71578517742455 ], [ 15571785.210244625806808, 4554494.158233649097383 ], [ 15552166.337202075868845, 4554494.158233649097383 ], [ 15542356.900680799037218, 4537503.71578517742455 ], [ 15552166.337202075868845, 4520513.273336705751717 ], [ 15571785.210244625806808, 4520513.273336705751717 ], [ 15581594.646765902638435, 4537503.71578517742455 ] ] ] } },
{ "type": "Feature", "properties": { "pref_name": "山形県" }, "geometry": { "type": "Polygon", "coordinates": [ [ [ 15581594.646765902638435, 4571484.600682120770216 ], [ 15571785.210244625806808, 4588475.043130592443049 ], [ 15552166.337202075868845, 4588475.043130592443049 ], [ 15542356.900680799037218, 4571484.600682120770216 ], [ 15552166.337202075868845, 4554494.158233649097383 ], [ 15571785.210244625806808, 4554494.158233649097383 ], [ 15581594.646765902638435, 4571484.600682120770216 ] ] ] } },
{ "type": "Feature", "properties": { "pref_name": "山形県" }, "geometry": { "type": "Polygon", "coordinates": [ [ [ 15581594.646765902638435, 4605465.485579062253237 ], [ 15571785.210244625806808, 4622455.92802753392607 ], [ 15552166.337202075868845, 4622455.92802753392607 ], [ 15542356.900680799037218, 4605465.485579062253237 ], [ 15552166.337202075868845, 4588475.043130590580404 ], [ 15571785.210244625806808, 4588475.043130590580404 ], [ 15581594.646765902638435, 4605465.485579062253237 ] ] ] } },
{ "type": "Feature", "properties": { "pref_name": "山形県" }, "geometry": { "type": "Polygon", "coordinates": [ [ [ 15581594.646765902638435, 4639446.370476005598903 ], [ 15571785.210244625806808, 4656436.812924477271736 ], [ 15552166.337202075868845, 4656436.812924477271736 ], [ 15542356.900680799037218, 4639446.370476005598903 ], [ 15552166.337202075868845, 4622455.92802753392607 ], [ 15571785.210244625806808, 4622455.92802753392607 ], [ 15581594.646765902638435, 4639446.370476005598903 ] ] ] } },
{ "type": "Feature", "properties": { "pref_name": "山形県" }, "geometry": { "type": "Polygon", "coordinates": [ [ [ 15581594.646765902638435, 4673427.255372947081923 ], [ 15571785.210244625806808, 4690417.697821418754756 ], [ 15552166.337202075868845, 4690417.697821418754756 ], [ 15542356.900680799037218, 4673427.255372947081923 ], [ 15552166.337202075868845, 4656436.812924475409091 ], [ 15571785.210244625806808, 4656436.812924475409091 ], [ 15581594.646765902638435, 4673427.255372947081923 ] ] ] } },
{ "type": "Feature", "properties": { "pref_name": "千葉県" }, "geometry": { "type": "Polygon", "coordinates": [ [ [ 15611022.956329729408026, 4180704.424367282539606 ], [ 15601213.519808452576399, 4197694.866815754212439 ], [ 15581594.646765902638435, 4197694.866815754212439 ], [ 15571785.210244625806808, 4180704.424367282539606 ], [ 15581594.646765902638435, 4163713.981918811332434 ], [ 15601213.519808452576399, 4163713.981918811332434 ], [ 15611022.956329729408026, 4180704.424367282539606 ] ] ] } },
{ "type": "Feature", "properties": { "pref_name": "千葉県" }, "geometry": { "type": "Polygon", "coordinates": [ [ [ 15611022.956329729408026, 4214685.309264224953949 ], [ 15601213.519808452576399, 4231675.751712696626782 ], [ 15581594.646765902638435, 4231675.751712696626782 ], [ 15571785.210244625806808, 4214685.309264224953949 ], [ 15581594.646765902638435, 4197694.866815753281116 ], [ 15601213.519808452576399, 4197694.866815753281116 ], [ 15611022.956329729408026, 4214685.309264224953949 ] ] ] } },
{ "type": "Feature", "properties": { "pref_name": "千葉県" }, "geometry": { "type": "Polygon", "coordinates": [ [ [ 15611022.956329729408026, 4248666.194161168299615 ], [ 15601213.519808452576399, 4265656.636609639972448 ], [ 15581594.646765902638435, 4265656.636609639972448 ], [ 15571785.210244625806808, 4248666.194161168299615 ], [ 15581594.646765902638435, 4231675.751712696626782 ], [ 15601213.519808452576399, 4231675.751712696626782 ], [ 15611022.956329729408026, 4248666.194161168299615 ] ] ] } },
{ "type": "Feature", "properties": { "pref_name": "千葉県" }, "geometry": { "type": "Polygon", "coordinates": [ [ [ 15611022.956329729408026, 4282647.079058109782636 ], [ 15601213.519808452576399, 4299637.521506581455469 ], [ 15581594.646765902638435, 4299637.521506581455469 ], [ 15571785.210244625806808, 4282647.079058109782636 ], [ 15581594.646765902638435, 4265656.636609638109803 ], [ 15601213.519808452576399, 4265656.636609638109803 ], [ 15611022.956329729408026, 4282647.079058109782636 ] ] ] } },
{ "type": "Feature", "properties": { "pref_name": "茨城県" }, "geometry": { "type": "Polygon", "coordinates": [ [ [ 15611022.956329729408026, 4316627.963955053128302 ], [ 15601213.519808452576399, 4333618.406403524801135 ], [ 15581594.646765902638435, 4333618.406403524801135 ], [ 15571785.210244625806808, 4316627.963955053128302 ], [ 15581594.646765902638435, 4299637.521506581455469 ], [ 15601213.519808452576399, 4299637.521506581455469 ], [ 15611022.956329729408026, 4316627.963955053128302 ] ] ] } },
{ "type": "Feature", "properties": { "pref_name": "茨城県" }, "geometry": { "type": "Polygon", "coordinates": [ [ [ 15611022.956329729408026, 4350608.848851994611323 ], [ 15601213.519808452576399, 4367599.291300466284156 ], [ 15581594.646765902638435, 4367599.291300466284156 ], [ 15571785.210244625806808, 4350608.848851994611323 ], [ 15581594.646765902638435, 4333618.40640352293849 ], [ 15601213.519808452576399, 4333618.40640352293849 ], [ 15611022.956329729408026, 4350608.848851994611323 ] ] ] } },
{ "type": "Feature", "properties": { "pref_name": "栃木県" }, "geometry": { "type": "Polygon", "coordinates": [ [ [ 15611022.956329729408026, 4384589.733748937956989 ], [ 15601213.519808452576399, 4401580.176197409629822 ], [ 15581594.646765902638435, 4401580.176197409629822 ], [ 15571785.210244625806808, 4384589.733748937956989 ], [ 15581594.646765902638435, 4367599.291300466284156 ], [ 15601213.519808452576399, 4367599.291300466284156 ], [ 15611022.956329729408026, 4384589.733748937956989 ] ] ] } },
{ "type": "Feature", "properties": { "pref_name": "栃木県" }, "geometry": { "type": "Polygon", "coordinates": [ [ [ 15611022.956329729408026, 4418570.61864587944001 ], [ 15601213.519808452576399, 4435561.061094351112843 ], [ 15581594.646765902638435, 4435561.061094351112843 ], [ 15571785.210244625806808, 4418570.61864587944001 ], [ 15581594.646765902638435, 4401580.176197407767177 ], [ 15601213.519808452576399, 4401580.176197407767177 ], [ 15611022.956329729408026, 4418570.61864587944001 ] ] ] } },
{ "type": "Feature", "properties": { "pref_name": "栃木県" }, "geometry": { "type": "Polygon", "coordinates": [ [ [ 15611022.956329729408026, 4452551.503542822785676 ], [ 15601213.519808452576399, 4469541.945991294458508 ], [ 15581594.646765902638435, 4469541.945991294458508 ], [ 15571785.210244625806808, 4452551.503542822785676 ], [ 15581594.646765902638435, 4435561.061094351112843 ], [ 15601213.519808452576399, 4435561.061094351112843 ], [ 15611022.956329729408026, 4452551.503542822785676 ] ] ] } },
{ "type": "Feature", "properties": { "pref_name": "福島県" }, "geometry": { "type": "Polygon", "coordinates": [ [ [ 15611022.956329729408026, 4486532.388439764268696 ], [ 15601213.519808452576399, 4503522.830888235941529 ], [ 15581594.646765902638435, 4503522.830888235941529 ], [ 15571785.210244625806808, 4486532.388439764268696 ], [ 15581594.646765902638435, 4469541.945991292595863 ], [ 15601213.519808452576399, 4469541.945991292595863 ], [ 15611022.956329729408026, 4486532.388439764268696 ] ] ] } },
{ "type": "Feature", "properties": { "pref_name": "福島県" }, "geometry": { "type": "Polygon", "coordinates": [ [ [ 15611022.956329729408026, 4520513.273336707614362 ], [ 15601213.519808452576399, 4537503.715785179287195 ], [ 15581594.646765902638435, 4537503.715785179287195 ], [ 15571785.210244625806808, 4520513.273336707614362 ], [ 15581594.646765902638435, 4503522.830888235941529 ], [ 15601213.519808452576399, 4503522.830888235941529 ], [ 15611022.956329729408026, 4520513.273336707614362 ] ] ] } },
{ "type": "Feature", "properties": { "pref_name": "山形県" }, "geometry": { "type": "Polygon", "coordinates": [ [ [ 15611022.956329729408026, 4554494.158233649097383 ], [ 15601213.519808452576399, 4571484.600682120770216 ], [ 15581594.646765902638435, 4571484.600682120770216 ], [ 15571785.210244625806808, 4554494.158233649097383 ], [ 15581594.646765902638435, 4537503.71578517742455 ], [ 15601213.519808452576399, 4537503.71578517742455 ], [ 15611022.956329729408026, 4554494.158233649097383 ] ] ] } },
{ "type": "Feature", "properties": { "pref_name": "山形県" }, "geometry": { "type": "Polygon", "coordinates": [ [ [ 15611022.956329729408026, 4588475.043130592443049 ], [ 15601213.519808452576399, 4605465.485579064115882 ], [ 15581594.646765902638435, 4605465.485579064115882 ], [ 15571785.210244625806808, 4588475.043130592443049 ], [ 15581594.646765902638435, 4571484.600682120770216 ], [ 15601213.519808452576399, 4571484.600682120770216 ], [ 15611022.956329729408026, 4588475.043130592443049 ] ] ] } },
{ "type": "Feature", "properties": { "pref_name": "山形県" }, "geometry": { "type": "Polygon", "coordinates": [ [ [ 15611022.956329729408026, 4622455.92802753392607 ], [ 15601213.519808452576399, 4639446.370476005598903 ], [ 15581594.646765902638435, 4639446.370476005598903 ], [ 15571785.210244625806808, 4622455.92802753392607 ], [ 15581594.646765902638435, 4605465.485579062253237 ], [ 15601213.519808452576399, 4605465.485579062253237 ], [ 15611022.956329729408026, 4622455.92802753392607 ] ] ] } },
{ "type": "Feature", "properties": { "pref_name": "山形県" }, "geometry": { "type": "Polygon", "coordinates": [ [ [ 15611022.956329729408026, 4656436.812924477271736 ], [ 15601213.519808452576399, 4673427.255372948944569 ], [ 15581594.646765902638435, 4673427.255372948944569 ], [ 15571785.210244625806808, 4656436.812924477271736 ], [ 15581594.646765902638435, 4639446.370476005598903 ], [ 15601213.519808452576399, 4639446.370476005598903 ], [ 15611022.956329729408026, 4656436.812924477271736 ] ] ] } },
{ "type": "Feature", "properties": { "pref_name": "山形県" }, "geometry": { "type": "Polygon", "coordinates": [ [ [ 15611022.956329729408026, 4690417.697821418754756 ], [ 15601213.519808452576399, 4707408.140269890427589 ], [ 15581594.646765902638435, 4707408.140269890427589 ], [ 15571785.210244625806808, 4690417.697821418754756 ], [ 15581594.646765902638435, 4673427.255372947081923 ], [ 15601213.519808452576399, 4673427.255372947081923 ], [ 15611022.956329729408026, 4690417.697821418754756 ] ] ] } },
{ "type": "Feature", "properties": { "pref_name": "山形県" }, "geometry": { "type": "Polygon", "coordinates": [ [ [ 15611022.956329729408026, 4724398.582718362100422 ], [ 15601213.519808452576399, 4741389.025166833773255 ], [ 15581594.646765902638435, 4741389.025166833773255 ], [ 15571785.210244625806808, 4724398.582718362100422 ], [ 15581594.646765902638435, 4707408.140269890427589 ], [ 15601213.519808452576399, 4707408.140269890427589 ], [ 15611022.956329729408026, 4724398.582718362100422 ] ] ] } },
{ "type": "Feature", "properties": { "pref_name": "秋田県" }, "geometry": { "type": "Polygon", "coordinates": [ [ [ 15611022.956329729408026, 4758379.467615303583443 ], [ 15601213.519808452576399, 4775369.910063775256276 ], [ 15581594.646765902638435, 4775369.910063775256276 ], [ 15571785.210244625806808, 4758379.467615303583443 ], [ 15581594.646765902638435, 4741389.02516683191061 ], [ 15601213.519808452576399, 4741389.02516683191061 ], [ 15611022.956329729408026, 4758379.467615303583443 ] ] ] } },
{ "type": "Feature", "properties": { "pref_name": "秋田県" }, "geometry": { "type": "Polygon", "coordinates": [ [ [ 15611022.956329729408026, 4792360.352512246929109 ], [ 15601213.519808452576399, 4809350.794960718601942 ], [ 15581594.646765902638435, 4809350.794960718601942 ], [ 15571785.210244625806808, 4792360.352512246929109 ], [ 15581594.646765902638435, 4775369.910063775256276 ], [ 15601213.519808452576399, 4775369.910063775256276 ], [ 15611022.956329729408026, 4792360.352512246929109 ] ] ] } },
{ "type": "Feature", "properties": { "pref_name": "秋田県" }, "geometry": { "type": "Polygon", "coordinates": [ [ [ 15611022.956329729408026, 4826341.23740918841213 ], [ 15601213.519808452576399, 4843331.679857660084963 ], [ 15581594.646765902638435, 4843331.679857660084963 ], [ 15571785.210244625806808, 4826341.23740918841213 ], [ 15581594.646765902638435, 4809350.794960716739297 ], [ 15601213.519808452576399, 4809350.794960716739297 ], [ 15611022.956329729408026, 4826341.23740918841213 ] ] ] } },
{ "type": "Feature", "properties": { "pref_name": "秋田県" }, "geometry": { "type": "Polygon", "coordinates": [ [ [ 15611022.956329729408026, 4860322.122306131757796 ], [ 15601213.519808452576399, 4877312.564754603430629 ], [ 15581594.646765902638435, 4877312.564754603430629 ], [ 15571785.210244625806808, 4860322.122306131757796 ], [ 15581594.646765902638435, 4843331.679857660084963 ], [ 15601213.519808452576399, 4843331.679857660084963 ], [ 15611022.956329729408026, 4860322.122306131757796 ] ] ] } },
{ "type": "Feature", "properties": { "pref_name": "秋田県" }, "geometry": { "type": "Polygon", "coordinates": [ [ [ 15611022.956329729408026, 4894303.007203073240817 ], [ 15601213.519808452576399, 4911293.44965154491365 ], [ 15581594.646765902638435, 4911293.44965154491365 ], [ 15571785.210244625806808, 4894303.007203073240817 ], [ 15581594.646765902638435, 4877312.564754601567984 ], [ 15601213.519808452576399, 4877312.564754601567984 ], [ 15611022.956329729408026, 4894303.007203073240817 ] ] ] } },
{ "type": "Feature", "properties": { "pref_name": "秋田県" }, "geometry": { "type": "Polygon", "coordinates": [ [ [ 15611022.956329729408026, 4928283.892100016586483 ], [ 15601213.519808452576399, 4945274.334548488259315 ], [ 15581594.646765902638435, 4945274.334548488259315 ], [ 15571785.210244625806808, 4928283.892100016586483 ], [ 15581594.646765902638435, 4911293.44965154491365 ], [ 15601213.519808452576399, 4911293.44965154491365 ], [ 15611022.956329729408026, 4928283.892100016586483 ] ] ] } },
{ "type": "Feature", "properties": { "pref_name": "青森県" }, "geometry": { "type": "Polygon", "coordinates": [ [ [ 15611022.956329729408026, 4962264.776996958069503 ], [ 15601213.519808452576399, 4979255.219445429742336 ], [ 15581594.646765902638435, 4979255.219445429742336 ], [ 15571785.210244625806808, 4962264.776996958069503 ], [ 15581594.646765902638435, 4945274.33454848639667 ], [ 15601213.519808452576399, 4945274.33454848639667 ], [ 15611022.956329729408026, 4962264.776996958069503 ] ] ] } },
{ "type": "Feature", "properties": { "pref_name": "北海道" }, "geometry": { "type": "Polygon", "coordinates": [ [ [ 15611022.956329729408026, 5098188.316584727726877 ], [ 15601213.519808452576399, 5115178.75903319939971 ], [ 15581594.646765902638435, 5115178.75903319939971 ], [ 15571785.210244625806808, 5098188.316584727726877 ], [ 15581594.646765902638435, 5081197.874136256054044 ], [ 15601213.519808452576399, 5081197.874136256054044 ], [ 15611022.956329729408026, 5098188.316584727726877 ] ] ] } },
{ "type": "Feature", "properties": { "pref_name": "北海道" }, "geometry": { "type": "Polygon", "coordinates": [ [ [ 15611022.956329729408026, 5200130.971275555901229 ], [ 15601213.519808452576399, 5217121.413724027574062 ], [ 15581594.646765902638435, 5217121.413724027574062 ], [ 15571785.210244625806808, 5200130.971275555901229 ], [ 15581594.646765902638435, 5183140.528827084228396 ], [ 15601213.519808452576399, 5183140.528827084228396 ], [ 15611022.956329729408026, 5200130.971275555901229 ] ] ] } },
{ "type": "Feature", "properties": { "pref_name": "北海道" }, "geometry": { "type": "Polygon", "coordinates": [ [ [ 15611022.956329729408026, 5234111.85617249738425 ], [ 15601213.519808452576399, 5251102.298620969057083 ], [ 15581594.646765902638435, 5251102.298620969057083 ], [ 15571785.210244625806808, 5234111.85617249738425 ], [ 15581594.646765902638435, 5217121.413724025711417 ], [ 15601213.519808452576399, 5217121.413724025711417 ], [ 15611022.956329729408026, 5234111.85617249738425 ] ] ] } },
{ "type": "Feature", "properties": { "pref_name": "千葉県" }, "geometry": { "type": "Polygon", "coordinates": [ [ [ 15640451.265893556177616, 4197694.866815753281116 ], [ 15630641.829372279345989, 4214685.309264224953949 ], [ 15611022.956329729408026, 4214685.309264224953949 ], [ 15601213.519808452576399, 4197694.866815753281116 ], [ 15611022.956329729408026, 4180704.424367282073945 ], [ 15630641.829372279345989, 4180704.424367282073945 ], [ 15640451.265893556177616, 4197694.866815753281116 ] ] ] } },
{ "type": "Feature", "properties": { "pref_name": "千葉県" }, "geometry": { "type": "Polygon", "coordinates": [ [ [ 15640451.265893556177616, 4231675.751712696626782 ], [ 15630641.829372279345989, 4248666.194161168299615 ], [ 15611022.956329729408026, 4248666.194161168299615 ], [ 15601213.519808452576399, 4231675.751712696626782 ], [ 15611022.956329729408026, 4214685.309264224953949 ], [ 15630641.829372279345989, 4214685.309264224953949 ], [ 15640451.265893556177616, 4231675.751712696626782 ] ] ] } },
{ "type": "Feature", "properties": { "pref_name": "千葉県" }, "geometry": { "type": "Polygon", "coordinates": [ [ [ 15640451.265893556177616, 4265656.636609638109803 ], [ 15630641.829372279345989, 4282647.079058109782636 ], [ 15611022.956329729408026, 4282647.079058109782636 ], [ 15601213.519808452576399, 4265656.636609638109803 ], [ 15611022.956329729408026, 4248666.19416116643697 ], [ 15630641.829372279345989, 4248666.19416116643697 ], [ 15640451.265893556177616, 4265656.636609638109803 ] ] ] } },
{ "type": "Feature", "properties": { "pref_name": "茨城県" }, "geometry": { "type": "Polygon", "coordinates": [ [ [ 15640451.265893556177616, 4299637.521506581455469 ], [ 15630641.829372279345989, 4316627.963955053128302 ], [ 15611022.956329729408026, 4316627.963955053128302 ], [ 15601213.519808452576399, 4299637.521506581455469 ], [ 15611022.956329729408026, 4282647.079058109782636 ], [ 15630641.829372279345989, 4282647.079058109782636 ], [ 15640451.265893556177616, 4299637.521506581455469 ] ] ] } },
{ "type": "Feature", "properties": { "pref_name": "茨城県" }, "geometry": { "type": "Polygon", "coordinates": [ [ [ 15640451.265893556177616, 4333618.40640352293849 ], [ 15630641.829372279345989, 4350608.848851994611323 ], [ 15611022.956329729408026, 4350608.848851994611323 ], [ 15601213.519808452576399, 4333618.40640352293849 ], [ 15611022.956329729408026, 4316627.963955051265657 ], [ 15630641.829372279345989, 4316627.963955051265657 ], [ 15640451.265893556177616, 4333618.40640352293849 ] ] ] } },
{ "type": "Feature", "properties": { "pref_name": "茨城県" }, "geometry": { "type": "Polygon", "coordinates": [ [ [ 15640451.265893556177616, 4367599.291300466284156 ], [ 15630641.829372279345989, 4384589.733748937956989 ], [ 15611022.956329729408026, 4384589.733748937956989 ], [ 15601213.519808452576399, 4367599.291300466284156 ], [ 15611022.956329729408026, 4350608.848851994611323 ], [ 15630641.829372279345989, 4350608.848851994611323 ], [ 15640451.265893556177616, 4367599.291300466284156 ] ] ] } },
{ "type": "Feature", "properties": { "pref_name": "茨城県" }, "geometry": { "type": "Polygon", "coordinates": [ [ [ 15640451.265893556177616, 4401580.176197407767177 ], [ 15630641.829372279345989, 4418570.61864587944001 ], [ 15611022.956329729408026, 4418570.61864587944001 ], [ 15601213.519808452576399, 4401580.176197407767177 ], [ 15611022.956329729408026, 4384589.733748936094344 ], [ 15630641.829372279345989, 4384589.733748936094344 ], [ 15640451.265893556177616, 4401580.176197407767177 ] ] ] } },
{ "type": "Feature", "properties": { "pref_name": "福島県" }, "geometry": { "type": "Polygon", "coordinates": [ [ [ 15640451.265893556177616, 4435561.061094351112843 ], [ 15630641.829372279345989, 4452551.503542822785676 ], [ 15611022.956329729408026, 4452551.503542822785676 ], [ 15601213.519808452576399, 4435561.061094351112843 ], [ 15611022.956329729408026, 4418570.61864587944001 ], [ 15630641.829372279345989, 4418570.61864587944001 ], [ 15640451.265893556177616, 4435561.061094351112843 ] ] ] } },
{ "type": "Feature", "properties": { "pref_name": "福島県" }, "geometry": { "type": "Polygon", "coordinates": [ [ [ 15640451.265893556177616, 4469541.945991292595863 ], [ 15630641.829372279345989, 4486532.388439764268696 ], [ 15611022.956329729408026, 4486532.388439764268696 ], [ 15601213.519808452576399, 4469541.945991292595863 ], [ 15611022.956329729408026, 4452551.50354282092303 ], [ 15630641.829372279345989, 4452551.50354282092303 ], [ 15640451.265893556177616, 4469541.945991292595863 ] ] ] } },
{ "type": "Feature", "properties": { "pref_name": "福島県" }, "geometry": { "type": "Polygon", "coordinates": [ [ [ 15640451.265893556177616, 4503522.830888235941529 ], [ 15630641.829372279345989, 4520513.273336707614362 ], [ 15611022.956329729408026, 4520513.273336707614362 ], [ 15601213.519808452576399, 4503522.830888235941529 ], [ 15611022.956329729408026, 4486532.388439764268696 ], [ 15630641.829372279345989, 4486532.388439764268696 ], [ 15640451.265893556177616, 4503522.830888235941529 ] ] ] } },
{ "type": "Feature", "properties": { "pref_name": "福島県" }, "geometry": { "type": "Polygon", "coordinates": [ [ [ 15640451.265893556177616, 4537503.71578517742455 ], [ 15630641.829372279345989, 4554494.158233649097383 ], [ 15611022.956329729408026, 4554494.158233649097383 ], [ 15601213.519808452576399, 4537503.71578517742455 ], [ 15611022.956329729408026, 4520513.273336705751717 ], [ 15630641.829372279345989, 4520513.273336705751717 ], [ 15640451.265893556177616, 4537503.71578517742455 ] ] ] } },
{ "type": "Feature", "properties": { "pref_name": "福島県" }, "geometry": { "type": "Polygon", "coordinates": [ [ [ 15640451.265893556177616, 4571484.600682120770216 ], [ 15630641.829372279345989, 4588475.043130592443049 ], [ 15611022.956329729408026, 4588475.043130592443049 ], [ 15601213.519808452576399, 4571484.600682120770216 ], [ 15611022.956329729408026, 4554494.158233649097383 ], [ 15630641.829372279345989, 4554494.158233649097383 ], [ 15640451.265893556177616, 4571484.600682120770216 ] ] ] } },
{ "type": "Feature", "properties": { "pref_name": "山形県" }, "geometry": { "type": "Polygon", "coordinates": [ [ [ 15640451.265893556177616, 4605465.485579062253237 ], [ 15630641.829372279345989, 4622455.92802753392607 ], [ 15611022.956329729408026, 4622455.92802753392607 ], [ 15601213.519808452576399, 4605465.485579062253237 ], [ 15611022.956329729408026, 4588475.043130590580404 ], [ 15630641.829372279345989, 4588475.043130590580404 ], [ 15640451.265893556177616, 4605465.485579062253237 ] ] ] } },
{ "type": "Feature", "properties": { "pref_name": "山形県" }, "geometry": { "type": "Polygon", "coordinates": [ [ [ 15640451.265893556177616, 4639446.370476005598903 ], [ 15630641.829372279345989, 4656436.812924477271736 ], [ 15611022.956329729408026, 4656436.812924477271736 ], [ 15601213.519808452576399, 4639446.370476005598903 ], [ 15611022.956329729408026, 4622455.92802753392607 ], [ 15630641.829372279345989, 4622455.92802753392607 ], [ 15640451.265893556177616, 4639446.370476005598903 ] ] ] } },
{ "type": "Feature", "properties": { "pref_name": "山形県" }, "geometry": { "type": "Polygon", "coordinates": [ [ [ 15640451.265893556177616, 4673427.255372947081923 ], [ 15630641.829372279345989, 4690417.697821418754756 ], [ 15611022.956329729408026, 4690417.697821418754756 ], [ 15601213.519808452576399, 4673427.255372947081923 ], [ 15611022.956329729408026, 4656436.812924475409091 ], [ 15630641.829372279345989, 4656436.812924475409091 ], [ 15640451.265893556177616, 4673427.255372947081923 ] ] ] } },
{ "type": "Feature", "properties": { "pref_name": "山形県" }, "geometry": { "type": "Polygon", "coordinates": [ [ [ 15640451.265893556177616, 4707408.140269890427589 ], [ 15630641.829372279345989, 4724398.582718362100422 ], [ 15611022.956329729408026, 4724398.582718362100422 ], [ 15601213.519808452576399, 4707408.140269890427589 ], [ 15611022.956329729408026, 4690417.697821418754756 ], [ 15630641.829372279345989, 4690417.697821418754756 ], [ 15640451.265893556177616, 4707408.140269890427589 ] ] ] } },
{ "type": "Feature", "properties": { "pref_name": "秋田県" }, "geometry": { "type": "Polygon", "coordinates": [ [ [ 15640451.265893556177616, 4741389.02516683191061 ], [ 15630641.829372279345989, 4758379.467615303583443 ], [ 15611022.956329729408026, 4758379.467615303583443 ], [ 15601213.519808452576399, 4741389.02516683191061 ], [ 15611022.956329729408026, 4724398.582718360237777 ], [ 15630641.829372279345989, 4724398.582718360237777 ], [ 15640451.265893556177616, 4741389.02516683191061 ] ] ] } },
{ "type": "Feature", "properties": { "pref_name": "秋田県" }, "geometry": { "type": "Polygon", "coordinates": [ [ [ 15640451.265893556177616, 4775369.910063775256276 ], [ 15630641.829372279345989, 4792360.352512246929109 ], [ 15611022.956329729408026, 4792360.352512246929109 ], [ 15601213.519808452576399, 4775369.910063775256276 ], [ 15611022.956329729408026, 4758379.467615303583443 ], [ 15630641.829372279345989, 4758379.467615303583443 ], [ 15640451.265893556177616, 4775369.910063775256276 ] ] ] } },
{ "type": "Feature", "properties": { "pref_name": "秋田県" }, "geometry": { "type": "Polygon", "coordinates": [ [ [ 15640451.265893556177616, 4809350.794960716739297 ], [ 15630641.829372279345989, 4826341.23740918841213 ], [ 15611022.956329729408026, 4826341.23740918841213 ], [ 15601213.519808452576399, 4809350.794960716739297 ], [ 15611022.956329729408026, 4792360.352512245066464 ], [ 15630641.829372279345989, 4792360.352512245066464 ], [ 15640451.265893556177616, 4809350.794960716739297 ] ] ] } },
{ "type": "Feature", "properties": { "pref_name": "秋田県" }, "geometry": { "type": "Polygon", "coordinates": [ [ [ 15640451.265893556177616, 4843331.679857660084963 ], [ 15630641.829372279345989, 4860322.122306131757796 ], [ 15611022.956329729408026, 4860322.122306131757796 ], [ 15601213.519808452576399, 4843331.679857660084963 ], [ 15611022.956329729408026, 4826341.23740918841213 ], [ 15630641.829372279345989, 4826341.23740918841213 ], [ 15640451.265893556177616, 4843331.679857660084963 ] ] ] } },
{ "type": "Feature", "properties": { "pref_name": "秋田県" }, "geometry": { "type": "Polygon", "coordinates": [ [ [ 15640451.265893556177616, 4877312.564754601567984 ], [ 15630641.829372279345989, 4894303.007203073240817 ], [ 15611022.956329729408026, 4894303.007203073240817 ], [ 15601213.519808452576399, 4877312.564754601567984 ], [ 15611022.956329729408026, 4860322.122306129895151 ], [ 15630641.829372279345989, 4860322.122306129895151 ], [ 15640451.265893556177616, 4877312.564754601567984 ] ] ] } },
{ "type": "Feature", "properties": { "pref_name": "秋田県" }, "geometry": { "type": "Polygon", "coordinates": [ [ [ 15640451.265893556177616, 4911293.44965154491365 ], [ 15630641.829372279345989, 4928283.892100016586483 ], [ 15611022.956329729408026, 4928283.892100016586483 ], [ 15601213.519808452576399, 4911293.44965154491365 ], [ 15611022.956329729408026, 4894303.007203073240817 ], [ 15630641.829372279345989, 4894303.007203073240817 ], [ 15640451.265893556177616, 4911293.44965154491365 ] ] ] } },
{ "type": "Feature", "properties": { "pref_name": "青森県" }, "geometry": { "type": "Polygon", "coordinates": [ [ [ 15640451.265893556177616, 4945274.33454848639667 ], [ 15630641.829372279345989, 4962264.776996958069503 ], [ 15611022.956329729408026, 4962264.776996958069503 ], [ 15601213.519808452576399, 4945274.33454848639667 ], [ 15611022.956329729408026, 4928283.892100014723837 ], [ 15630641.829372279345989, 4928283.892100014723837 ], [ 15640451.265893556177616, 4945274.33454848639667 ] ] ] } },
{ "type": "Feature", "properties": { "pref_name": "青森県" }, "geometry": { "type": "Polygon", "coordinates": [ [ [ 15640451.265893556177616, 4979255.219445429742336 ], [ 15630641.829372279345989, 4996245.661893901415169 ], [ 15611022.956329729408026, 4996245.661893901415169 ], [ 15601213.519808452576399, 4979255.219445429742336 ], [ 15611022.956329729408026, 4962264.776996958069503 ], [ 15630641.829372279345989, 4962264.776996958069503 ], [ 15640451.265893556177616, 4979255.219445429742336 ] ] ] } },
{ "type": "Feature", "properties": { "pref_name": "青森県" }, "geometry": { "type": "Polygon", "coordinates": [ [ [ 15640451.265893556177616, 5013236.104342371225357 ], [ 15630641.829372279345989, 5030226.54679084289819 ], [ 15611022.956329729408026, 5030226.54679084289819 ], [ 15601213.519808452576399, 5013236.104342371225357 ], [ 15611022.956329729408026, 4996245.661893899552524 ], [ 15630641.829372279345989, 4996245.661893899552524 ], [ 15640451.265893556177616, 5013236.104342371225357 ] ] ] } },
{ "type": "Feature", "properties": { "pref_name": "北海道" }, "geometry": { "type": "Polygon", "coordinates": [ [ [ 15640451.265893556177616, 5115178.75903319939971 ], [ 15630641.829372279345989, 5132169.201481671072543 ], [ 15611022.956329729408026, 5132169.201481671072543 ], [ 15601213.519808452576399, 5115178.75903319939971 ], [ 15611022.956329729408026, 5098188.316584727726877 ], [ 15630641.829372279345989, 5098188.316584727726877 ], [ 15640451.265893556177616, 5115178.75903319939971 ] ] ] } },
{ "type": "Feature", "properties": { "pref_name": "北海道" }, "geometry": { "type": "Polygon", "coordinates": [ [ [ 15640451.265893556177616, 5149159.64393014088273 ], [ 15630641.829372279345989, 5166150.086378612555563 ], [ 15611022.956329729408026, 5166150.086378612555563 ], [ 15601213.519808452576399, 5149159.64393014088273 ], [ 15611022.956329729408026, 5132169.201481669209898 ], [ 15630641.829372279345989, 5132169.201481669209898 ], [ 15640451.265893556177616, 5149159.64393014088273 ] ] ] } },
{ "type": "Feature", "properties": { "pref_name": "北海道" }, "geometry": { "type": "Polygon", "coordinates": [ [ [ 15640451.265893556177616, 5183140.528827084228396 ], [ 15630641.829372279345989, 5200130.971275555901229 ], [ 15611022.956329729408026, 5200130.971275555901229 ], [ 15601213.519808452576399, 5183140.528827084228396 ], [ 15611022.956329729408026, 5166150.086378612555563 ], [ 15630641.829372279345989, 5166150.086378612555563 ], [ 15640451.265893556177616, 5183140.528827084228396 ] ] ] } },
{ "type": "Feature", "properties": { "pref_name": "北海道" }, "geometry": { "type": "Polygon", "coordinates": [ [ [ 15640451.265893556177616, 5251102.298620969057083 ], [ 15630641.829372279345989, 5268092.741069440729916 ], [ 15611022.956329729408026, 5268092.741069440729916 ], [ 15601213.519808452576399, 5251102.298620969057083 ], [ 15611022.956329729408026, 5234111.85617249738425 ], [ 15630641.829372279345989, 5234111.85617249738425 ], [ 15640451.265893556177616, 5251102.298620969057083 ] ] ] } },
{ "type": "Feature", "properties": { "pref_name": "北海道" }, "geometry": { "type": "Polygon", "coordinates": [ [ [ 15640451.265893556177616, 5285083.183517910540104 ], [ 15630641.829372279345989, 5302073.625966382212937 ], [ 15611022.956329729408026, 5302073.625966382212937 ], [ 15601213.519808452576399, 5285083.183517910540104 ], [ 15611022.956329729408026, 5268092.741069438867271 ], [ 15630641.829372279345989, 5268092.741069438867271 ], [ 15640451.265893556177616, 5285083.183517910540104 ] ] ] } },
{ "type": "Feature", "properties": { "pref_name": "千葉県" }, "geometry": { "type": "Polygon", "coordinates": [ [ [ 15669879.575457382947206, 4282647.079058109782636 ], [ 15660070.13893610611558, 4299637.521506581455469 ], [ 15640451.265893556177616, 4299637.521506581455469 ], [ 15630641.829372279345989, 4282647.079058109782636 ], [ 15640451.265893556177616, 4265656.636609638109803 ], [ 15660070.13893610611558, 4265656.636609638109803 ], [ 15669879.575457382947206, 4282647.079058109782636 ] ] ] } },
{ "type": "Feature", "properties": { "pref_name": "茨城県" }, "geometry": { "type": "Polygon", "coordinates": [ [ [ 15669879.575457382947206, 4316627.963955053128302 ], [ 15660070.13893610611558, 4333618.406403524801135 ], [ 15640451.265893556177616, 4333618.406403524801135 ], [ 15630641.829372279345989, 4316627.963955053128302 ], [ 15640451.265893556177616, 4299637.521506581455469 ], [ 15660070.13893610611558, 4299637.521506581455469 ], [ 15669879.575457382947206, 4316627.963955053128302 ] ] ] } },
{ "type": "Feature", "properties": { "pref_name": "茨城県" }, "geometry": { "type": "Polygon", "coordinates": [ [ [ 15669879.575457382947206, 4350608.848851994611323 ], [ 15660070.13893610611558, 4367599.291300466284156 ], [ 15640451.265893556177616, 4367599.291300466284156 ], [ 15630641.829372279345989, 4350608.848851994611323 ], [ 15640451.265893556177616, 4333618.40640352293849 ], [ 15660070.13893610611558, 4333618.40640352293849 ], [ 15669879.575457382947206, 4350608.848851994611323 ] ] ] } },
{ "type": "Feature", "properties": { "pref_name": "茨城県" }, "geometry": { "type": "Polygon", "coordinates": [ [ [ 15669879.575457382947206, 4384589.733748937956989 ], [ 15660070.13893610611558, 4401580.176197409629822 ], [ 15640451.265893556177616, 4401580.176197409629822 ], [ 15630641.829372279345989, 4384589.733748937956989 ], [ 15640451.265893556177616, 4367599.291300466284156 ], [ 15660070.13893610611558, 4367599.291300466284156 ], [ 15669879.575457382947206, 4384589.733748937956989 ] ] ] } },
{ "type": "Feature", "properties": { "pref_name": "茨城県" }, "geometry": { "type": "Polygon", "coordinates": [ [ [ 15669879.575457382947206, 4418570.61864587944001 ], [ 15660070.13893610611558, 4435561.061094351112843 ], [ 15640451.265893556177616, 4435561.061094351112843 ], [ 15630641.829372279345989, 4418570.61864587944001 ], [ 15640451.265893556177616, 4401580.176197407767177 ], [ 15660070.13893610611558, 4401580.176197407767177 ], [ 15669879.575457382947206, 4418570.61864587944001 ] ] ] } },
{ "type": "Feature", "properties": { "pref_name": "福島県" }, "geometry": { "type": "Polygon", "coordinates": [ [ [ 15669879.575457382947206, 4452551.503542822785676 ], [ 15660070.13893610611558, 4469541.945991294458508 ], [ 15640451.265893556177616, 4469541.945991294458508 ], [ 15630641.829372279345989, 4452551.503542822785676 ], [ 15640451.265893556177616, 4435561.061094351112843 ], [ 15660070.13893610611558, 4435561.061094351112843 ], [ 15669879.575457382947206, 4452551.503542822785676 ] ] ] } },
{ "type": "Feature", "properties": { "pref_name": "福島県" }, "geometry": { "type": "Polygon", "coordinates": [ [ [ 15669879.575457382947206, 4486532.388439764268696 ], [ 15660070.13893610611558, 4503522.830888235941529 ], [ 15640451.265893556177616, 4503522.830888235941529 ], [ 15630641.829372279345989, 4486532.388439764268696 ], [ 15640451.265893556177616, 4469541.945991292595863 ], [ 15660070.13893610611558, 4469541.945991292595863 ], [ 15669879.575457382947206, 4486532.388439764268696 ] ] ] } },
{ "type": "Feature", "properties": { "pref_name": "福島県" }, "geometry": { "type": "Polygon", "coordinates": [ [ [ 15669879.575457382947206, 4520513.273336707614362 ], [ 15660070.13893610611558, 4537503.715785179287195 ], [ 15640451.265893556177616, 4537503.715785179287195 ], [ 15630641.829372279345989, 4520513.273336707614362 ], [ 15640451.265893556177616, 4503522.830888235941529 ], [ 15660070.13893610611558, 4503522.830888235941529 ], [ 15669879.575457382947206, 4520513.273336707614362 ] ] ] } },
{ "type": "Feature", "properties": { "pref_name": "福島県" }, "geometry": { "type": "Polygon", "coordinates": [ [ [ 15669879.575457382947206, 4554494.158233649097383 ], [ 15660070.13893610611558, 4571484.600682120770216 ], [ 15640451.265893556177616, 4571484.600682120770216 ], [ 15630641.829372279345989, 4554494.158233649097383 ], [ 15640451.265893556177616, 4537503.71578517742455 ], [ 15660070.13893610611558, 4537503.71578517742455 ], [ 15669879.575457382947206, 4554494.158233649097383 ] ] ] } },
{ "type": "Feature", "properties": { "pref_name": "宮城県" }, "geometry": { "type": "Polygon", "coordinates": [ [ [ 15669879.575457382947206, 4588475.043130592443049 ], [ 15660070.13893610611558, 4605465.485579064115882 ], [ 15640451.265893556177616, 4605465.485579064115882 ], [ 15630641.829372279345989, 4588475.043130592443049 ], [ 15640451.265893556177616, 4571484.600682120770216 ], [ 15660070.13893610611558, 4571484.600682120770216 ], [ 15669879.575457382947206, 4588475.043130592443049 ] ] ] } },
{ "type": "Feature", "properties": { "pref_name": "宮城県" }, "geometry": { "type": "Polygon", "coordinates": [ [ [ 15669879.575457382947206, 4622455.92802753392607 ], [ 15660070.13893610611558, 4639446.370476005598903 ], [ 15640451.265893556177616, 4639446.370476005598903 ], [ 15630641.829372279345989, 4622455.92802753392607 ], [ 15640451.265893556177616, 4605465.485579062253237 ], [ 15660070.13893610611558, 4605465.485579062253237 ], [ 15669879.575457382947206, 4622455.92802753392607 ] ] ] } },
{ "type": "Feature", "properties": { "pref_name": "宮城県" }, "geometry": { "type": "Polygon", "coordinates": [ [ [ 15669879.575457382947206, 4656436.812924477271736 ], [ 15660070.13893610611558, 4673427.255372948944569 ], [ 15640451.265893556177616, 4673427.255372948944569 ], [ 15630641.829372279345989, 4656436.812924477271736 ], [ 15640451.265893556177616, 4639446.370476005598903 ], [ 15660070.13893610611558, 4639446.370476005598903 ], [ 15669879.575457382947206, 4656436.812924477271736 ] ] ] } },
{ "type": "Feature", "properties": { "pref_name": "山形県" }, "geometry": { "type": "Polygon", "coordinates": [ [ [ 15669879.575457382947206, 4690417.697821418754756 ], [ 15660070.13893610611558, 4707408.140269890427589 ], [ 15640451.265893556177616, 4707408.140269890427589 ], [ 15630641.829372279345989, 4690417.697821418754756 ], [ 15640451.265893556177616, 4673427.255372947081923 ], [ 15660070.13893610611558, 4673427.255372947081923 ], [ 15669879.575457382947206, 4690417.697821418754756 ] ] ] } },
{ "type": "Feature", "properties": { "pref_name": "秋田県" }, "geometry": { "type": "Polygon", "coordinates": [ [ [ 15669879.575457382947206, 4724398.582718362100422 ], [ 15660070.13893610611558, 4741389.025166833773255 ], [ 15640451.265893556177616, 4741389.025166833773255 ], [ 15630641.829372279345989, 4724398.582718362100422 ], [ 15640451.265893556177616, 4707408.140269890427589 ], [ 15660070.13893610611558, 4707408.140269890427589 ], [ 15669879.575457382947206, 4724398.582718362100422 ] ] ] } },
{ "type": "Feature", "properties": { "pref_name": "秋田県" }, "geometry": { "type": "Polygon", "coordinates": [ [ [ 15669879.575457382947206, 4758379.467615303583443 ], [ 15660070.13893610611558, 4775369.910063775256276 ], [ 15640451.265893556177616, 4775369.910063775256276 ], [ 15630641.829372279345989, 4758379.467615303583443 ], [ 15640451.265893556177616, 4741389.02516683191061 ], [ 15660070.13893610611558, 4741389.02516683191061 ], [ 15669879.575457382947206, 4758379.467615303583443 ] ] ] } },
{ "type": "Feature", "properties": { "pref_name": "秋田県" }, "geometry": { "type": "Polygon", "coordinates": [ [ [ 15669879.575457382947206, 4792360.352512246929109 ], [ 15660070.13893610611558, 4809350.794960718601942 ], [ 15640451.265893556177616, 4809350.794960718601942 ], [ 15630641.829372279345989, 4792360.352512246929109 ], [ 15640451.265893556177616, 4775369.910063775256276 ], [ 15660070.13893610611558, 4775369.910063775256276 ], [ 15669879.575457382947206, 4792360.352512246929109 ] ] ] } },
{ "type": "Feature", "properties": { "pref_name": "秋田県" }, "geometry": { "type": "Polygon", "coordinates": [ [ [ 15669879.575457382947206, 4826341.23740918841213 ], [ 15660070.13893610611558, 4843331.679857660084963 ], [ 15640451.265893556177616, 4843331.679857660084963 ], [ 15630641.829372279345989, 4826341.23740918841213 ], [ 15640451.265893556177616, 4809350.794960716739297 ], [ 15660070.13893610611558, 4809350.794960716739297 ], [ 15669879.575457382947206, 4826341.23740918841213 ] ] ] } },
{ "type": "Feature", "properties": { "pref_name": "秋田県" }, "geometry": { "type": "Polygon", "coordinates": [ [ [ 15669879.575457382947206, 4860322.122306131757796 ], [ 15660070.13893610611558, 4877312.564754603430629 ], [ 15640451.265893556177616, 4877312.564754603430629 ], [ 15630641.829372279345989, 4860322.122306131757796 ], [ 15640451.265893556177616, 4843331.679857660084963 ], [ 15660070.13893610611558, 4843331.679857660084963 ], [ 15669879.575457382947206, 4860322.122306131757796 ] ] ] } },
{ "type": "Feature", "properties": { "pref_name": "秋田県" }, "geometry": { "type": "Polygon", "coordinates": [ [ [ 15669879.575457382947206, 4894303.007203073240817 ], [ 15660070.13893610611558, 4911293.44965154491365 ], [ 15640451.265893556177616, 4911293.44965154491365 ], [ 15630641.829372279345989, 4894303.007203073240817 ], [ 15640451.265893556177616, 4877312.564754601567984 ], [ 15660070.13893610611558, 4877312.564754601567984 ], [ 15669879.575457382947206, 4894303.007203073240817 ] ] ] } },
{ "type": "Feature", "properties": { "pref_name": "秋田県" }, "geometry": { "type": "Polygon", "coordinates": [ [ [ 15669879.575457382947206, 4928283.892100016586483 ], [ 15660070.13893610611558, 4945274.334548488259315 ], [ 15640451.265893556177616, 4945274.334548488259315 ], [ 15630641.829372279345989, 4928283.892100016586483 ], [ 15640451.265893556177616, 4911293.44965154491365 ], [ 15660070.13893610611558, 4911293.44965154491365 ], [ 15669879.575457382947206, 4928283.892100016586483 ] ] ] } },
{ "type": "Feature", "properties": { "pref_name": "青森県" }, "geometry": { "type": "Polygon", "coordinates": [ [ [ 15669879.575457382947206, 4962264.776996958069503 ], [ 15660070.13893610611558, 4979255.219445429742336 ], [ 15640451.265893556177616, 4979255.219445429742336 ], [ 15630641.829372279345989, 4962264.776996958069503 ], [ 15640451.265893556177616, 4945274.33454848639667 ], [ 15660070.13893610611558, 4945274.33454848639667 ], [ 15669879.575457382947206, 4962264.776996958069503 ] ] ] } },
{ "type": "Feature", "properties": { "pref_name": "青森県" }, "geometry": { "type": "Polygon", "coordinates": [ [ [ 15669879.575457382947206, 4996245.661893901415169 ], [ 15660070.13893610611558, 5013236.104342373088002 ], [ 15640451.265893556177616, 5013236.104342373088002 ], [ 15630641.829372279345989, 4996245.661893901415169 ], [ 15640451.265893556177616, 4979255.219445429742336 ], [ 15660070.13893610611558, 4979255.219445429742336 ], [ 15669879.575457382947206, 4996245.661893901415169 ] ] ] } },
{ "type": "Feature", "properties": { "pref_name": "青森県" }, "geometry": { "type": "Polygon", "coordinates": [ [ [ 15669879.575457382947206, 5030226.54679084289819 ], [ 15660070.13893610611558, 5047216.989239314571023 ], [ 15640451.265893556177616, 5047216.989239314571023 ], [ 15630641.829372279345989, 5030226.54679084289819 ], [ 15640451.265893556177616, 5013236.104342371225357 ], [ 15660070.13893610611558, 5013236.104342371225357 ], [ 15669879.575457382947206, 5030226.54679084289819 ] ] ] } },
{ "type": "Feature", "properties": { "pref_name": "北海道" }, "geometry": { "type": "Polygon", "coordinates": [ [ [ 15669879.575457382947206, 5132169.201481671072543 ], [ 15660070.13893610611558, 5149159.643930142745376 ], [ 15640451.265893556177616, 5149159.643930142745376 ], [ 15630641.829372279345989, 5132169.201481671072543 ], [ 15640451.265893556177616, 5115178.75903319939971 ], [ 15660070.13893610611558, 5115178.75903319939971 ], [ 15669879.575457382947206, 5132169.201481671072543 ] ] ] } },
{ "type": "Feature", "properties": { "pref_name": "北海道" }, "geometry": { "type": "Polygon", "coordinates": [ [ [ 15669879.575457382947206, 5166150.086378612555563 ], [ 15660070.13893610611558, 5183140.528827084228396 ], [ 15640451.265893556177616, 5183140.528827084228396 ], [ 15630641.829372279345989, 5166150.086378612555563 ], [ 15640451.265893556177616, 5149159.64393014088273 ], [ 15660070.13893610611558, 5149159.64393014088273 ], [ 15669879.575457382947206, 5166150.086378612555563 ] ] ] } },
{ "type": "Feature", "properties": { "pref_name": "北海道" }, "geometry": { "type": "Polygon", "coordinates": [ [ [ 15669879.575457382947206, 5268092.741069440729916 ], [ 15660070.13893610611558, 5285083.183517912402749 ], [ 15640451.265893556177616, 5285083.183517912402749 ], [ 15630641.829372279345989, 5268092.741069440729916 ], [ 15640451.265893556177616, 5251102.298620969057083 ], [ 15660070.13893610611558, 5251102.298620969057083 ], [ 15669879.575457382947206, 5268092.741069440729916 ] ] ] } },
{ "type": "Feature", "properties": { "pref_name": "北海道" }, "geometry": { "type": "Polygon", "coordinates": [ [ [ 15669879.575457382947206, 5302073.625966382212937 ], [ 15660070.13893610611558, 5319064.06841485388577 ], [ 15640451.265893556177616, 5319064.06841485388577 ], [ 15630641.829372279345989, 5302073.625966382212937 ], [ 15640451.265893556177616, 5285083.183517910540104 ], [ 15660070.13893610611558, 5285083.183517910540104 ], [ 15669879.575457382947206, 5302073.625966382212937 ] ] ] } },
{ "type": "Feature", "properties": { "pref_name": "北海道" }, "geometry": { "type": "Polygon", "coordinates": [ [ [ 15669879.575457382947206, 5336054.510863325558603 ], [ 15660070.13893610611558, 5353044.953311797231436 ], [ 15640451.265893556177616, 5353044.953311797231436 ], [ 15630641.829372279345989, 5336054.510863325558603 ], [ 15640451.265893556177616, 5319064.06841485388577 ], [ 15660070.13893610611558, 5319064.06841485388577 ], [ 15669879.575457382947206, 5336054.510863325558603 ] ] ] } },
{ "type": "Feature", "properties": { "pref_name": "福島県" }, "geometry": { "type": "Polygon", "coordinates": [ [ [ 15699307.885021209716797, 4435561.061094351112843 ], [ 15689498.44849993288517, 4452551.503542822785676 ], [ 15669879.575457382947206, 4452551.503542822785676 ], [ 15660070.13893610611558, 4435561.061094351112843 ], [ 15669879.575457382947206, 4418570.61864587944001 ], [ 15689498.44849993288517, 4418570.61864587944001 ], [ 15699307.885021209716797, 4435561.061094351112843 ] ] ] } },
{ "type": "Feature", "properties": { "pref_name": "福島県" }, "geometry": { "type": "Polygon", "coordinates": [ [ [ 15699307.885021209716797, 4469541.945991292595863 ], [ 15689498.44849993288517, 4486532.388439764268696 ], [ 15669879.575457382947206, 4486532.388439764268696 ], [ 15660070.13893610611558, 4469541.945991292595863 ], [ 15669879.575457382947206, 4452551.50354282092303 ], [ 15689498.44849993288517, 4452551.50354282092303 ], [ 15699307.885021209716797, 4469541.945991292595863 ] ] ] } },
{ "type": "Feature", "properties": { "pref_name": "福島県" }, "geometry": { "type": "Polygon", "coordinates": [ [ [ 15699307.885021209716797, 4503522.830888235941529 ], [ 15689498.44849993288517, 4520513.273336707614362 ], [ 15669879.575457382947206, 4520513.273336707614362 ], [ 15660070.13893610611558, 4503522.830888235941529 ], [ 15669879.575457382947206, 4486532.388439764268696 ], [ 15689498.44849993288517, 4486532.388439764268696 ], [ 15699307.885021209716797, 4503522.830888235941529 ] ] ] } },
{ "type": "Feature", "properties": { "pref_name": "福島県" }, "geometry": { "type": "Polygon", "coordinates": [ [ [ 15699307.885021209716797, 4537503.71578517742455 ], [ 15689498.44849993288517, 4554494.158233649097383 ], [ 15669879.575457382947206, 4554494.158233649097383 ], [ 15660070.13893610611558, 4537503.71578517742455 ], [ 15669879.575457382947206, 4520513.273336705751717 ], [ 15689498.44849993288517, 4520513.273336705751717 ], [ 15699307.885021209716797, 4537503.71578517742455 ] ] ] } },
{ "type": "Feature", "properties": { "pref_name": "宮城県" }, "geometry": { "type": "Polygon", "coordinates": [ [ [ 15699307.885021209716797, 4571484.600682120770216 ], [ 15689498.44849993288517, 4588475.043130592443049 ], [ 15669879.575457382947206, 4588475.043130592443049 ], [ 15660070.13893610611558, 4571484.600682120770216 ], [ 15669879.575457382947206, 4554494.158233649097383 ], [ 15689498.44849993288517, 4554494.158233649097383 ], [ 15699307.885021209716797, 4571484.600682120770216 ] ] ] } },
{ "type": "Feature", "properties": { "pref_name": "宮城県" }, "geometry": { "type": "Polygon", "coordinates": [ [ [ 15699307.885021209716797, 4605465.485579062253237 ], [ 15689498.44849993288517, 4622455.92802753392607 ], [ 15669879.575457382947206, 4622455.92802753392607 ], [ 15660070.13893610611558, 4605465.485579062253237 ], [ 15669879.575457382947206, 4588475.043130590580404 ], [ 15689498.44849993288517, 4588475.043130590580404 ], [ 15699307.885021209716797, 4605465.485579062253237 ] ] ] } },
{ "type": "Feature", "properties": { "pref_name": "宮城県" }, "geometry": { "type": "Polygon", "coordinates": [ [ [ 15699307.885021209716797, 4639446.370476005598903 ], [ 15689498.44849993288517, 4656436.812924477271736 ], [ 15669879.575457382947206, 4656436.812924477271736 ], [ 15660070.13893610611558, 4639446.370476005598903 ], [ 15669879.575457382947206, 4622455.92802753392607 ], [ 15689498.44849993288517, 4622455.92802753392607 ], [ 15699307.885021209716797, 4639446.370476005598903 ] ] ] } },
{ "type": "Feature", "properties": { "pref_name": "宮城県" }, "geometry": { "type": "Polygon", "coordinates": [ [ [ 15699307.885021209716797, 4673427.255372947081923 ], [ 15689498.44849993288517, 4690417.697821418754756 ], [ 15669879.575457382947206, 4690417.697821418754756 ], [ 15660070.13893610611558, 4673427.255372947081923 ], [ 15669879.575457382947206, 4656436.812924475409091 ], [ 15689498.44849993288517, 4656436.812924475409091 ], [ 15699307.885021209716797, 4673427.255372947081923 ] ] ] } },
{ "type": "Feature", "properties": { "pref_name": "宮城県" }, "geometry": { "type": "Polygon", "coordinates": [ [ [ 15699307.885021209716797, 4707408.140269890427589 ], [ 15689498.44849993288517, 4724398.582718362100422 ], [ 15669879.575457382947206, 4724398.582718362100422 ], [ 15660070.13893610611558, 4707408.140269890427589 ], [ 15669879.575457382947206, 4690417.697821418754756 ], [ 15689498.44849993288517, 4690417.697821418754756 ], [ 15699307.885021209716797, 4707408.140269890427589 ] ] ] } },
{ "type": "Feature", "properties": { "pref_name": "岩手県" }, "geometry": { "type": "Polygon", "coordinates": [ [ [ 15699307.885021209716797, 4741389.02516683191061 ], [ 15689498.44849993288517, 4758379.467615303583443 ], [ 15669879.575457382947206, 4758379.467615303583443 ], [ 15660070.13893610611558, 4741389.02516683191061 ], [ 15669879.575457382947206, 4724398.582718360237777 ], [ 15689498.44849993288517, 4724398.582718360237777 ], [ 15699307.885021209716797, 4741389.02516683191061 ] ] ] } },
{ "type": "Feature", "properties": { "pref_name": "岩手県" }, "geometry": { "type": "Polygon", "coordinates": [ [ [ 15699307.885021209716797, 4775369.910063775256276 ], [ 15689498.44849993288517, 4792360.352512246929109 ], [ 15669879.575457382947206, 4792360.352512246929109 ], [ 15660070.13893610611558, 4775369.910063775256276 ], [ 15669879.575457382947206, 4758379.467615303583443 ], [ 15689498.44849993288517, 4758379.467615303583443 ], [ 15699307.885021209716797, 4775369.910063775256276 ] ] ] } },
{ "type": "Feature", "properties": { "pref_name": "岩手県" }, "geometry": { "type": "Polygon", "coordinates": [ [ [ 15699307.885021209716797, 4809350.794960716739297 ], [ 15689498.44849993288517, 4826341.23740918841213 ], [ 15669879.575457382947206, 4826341.23740918841213 ], [ 15660070.13893610611558, 4809350.794960716739297 ], [ 15669879.575457382947206, 4792360.352512245066464 ], [ 15689498.44849993288517, 4792360.352512245066464 ], [ 15699307.885021209716797, 4809350.794960716739297 ] ] ] } },
{ "type": "Feature", "properties": { "pref_name": "岩手県" }, "geometry": { "type": "Polygon", "coordinates": [ [ [ 15699307.885021209716797, 4843331.679857660084963 ], [ 15689498.44849993288517, 4860322.122306131757796 ], [ 15669879.575457382947206, 4860322.122306131757796 ], [ 15660070.13893610611558, 4843331.679857660084963 ], [ 15669879.575457382947206, 4826341.23740918841213 ], [ 15689498.44849993288517, 4826341.23740918841213 ], [ 15699307.885021209716797, 4843331.679857660084963 ] ] ] } },
{ "type": "Feature", "properties": { "pref_name": "岩手県" }, "geometry": { "type": "Polygon", "coordinates": [ [ [ 15699307.885021209716797, 4877312.564754601567984 ], [ 15689498.44849993288517, 4894303.007203073240817 ], [ 15669879.575457382947206, 4894303.007203073240817 ], [ 15660070.13893610611558, 4877312.564754601567984 ], [ 15669879.575457382947206, 4860322.122306129895151 ], [ 15689498.44849993288517, 4860322.122306129895151 ], [ 15699307.885021209716797, 4877312.564754601567984 ] ] ] } },
{ "type": "Feature", "properties": { "pref_name": "秋田県" }, "geometry": { "type": "Polygon", "coordinates": [ [ [ 15699307.885021209716797, 4911293.44965154491365 ], [ 15689498.44849993288517, 4928283.892100016586483 ], [ 15669879.575457382947206, 4928283.892100016586483 ], [ 15660070.13893610611558, 4911293.44965154491365 ], [ 15669879.575457382947206, 4894303.007203073240817 ], [ 15689498.44849993288517, 4894303.007203073240817 ], [ 15699307.885021209716797, 4911293.44965154491365 ] ] ] } },
{ "type": "Feature", "properties": { "pref_name": "青森県" }, "geometry": { "type": "Polygon", "coordinates": [ [ [ 15699307.885021209716797, 4945274.33454848639667 ], [ 15689498.44849993288517, 4962264.776996958069503 ], [ 15669879.575457382947206, 4962264.776996958069503 ], [ 15660070.13893610611558, 4945274.33454848639667 ], [ 15669879.575457382947206, 4928283.892100014723837 ], [ 15689498.44849993288517, 4928283.892100014723837 ], [ 15699307.885021209716797, 4945274.33454848639667 ] ] ] } },
{ "type": "Feature", "properties": { "pref_name": "青森県" }, "geometry": { "type": "Polygon", "coordinates": [ [ [ 15699307.885021209716797, 4979255.219445429742336 ], [ 15689498.44849993288517, 4996245.661893901415169 ], [ 15669879.575457382947206, 4996245.661893901415169 ], [ 15660070.13893610611558, 4979255.219445429742336 ], [ 15669879.575457382947206, 4962264.776996958069503 ], [ 15689498.44849993288517, 4962264.776996958069503 ], [ 15699307.885021209716797, 4979255.219445429742336 ] ] ] } },
{ "type": "Feature", "properties": { "pref_name": "青森県" }, "geometry": { "type": "Polygon", "coordinates": [ [ [ 15699307.885021209716797, 5047216.989239314571023 ], [ 15689498.44849993288517, 5064207.431687786243856 ], [ 15669879.575457382947206, 5064207.431687786243856 ], [ 15660070.13893610611558, 5047216.989239314571023 ], [ 15669879.575457382947206, 5030226.54679084289819 ], [ 15689498.44849993288517, 5030226.54679084289819 ], [ 15699307.885021209716797, 5047216.989239314571023 ] ] ] } },
{ "type": "Feature", "properties": { "pref_name": "北海道" }, "geometry": { "type": "Polygon", "coordinates": [ [ [ 15699307.885021209716797, 5149159.64393014088273 ], [ 15689498.44849993288517, 5166150.086378612555563 ], [ 15669879.575457382947206, 5166150.086378612555563 ], [ 15660070.13893610611558, 5149159.64393014088273 ], [ 15669879.575457382947206, 5132169.201481669209898 ], [ 15689498.44849993288517, 5132169.201481669209898 ], [ 15699307.885021209716797, 5149159.64393014088273 ] ] ] } },
{ "type": "Feature", "properties": { "pref_name": "北海道" }, "geometry": { "type": "Polygon", "coordinates": [ [ [ 15699307.885021209716797, 5251102.298620969057083 ], [ 15689498.44849993288517, 5268092.741069440729916 ], [ 15669879.575457382947206, 5268092.741069440729916 ], [ 15660070.13893610611558, 5251102.298620969057083 ], [ 15669879.575457382947206, 5234111.85617249738425 ], [ 15689498.44849993288517, 5234111.85617249738425 ], [ 15699307.885021209716797, 5251102.298620969057083 ] ] ] } },
{ "type": "Feature", "properties": { "pref_name": "北海道" }, "geometry": { "type": "Polygon", "coordinates": [ [ [ 15699307.885021209716797, 5285083.183517910540104 ], [ 15689498.44849993288517, 5302073.625966382212937 ], [ 15669879.575457382947206, 5302073.625966382212937 ], [ 15660070.13893610611558, 5285083.183517910540104 ], [ 15669879.575457382947206, 5268092.741069438867271 ], [ 15689498.44849993288517, 5268092.741069438867271 ], [ 15699307.885021209716797, 5285083.183517910540104 ] ] ] } },
{ "type": "Feature", "properties": { "pref_name": "北海道" }, "geometry": { "type": "Polygon", "coordinates": [ [ [ 15699307.885021209716797, 5319064.06841485388577 ], [ 15689498.44849993288517, 5336054.510863325558603 ], [ 15669879.575457382947206, 5336054.510863325558603 ], [ 15660070.13893610611558, 5319064.06841485388577 ], [ 15669879.575457382947206, 5302073.625966382212937 ], [ 15689498.44849993288517, 5302073.625966382212937 ], [ 15699307.885021209716797, 5319064.06841485388577 ] ] ] } },
{ "type": "Feature", "properties": { "pref_name": "宮城県" }, "geometry": { "type": "Polygon", "coordinates": [ [ [ 15728736.194585036486387, 4656436.812924477271736 ], [ 15718926.75806375965476, 4673427.255372948944569 ], [ 15699307.885021209716797, 4673427.255372948944569 ], [ 15689498.44849993288517, 4656436.812924477271736 ], [ 15699307.885021209716797, 4639446.370476005598903 ], [ 15718926.75806375965476, 4639446.370476005598903 ], [ 15728736.194585036486387, 4656436.812924477271736 ] ] ] } },
{ "type": "Feature", "properties": { "pref_name": "宮城県" }, "geometry": { "type": "Polygon", "coordinates": [ [ [ 15728736.194585036486387, 4690417.697821418754756 ], [ 15718926.75806375965476, 4707408.140269890427589 ], [ 15699307.885021209716797, 4707408.140269890427589 ], [ 15689498.44849993288517, 4690417.697821418754756 ], [ 15699307.885021209716797, 4673427.255372947081923 ], [ 15718926.75806375965476, 4673427.255372947081923 ], [ 15728736.194585036486387, 4690417.697821418754756 ] ] ] } },
{ "type": "Feature", "properties": { "pref_name": "岩手県" }, "geometry": { "type": "Polygon", "coordinates": [ [ [ 15728736.194585036486387, 4724398.582718362100422 ], [ 15718926.75806375965476, 4741389.025166833773255 ], [ 15699307.885021209716797, 4741389.025166833773255 ], [ 15689498.44849993288517, 4724398.582718362100422 ], [ 15699307.885021209716797, 4707408.140269890427589 ], [ 15718926.75806375965476, 4707408.140269890427589 ], [ 15728736.194585036486387, 4724398.582718362100422 ] ] ] } },
{ "type": "Feature", "properties": { "pref_name": "岩手県" }, "geometry": { "type": "Polygon", "coordinates": [ [ [ 15728736.194585036486387, 4758379.467615303583443 ], [ 15718926.75806375965476, 4775369.910063775256276 ], [ 15699307.885021209716797, 4775369.910063775256276 ], [ 15689498.44849993288517, 4758379.467615303583443 ], [ 15699307.885021209716797, 4741389.02516683191061 ], [ 15718926.75806375965476, 4741389.02516683191061 ], [ 15728736.194585036486387, 4758379.467615303583443 ] ] ] } },
{ "type": "Feature", "properties": { "pref_name": "岩手県" }, "geometry": { "type": "Polygon", "coordinates": [ [ [ 15728736.194585036486387, 4792360.352512246929109 ], [ 15718926.75806375965476, 4809350.794960718601942 ], [ 15699307.885021209716797, 4809350.794960718601942 ], [ 15689498.44849993288517, 4792360.352512246929109 ], [ 15699307.885021209716797, 4775369.910063775256276 ], [ 15718926.75806375965476, 4775369.910063775256276 ], [ 15728736.194585036486387, 4792360.352512246929109 ] ] ] } },
{ "type": "Feature", "properties": { "pref_name": "岩手県" }, "geometry": { "type": "Polygon", "coordinates": [ [ [ 15728736.194585036486387, 4826341.23740918841213 ], [ 15718926.75806375965476, 4843331.679857660084963 ], [ 15699307.885021209716797, 4843331.679857660084963 ], [ 15689498.44849993288517, 4826341.23740918841213 ], [ 15699307.885021209716797, 4809350.794960716739297 ], [ 15718926.75806375965476, 4809350.794960716739297 ], [ 15728736.194585036486387, 4826341.23740918841213 ] ] ] } },
{ "type": "Feature", "properties": { "pref_name": "岩手県" }, "geometry": { "type": "Polygon", "coordinates": [ [ [ 15728736.194585036486387, 4860322.122306131757796 ], [ 15718926.75806375965476, 4877312.564754603430629 ], [ 15699307.885021209716797, 4877312.564754603430629 ], [ 15689498.44849993288517, 4860322.122306131757796 ], [ 15699307.885021209716797, 4843331.679857660084963 ], [ 15718926.75806375965476, 4843331.679857660084963 ], [ 15728736.194585036486387, 4860322.122306131757796 ] ] ] } },
{ "type": "Feature", "properties": { "pref_name": "岩手県" }, "geometry": { "type": "Polygon", "coordinates": [ [ [ 15728736.194585036486387, 4894303.007203073240817 ], [ 15718926.75806375965476, 4911293.44965154491365 ], [ 15699307.885021209716797, 4911293.44965154491365 ], [ 15689498.44849993288517, 4894303.007203073240817 ], [ 15699307.885021209716797, 4877312.564754601567984 ], [ 15718926.75806375965476, 4877312.564754601567984 ], [ 15728736.194585036486387, 4894303.007203073240817 ] ] ] } },
{ "type": "Feature", "properties": { "pref_name": "青森県" }, "geometry": { "type": "Polygon", "coordinates": [ [ [ 15728736.194585036486387, 4928283.892100016586483 ], [ 15718926.75806375965476, 4945274.334548488259315 ], [ 15699307.885021209716797, 4945274.334548488259315 ], [ 15689498.44849993288517, 4928283.892100016586483 ], [ 15699307.885021209716797, 4911293.44965154491365 ], [ 15718926.75806375965476, 4911293.44965154491365 ], [ 15728736.194585036486387, 4928283.892100016586483 ] ] ] } },
{ "type": "Feature", "properties": { "pref_name": "青森県" }, "geometry": { "type": "Polygon", "coordinates": [ [ [ 15728736.194585036486387, 4962264.776996958069503 ], [ 15718926.75806375965476, 4979255.219445429742336 ], [ 15699307.885021209716797, 4979255.219445429742336 ], [ 15689498.44849993288517, 4962264.776996958069503 ], [ 15699307.885021209716797, 4945274.33454848639667 ], [ 15718926.75806375965476, 4945274.33454848639667 ], [ 15728736.194585036486387, 4962264.776996958069503 ] ] ] } },
{ "type": "Feature", "properties": { "pref_name": "青森県" }, "geometry": { "type": "Polygon", "coordinates": [ [ [ 15728736.194585036486387, 5064207.431687786243856 ], [ 15718926.75806375965476, 5081197.874136257916689 ], [ 15699307.885021209716797, 5081197.874136257916689 ], [ 15689498.44849993288517, 5064207.431687786243856 ], [ 15699307.885021209716797, 5047216.989239314571023 ], [ 15718926.75806375965476, 5047216.989239314571023 ], [ 15728736.194585036486387, 5064207.431687786243856 ] ] ] } },
{ "type": "Feature", "properties": { "pref_name": "北海道" }, "geometry": { "type": "Polygon", "coordinates": [ [ [ 15728736.194585036486387, 5132169.201481671072543 ], [ 15718926.75806375965476, 5149159.643930142745376 ], [ 15699307.885021209716797, 5149159.643930142745376 ], [ 15689498.44849993288517, 5132169.201481671072543 ], [ 15699307.885021209716797, 5115178.75903319939971 ], [ 15718926.75806375965476, 5115178.75903319939971 ], [ 15728736.194585036486387, 5132169.201481671072543 ] ] ] } },
{ "type": "Feature", "properties": { "pref_name": "北海道" }, "geometry": { "type": "Polygon", "coordinates": [ [ [ 15728736.194585036486387, 5234111.85617249738425 ], [ 15718926.75806375965476, 5251102.298620969057083 ], [ 15699307.885021209716797, 5251102.298620969057083 ], [ 15689498.44849993288517, 5234111.85617249738425 ], [ 15699307.885021209716797, 5217121.413724025711417 ], [ 15718926.75806375965476, 5217121.413724025711417 ], [ 15728736.194585036486387, 5234111.85617249738425 ] ] ] } },
{ "type": "Feature", "properties": { "pref_name": "北海道" }, "geometry": { "type": "Polygon", "coordinates": [ [ [ 15728736.194585036486387, 5268092.741069440729916 ], [ 15718926.75806375965476, 5285083.183517912402749 ], [ 15699307.885021209716797, 5285083.183517912402749 ], [ 15689498.44849993288517, 5268092.741069440729916 ], [ 15699307.885021209716797, 5251102.298620969057083 ], [ 15718926.75806375965476, 5251102.298620969057083 ], [ 15728736.194585036486387, 5268092.741069440729916 ] ] ] } },
{ "type": "Feature", "properties": { "pref_name": "北海道" }, "geometry": { "type": "Polygon", "coordinates": [ [ [ 15728736.194585036486387, 5302073.625966382212937 ], [ 15718926.75806375965476, 5319064.06841485388577 ], [ 15699307.885021209716797, 5319064.06841485388577 ], [ 15689498.44849993288517, 5302073.625966382212937 ], [ 15699307.885021209716797, 5285083.183517910540104 ], [ 15718926.75806375965476, 5285083.183517910540104 ], [ 15728736.194585036486387, 5302073.625966382212937 ] ] ] } },
{ "type": "Feature", "properties": { "pref_name": "北海道" }, "geometry": { "type": "Polygon", "coordinates": [ [ [ 15728736.194585036486387, 5336054.510863325558603 ], [ 15718926.75806375965476, 5353044.953311797231436 ], [ 15699307.885021209716797, 5353044.953311797231436 ], [ 15689498.44849993288517, 5336054.510863325558603 ], [ 15699307.885021209716797, 5319064.06841485388577 ], [ 15718926.75806375965476, 5319064.06841485388577 ], [ 15728736.194585036486387, 5336054.510863325558603 ] ] ] } },
{ "type": "Feature", "properties": { "pref_name": "宮城県" }, "geometry": { "type": "Polygon", "coordinates": [ [ [ 15758164.504148863255978, 4639446.370476005598903 ], [ 15748355.067627586424351, 4656436.812924477271736 ], [ 15728736.194585036486387, 4656436.812924477271736 ], [ 15718926.75806375965476, 4639446.370476005598903 ], [ 15728736.194585036486387, 4622455.92802753392607 ], [ 15748355.067627586424351, 4622455.92802753392607 ], [ 15758164.504148863255978, 4639446.370476005598903 ] ] ] } },
{ "type": "Feature", "properties": { "pref_name": "宮城県" }, "geometry": { "type": "Polygon", "coordinates": [ [ [ 15758164.504148863255978, 4673427.255372947081923 ], [ 15748355.067627586424351, 4690417.697821418754756 ], [ 15728736.194585036486387, 4690417.697821418754756 ], [ 15718926.75806375965476, 4673427.255372947081923 ], [ 15728736.194585036486387, 4656436.812924475409091 ], [ 15748355.067627586424351, 4656436.812924475409091 ], [ 15758164.504148863255978, 4673427.255372947081923 ] ] ] } },
{ "type": "Feature", "properties": { "pref_name": "岩手県" }, "geometry": { "type": "Polygon", "coordinates": [ [ [ 15758164.504148863255978, 4707408.140269890427589 ], [ 15748355.067627586424351, 4724398.582718362100422 ], [ 15728736.194585036486387, 4724398.582718362100422 ], [ 15718926.75806375965476, 4707408.140269890427589 ], [ 15728736.194585036486387, 4690417.697821418754756 ], [ 15748355.067627586424351, 4690417.697821418754756 ], [ 15758164.504148863255978, 4707408.140269890427589 ] ] ] } },
{ "type": "Feature", "properties": { "pref_name": "岩手県" }, "geometry": { "type": "Polygon", "coordinates": [ [ [ 15758164.504148863255978, 4741389.02516683191061 ], [ 15748355.067627586424351, 4758379.467615303583443 ], [ 15728736.194585036486387, 4758379.467615303583443 ], [ 15718926.75806375965476, 4741389.02516683191061 ], [ 15728736.194585036486387, 4724398.582718360237777 ], [ 15748355.067627586424351, 4724398.582718360237777 ], [ 15758164.504148863255978, 4741389.02516683191061 ] ] ] } },
{ "type": "Feature", "properties": { "pref_name": "岩手県" }, "geometry": { "type": "Polygon", "coordinates": [ [ [ 15758164.504148863255978, 4775369.910063775256276 ], [ 15748355.067627586424351, 4792360.352512246929109 ], [ 15728736.194585036486387, 4792360.352512246929109 ], [ 15718926.75806375965476, 4775369.910063775256276 ], [ 15728736.194585036486387, 4758379.467615303583443 ], [ 15748355.067627586424351, 4758379.467615303583443 ], [ 15758164.504148863255978, 4775369.910063775256276 ] ] ] } },
{ "type": "Feature", "properties": { "pref_name": "岩手県" }, "geometry": { "type": "Polygon", "coordinates": [ [ [ 15758164.504148863255978, 4809350.794960716739297 ], [ 15748355.067627586424351, 4826341.23740918841213 ], [ 15728736.194585036486387, 4826341.23740918841213 ], [ 15718926.75806375965476, 4809350.794960716739297 ], [ 15728736.194585036486387, 4792360.352512245066464 ], [ 15748355.067627586424351, 4792360.352512245066464 ], [ 15758164.504148863255978, 4809350.794960716739297 ] ] ] } },
{ "type": "Feature", "properties": { "pref_name": "岩手県" }, "geometry": { "type": "Polygon", "coordinates": [ [ [ 15758164.504148863255978, 4843331.679857660084963 ], [ 15748355.067627586424351, 4860322.122306131757796 ], [ 15728736.194585036486387, 4860322.122306131757796 ], [ 15718926.75806375965476, 4843331.679857660084963 ], [ 15728736.194585036486387, 4826341.23740918841213 ], [ 15748355.067627586424351, 4826341.23740918841213 ], [ 15758164.504148863255978, 4843331.679857660084963 ] ] ] } },
{ "type": "Feature", "properties": { "pref_name": "岩手県" }, "geometry": { "type": "Polygon", "coordinates": [ [ [ 15758164.504148863255978, 4877312.564754601567984 ], [ 15748355.067627586424351, 4894303.007203073240817 ], [ 15728736.194585036486387, 4894303.007203073240817 ], [ 15718926.75806375965476, 4877312.564754601567984 ], [ 15728736.194585036486387, 4860322.122306129895151 ], [ 15748355.067627586424351, 4860322.122306129895151 ], [ 15758164.504148863255978, 4877312.564754601567984 ] ] ] } },
{ "type": "Feature", "properties": { "pref_name": "岩手県" }, "geometry": { "type": "Polygon", "coordinates": [ [ [ 15758164.504148863255978, 4911293.44965154491365 ], [ 15748355.067627586424351, 4928283.892100016586483 ], [ 15728736.194585036486387, 4928283.892100016586483 ], [ 15718926.75806375965476, 4911293.44965154491365 ], [ 15728736.194585036486387, 4894303.007203073240817 ], [ 15748355.067627586424351, 4894303.007203073240817 ], [ 15758164.504148863255978, 4911293.44965154491365 ] ] ] } },
{ "type": "Feature", "properties": { "pref_name": "青森県" }, "geometry": { "type": "Polygon", "coordinates": [ [ [ 15758164.504148863255978, 4945274.33454848639667 ], [ 15748355.067627586424351, 4962264.776996958069503 ], [ 15728736.194585036486387, 4962264.776996958069503 ], [ 15718926.75806375965476, 4945274.33454848639667 ], [ 15728736.194585036486387, 4928283.892100014723837 ], [ 15748355.067627586424351, 4928283.892100014723837 ], [ 15758164.504148863255978, 4945274.33454848639667 ] ] ] } },
{ "type": "Feature", "properties": { "pref_name": "青森県" }, "geometry": { "type": "Polygon", "coordinates": [ [ [ 15758164.504148863255978, 4979255.219445429742336 ], [ 15748355.067627586424351, 4996245.661893901415169 ], [ 15728736.194585036486387, 4996245.661893901415169 ], [ 15718926.75806375965476, 4979255.219445429742336 ], [ 15728736.194585036486387, 4962264.776996958069503 ], [ 15748355.067627586424351, 4962264.776996958069503 ], [ 15758164.504148863255978, 4979255.219445429742336 ] ] ] } },
{ "type": "Feature", "properties": { "pref_name": "青森県" }, "geometry": { "type": "Polygon", "coordinates": [ [ [ 15758164.504148863255978, 5013236.104342371225357 ], [ 15748355.067627586424351, 5030226.54679084289819 ], [ 15728736.194585036486387, 5030226.54679084289819 ], [ 15718926.75806375965476, 5013236.104342371225357 ], [ 15728736.194585036486387, 4996245.661893899552524 ], [ 15748355.067627586424351, 4996245.661893899552524 ], [ 15758164.504148863255978, 5013236.104342371225357 ] ] ] } },
{ "type": "Feature", "properties": { "pref_name": "青森県" }, "geometry": { "type": "Polygon", "coordinates": [ [ [ 15758164.504148863255978, 5047216.989239314571023 ], [ 15748355.067627586424351, 5064207.431687786243856 ], [ 15728736.194585036486387, 5064207.431687786243856 ], [ 15718926.75806375965476, 5047216.989239314571023 ], [ 15728736.194585036486387, 5030226.54679084289819 ], [ 15748355.067627586424351, 5030226.54679084289819 ], [ 15758164.504148863255978, 5047216.989239314571023 ] ] ] } },
{ "type": "Feature", "properties": { "pref_name": "北海道" }, "geometry": { "type": "Polygon", "coordinates": [ [ [ 15758164.504148863255978, 5251102.298620969057083 ], [ 15748355.067627586424351, 5268092.741069440729916 ], [ 15728736.194585036486387, 5268092.741069440729916 ], [ 15718926.75806375965476, 5251102.298620969057083 ], [ 15728736.194585036486387, 5234111.85617249738425 ], [ 15748355.067627586424351, 5234111.85617249738425 ], [ 15758164.504148863255978, 5251102.298620969057083 ] ] ] } },
{ "type": "Feature", "properties": { "pref_name": "北海道" }, "geometry": { "type": "Polygon", "coordinates": [ [ [ 15758164.504148863255978, 5285083.183517910540104 ], [ 15748355.067627586424351, 5302073.625966382212937 ], [ 15728736.194585036486387, 5302073.625966382212937 ], [ 15718926.75806375965476, 5285083.183517910540104 ], [ 15728736.194585036486387, 5268092.741069438867271 ], [ 15748355.067627586424351, 5268092.741069438867271 ], [ 15758164.504148863255978, 5285083.183517910540104 ] ] ] } },
{ "type": "Feature", "properties": { "pref_name": "北海道" }, "geometry": { "type": "Polygon", "coordinates": [ [ [ 15758164.504148863255978, 5319064.06841485388577 ], [ 15748355.067627586424351, 5336054.510863325558603 ], [ 15728736.194585036486387, 5336054.510863325558603 ], [ 15718926.75806375965476, 5319064.06841485388577 ], [ 15728736.194585036486387, 5302073.625966382212937 ], [ 15748355.067627586424351, 5302073.625966382212937 ], [ 15758164.504148863255978, 5319064.06841485388577 ] ] ] } },
{ "type": "Feature", "properties": { "pref_name": "北海道" }, "geometry": { "type": "Polygon", "coordinates": [ [ [ 15758164.504148863255978, 5353044.953311795368791 ], [ 15748355.067627586424351, 5370035.395760267041624 ], [ 15728736.194585036486387, 5370035.395760267041624 ], [ 15718926.75806375965476, 5353044.953311795368791 ], [ 15728736.194585036486387, 5336054.510863323695958 ], [ 15748355.067627586424351, 5336054.510863323695958 ], [ 15758164.504148863255978, 5353044.953311795368791 ] ] ] } },
{ "type": "Feature", "properties": { "pref_name": "北海道" }, "geometry": { "type": "Polygon", "coordinates": [ [ [ 15758164.504148863255978, 5387025.838208738714457 ], [ 15748355.067627586424351, 5404016.28065721038729 ], [ 15728736.194585036486387, 5404016.28065721038729 ], [ 15718926.75806375965476, 5387025.838208738714457 ], [ 15728736.194585036486387, 5370035.395760267041624 ], [ 15748355.067627586424351, 5370035.395760267041624 ], [ 15758164.504148863255978, 5387025.838208738714457 ] ] ] } },
{ "type": "Feature", "properties": { "pref_name": "北海道" }, "geometry": { "type": "Polygon", "coordinates": [ [ [ 15758164.504148863255978, 5421006.723105680197477 ], [ 15748355.067627586424351, 5437997.16555415187031 ], [ 15728736.194585036486387, 5437997.16555415187031 ], [ 15718926.75806375965476, 5421006.723105680197477 ], [ 15728736.194585036486387, 5404016.280657208524644 ], [ 15748355.067627586424351, 5404016.280657208524644 ], [ 15758164.504148863255978, 5421006.723105680197477 ] ] ] } },
{ "type": "Feature", "properties": { "pref_name": "岩手県" }, "geometry": { "type": "Polygon", "coordinates": [ [ [ 15787592.813712690025568, 4724398.582718362100422 ], [ 15777783.377191413193941, 4741389.025166833773255 ], [ 15758164.504148863255978, 4741389.025166833773255 ], [ 15748355.067627586424351, 4724398.582718362100422 ], [ 15758164.504148863255978, 4707408.140269890427589 ], [ 15777783.377191413193941, 4707408.140269890427589 ], [ 15787592.813712690025568, 4724398.582718362100422 ] ] ] } },
{ "type": "Feature", "properties": { "pref_name": "岩手県" }, "geometry": { "type": "Polygon", "coordinates": [ [ [ 15787592.813712690025568, 4758379.467615303583443 ], [ 15777783.377191413193941, 4775369.910063775256276 ], [ 15758164.504148863255978, 4775369.910063775256276 ], [ 15748355.067627586424351, 4758379.467615303583443 ], [ 15758164.504148863255978, 4741389.02516683191061 ], [ 15777783.377191413193941, 4741389.02516683191061 ], [ 15787592.813712690025568, 4758379.467615303583443 ] ] ] } },
{ "type": "Feature", "properties": { "pref_name": "岩手県" }, "geometry": { "type": "Polygon", "coordinates": [ [ [ 15787592.813712690025568, 4792360.352512246929109 ], [ 15777783.377191413193941, 4809350.794960718601942 ], [ 15758164.504148863255978, 4809350.794960718601942 ], [ 15748355.067627586424351, 4792360.352512246929109 ], [ 15758164.504148863255978, 4775369.910063775256276 ], [ 15777783.377191413193941, 4775369.910063775256276 ], [ 15787592.813712690025568, 4792360.352512246929109 ] ] ] } },
{ "type": "Feature", "properties": { "pref_name": "岩手県" }, "geometry": { "type": "Polygon", "coordinates": [ [ [ 15787592.813712690025568, 4826341.23740918841213 ], [ 15777783.377191413193941, 4843331.679857660084963 ], [ 15758164.504148863255978, 4843331.679857660084963 ], [ 15748355.067627586424351, 4826341.23740918841213 ], [ 15758164.504148863255978, 4809350.794960716739297 ], [ 15777783.377191413193941, 4809350.794960716739297 ], [ 15787592.813712690025568, 4826341.23740918841213 ] ] ] } },
{ "type": "Feature", "properties": { "pref_name": "岩手県" }, "geometry": { "type": "Polygon", "coordinates": [ [ [ 15787592.813712690025568, 4860322.122306131757796 ], [ 15777783.377191413193941, 4877312.564754603430629 ], [ 15758164.504148863255978, 4877312.564754603430629 ], [ 15748355.067627586424351, 4860322.122306131757796 ], [ 15758164.504148863255978, 4843331.679857660084963 ], [ 15777783.377191413193941, 4843331.679857660084963 ], [ 15787592.813712690025568, 4860322.122306131757796 ] ] ] } },
{ "type": "Feature", "properties": { "pref_name": "岩手県" }, "geometry": { "type": "Polygon", "coordinates": [ [ [ 15787592.813712690025568, 4894303.007203073240817 ], [ 15777783.377191413193941, 4911293.44965154491365 ], [ 15758164.504148863255978, 4911293.44965154491365 ], [ 15748355.067627586424351, 4894303.007203073240817 ], [ 15758164.504148863255978, 4877312.564754601567984 ], [ 15777783.377191413193941, 4877312.564754601567984 ], [ 15787592.813712690025568, 4894303.007203073240817 ] ] ] } },
{ "type": "Feature", "properties": { "pref_name": "岩手県" }, "geometry": { "type": "Polygon", "coordinates": [ [ [ 15787592.813712690025568, 4928283.892100016586483 ], [ 15777783.377191413193941, 4945274.334548488259315 ], [ 15758164.504148863255978, 4945274.334548488259315 ], [ 15748355.067627586424351, 4928283.892100016586483 ], [ 15758164.504148863255978, 4911293.44965154491365 ], [ 15777783.377191413193941, 4911293.44965154491365 ], [ 15787592.813712690025568, 4928283.892100016586483 ] ] ] } },
{ "type": "Feature", "properties": { "pref_name": "北海道" }, "geometry": { "type": "Polygon", "coordinates": [ [ [ 15787592.813712690025568, 5268092.741069440729916 ], [ 15777783.377191413193941, 5285083.183517912402749 ], [ 15758164.504148863255978, 5285083.183517912402749 ], [ 15748355.067627586424351, 5268092.741069440729916 ], [ 15758164.504148863255978, 5251102.298620969057083 ], [ 15777783.377191413193941, 5251102.298620969057083 ], [ 15787592.813712690025568, 5268092.741069440729916 ] ] ] } },
{ "type": "Feature", "properties": { "pref_name": "北海道" }, "geometry": { "type": "Polygon", "coordinates": [ [ [ 15787592.813712690025568, 5302073.625966382212937 ], [ 15777783.377191413193941, 5319064.06841485388577 ], [ 15758164.504148863255978, 5319064.06841485388577 ], [ 15748355.067627586424351, 5302073.625966382212937 ], [ 15758164.504148863255978, 5285083.183517910540104 ], [ 15777783.377191413193941, 5285083.183517910540104 ], [ 15787592.813712690025568, 5302073.625966382212937 ] ] ] } },
{ "type": "Feature", "properties": { "pref_name": "北海道" }, "geometry": { "type": "Polygon", "coordinates": [ [ [ 15787592.813712690025568, 5336054.510863325558603 ], [ 15777783.377191413193941, 5353044.953311797231436 ], [ 15758164.504148863255978, 5353044.953311797231436 ], [ 15748355.067627586424351, 5336054.510863325558603 ], [ 15758164.504148863255978, 5319064.06841485388577 ], [ 15777783.377191413193941, 5319064.06841485388577 ], [ 15787592.813712690025568, 5336054.510863325558603 ] ] ] } },
{ "type": "Feature", "properties": { "pref_name": "北海道" }, "geometry": { "type": "Polygon", "coordinates": [ [ [ 15787592.813712690025568, 5370035.395760267041624 ], [ 15777783.377191413193941, 5387025.838208738714457 ], [ 15758164.504148863255978, 5387025.838208738714457 ], [ 15748355.067627586424351, 5370035.395760267041624 ], [ 15758164.504148863255978, 5353044.953311795368791 ], [ 15777783.377191413193941, 5353044.953311795368791 ], [ 15787592.813712690025568, 5370035.395760267041624 ] ] ] } },
{ "type": "Feature", "properties": { "pref_name": "北海道" }, "geometry": { "type": "Polygon", "coordinates": [ [ [ 15787592.813712690025568, 5404016.28065721038729 ], [ 15777783.377191413193941, 5421006.723105682060122 ], [ 15758164.504148863255978, 5421006.723105682060122 ], [ 15748355.067627586424351, 5404016.28065721038729 ], [ 15758164.504148863255978, 5387025.838208738714457 ], [ 15777783.377191413193941, 5387025.838208738714457 ], [ 15787592.813712690025568, 5404016.28065721038729 ] ] ] } },
{ "type": "Feature", "properties": { "pref_name": "北海道" }, "geometry": { "type": "Polygon", "coordinates": [ [ [ 15787592.813712690025568, 5437997.16555415187031 ], [ 15777783.377191413193941, 5454987.608002623543143 ], [ 15758164.504148863255978, 5454987.608002623543143 ], [ 15748355.067627586424351, 5437997.16555415187031 ], [ 15758164.504148863255978, 5421006.723105680197477 ], [ 15777783.377191413193941, 5421006.723105680197477 ], [ 15787592.813712690025568, 5437997.16555415187031 ] ] ] } },
{ "type": "Feature", "properties": { "pref_name": "北海道" }, "geometry": { "type": "Polygon", "coordinates": [ [ [ 15787592.813712690025568, 5641882.47493580635637 ], [ 15777783.377191413193941, 5658872.917384278029203 ], [ 15758164.504148863255978, 5658872.917384278029203 ], [ 15748355.067627586424351, 5641882.47493580635637 ], [ 15758164.504148863255978, 5624892.032487334683537 ], [ 15777783.377191413193941, 5624892.032487334683537 ], [ 15787592.813712690025568, 5641882.47493580635637 ] ] ] } },
{ "type": "Feature", "properties": { "pref_name": "岩手県" }, "geometry": { "type": "Polygon", "coordinates": [ [ [ 15817021.123276516795158, 4775369.910063775256276 ], [ 15807211.686755239963531, 4792360.352512246929109 ], [ 15787592.813712690025568, 4792360.352512246929109 ], [ 15777783.377191413193941, 4775369.910063775256276 ], [ 15787592.813712690025568, 4758379.467615303583443 ], [ 15807211.686755239963531, 4758379.467615303583443 ], [ 15817021.123276516795158, 4775369.910063775256276 ] ] ] } },
{ "type": "Feature", "properties": { "pref_name": "岩手県" }, "geometry": { "type": "Polygon", "coordinates": [ [ [ 15817021.123276516795158, 4809350.794960716739297 ], [ 15807211.686755239963531, 4826341.23740918841213 ], [ 15787592.813712690025568, 4826341.23740918841213 ], [ 15777783.377191413193941, 4809350.794960716739297 ], [ 15787592.813712690025568, 4792360.352512245066464 ], [ 15807211.686755239963531, 4792360.352512245066464 ], [ 15817021.123276516795158, 4809350.794960716739297 ] ] ] } },
{ "type": "Feature", "properties": { "pref_name": "岩手県" }, "geometry": { "type": "Polygon", "coordinates": [ [ [ 15817021.123276516795158, 4843331.679857660084963 ], [ 15807211.686755239963531, 4860322.122306131757796 ], [ 15787592.813712690025568, 4860322.122306131757796 ], [ 15777783.377191413193941, 4843331.679857660084963 ], [ 15787592.813712690025568, 4826341.23740918841213 ], [ 15807211.686755239963531, 4826341.23740918841213 ], [ 15817021.123276516795158, 4843331.679857660084963 ] ] ] } },
{ "type": "Feature", "properties": { "pref_name": "北海道" }, "geometry": { "type": "Polygon", "coordinates": [ [ [ 15817021.123276516795158, 5251102.298620969057083 ], [ 15807211.686755239963531, 5268092.741069440729916 ], [ 15787592.813712690025568, 5268092.741069440729916 ], [ 15777783.377191413193941, 5251102.298620969057083 ], [ 15787592.813712690025568, 5234111.85617249738425 ], [ 15807211.686755239963531, 5234111.85617249738425 ], [ 15817021.123276516795158, 5251102.298620969057083 ] ] ] } },
{ "type": "Feature", "properties": { "pref_name": "北海道" }, "geometry": { "type": "Polygon", "coordinates": [ [ [ 15817021.123276516795158, 5285083.183517910540104 ], [ 15807211.686755239963531, 5302073.625966382212937 ], [ 15787592.813712690025568, 5302073.625966382212937 ], [ 15777783.377191413193941, 5285083.183517910540104 ], [ 15787592.813712690025568, 5268092.741069438867271 ], [ 15807211.686755239963531, 5268092.741069438867271 ], [ 15817021.123276516795158, 5285083.183517910540104 ] ] ] } },
{ "type": "Feature", "properties": { "pref_name": "北海道" }, "geometry": { "type": "Polygon", "coordinates": [ [ [ 15817021.123276516795158, 5319064.06841485388577 ], [ 15807211.686755239963531, 5336054.510863325558603 ], [ 15787592.813712690025568, 5336054.510863325558603 ], [ 15777783.377191413193941, 5319064.06841485388577 ], [ 15787592.813712690025568, 5302073.625966382212937 ], [ 15807211.686755239963531, 5302073.625966382212937 ], [ 15817021.123276516795158, 5319064.06841485388577 ] ] ] } },
{ "type": "Feature", "properties": { "pref_name": "北海道" }, "geometry": { "type": "Polygon", "coordinates": [ [ [ 15817021.123276516795158, 5353044.953311795368791 ], [ 15807211.686755239963531, 5370035.395760267041624 ], [ 15787592.813712690025568, 5370035.395760267041624 ], [ 15777783.377191413193941, 5353044.953311795368791 ], [ 15787592.813712690025568, 5336054.510863323695958 ], [ 15807211.686755239963531, 5336054.510863323695958 ], [ 15817021.123276516795158, 5353044.953311795368791 ] ] ] } },
{ "type": "Feature", "properties": { "pref_name": "北海道" }, "geometry": { "type": "Polygon", "coordinates": [ [ [ 15817021.123276516795158, 5387025.838208738714457 ], [ 15807211.686755239963531, 5404016.28065721038729 ], [ 15787592.813712690025568, 5404016.28065721038729 ], [ 15777783.377191413193941, 5387025.838208738714457 ], [ 15787592.813712690025568, 5370035.395760267041624 ], [ 15807211.686755239963531, 5370035.395760267041624 ], [ 15817021.123276516795158, 5387025.838208738714457 ] ] ] } },
{ "type": "Feature", "properties": { "pref_name": "北海道" }, "geometry": { "type": "Polygon", "coordinates": [ [ [ 15817021.123276516795158, 5421006.723105680197477 ], [ 15807211.686755239963531, 5437997.16555415187031 ], [ 15787592.813712690025568, 5437997.16555415187031 ], [ 15777783.377191413193941, 5421006.723105680197477 ], [ 15787592.813712690025568, 5404016.280657208524644 ], [ 15807211.686755239963531, 5404016.280657208524644 ], [ 15817021.123276516795158, 5421006.723105680197477 ] ] ] } },
{ "type": "Feature", "properties": { "pref_name": "北海道" }, "geometry": { "type": "Polygon", "coordinates": [ [ [ 15817021.123276516795158, 5454987.608002623543143 ], [ 15807211.686755239963531, 5471978.050451095215976 ], [ 15787592.813712690025568, 5471978.050451095215976 ], [ 15777783.377191413193941, 5454987.608002623543143 ], [ 15787592.813712690025568, 5437997.16555415187031 ], [ 15807211.686755239963531, 5437997.16555415187031 ], [ 15817021.123276516795158, 5454987.608002623543143 ] ] ] } },
{ "type": "Feature", "properties": { "pref_name": "北海道" }, "geometry": { "type": "Polygon", "coordinates": [ [ [ 15817021.123276516795158, 5488968.492899565026164 ], [ 15807211.686755239963531, 5505958.935348036698997 ], [ 15787592.813712690025568, 5505958.935348036698997 ], [ 15777783.377191413193941, 5488968.492899565026164 ], [ 15787592.813712690025568, 5471978.050451093353331 ], [ 15807211.686755239963531, 5471978.050451093353331 ], [ 15817021.123276516795158, 5488968.492899565026164 ] ] ] } },
{ "type": "Feature", "properties": { "pref_name": "北海道" }, "geometry": { "type": "Polygon", "coordinates": [ [ [ 15817021.123276516795158, 5522949.37779650837183 ], [ 15807211.686755239963531, 5539939.820244980044663 ], [ 15787592.813712690025568, 5539939.820244980044663 ], [ 15777783.377191413193941, 5522949.37779650837183 ], [ 15787592.813712690025568, 5505958.935348036698997 ], [ 15807211.686755239963531, 5505958.935348036698997 ], [ 15817021.123276516795158, 5522949.37779650837183 ] ] ] } },
{ "type": "Feature", "properties": { "pref_name": "北海道" }, "geometry": { "type": "Polygon", "coordinates": [ [ [ 15817021.123276516795158, 5556930.262693449854851 ], [ 15807211.686755239963531, 5573920.705141921527684 ], [ 15787592.813712690025568, 5573920.705141921527684 ], [ 15777783.377191413193941, 5556930.262693449854851 ], [ 15787592.813712690025568, 5539939.820244978182018 ], [ 15807211.686755239963531, 5539939.820244978182018 ], [ 15817021.123276516795158, 5556930.262693449854851 ] ] ] } },
{ "type": "Feature", "properties": { "pref_name": "北海道" }, "geometry": { "type": "Polygon", "coordinates": [ [ [ 15817021.123276516795158, 5590911.147590393200517 ], [ 15807211.686755239963531, 5607901.59003886487335 ], [ 15787592.813712690025568, 5607901.59003886487335 ], [ 15777783.377191413193941, 5590911.147590393200517 ], [ 15787592.813712690025568, 5573920.705141921527684 ], [ 15807211.686755239963531, 5573920.705141921527684 ], [ 15817021.123276516795158, 5590911.147590393200517 ] ] ] } },
{ "type": "Feature", "properties": { "pref_name": "北海道" }, "geometry": { "type": "Polygon", "coordinates": [ [ [ 15817021.123276516795158, 5624892.032487334683537 ], [ 15807211.686755239963531, 5641882.47493580635637 ], [ 15787592.813712690025568, 5641882.47493580635637 ], [ 15777783.377191413193941, 5624892.032487334683537 ], [ 15787592.813712690025568, 5607901.590038863010705 ], [ 15807211.686755239963531, 5607901.590038863010705 ], [ 15817021.123276516795158, 5624892.032487334683537 ] ] ] } },
{ "type": "Feature", "properties": { "pref_name": "北海道" }, "geometry": { "type": "Polygon", "coordinates": [ [ [ 15817021.123276516795158, 5658872.917384278029203 ], [ 15807211.686755239963531, 5675863.359832749702036 ], [ 15787592.813712690025568, 5675863.359832749702036 ], [ 15777783.377191413193941, 5658872.917384278029203 ], [ 15787592.813712690025568, 5641882.47493580635637 ], [ 15807211.686755239963531, 5641882.47493580635637 ], [ 15817021.123276516795158, 5658872.917384278029203 ] ] ] } },
{ "type": "Feature", "properties": { "pref_name": "北海道" }, "geometry": { "type": "Polygon", "coordinates": [ [ [ 15817021.123276516795158, 5692853.802281219512224 ], [ 15807211.686755239963531, 5709844.244729691185057 ], [ 15787592.813712690025568, 5709844.244729691185057 ], [ 15777783.377191413193941, 5692853.802281219512224 ], [ 15787592.813712690025568, 5675863.359832747839391 ], [ 15807211.686755239963531, 5675863.359832747839391 ], [ 15817021.123276516795158, 5692853.802281219512224 ] ] ] } },
{ "type": "Feature", "properties": { "pref_name": "北海道" }, "geometry": { "type": "Polygon", "coordinates": [ [ [ 15846449.432840343564749, 5234111.85617249738425 ], [ 15836639.996319066733122, 5251102.298620969057083 ], [ 15817021.123276516795158, 5251102.298620969057083 ], [ 15807211.686755239963531, 5234111.85617249738425 ], [ 15817021.123276516795158, 5217121.413724025711417 ], [ 15836639.996319066733122, 5217121.413724025711417 ], [ 15846449.432840343564749, 5234111.85617249738425 ] ] ] } },
{ "type": "Feature", "properties": { "pref_name": "北海道" }, "geometry": { "type": "Polygon", "coordinates": [ [ [ 15846449.432840343564749, 5268092.741069440729916 ], [ 15836639.996319066733122, 5285083.183517912402749 ], [ 15817021.123276516795158, 5285083.183517912402749 ], [ 15807211.686755239963531, 5268092.741069440729916 ], [ 15817021.123276516795158, 5251102.298620969057083 ], [ 15836639.996319066733122, 5251102.298620969057083 ], [ 15846449.432840343564749, 5268092.741069440729916 ] ] ] } },
{ "type": "Feature", "properties": { "pref_name": "北海道" }, "geometry": { "type": "Polygon", "coordinates": [ [ [ 15846449.432840343564749, 5302073.625966382212937 ], [ 15836639.996319066733122, 5319064.06841485388577 ], [ 15817021.123276516795158, 5319064.06841485388577 ], [ 15807211.686755239963531, 5302073.625966382212937 ], [ 15817021.123276516795158, 5285083.183517910540104 ], [ 15836639.996319066733122, 5285083.183517910540104 ], [ 15846449.432840343564749, 5302073.625966382212937 ] ] ] } },
{ "type": "Feature", "properties": { "pref_name": "北海道" }, "geometry": { "type": "Polygon", "coordinates": [ [ [ 15846449.432840343564749, 5336054.510863325558603 ], [ 15836639.996319066733122, 5353044.953311797231436 ], [ 15817021.123276516795158, 5353044.953311797231436 ], [ 15807211.686755239963531, 5336054.510863325558603 ], [ 15817021.123276516795158, 5319064.06841485388577 ], [ 15836639.996319066733122, 5319064.06841485388577 ], [ 15846449.432840343564749, 5336054.510863325558603 ] ] ] } },
{ "type": "Feature", "properties": { "pref_name": "北海道" }, "geometry": { "type": "Polygon", "coordinates": [ [ [ 15846449.432840343564749, 5370035.395760267041624 ], [ 15836639.996319066733122, 5387025.838208738714457 ], [ 15817021.123276516795158, 5387025.838208738714457 ], [ 15807211.686755239963531, 5370035.395760267041624 ], [ 15817021.123276516795158, 5353044.953311795368791 ], [ 15836639.996319066733122, 5353044.953311795368791 ], [ 15846449.432840343564749, 5370035.395760267041624 ] ] ] } },
{ "type": "Feature", "properties": { "pref_name": "北海道" }, "geometry": { "type": "Polygon", "coordinates": [ [ [ 15846449.432840343564749, 5404016.28065721038729 ], [ 15836639.996319066733122, 5421006.723105682060122 ], [ 15817021.123276516795158, 5421006.723105682060122 ], [ 15807211.686755239963531, 5404016.28065721038729 ], [ 15817021.123276516795158, 5387025.838208738714457 ], [ 15836639.996319066733122, 5387025.838208738714457 ], [ 15846449.432840343564749, 5404016.28065721038729 ] ] ] } },
{ "type": "Feature", "properties": { "pref_name": "北海道" }, "geometry": { "type": "Polygon", "coordinates": [ [ [ 15846449.432840343564749, 5437997.16555415187031 ], [ 15836639.996319066733122, 5454987.608002623543143 ], [ 15817021.123276516795158, 5454987.608002623543143 ], [ 15807211.686755239963531, 5437997.16555415187031 ], [ 15817021.123276516795158, 5421006.723105680197477 ], [ 15836639.996319066733122, 5421006.723105680197477 ], [ 15846449.432840343564749, 5437997.16555415187031 ] ] ] } },
{ "type": "Feature", "properties": { "pref_name": "北海道" }, "geometry": { "type": "Polygon", "coordinates": [ [ [ 15846449.432840343564749, 5471978.050451095215976 ], [ 15836639.996319066733122, 5488968.492899566888809 ], [ 15817021.123276516795158, 5488968.492899566888809 ], [ 15807211.686755239963531, 5471978.050451095215976 ], [ 15817021.123276516795158, 5454987.608002623543143 ], [ 15836639.996319066733122, 5454987.608002623543143 ], [ 15846449.432840343564749, 5471978.050451095215976 ] ] ] } },
{ "type": "Feature", "properties": { "pref_name": "北海道" }, "geometry": { "type": "Polygon", "coordinates": [ [ [ 15846449.432840343564749, 5505958.935348036698997 ], [ 15836639.996319066733122, 5522949.37779650837183 ], [ 15817021.123276516795158, 5522949.37779650837183 ], [ 15807211.686755239963531, 5505958.935348036698997 ], [ 15817021.123276516795158, 5488968.492899565026164 ], [ 15836639.996319066733122, 5488968.492899565026164 ], [ 15846449.432840343564749, 5505958.935348036698997 ] ] ] } },
{ "type": "Feature", "properties": { "pref_name": "北海道" }, "geometry": { "type": "Polygon", "coordinates": [ [ [ 15846449.432840343564749, 5539939.820244980044663 ], [ 15836639.996319066733122, 5556930.262693451717496 ], [ 15817021.123276516795158, 5556930.262693451717496 ], [ 15807211.686755239963531, 5539939.820244980044663 ], [ 15817021.123276516795158, 5522949.37779650837183 ], [ 15836639.996319066733122, 5522949.37779650837183 ], [ 15846449.432840343564749, 5539939.820244980044663 ] ] ] } },
{ "type": "Feature", "properties": { "pref_name": "北海道" }, "geometry": { "type": "Polygon", "coordinates": [ [ [ 15846449.432840343564749, 5573920.705141921527684 ], [ 15836639.996319066733122, 5590911.147590393200517 ], [ 15817021.123276516795158, 5590911.147590393200517 ], [ 15807211.686755239963531, 5573920.705141921527684 ], [ 15817021.123276516795158, 5556930.262693449854851 ], [ 15836639.996319066733122, 5556930.262693449854851 ], [ 15846449.432840343564749, 5573920.705141921527684 ] ] ] } },
{ "type": "Feature", "properties": { "pref_name": "北海道" }, "geometry": { "type": "Polygon", "coordinates": [ [ [ 15846449.432840343564749, 5607901.59003886487335 ], [ 15836639.996319066733122, 5624892.032487336546183 ], [ 15817021.123276516795158, 5624892.032487336546183 ], [ 15807211.686755239963531, 5607901.59003886487335 ], [ 15817021.123276516795158, 5590911.147590393200517 ], [ 15836639.996319066733122, 5590911.147590393200517 ], [ 15846449.432840343564749, 5607901.59003886487335 ] ] ] } },
{ "type": "Feature", "properties": { "pref_name": "北海道" }, "geometry": { "type": "Polygon", "coordinates": [ [ [ 15846449.432840343564749, 5641882.47493580635637 ], [ 15836639.996319066733122, 5658872.917384278029203 ], [ 15817021.123276516795158, 5658872.917384278029203 ], [ 15807211.686755239963531, 5641882.47493580635637 ], [ 15817021.123276516795158, 5624892.032487334683537 ], [ 15836639.996319066733122, 5624892.032487334683537 ], [ 15846449.432840343564749, 5641882.47493580635637 ] ] ] } },
{ "type": "Feature", "properties": { "pref_name": "北海道" }, "geometry": { "type": "Polygon", "coordinates": [ [ [ 15875877.742404170334339, 5217121.413724025711417 ], [ 15866068.305882893502712, 5234111.85617249738425 ], [ 15846449.432840343564749, 5234111.85617249738425 ], [ 15836639.996319066733122, 5217121.413724025711417 ], [ 15846449.432840343564749, 5200130.971275554038584 ], [ 15866068.305882893502712, 5200130.971275554038584 ], [ 15875877.742404170334339, 5217121.413724025711417 ] ] ] } },
{ "type": "Feature", "properties": { "pref_name": "北海道" }, "geometry": { "type": "Polygon", "coordinates": [ [ [ 15875877.742404170334339, 5251102.298620969057083 ], [ 15866068.305882893502712, 5268092.741069440729916 ], [ 15846449.432840343564749, 5268092.741069440729916 ], [ 15836639.996319066733122, 5251102.298620969057083 ], [ 15846449.432840343564749, 5234111.85617249738425 ], [ 15866068.305882893502712, 5234111.85617249738425 ], [ 15875877.742404170334339, 5251102.298620969057083 ] ] ] } },
{ "type": "Feature", "properties": { "pref_name": "北海道" }, "geometry": { "type": "Polygon", "coordinates": [ [ [ 15875877.742404170334339, 5285083.183517910540104 ], [ 15866068.305882893502712, 5302073.625966382212937 ], [ 15846449.432840343564749, 5302073.625966382212937 ], [ 15836639.996319066733122, 5285083.183517910540104 ], [ 15846449.432840343564749, 5268092.741069438867271 ], [ 15866068.305882893502712, 5268092.741069438867271 ], [ 15875877.742404170334339, 5285083.183517910540104 ] ] ] } },
{ "type": "Feature", "properties": { "pref_name": "北海道" }, "geometry": { "type": "Polygon", "coordinates": [ [ [ 15875877.742404170334339, 5319064.06841485388577 ], [ 15866068.305882893502712, 5336054.510863325558603 ], [ 15846449.432840343564749, 5336054.510863325558603 ], [ 15836639.996319066733122, 5319064.06841485388577 ], [ 15846449.432840343564749, 5302073.625966382212937 ], [ 15866068.305882893502712, 5302073.625966382212937 ], [ 15875877.742404170334339, 5319064.06841485388577 ] ] ] } },
{ "type": "Feature", "properties": { "pref_name": "北海道" }, "geometry": { "type": "Polygon", "coordinates": [ [ [ 15875877.742404170334339, 5353044.953311795368791 ], [ 15866068.305882893502712, 5370035.395760267041624 ], [ 15846449.432840343564749, 5370035.395760267041624 ], [ 15836639.996319066733122, 5353044.953311795368791 ], [ 15846449.432840343564749, 5336054.510863323695958 ], [ 15866068.305882893502712, 5336054.510863323695958 ], [ 15875877.742404170334339, 5353044.953311795368791 ] ] ] } },
{ "type": "Feature", "properties": { "pref_name": "北海道" }, "geometry": { "type": "Polygon", "coordinates": [ [ [ 15875877.742404170334339, 5387025.838208738714457 ], [ 15866068.305882893502712, 5404016.28065721038729 ], [ 15846449.432840343564749, 5404016.28065721038729 ], [ 15836639.996319066733122, 5387025.838208738714457 ], [ 15846449.432840343564749, 5370035.395760267041624 ], [ 15866068.305882893502712, 5370035.395760267041624 ], [ 15875877.742404170334339, 5387025.838208738714457 ] ] ] } },
{ "type": "Feature", "properties": { "pref_name": "北海道" }, "geometry": { "type": "Polygon", "coordinates": [ [ [ 15875877.742404170334339, 5421006.723105680197477 ], [ 15866068.305882893502712, 5437997.16555415187031 ], [ 15846449.432840343564749, 5437997.16555415187031 ], [ 15836639.996319066733122, 5421006.723105680197477 ], [ 15846449.432840343564749, 5404016.280657208524644 ], [ 15866068.305882893502712, 5404016.280657208524644 ], [ 15875877.742404170334339, 5421006.723105680197477 ] ] ] } },
{ "type": "Feature", "properties": { "pref_name": "北海道" }, "geometry": { "type": "Polygon", "coordinates": [ [ [ 15875877.742404170334339, 5454987.608002623543143 ], [ 15866068.305882893502712, 5471978.050451095215976 ], [ 15846449.432840343564749, 5471978.050451095215976 ], [ 15836639.996319066733122, 5454987.608002623543143 ], [ 15846449.432840343564749, 5437997.16555415187031 ], [ 15866068.305882893502712, 5437997.16555415187031 ], [ 15875877.742404170334339, 5454987.608002623543143 ] ] ] } },
{ "type": "Feature", "properties": { "pref_name": "北海道" }, "geometry": { "type": "Polygon", "coordinates": [ [ [ 15875877.742404170334339, 5488968.492899565026164 ], [ 15866068.305882893502712, 5505958.935348036698997 ], [ 15846449.432840343564749, 5505958.935348036698997 ], [ 15836639.996319066733122, 5488968.492899565026164 ], [ 15846449.432840343564749, 5471978.050451093353331 ], [ 15866068.305882893502712, 5471978.050451093353331 ], [ 15875877.742404170334339, 5488968.492899565026164 ] ] ] } },
{ "type": "Feature", "properties": { "pref_name": "北海道" }, "geometry": { "type": "Polygon", "coordinates": [ [ [ 15875877.742404170334339, 5522949.37779650837183 ], [ 15866068.305882893502712, 5539939.820244980044663 ], [ 15846449.432840343564749, 5539939.820244980044663 ], [ 15836639.996319066733122, 5522949.37779650837183 ], [ 15846449.432840343564749, 5505958.935348036698997 ], [ 15866068.305882893502712, 5505958.935348036698997 ], [ 15875877.742404170334339, 5522949.37779650837183 ] ] ] } },
{ "type": "Feature", "properties": { "pref_name": "北海道" }, "geometry": { "type": "Polygon", "coordinates": [ [ [ 15875877.742404170334339, 5556930.262693449854851 ], [ 15866068.305882893502712, 5573920.705141921527684 ], [ 15846449.432840343564749, 5573920.705141921527684 ], [ 15836639.996319066733122, 5556930.262693449854851 ], [ 15846449.432840343564749, 5539939.820244978182018 ], [ 15866068.305882893502712, 5539939.820244978182018 ], [ 15875877.742404170334339, 5556930.262693449854851 ] ] ] } },
{ "type": "Feature", "properties": { "pref_name": "北海道" }, "geometry": { "type": "Polygon", "coordinates": [ [ [ 15875877.742404170334339, 5590911.147590393200517 ], [ 15866068.305882893502712, 5607901.59003886487335 ], [ 15846449.432840343564749, 5607901.59003886487335 ], [ 15836639.996319066733122, 5590911.147590393200517 ], [ 15846449.432840343564749, 5573920.705141921527684 ], [ 15866068.305882893502712, 5573920.705141921527684 ], [ 15875877.742404170334339, 5590911.147590393200517 ] ] ] } },
{ "type": "Feature", "properties": { "pref_name": "北海道" }, "geometry": { "type": "Polygon", "coordinates": [ [ [ 15875877.742404170334339, 5624892.032487334683537 ], [ 15866068.305882893502712, 5641882.47493580635637 ], [ 15846449.432840343564749, 5641882.47493580635637 ], [ 15836639.996319066733122, 5624892.032487334683537 ], [ 15846449.432840343564749, 5607901.590038863010705 ], [ 15866068.305882893502712, 5607901.590038863010705 ], [ 15875877.742404170334339, 5624892.032487334683537 ] ] ] } },
{ "type": "Feature", "properties": { "pref_name": "北海道" }, "geometry": { "type": "Polygon", "coordinates": [ [ [ 15905306.05196799710393, 5200130.971275555901229 ], [ 15895496.615446720272303, 5217121.413724027574062 ], [ 15875877.742404170334339, 5217121.413724027574062 ], [ 15866068.305882893502712, 5200130.971275555901229 ], [ 15875877.742404170334339, 5183140.528827084228396 ], [ 15895496.615446720272303, 5183140.528827084228396 ], [ 15905306.05196799710393, 5200130.971275555901229 ] ] ] } },
{ "type": "Feature", "properties": { "pref_name": "北海道" }, "geometry": { "type": "Polygon", "coordinates": [ [ [ 15905306.05196799710393, 5234111.85617249738425 ], [ 15895496.615446720272303, 5251102.298620969057083 ], [ 15875877.742404170334339, 5251102.298620969057083 ], [ 15866068.305882893502712, 5234111.85617249738425 ], [ 15875877.742404170334339, 5217121.413724025711417 ], [ 15895496.615446720272303, 5217121.413724025711417 ], [ 15905306.05196799710393, 5234111.85617249738425 ] ] ] } },
{ "type": "Feature", "properties": { "pref_name": "北海道" }, "geometry": { "type": "Polygon", "coordinates": [ [ [ 15905306.05196799710393, 5268092.741069440729916 ], [ 15895496.615446720272303, 5285083.183517912402749 ], [ 15875877.742404170334339, 5285083.183517912402749 ], [ 15866068.305882893502712, 5268092.741069440729916 ], [ 15875877.742404170334339, 5251102.298620969057083 ], [ 15895496.615446720272303, 5251102.298620969057083 ], [ 15905306.05196799710393, 5268092.741069440729916 ] ] ] } },
{ "type": "Feature", "properties": { "pref_name": "北海道" }, "geometry": { "type": "Polygon", "coordinates": [ [ [ 15905306.05196799710393, 5302073.625966382212937 ], [ 15895496.615446720272303, 5319064.06841485388577 ], [ 15875877.742404170334339, 5319064.06841485388577 ], [ 15866068.305882893502712, 5302073.625966382212937 ], [ 15875877.742404170334339, 5285083.183517910540104 ], [ 15895496.615446720272303, 5285083.183517910540104 ], [ 15905306.05196799710393, 5302073.625966382212937 ] ] ] } },
{ "type": "Feature", "properties": { "pref_name": "北海道" }, "geometry": { "type": "Polygon", "coordinates": [ [ [ 15905306.05196799710393, 5336054.510863325558603 ], [ 15895496.615446720272303, 5353044.953311797231436 ], [ 15875877.742404170334339, 5353044.953311797231436 ], [ 15866068.305882893502712, 5336054.510863325558603 ], [ 15875877.742404170334339, 5319064.06841485388577 ], [ 15895496.615446720272303, 5319064.06841485388577 ], [ 15905306.05196799710393, 5336054.510863325558603 ] ] ] } },
{ "type": "Feature", "properties": { "pref_name": "北海道" }, "geometry": { "type": "Polygon", "coordinates": [ [ [ 15905306.05196799710393, 5370035.395760267041624 ], [ 15895496.615446720272303, 5387025.838208738714457 ], [ 15875877.742404170334339, 5387025.838208738714457 ], [ 15866068.305882893502712, 5370035.395760267041624 ], [ 15875877.742404170334339, 5353044.953311795368791 ], [ 15895496.615446720272303, 5353044.953311795368791 ], [ 15905306.05196799710393, 5370035.395760267041624 ] ] ] } },
{ "type": "Feature", "properties": { "pref_name": "北海道" }, "geometry": { "type": "Polygon", "coordinates": [ [ [ 15905306.05196799710393, 5404016.28065721038729 ], [ 15895496.615446720272303, 5421006.723105682060122 ], [ 15875877.742404170334339, 5421006.723105682060122 ], [ 15866068.305882893502712, 5404016.28065721038729 ], [ 15875877.742404170334339, 5387025.838208738714457 ], [ 15895496.615446720272303, 5387025.838208738714457 ], [ 15905306.05196799710393, 5404016.28065721038729 ] ] ] } },
{ "type": "Feature", "properties": { "pref_name": "北海道" }, "geometry": { "type": "Polygon", "coordinates": [ [ [ 15905306.05196799710393, 5437997.16555415187031 ], [ 15895496.615446720272303, 5454987.608002623543143 ], [ 15875877.742404170334339, 5454987.608002623543143 ], [ 15866068.305882893502712, 5437997.16555415187031 ], [ 15875877.742404170334339, 5421006.723105680197477 ], [ 15895496.615446720272303, 5421006.723105680197477 ], [ 15905306.05196799710393, 5437997.16555415187031 ] ] ] } },
{ "type": "Feature", "properties": { "pref_name": "北海道" }, "geometry": { "type": "Polygon", "coordinates": [ [ [ 15905306.05196799710393, 5471978.050451095215976 ], [ 15895496.615446720272303, 5488968.492899566888809 ], [ 15875877.742404170334339, 5488968.492899566888809 ], [ 15866068.305882893502712, 5471978.050451095215976 ], [ 15875877.742404170334339, 5454987.608002623543143 ], [ 15895496.615446720272303, 5454987.608002623543143 ], [ 15905306.05196799710393, 5471978.050451095215976 ] ] ] } },
{ "type": "Feature", "properties": { "pref_name": "北海道" }, "geometry": { "type": "Polygon", "coordinates": [ [ [ 15905306.05196799710393, 5505958.935348036698997 ], [ 15895496.615446720272303, 5522949.37779650837183 ], [ 15875877.742404170334339, 5522949.37779650837183 ], [ 15866068.305882893502712, 5505958.935348036698997 ], [ 15875877.742404170334339, 5488968.492899565026164 ], [ 15895496.615446720272303, 5488968.492899565026164 ], [ 15905306.05196799710393, 5505958.935348036698997 ] ] ] } },
{ "type": "Feature", "properties": { "pref_name": "北海道" }, "geometry": { "type": "Polygon", "coordinates": [ [ [ 15905306.05196799710393, 5539939.820244980044663 ], [ 15895496.615446720272303, 5556930.262693451717496 ], [ 15875877.742404170334339, 5556930.262693451717496 ], [ 15866068.305882893502712, 5539939.820244980044663 ], [ 15875877.742404170334339, 5522949.37779650837183 ], [ 15895496.615446720272303, 5522949.37779650837183 ], [ 15905306.05196799710393, 5539939.820244980044663 ] ] ] } },
{ "type": "Feature", "properties": { "pref_name": "北海道" }, "geometry": { "type": "Polygon", "coordinates": [ [ [ 15905306.05196799710393, 5573920.705141921527684 ], [ 15895496.615446720272303, 5590911.147590393200517 ], [ 15875877.742404170334339, 5590911.147590393200517 ], [ 15866068.305882893502712, 5573920.705141921527684 ], [ 15875877.742404170334339, 5556930.262693449854851 ], [ 15895496.615446720272303, 5556930.262693449854851 ], [ 15905306.05196799710393, 5573920.705141921527684 ] ] ] } },
{ "type": "Feature", "properties": { "pref_name": "北海道" }, "geometry": { "type": "Polygon", "coordinates": [ [ [ 15934734.36153182387352, 5183140.528827084228396 ], [ 15924924.925010547041893, 5200130.971275555901229 ], [ 15905306.05196799710393, 5200130.971275555901229 ], [ 15895496.615446720272303, 5183140.528827084228396 ], [ 15905306.05196799710393, 5166150.086378612555563 ], [ 15924924.925010547041893, 5166150.086378612555563 ], [ 15934734.36153182387352, 5183140.528827084228396 ] ] ] } },
{ "type": "Feature", "properties": { "pref_name": "北海道" }, "geometry": { "type": "Polygon", "coordinates": [ [ [ 15934734.36153182387352, 5217121.413724025711417 ], [ 15924924.925010547041893, 5234111.85617249738425 ], [ 15905306.05196799710393, 5234111.85617249738425 ], [ 15895496.615446720272303, 5217121.413724025711417 ], [ 15905306.05196799710393, 5200130.971275554038584 ], [ 15924924.925010547041893, 5200130.971275554038584 ], [ 15934734.36153182387352, 5217121.413724025711417 ] ] ] } },
{ "type": "Feature", "properties": { "pref_name": "北海道" }, "geometry": { "type": "Polygon", "coordinates": [ [ [ 15934734.36153182387352, 5251102.298620969057083 ], [ 15924924.925010547041893, 5268092.741069440729916 ], [ 15905306.05196799710393, 5268092.741069440729916 ], [ 15895496.615446720272303, 5251102.298620969057083 ], [ 15905306.05196799710393, 5234111.85617249738425 ], [ 15924924.925010547041893, 5234111.85617249738425 ], [ 15934734.36153182387352, 5251102.298620969057083 ] ] ] } },
{ "type": "Feature", "properties": { "pref_name": "北海道" }, "geometry": { "type": "Polygon", "coordinates": [ [ [ 15934734.36153182387352, 5285083.183517910540104 ], [ 15924924.925010547041893, 5302073.625966382212937 ], [ 15905306.05196799710393, 5302073.625966382212937 ], [ 15895496.615446720272303, 5285083.183517910540104 ], [ 15905306.05196799710393, 5268092.741069438867271 ], [ 15924924.925010547041893, 5268092.741069438867271 ], [ 15934734.36153182387352, 5285083.183517910540104 ] ] ] } },
{ "type": "Feature", "properties": { "pref_name": "北海道" }, "geometry": { "type": "Polygon", "coordinates": [ [ [ 15934734.36153182387352, 5319064.06841485388577 ], [ 15924924.925010547041893, 5336054.510863325558603 ], [ 15905306.05196799710393, 5336054.510863325558603 ], [ 15895496.615446720272303, 5319064.06841485388577 ], [ 15905306.05196799710393, 5302073.625966382212937 ], [ 15924924.925010547041893, 5302073.625966382212937 ], [ 15934734.36153182387352, 5319064.06841485388577 ] ] ] } },
{ "type": "Feature", "properties": { "pref_name": "北海道" }, "geometry": { "type": "Polygon", "coordinates": [ [ [ 15934734.36153182387352, 5353044.953311795368791 ], [ 15924924.925010547041893, 5370035.395760267041624 ], [ 15905306.05196799710393, 5370035.395760267041624 ], [ 15895496.615446720272303, 5353044.953311795368791 ], [ 15905306.05196799710393, 5336054.510863323695958 ], [ 15924924.925010547041893, 5336054.510863323695958 ], [ 15934734.36153182387352, 5353044.953311795368791 ] ] ] } },
{ "type": "Feature", "properties": { "pref_name": "北海道" }, "geometry": { "type": "Polygon", "coordinates": [ [ [ 15934734.36153182387352, 5387025.838208738714457 ], [ 15924924.925010547041893, 5404016.28065721038729 ], [ 15905306.05196799710393, 5404016.28065721038729 ], [ 15895496.615446720272303, 5387025.838208738714457 ], [ 15905306.05196799710393, 5370035.395760267041624 ], [ 15924924.925010547041893, 5370035.395760267041624 ], [ 15934734.36153182387352, 5387025.838208738714457 ] ] ] } },
{ "type": "Feature", "properties": { "pref_name": "北海道" }, "geometry": { "type": "Polygon", "coordinates": [ [ [ 15934734.36153182387352, 5421006.723105680197477 ], [ 15924924.925010547041893, 5437997.16555415187031 ], [ 15905306.05196799710393, 5437997.16555415187031 ], [ 15895496.615446720272303, 5421006.723105680197477 ], [ 15905306.05196799710393, 5404016.280657208524644 ], [ 15924924.925010547041893, 5404016.280657208524644 ], [ 15934734.36153182387352, 5421006.723105680197477 ] ] ] } },
{ "type": "Feature", "properties": { "pref_name": "北海道" }, "geometry": { "type": "Polygon", "coordinates": [ [ [ 15934734.36153182387352, 5454987.608002623543143 ], [ 15924924.925010547041893, 5471978.050451095215976 ], [ 15905306.05196799710393, 5471978.050451095215976 ], [ 15895496.615446720272303, 5454987.608002623543143 ], [ 15905306.05196799710393, 5437997.16555415187031 ], [ 15924924.925010547041893, 5437997.16555415187031 ], [ 15934734.36153182387352, 5454987.608002623543143 ] ] ] } },
{ "type": "Feature", "properties": { "pref_name": "北海道" }, "geometry": { "type": "Polygon", "coordinates": [ [ [ 15934734.36153182387352, 5488968.492899565026164 ], [ 15924924.925010547041893, 5505958.935348036698997 ], [ 15905306.05196799710393, 5505958.935348036698997 ], [ 15895496.615446720272303, 5488968.492899565026164 ], [ 15905306.05196799710393, 5471978.050451093353331 ], [ 15924924.925010547041893, 5471978.050451093353331 ], [ 15934734.36153182387352, 5488968.492899565026164 ] ] ] } },
{ "type": "Feature", "properties": { "pref_name": "北海道" }, "geometry": { "type": "Polygon", "coordinates": [ [ [ 15934734.36153182387352, 5522949.37779650837183 ], [ 15924924.925010547041893, 5539939.820244980044663 ], [ 15905306.05196799710393, 5539939.820244980044663 ], [ 15895496.615446720272303, 5522949.37779650837183 ], [ 15905306.05196799710393, 5505958.935348036698997 ], [ 15924924.925010547041893, 5505958.935348036698997 ], [ 15934734.36153182387352, 5522949.37779650837183 ] ] ] } },
{ "type": "Feature", "properties": { "pref_name": "北海道" }, "geometry": { "type": "Polygon", "coordinates": [ [ [ 15964162.67109565064311, 5166150.086378612555563 ], [ 15954353.234574373811483, 5183140.528827084228396 ], [ 15934734.36153182387352, 5183140.528827084228396 ], [ 15924924.925010547041893, 5166150.086378612555563 ], [ 15934734.36153182387352, 5149159.64393014088273 ], [ 15954353.234574373811483, 5149159.64393014088273 ], [ 15964162.67109565064311, 5166150.086378612555563 ] ] ] } },
{ "type": "Feature", "properties": { "pref_name": "北海道" }, "geometry": { "type": "Polygon", "coordinates": [ [ [ 15964162.67109565064311, 5200130.971275555901229 ], [ 15954353.234574373811483, 5217121.413724027574062 ], [ 15934734.36153182387352, 5217121.413724027574062 ], [ 15924924.925010547041893, 5200130.971275555901229 ], [ 15934734.36153182387352, 5183140.528827084228396 ], [ 15954353.234574373811483, 5183140.528827084228396 ], [ 15964162.67109565064311, 5200130.971275555901229 ] ] ] } },
{ "type": "Feature", "properties": { "pref_name": "北海道" }, "geometry": { "type": "Polygon", "coordinates": [ [ [ 15964162.67109565064311, 5234111.85617249738425 ], [ 15954353.234574373811483, 5251102.298620969057083 ], [ 15934734.36153182387352, 5251102.298620969057083 ], [ 15924924.925010547041893, 5234111.85617249738425 ], [ 15934734.36153182387352, 5217121.413724025711417 ], [ 15954353.234574373811483, 5217121.413724025711417 ], [ 15964162.67109565064311, 5234111.85617249738425 ] ] ] } },
{ "type": "Feature", "properties": { "pref_name": "北海道" }, "geometry": { "type": "Polygon", "coordinates": [ [ [ 15964162.67109565064311, 5268092.741069440729916 ], [ 15954353.234574373811483, 5285083.183517912402749 ], [ 15934734.36153182387352, 5285083.183517912402749 ], [ 15924924.925010547041893, 5268092.741069440729916 ], [ 15934734.36153182387352, 5251102.298620969057083 ], [ 15954353.234574373811483, 5251102.298620969057083 ], [ 15964162.67109565064311, 5268092.741069440729916 ] ] ] } },
{ "type": "Feature", "properties": { "pref_name": "北海道" }, "geometry": { "type": "Polygon", "coordinates": [ [ [ 15964162.67109565064311, 5302073.625966382212937 ], [ 15954353.234574373811483, 5319064.06841485388577 ], [ 15934734.36153182387352, 5319064.06841485388577 ], [ 15924924.925010547041893, 5302073.625966382212937 ], [ 15934734.36153182387352, 5285083.183517910540104 ], [ 15954353.234574373811483, 5285083.183517910540104 ], [ 15964162.67109565064311, 5302073.625966382212937 ] ] ] } },
{ "type": "Feature", "properties": { "pref_name": "北海道" }, "geometry": { "type": "Polygon", "coordinates": [ [ [ 15964162.67109565064311, 5336054.510863325558603 ], [ 15954353.234574373811483, 5353044.953311797231436 ], [ 15934734.36153182387352, 5353044.953311797231436 ], [ 15924924.925010547041893, 5336054.510863325558603 ], [ 15934734.36153182387352, 5319064.06841485388577 ], [ 15954353.234574373811483, 5319064.06841485388577 ], [ 15964162.67109565064311, 5336054.510863325558603 ] ] ] } },
{ "type": "Feature", "properties": { "pref_name": "北海道" }, "geometry": { "type": "Polygon", "coordinates": [ [ [ 15964162.67109565064311, 5370035.395760267041624 ], [ 15954353.234574373811483, 5387025.838208738714457 ], [ 15934734.36153182387352, 5387025.838208738714457 ], [ 15924924.925010547041893, 5370035.395760267041624 ], [ 15934734.36153182387352, 5353044.953311795368791 ], [ 15954353.234574373811483, 5353044.953311795368791 ], [ 15964162.67109565064311, 5370035.395760267041624 ] ] ] } },
{ "type": "Feature", "properties": { "pref_name": "北海道" }, "geometry": { "type": "Polygon", "coordinates": [ [ [ 15964162.67109565064311, 5404016.28065721038729 ], [ 15954353.234574373811483, 5421006.723105682060122 ], [ 15934734.36153182387352, 5421006.723105682060122 ], [ 15924924.925010547041893, 5404016.28065721038729 ], [ 15934734.36153182387352, 5387025.838208738714457 ], [ 15954353.234574373811483, 5387025.838208738714457 ], [ 15964162.67109565064311, 5404016.28065721038729 ] ] ] } },
{ "type": "Feature", "properties": { "pref_name": "北海道" }, "geometry": { "type": "Polygon", "coordinates": [ [ [ 15964162.67109565064311, 5437997.16555415187031 ], [ 15954353.234574373811483, 5454987.608002623543143 ], [ 15934734.36153182387352, 5454987.608002623543143 ], [ 15924924.925010547041893, 5437997.16555415187031 ], [ 15934734.36153182387352, 5421006.723105680197477 ], [ 15954353.234574373811483, 5421006.723105680197477 ], [ 15964162.67109565064311, 5437997.16555415187031 ] ] ] } },
{ "type": "Feature", "properties": { "pref_name": "北海道" }, "geometry": { "type": "Polygon", "coordinates": [ [ [ 15964162.67109565064311, 5471978.050451095215976 ], [ 15954353.234574373811483, 5488968.492899566888809 ], [ 15934734.36153182387352, 5488968.492899566888809 ], [ 15924924.925010547041893, 5471978.050451095215976 ], [ 15934734.36153182387352, 5454987.608002623543143 ], [ 15954353.234574373811483, 5454987.608002623543143 ], [ 15964162.67109565064311, 5471978.050451095215976 ] ] ] } },
{ "type": "Feature", "properties": { "pref_name": "北海道" }, "geometry": { "type": "Polygon", "coordinates": [ [ [ 15964162.67109565064311, 5505958.935348036698997 ], [ 15954353.234574373811483, 5522949.37779650837183 ], [ 15934734.36153182387352, 5522949.37779650837183 ], [ 15924924.925010547041893, 5505958.935348036698997 ], [ 15934734.36153182387352, 5488968.492899565026164 ], [ 15954353.234574373811483, 5488968.492899565026164 ], [ 15964162.67109565064311, 5505958.935348036698997 ] ] ] } },
{ "type": "Feature", "properties": { "pref_name": "北海道" }, "geometry": { "type": "Polygon", "coordinates": [ [ [ 15993590.980659477412701, 5251102.298620969057083 ], [ 15983781.544138200581074, 5268092.741069440729916 ], [ 15964162.67109565064311, 5268092.741069440729916 ], [ 15954353.234574373811483, 5251102.298620969057083 ], [ 15964162.67109565064311, 5234111.85617249738425 ], [ 15983781.544138200581074, 5234111.85617249738425 ], [ 15993590.980659477412701, 5251102.298620969057083 ] ] ] } },
{ "type": "Feature", "properties": { "pref_name": "北海道" }, "geometry": { "type": "Polygon", "coordinates": [ [ [ 15993590.980659477412701, 5285083.183517910540104 ], [ 15983781.544138200581074, 5302073.625966382212937 ], [ 15964162.67109565064311, 5302073.625966382212937 ], [ 15954353.234574373811483, 5285083.183517910540104 ], [ 15964162.67109565064311, 5268092.741069438867271 ], [ 15983781.544138200581074, 5268092.741069438867271 ], [ 15993590.980659477412701, 5285083.183517910540104 ] ] ] } },
{ "type": "Feature", "properties": { "pref_name": "北海道" }, "geometry": { "type": "Polygon", "coordinates": [ [ [ 15993590.980659477412701, 5319064.06841485388577 ], [ 15983781.544138200581074, 5336054.510863325558603 ], [ 15964162.67109565064311, 5336054.510863325558603 ], [ 15954353.234574373811483, 5319064.06841485388577 ], [ 15964162.67109565064311, 5302073.625966382212937 ], [ 15983781.544138200581074, 5302073.625966382212937 ], [ 15993590.980659477412701, 5319064.06841485388577 ] ] ] } },
{ "type": "Feature", "properties": { "pref_name": "北海道" }, "geometry": { "type": "Polygon", "coordinates": [ [ [ 15993590.980659477412701, 5353044.953311795368791 ], [ 15983781.544138200581074, 5370035.395760267041624 ], [ 15964162.67109565064311, 5370035.395760267041624 ], [ 15954353.234574373811483, 5353044.953311795368791 ], [ 15964162.67109565064311, 5336054.510863323695958 ], [ 15983781.544138200581074, 5336054.510863323695958 ], [ 15993590.980659477412701, 5353044.953311795368791 ] ] ] } },
{ "type": "Feature", "properties": { "pref_name": "北海道" }, "geometry": { "type": "Polygon", "coordinates": [ [ [ 15993590.980659477412701, 5387025.838208738714457 ], [ 15983781.544138200581074, 5404016.28065721038729 ], [ 15964162.67109565064311, 5404016.28065721038729 ], [ 15954353.234574373811483, 5387025.838208738714457 ], [ 15964162.67109565064311, 5370035.395760267041624 ], [ 15983781.544138200581074, 5370035.395760267041624 ], [ 15993590.980659477412701, 5387025.838208738714457 ] ] ] } },
{ "type": "Feature", "properties": { "pref_name": "北海道" }, "geometry": { "type": "Polygon", "coordinates": [ [ [ 15993590.980659477412701, 5421006.723105680197477 ], [ 15983781.544138200581074, 5437997.16555415187031 ], [ 15964162.67109565064311, 5437997.16555415187031 ], [ 15954353.234574373811483, 5421006.723105680197477 ], [ 15964162.67109565064311, 5404016.280657208524644 ], [ 15983781.544138200581074, 5404016.280657208524644 ], [ 15993590.980659477412701, 5421006.723105680197477 ] ] ] } },
{ "type": "Feature", "properties": { "pref_name": "北海道" }, "geometry": { "type": "Polygon", "coordinates": [ [ [ 15993590.980659477412701, 5454987.608002623543143 ], [ 15983781.544138200581074, 5471978.050451095215976 ], [ 15964162.67109565064311, 5471978.050451095215976 ], [ 15954353.234574373811483, 5454987.608002623543143 ], [ 15964162.67109565064311, 5437997.16555415187031 ], [ 15983781.544138200581074, 5437997.16555415187031 ], [ 15993590.980659477412701, 5454987.608002623543143 ] ] ] } },
{ "type": "Feature", "properties": { "pref_name": "北海道" }, "geometry": { "type": "Polygon", "coordinates": [ [ [ 15993590.980659477412701, 5488968.492899565026164 ], [ 15983781.544138200581074, 5505958.935348036698997 ], [ 15964162.67109565064311, 5505958.935348036698997 ], [ 15954353.234574373811483, 5488968.492899565026164 ], [ 15964162.67109565064311, 5471978.050451093353331 ], [ 15983781.544138200581074, 5471978.050451093353331 ], [ 15993590.980659477412701, 5488968.492899565026164 ] ] ] } },
{ "type": "Feature", "properties": { "pref_name": "北海道" }, "geometry": { "type": "Polygon", "coordinates": [ [ [ 16023019.290223304182291, 5302073.625966382212937 ], [ 16013209.853702027350664, 5319064.06841485388577 ], [ 15993590.980659477412701, 5319064.06841485388577 ], [ 15983781.544138200581074, 5302073.625966382212937 ], [ 15993590.980659477412701, 5285083.183517910540104 ], [ 16013209.853702027350664, 5285083.183517910540104 ], [ 16023019.290223304182291, 5302073.625966382212937 ] ] ] } },
{ "type": "Feature", "properties": { "pref_name": "北海道" }, "geometry": { "type": "Polygon", "coordinates": [ [ [ 16023019.290223304182291, 5336054.510863325558603 ], [ 16013209.853702027350664, 5353044.953311797231436 ], [ 15993590.980659477412701, 5353044.953311797231436 ], [ 15983781.544138200581074, 5336054.510863325558603 ], [ 15993590.980659477412701, 5319064.06841485388577 ], [ 16013209.853702027350664, 5319064.06841485388577 ], [ 16023019.290223304182291, 5336054.510863325558603 ] ] ] } },
{ "type": "Feature", "properties": { "pref_name": "北海道" }, "geometry": { "type": "Polygon", "coordinates": [ [ [ 16023019.290223304182291, 5370035.395760267041624 ], [ 16013209.853702027350664, 5387025.838208738714457 ], [ 15993590.980659477412701, 5387025.838208738714457 ], [ 15983781.544138200581074, 5370035.395760267041624 ], [ 15993590.980659477412701, 5353044.953311795368791 ], [ 16013209.853702027350664, 5353044.953311795368791 ], [ 16023019.290223304182291, 5370035.395760267041624 ] ] ] } },
{ "type": "Feature", "properties": { "pref_name": "北海道" }, "geometry": { "type": "Polygon", "coordinates": [ [ [ 16023019.290223304182291, 5404016.28065721038729 ], [ 16013209.853702027350664, 5421006.723105682060122 ], [ 15993590.980659477412701, 5421006.723105682060122 ], [ 15983781.544138200581074, 5404016.28065721038729 ], [ 15993590.980659477412701, 5387025.838208738714457 ], [ 16013209.853702027350664, 5387025.838208738714457 ], [ 16023019.290223304182291, 5404016.28065721038729 ] ] ] } },
{ "type": "Feature", "properties": { "pref_name": "北海道" }, "geometry": { "type": "Polygon", "coordinates": [ [ [ 16023019.290223304182291, 5437997.16555415187031 ], [ 16013209.853702027350664, 5454987.608002623543143 ], [ 15993590.980659477412701, 5454987.608002623543143 ], [ 15983781.544138200581074, 5437997.16555415187031 ], [ 15993590.980659477412701, 5421006.723105680197477 ], [ 16013209.853702027350664, 5421006.723105680197477 ], [ 16023019.290223304182291, 5437997.16555415187031 ] ] ] } },
{ "type": "Feature", "properties": { "pref_name": "北海道" }, "geometry": { "type": "Polygon", "coordinates": [ [ [ 16023019.290223304182291, 5471978.050451095215976 ], [ 16013209.853702027350664, 5488968.492899566888809 ], [ 15993590.980659477412701, 5488968.492899566888809 ], [ 15983781.544138200581074, 5471978.050451095215976 ], [ 15993590.980659477412701, 5454987.608002623543143 ], [ 16013209.853702027350664, 5454987.608002623543143 ], [ 16023019.290223304182291, 5471978.050451095215976 ] ] ] } },
{ "type": "Feature", "properties": { "pref_name": "北海道" }, "geometry": { "type": "Polygon", "coordinates": [ [ [ 16052447.599787130951881, 5319064.06841485388577 ], [ 16042638.163265854120255, 5336054.510863325558603 ], [ 16023019.290223304182291, 5336054.510863325558603 ], [ 16013209.853702027350664, 5319064.06841485388577 ], [ 16023019.290223304182291, 5302073.625966382212937 ], [ 16042638.163265854120255, 5302073.625966382212937 ], [ 16052447.599787130951881, 5319064.06841485388577 ] ] ] } },
{ "type": "Feature", "properties": { "pref_name": "北海道" }, "geometry": { "type": "Polygon", "coordinates": [ [ [ 16052447.599787130951881, 5353044.953311795368791 ], [ 16042638.163265854120255, 5370035.395760267041624 ], [ 16023019.290223304182291, 5370035.395760267041624 ], [ 16013209.853702027350664, 5353044.953311795368791 ], [ 16023019.290223304182291, 5336054.510863323695958 ], [ 16042638.163265854120255, 5336054.510863323695958 ], [ 16052447.599787130951881, 5353044.953311795368791 ] ] ] } },
{ "type": "Feature", "properties": { "pref_name": "北海道" }, "geometry": { "type": "Polygon", "coordinates": [ [ [ 16052447.599787130951881, 5387025.838208738714457 ], [ 16042638.163265854120255, 5404016.28065721038729 ], [ 16023019.290223304182291, 5404016.28065721038729 ], [ 16013209.853702027350664, 5387025.838208738714457 ], [ 16023019.290223304182291, 5370035.395760267041624 ], [ 16042638.163265854120255, 5370035.395760267041624 ], [ 16052447.599787130951881, 5387025.838208738714457 ] ] ] } },
{ "type": "Feature", "properties": { "pref_name": "北海道" }, "geometry": { "type": "Polygon", "coordinates": [ [ [ 16052447.599787130951881, 5421006.723105680197477 ], [ 16042638.163265854120255, 5437997.16555415187031 ], [ 16023019.290223304182291, 5437997.16555415187031 ], [ 16013209.853702027350664, 5421006.723105680197477 ], [ 16023019.290223304182291, 5404016.280657208524644 ], [ 16042638.163265854120255, 5404016.280657208524644 ], [ 16052447.599787130951881, 5421006.723105680197477 ] ] ] } },
{ "type": "Feature", "properties": { "pref_name": "北海道" }, "geometry": { "type": "Polygon", "coordinates": [ [ [ 16052447.599787130951881, 5454987.608002623543143 ], [ 16042638.163265854120255, 5471978.050451095215976 ], [ 16023019.290223304182291, 5471978.050451095215976 ], [ 16013209.853702027350664, 5454987.608002623543143 ], [ 16023019.290223304182291, 5437997.16555415187031 ], [ 16042638.163265854120255, 5437997.16555415187031 ], [ 16052447.599787130951881, 5454987.608002623543143 ] ] ] } },
{ "type": "Feature", "properties": { "pref_name": "北海道" }, "geometry": { "type": "Polygon", "coordinates": [ [ [ 16081875.909350957721472, 5336054.510863325558603 ], [ 16072066.472829680889845, 5353044.953311797231436 ], [ 16052447.599787130951881, 5353044.953311797231436 ], [ 16042638.163265854120255, 5336054.510863325558603 ], [ 16052447.599787130951881, 5319064.06841485388577 ], [ 16072066.472829680889845, 5319064.06841485388577 ], [ 16081875.909350957721472, 5336054.510863325558603 ] ] ] } },
{ "type": "Feature", "properties": { "pref_name": "北海道" }, "geometry": { "type": "Polygon", "coordinates": [ [ [ 16081875.909350957721472, 5370035.395760267041624 ], [ 16072066.472829680889845, 5387025.838208738714457 ], [ 16052447.599787130951881, 5387025.838208738714457 ], [ 16042638.163265854120255, 5370035.395760267041624 ], [ 16052447.599787130951881, 5353044.953311795368791 ], [ 16072066.472829680889845, 5353044.953311795368791 ], [ 16081875.909350957721472, 5370035.395760267041624 ] ] ] } },
{ "type": "Feature", "properties": { "pref_name": "北海道" }, "geometry": { "type": "Polygon", "coordinates": [ [ [ 16081875.909350957721472, 5404016.28065721038729 ], [ 16072066.472829680889845, 5421006.723105682060122 ], [ 16052447.599787130951881, 5421006.723105682060122 ], [ 16042638.163265854120255, 5404016.28065721038729 ], [ 16052447.599787130951881, 5387025.838208738714457 ], [ 16072066.472829680889845, 5387025.838208738714457 ], [ 16081875.909350957721472, 5404016.28065721038729 ] ] ] } },
{ "type": "Feature", "properties": { "pref_name": "北海道" }, "geometry": { "type": "Polygon", "coordinates": [ [ [ 16081875.909350957721472, 5437997.16555415187031 ], [ 16072066.472829680889845, 5454987.608002623543143 ], [ 16052447.599787130951881, 5454987.608002623543143 ], [ 16042638.163265854120255, 5437997.16555415187031 ], [ 16052447.599787130951881, 5421006.723105680197477 ], [ 16072066.472829680889845, 5421006.723105680197477 ], [ 16081875.909350957721472, 5437997.16555415187031 ] ] ] } },
{ "type": "Feature", "properties": { "pref_name": "北海道" }, "geometry": { "type": "Polygon", "coordinates": [ [ [ 16111304.218914784491062, 5319064.06841485388577 ], [ 16101494.782393507659435, 5336054.510863325558603 ], [ 16081875.909350957721472, 5336054.510863325558603 ], [ 16072066.472829680889845, 5319064.06841485388577 ], [ 16081875.909350957721472, 5302073.625966382212937 ], [ 16101494.782393507659435, 5302073.625966382212937 ], [ 16111304.218914784491062, 5319064.06841485388577 ] ] ] } },
{ "type": "Feature", "properties": { "pref_name": "北海道" }, "geometry": { "type": "Polygon", "coordinates": [ [ [ 16111304.218914784491062, 5353044.953311795368791 ], [ 16101494.782393507659435, 5370035.395760267041624 ], [ 16081875.909350957721472, 5370035.395760267041624 ], [ 16072066.472829680889845, 5353044.953311795368791 ], [ 16081875.909350957721472, 5336054.510863323695958 ], [ 16101494.782393507659435, 5336054.510863323695958 ], [ 16111304.218914784491062, 5353044.953311795368791 ] ] ] } },
{ "type": "Feature", "properties": { "pref_name": "北海道" }, "geometry": { "type": "Polygon", "coordinates": [ [ [ 16111304.218914784491062, 5387025.838208738714457 ], [ 16101494.782393507659435, 5404016.28065721038729 ], [ 16081875.909350957721472, 5404016.28065721038729 ], [ 16072066.472829680889845, 5387025.838208738714457 ], [ 16081875.909350957721472, 5370035.395760267041624 ], [ 16101494.782393507659435, 5370035.395760267041624 ], [ 16111304.218914784491062, 5387025.838208738714457 ] ] ] } },
{ "type": "Feature", "properties": { "pref_name": "北海道" }, "geometry": { "type": "Polygon", "coordinates": [ [ [ 16111304.218914784491062, 5421006.723105680197477 ], [ 16101494.782393507659435, 5437997.16555415187031 ], [ 16081875.909350957721472, 5437997.16555415187031 ], [ 16072066.472829680889845, 5421006.723105680197477 ], [ 16081875.909350957721472, 5404016.280657208524644 ], [ 16101494.782393507659435, 5404016.280657208524644 ], [ 16111304.218914784491062, 5421006.723105680197477 ] ] ] } },
{ "type": "Feature", "properties": { "pref_name": "北海道" }, "geometry": { "type": "Polygon", "coordinates": [ [ [ 16140732.528478611260653, 5336054.510863325558603 ], [ 16130923.091957334429026, 5353044.953311797231436 ], [ 16111304.218914784491062, 5353044.953311797231436 ], [ 16101494.782393507659435, 5336054.510863325558603 ], [ 16111304.218914784491062, 5319064.06841485388577 ], [ 16130923.091957334429026, 5319064.06841485388577 ], [ 16140732.528478611260653, 5336054.510863325558603 ] ] ] } },
{ "type": "Feature", "properties": { "pref_name": "北海道" }, "geometry": { "type": "Polygon", "coordinates": [ [ [ 16140732.528478611260653, 5370035.395760267041624 ], [ 16130923.091957334429026, 5387025.838208738714457 ], [ 16111304.218914784491062, 5387025.838208738714457 ], [ 16101494.782393507659435, 5370035.395760267041624 ], [ 16111304.218914784491062, 5353044.953311795368791 ], [ 16130923.091957334429026, 5353044.953311795368791 ], [ 16140732.528478611260653, 5370035.395760267041624 ] ] ] } },
{ "type": "Feature", "properties": { "pref_name": "北海道" }, "geometry": { "type": "Polygon", "coordinates": [ [ [ 16140732.528478611260653, 5404016.28065721038729 ], [ 16130923.091957334429026, 5421006.723105682060122 ], [ 16111304.218914784491062, 5421006.723105682060122 ], [ 16101494.782393507659435, 5404016.28065721038729 ], [ 16111304.218914784491062, 5387025.838208738714457 ], [ 16130923.091957334429026, 5387025.838208738714457 ], [ 16140732.528478611260653, 5404016.28065721038729 ] ] ] } },
{ "type": "Feature", "properties": { "pref_name": "北海道" }, "geometry": { "type": "Polygon", "coordinates": [ [ [ 16140732.528478611260653, 5437997.16555415187031 ], [ 16130923.091957334429026, 5454987.608002623543143 ], [ 16111304.218914784491062, 5454987.608002623543143 ], [ 16101494.782393507659435, 5437997.16555415187031 ], [ 16111304.218914784491062, 5421006.723105680197477 ], [ 16130923.091957334429026, 5421006.723105680197477 ], [ 16140732.528478611260653, 5437997.16555415187031 ] ] ] } },
{ "type": "Feature", "properties": { "pref_name": "北海道" }, "geometry": { "type": "Polygon", "coordinates": [ [ [ 16170160.838042438030243, 5319064.06841485388577 ], [ 16160351.401521161198616, 5336054.510863325558603 ], [ 16140732.528478611260653, 5336054.510863325558603 ], [ 16130923.091957334429026, 5319064.06841485388577 ], [ 16140732.528478611260653, 5302073.625966382212937 ], [ 16160351.401521161198616, 5302073.625966382212937 ], [ 16170160.838042438030243, 5319064.06841485388577 ] ] ] } },
{ "type": "Feature", "properties": { "pref_name": "北海道" }, "geometry": { "type": "Polygon", "coordinates": [ [ [ 16170160.838042438030243, 5353044.953311795368791 ], [ 16160351.401521161198616, 5370035.395760267041624 ], [ 16140732.528478611260653, 5370035.395760267041624 ], [ 16130923.091957334429026, 5353044.953311795368791 ], [ 16140732.528478611260653, 5336054.510863323695958 ], [ 16160351.401521161198616, 5336054.510863323695958 ], [ 16170160.838042438030243, 5353044.953311795368791 ] ] ] } },
{ "type": "Feature", "properties": { "pref_name": "北海道" }, "geometry": { "type": "Polygon", "coordinates": [ [ [ 16170160.838042438030243, 5387025.838208738714457 ], [ 16160351.401521161198616, 5404016.28065721038729 ], [ 16140732.528478611260653, 5404016.28065721038729 ], [ 16130923.091957334429026, 5387025.838208738714457 ], [ 16140732.528478611260653, 5370035.395760267041624 ], [ 16160351.401521161198616, 5370035.395760267041624 ], [ 16170160.838042438030243, 5387025.838208738714457 ] ] ] } },
{ "type": "Feature", "properties": { "pref_name": "北海道" }, "geometry": { "type": "Polygon", "coordinates": [ [ [ 16170160.838042438030243, 5421006.723105680197477 ], [ 16160351.401521161198616, 5437997.16555415187031 ], [ 16140732.528478611260653, 5437997.16555415187031 ], [ 16130923.091957334429026, 5421006.723105680197477 ], [ 16140732.528478611260653, 5404016.280657208524644 ], [ 16160351.401521161198616, 5404016.280657208524644 ], [ 16170160.838042438030243, 5421006.723105680197477 ] ] ] } },
{ "type": "Feature", "properties": { "pref_name": "北海道" }, "geometry": { "type": "Polygon", "coordinates": [ [ [ 16170160.838042438030243, 5454987.608002623543143 ], [ 16160351.401521161198616, 5471978.050451095215976 ], [ 16140732.528478611260653, 5471978.050451095215976 ], [ 16130923.091957334429026, 5454987.608002623543143 ], [ 16140732.528478611260653, 5437997.16555415187031 ], [ 16160351.401521161198616, 5437997.16555415187031 ], [ 16170160.838042438030243, 5454987.608002623543143 ] ] ] } },
{ "type": "Feature", "properties": { "pref_name": "北海道" }, "geometry": { "type": "Polygon", "coordinates": [ [ [ 16199589.147606264799833, 5505958.935348036698997 ], [ 16189779.711084987968206, 5522949.37779650837183 ], [ 16170160.838042438030243, 5522949.37779650837183 ], [ 16160351.401521161198616, 5505958.935348036698997 ], [ 16170160.838042438030243, 5488968.492899565026164 ], [ 16189779.711084987968206, 5488968.492899565026164 ], [ 16199589.147606264799833, 5505958.935348036698997 ] ] ] } }
]
}
