{
  "京都府": {
    "xlim": [
      1183.3038605091597,
      1288.7824367798348
    ],
    "ylim": [
      1311.5699428258263,
      1384.0775278096621
    ]
  },
  "佐賀県": {
    "xlim": [
      734.0942316199198,
      804.4954757699271
    ],
    "ylim": [
      1457.557979803677,
      1502.668598928403
    ]
  },
  "熊本県": {
    "xlim": [
      753.7495985812338,
      873.6665005928619
    ],
    "ylim": [
      1486.1710938537942,
      1560.4757123904778
    ]
  },
  "香川県": {
    "xlim": [
      1060.1197747072965,
      1146.8998212710164
    ],
    "ylim": [
      1393.6482197717928,
      1430.9310607330253
    ]
  },
  "愛知県": {
    "xlim": [
      1342.8732240343663,
      1445.356658479235
    ],
    "ylim": [
      1335.5212843336583,
      1392.7024126387187
    ]
  },
  "栃木県": {
    "xlim": [
      1576.1552390704594,
      1660.933163984235
    ],
    "ylim": [
      1218.6236460954167,
      1283.1550101613575
    ]
  },
  "山梨県": {
    "xlim": [
      1475.4193057176317,
      1559.204210455548
    ],
    "ylim": [
      1298.5672853075284,
      1352.8298125820506
    ]
  },
  "滋賀県": {
    "xlim": [
      1263.1810097374978,
      1323.8329667365433
    ],
    "ylim": [
      1316.6682813853988,
      1378.3485652570077
    ]
  },
  "群馬県": {
    "xlim": [
      1494.4689437728132,
      1606.1910841447173
    ],
    "ylim": [
      1225.1226554365348,
      1297.6482803384386
    ]
  },
  "宮城県": {
    "xlim": [
      1659.405440636794,
      1782.3081037167824
    ],
    "ylim": [
      1093.7809702262339,
      1176.84577297749
    ]
  },
  "静岡県": {
    "xlim": [
      1413.4594031159204,
      1562.8318833514506
    ],
    "ylim": [
      1320.5685116720322,
      1391.5988850790911
    ]
  },
  "茨城県": {
    "xlim": [
      1607.8246760399195,
      1710.0534899268828
    ],
    "ylim": [
      1232.7793120914857,
      1314.2452626755423
    ]
  },
  "沖縄県": {
    "xlim": [
      136.36363636363717,
      873.9884673632582
    ],
    "ylim": [
      1844.9037557693212,
      2104.3262821422754
    ]
  },
  "山形県": {
    "xlim": [
      1594.7747023936192,
      1691.9968720474778
    ],
    "ylim": [
      1079.891006452025,
      1179.4850129910635
    ]
  },
  "和歌山県": {
    "xlim": [
      1195.9946851579843,
      1285.0663167427856
    ],
    "ylim": [
      1405.799650870328,
      1470.0562927553772
    ]
  },
  "長崎県": {
    "xlim": [
      590.5093856524738,
      790.1187950061588
    ],
    "ylim": [
      1382.8200796164913,
      1567.8021082896141
    ]
  },
  "秋田県": {
    "xlim": [
      1593.1030777194974,
      1722.6920503559734
    ],
    "ylim": [
      991.8675456496813,
      1102.482395850528
    ]
  },
  "岡山県": {
    "xlim": [
      1043.8816836544713,
      1144.4675248890528
    ],
    "ylim": [
      1340.3765994255182,
      1411.6095353411777
    ]
  },
  "福岡県": {
    "xlim": [
      759.8363700231594,
      861.4152314335001
    ],
    "ylim": [
      1414.9244991430246,
      1499.2953919625086
    ]
  },
  "岐阜県": {
    "xlim": [
      1308.164421668523,
      1429.0917652625283
    ],
    "ylim": [
      1265.2295167149937,
      1355.1853104557013
    ]
  },
  "青森県": {
    "xlim": [
      1591.0818787635963,
      1783.054543983895
    ],
    "ylim": [
      921.2876547681363,
      1011.6619746080631
    ]
  },
  "大阪府": {
    "xlim": [
      1204.2859345879417,
      1261.5742200063469
    ],
    "ylim": [
      1360.7745924998824,
      1413.3931678120305
    ]
  },
  "長野県": {
    "xlim": [
      1400.3464443842433,
      1524.4619053847732
    ],
    "ylim": [
      1227.0323096207505,
      1350.8075377664486
    ]
  },
  "大分県": {
    "xlim": [
      829.3504625451541,
      940.0621613347732
    ],
    "ylim": [
      1449.3474976639973,
      1518.5852186411657
    ]
  },
  "三重県": {
    "xlim": [
      1271.0327036780698,
      1370.5652198678067
    ],
    "ylim": [
      1346.812469053388,
      1450.4597874695403
    ]
  },
  "広島県": {
    "xlim": [
      935.7858760702705,
      1061.7091430318371
    ],
    "ylim": [
      1357.0676470496965,
      1429.3863283200362
    ]
  },
  "北海道": {
    "xlim": [
      1576.8132321963333,
      2416.476786078117
    ],
    "ylim": [
      650.9793264057743,
      934.9838182796605
    ]
  },
  "兵庫県": {
    "xlim": [
      1130.511638099945,
      1237.131986556526
    ],
    "ylim": [
      1318.6317976107164,
      1421.1982672213828
    ]
  },
  "千葉県": {
    "xlim": [
      1612.3475412130792,
      1711.7219246352183
    ],
    "ylim": [
      1289.617939666339,
      1370.998329496127
    ]
  },
  "富山県": {
    "xlim": [
      1351.4539368354401,
      1438.7258031083643
    ],
    "ylim": [
      1230.423814217829,
      1278.1105336428864
    ]
  },
  "東京都": {
    "xlim": [
      1290.0401508241057,
      2863.636363636364
    ],
    "ylim": [
      1303.5349633176468,
      2349.020673594226
    ]
  },
  "埼玉県": {
    "xlim": [
      1522.1421780915387,
      1626.4521800122461
    ],
    "ylim": [
      1277.506969526898,
      1313.294816706389
    ]
  },
  "山口県": {
    "xlim": [
      824.9763493821464,
      975.7546031189398
    ],
    "ylim": [
      1377.835200731367,
      1451.148912339797
    ]
  },
  "福島県": {
    "xlim": [
      1561.8830867462584,
      1726.8638071808164
    ],
    "ylim": [
      1163.099870834719,
      1243.1605118011628
    ]
  },
  "石川県": {
    "xlim": [
      1305.3367933676657,
      1403.420652593842
    ],
    "ylim": [
      1171.3059718514467,
      1292.0860581713694
    ]
  },
  "福井県": {
    "xlim": [
      1235.542618231993,
      1357.0046649975848
    ],
    "ylim": [
      1276.6828029842352,
      1340.9889257874224
    ]
  },
  "愛媛県": {
    "xlim": [
      933.6778858725644,
      1081.2331793896149
    ],
    "ylim": [
      1411.5510344640206,
      1506.2131851159556
    ]
  },
  "奈良県": {
    "xlim": [
      1243.4988406121322,
      1304.046269171608
    ],
    "ylim": [
      1378.9882092091266,
      1441.3081370328541
    ]
  },
  "島根県": {
    "xlim": [
      903.4048416469161,
      1054.2970045806358
    ],
    "ylim": [
      1212.3547434271193,
      1411.3301743242187
    ]
  },
  "岩手県": {
    "xlim": [
      1692.6816673373955,
      1817.262145883078
    ],
    "ylim": [
      995.9615761990115,
      1110.9766201301366
    ]
  },
  "鳥取県": {
    "xlim": [
      1032.3755146540302,
      1153.478412422146
    ],
    "ylim": [
      1322.6900060370194,
      1360.306070056294
    ]
  },
  "徳島県": {
    "xlim": [
      1078.440393901976,
      1180.405206473759
    ],
    "ylim": [
      1414.7801797984596,
      1462.863519707929
    ]
  },
  "鹿児島県": {
    "xlim": [
      615.9690542709122,
      862.7057556295579
    ],
    "ylim": [
      1546.1623259678613,
      1903.41790516316
    ]
  },
  "新潟県": {
    "xlim": [
      1427.519818344598,
      1626.4615607696896
    ],
    "ylim": [
      1124.1506568700986,
      1246.8718383743
    ]
  },
  "高知県": {
    "xlim": [
      974.7361208873983,
      1135.7286793203834
    ],
    "ylim": [
      1439.6732050295236,
      1519.4410838970136
    ]
  },
  "宮崎県": {
    "xlim": [
      818.6791809528893,
      922.5415867350548
    ],
    "ylim": [
      1510.2396948290796,
      1610.072343712861
    ]
  },
  "神奈川県": {
    "xlim": [
      1540.0500439608065,
      1617.3448046888348
    ],
    "ylim": [
      1318.8029191192531,
      1355.518533513756
    ]
  }
}