{
  "京都府": {
    "xlim": [1123.3038605091597, 1228.7824367798348],
    "ylim": [1351.5699428258263, 1454.0775278096621]
  },
  "佐賀県": {
    "xlim": [739.0942316199198, 779.4954757699271],
    "ylim": [1545.557979803677, 1600.668598928403]
  },
  "熊本県": {
    "xlim": [763.7495985812338, 830.6665005928619],
    "ylim": [1586.1710938537942, 1660.4757123904778]
  },
  "香川県": {
    "xlim": [1010.1197747072965, 1096.8998212710164],
    "ylim": [1483.6482197717928, 1570.9310607330253]
  },
  "愛知県": {
    "xlim": [1312.8732240343663, 1420.356658479235],
    "ylim": [1415.5212843336583, 1532.7024126387187]
  },
  "栃木県": {
    "xlim": [1570.1552390704594, 1654.933163984235],
    "ylim": [1238.6236460954167, 1353.1550101613575]
  },
  "山梨県": {
    "xlim": [1445.4193057176317, 1525.204210455548],
    "ylim": [1378.5672853075284, 1460.8298125820506]
  },
  "滋賀県": {
    "xlim": [1213.1810097374978, 1313.8329667365433],
    "ylim": [1376.6682813853988, 1468.3485652570077]
  },
  "群馬県": {
    "xlim": [1474.4689437728132, 1586.1910841447173],
    "ylim": [1255.1226554365348, 1367.6482803384386]
  },
  "宮城県": {
    "xlim": [1659.405440636794, 1782.3081037167824],
    "ylim": [1063.7809702262339, 1196.84577297749]
  },
  "静岡県": {
    "xlim": [1388.4594031159204, 1537.8318833514506],
    "ylim": [1430.5685116720322, 1556.5988850790911]
  },
  "茨城県": {
    "xlim": [1607.8246760399195, 1730.0534899268828],
    "ylim": [1262.7793120914857, 1414.2452626755423]
  },
  "沖縄県": {
    "xlim": [376.36363636363717, 713.9884673632582],
    "ylim": [2044.9037557693212, 2304.3262821422754]
  },
  "山形県": {
    "xlim": [1594.7747023936192, 1711.9968720474778],
    "ylim": [1039.891006452025, 1189.4850129910635]
  },
  "和歌山県": {
    "xlim": [1127.9946851579843, 1225.0663167427856],
    "ylim": [1500.799650870328, 1635.0562927553772]
  },
  "長崎県": {
    "xlim": [600.5093856524738, 800.1187950061588],
    "ylim": [1472.8200796164913, 1657.8021082896141]
  },
  "秋田県": {
    "xlim": [1593.1030777194974, 1722.6920503559734],
    "ylim": [911.8675456496813, 1072.482395850528]
  },
  "岡山県": {
    "xlim": [983.8816836544713, 1064.4675248890528],
    "ylim": [1405.3765994255182, 1491.6095353411777]
  },
  "福岡県": {
    "xlim": [759.8363700231594, 851.4152314335001],
    "ylim": [1484.9244991430246, 1589.2953919625086]
  },
  "岐阜県": {
    "xlim": [1278.164421668523, 1399.0917652625283],
    "ylim": [1305.2295167149937, 1445.1853104557013]
  },
  "青森県": {
    "xlim": [1591.0818787635963, 1783.054543983895],
    "ylim": [821.2876547681363, 1011.6619746080631]
  },
  "大阪府": {
    "xlim": [1144.2859345879417, 1211.5742200063469],
    "ylim": [1430.7745924998824, 1513.3931678120305]
  },
  "長野県": {
    "xlim": [1380.3464443842433, 1524.4619053847732],
    "ylim": [1257.0323096207505, 1440.8075377664486]
  },
  "大分県": {
    "xlim": [819.3504625451541, 890.0621613347732],
    "ylim": [1539.3474976639973, 1623.5852186411657]
  },
  "三重県": {
    "xlim": [1241.0327036780698, 1370.5652198678067],
    "ylim": [1426.812469053388, 1580.4597874695403]
  },
  "広島県": {
    "xlim": [905.7858760702705, 991.7091430318371],
    "ylim": [1417.0676470496965, 1529.3863283200362]
  },
  "北海道": {
    "xlim": [1576.8132321963333, 2416.476786078117],
    "ylim": [450.9793264057743, 1234.9838182796605]
  },
  "兵庫県": {
    "xlim": [1055.511638099945, 1196.131986556526],
    "ylim": [1365.6317976107164, 1511.1982672213828]
  },
  "千葉県": {
    "xlim": [1612.3475412130792, 1711.7219246352183],
    "ylim": [1369.617939666339, 1540.998329496127]
  },
  "富山県": {
    "xlim": [1331.4539368354401, 1418.7258031083643],
    "ylim": [1250.423814217829, 1338.1105336428864]
  },
  "東京都": {
    "xlim": [1512.1421780915387, 1886.4521800122461],
    "ylim": [1377.506969526898, 1693.294816706389]
  },
  "埼玉県": {
    "xlim": [1492.1421780915387, 1616.4521800122461],
    "ylim": [1340.506969526898, 1423.294816706389]
  },
  "山口県": {
    "xlim": [814.9763493821464, 935.7546031189398],
    "ylim": [1437.835200731367, 1581.148912339797]
  },
  "福島県": {
    "xlim": [1551.8830867462584, 1736.8638071808164],
    "ylim": [1163.099870834719, 1333.1605118011628]
  },
  "石川県": {
    "xlim": [1280.3367933676657, 1408.420652593842],
    "ylim": [1165.3059718514467, 1337.0860581713694]
  },
  "福井県": {
    "xlim": [1205.542618231993, 1307.0046649975848],
    "ylim": [1310.6828029842352, 1430.9889257874224]
  },
  "愛媛県": {
    "xlim": [893.6778858725644, 1051.2331793896149],
    "ylim": [1516.5510344640206, 1651.2131851159556]
  },
  "奈良県": {
    "xlim": [1193.4988406121322, 1284.046269171608],
    "ylim": [1458.9882092091266, 1551.3081370328541]
  },
  "島根県": {
    "xlim": [883.4048416469161, 1054.2970045806358],
    "ylim": [1272.3547434271193, 1471.3301743242187]
  },
  "岩手県": {
    "xlim": [1692.6816673373955, 1817.262145883078],
    "ylim": [915.9615761990115, 1080.9766201301366]
  },
  "鳥取県": {
    "xlim": [972.3755146540302, 1073.478412422146],
    "ylim": [1372.6900060370194, 1480.306070056294]
  },
  "徳島県": {
    "xlim": [1038.440393901976, 1120.405206473759],
    "ylim": [1524.7801797984596, 1592.863519707929]
  },
  "鹿児島県": {
    "xlim": [675.9690542709122, 962.7057556295579],
    "ylim": [1626.1623259678613, 2003.41790516316]
  },
  "新潟県": {
    "xlim": [1407.519818344598, 1626.4615607696896],
    "ylim": [1104.1506568700986, 1326.8718383743]
  },
  "高知県": {
    "xlim": [944.7361208873983, 1105.7286793203834],
    "ylim": [1559.6732050295236, 1669.4410838970136]
  },
  "宮崎県": {
    "xlim": [798.6791809528893, 902.5415867350548],
    "ylim": [1605.2396948290796, 1705.072343712861]
  },
  "神奈川県": {
    "xlim": [1515.0500439608065, 1607.3448046888348],
    "ylim": [1413.8029191192531, 1520.518533513756]
  }
}
